<?xml version="1.0" encoding="UTF-8" standalone="no" ?>
<COLLADA xmlns="http://www.collada.org/2005/11/COLLADASchema" version="1.4.1">
    <asset>
        <contributor>
            <authoring_tool>SketchUp 17.2.2555</authoring_tool>
        </contributor>
        <created>2026-07-05T21:47:43Z</created>
        <modified>2026-07-05T21:47:43Z</modified>
        <unit meter="0.0254" name="inch" />
        <up_axis>Z_UP</up_axis>
    </asset>
    <library_cameras>
        <camera id="ID1" name="skp_camera_Last_Saved_SketchUp_View">
            <optics>
                <technique_common>
                    <perspective>
                        <yfov>35</yfov>
                        <aspect_ratio>0</aspect_ratio>
                        <znear>0.1</znear>
                        <zfar>2</zfar>
                    </perspective>
                </technique_common>
            </optics>
        </camera>
    </library_cameras>
    <library_visual_scenes>
        <visual_scene id="ID2">
            <node name="SketchUp">
                <node name="skp_camera_Last_Saved_SketchUp_View">
                    <matrix>0.8581646 0.1148992 -0.5003515 -3.897659 -0.5133746 0.1920672 -0.8363951 -8.319291 1.387779e-17 0.9746324 0.2238116 2.673621 0 0 0 1</matrix>
                    <instance_camera url="#ID1" />
                </node>
                <node id="ID3" name="instance_0">
                    <matrix>1 0 0 0.2952756 0 1 0 -0.2362205 0 0 1 0.1574803 0 0 0 1</matrix>
                    <instance_node url="#ID4" />
                </node>
                <node id="ID18" name="instance_1">
                    <matrix>1 0 0 0.984252 0 1 0 -0.2362205 0 0 1 0.8464567 0 0 0 1</matrix>
                    <instance_node url="#ID19" />
                </node>
                <node id="ID28" name="instance_2">
                    <matrix>1 0 0 0.984252 0 1 0 -0.6299213 0 0 1 0.8464567 0 0 0 1</matrix>
                    <instance_node url="#ID29" />
                </node>
                <node id="ID64" name="instance_3">
                    <matrix>1 0 0 -0.1968504 0 1 0 -0.03937008 0 0 1 -0.3346457 0 0 0 1</matrix>
                    <instance_node url="#ID65" />
                </node>
            </node>
        </visual_scene>
    </library_visual_scenes>
    <library_nodes>
        <node id="ID4" name="housing_nut">
            <instance_geometry url="#ID5">
                <bind_material>
                    <technique_common>
                        <instance_material symbol="Material2" target="#ID6">
                            <bind_vertex_input semantic="UVSET0" input_semantic="TEXCOORD" input_set="0" />
                        </instance_material>
                    </technique_common>
                </bind_material>
            </instance_geometry>
        </node>
        <node id="ID19" name="estop_housing">
            <instance_geometry url="#ID20">
                <bind_material>
                    <technique_common>
                        <instance_material symbol="Material2" target="#ID6">
                            <bind_vertex_input semantic="UVSET0" input_semantic="TEXCOORD" input_set="0" />
                        </instance_material>
                    </technique_common>
                </bind_material>
            </instance_geometry>
        </node>
        <node id="ID29" name="estop_button">
            <instance_geometry url="#ID30">
                <bind_material>
                    <technique_common>
                        <instance_material symbol="Material2" target="#ID31">
                            <bind_vertex_input semantic="UVSET0" input_semantic="TEXCOORD" input_set="0" />
                        </instance_material>
                    </technique_common>
                </bind_material>
            </instance_geometry>
            <instance_geometry url="#ID43">
                <bind_material>
                    <technique_common>
                        <instance_material symbol="Material2" target="#ID6">
                            <bind_vertex_input semantic="UVSET0" input_semantic="TEXCOORD" input_set="0" />
                        </instance_material>
                    </technique_common>
                </bind_material>
            </instance_geometry>
            <instance_geometry url="#ID51">
                <bind_material>
                    <technique_common>
                        <instance_material symbol="Material2" target="#ID52">
                            <bind_vertex_input semantic="UVSET0" input_semantic="TEXCOORD" input_set="0" />
                        </instance_material>
                    </technique_common>
                </bind_material>
            </instance_geometry>
        </node>
        <node id="ID65" name="placard">
            <instance_geometry url="#ID66">
                <bind_material>
                    <technique_common>
                        <instance_material symbol="Material2" target="#ID67">
                            <bind_vertex_input semantic="UVSET0" input_semantic="TEXCOORD" input_set="0" />
                        </instance_material>
                    </technique_common>
                </bind_material>
            </instance_geometry>
            <instance_geometry url="#ID79">
                <bind_material>
                    <technique_common>
                        <instance_material symbol="Material2" target="#ID80">
                            <bind_vertex_input semantic="UVSET0" input_semantic="TEXCOORD" input_set="0" />
                        </instance_material>
                    </technique_common>
                </bind_material>
            </instance_geometry>
        </node>
    </library_nodes>
    <library_geometries>
        <geometry id="ID5">
            <mesh>
                <source id="ID11">
                    <float_array id="ID15" count="456">1.176156 0.1574803 1.176156 1.033465 0.1968504 1.285647 1.033465 0.1574803 1.285647 1.176156 0.1968504 1.176156 0.8672966 0.1968504 1.354476 0.8672966 0.1574803 1.354476 1.033465 0.1574803 1.285647 0.6889764 0.1574803 1.377953 1.176156 0.1574803 1.176156 0.8672966 0.1574803 1.354476 0.3444882 0.1574803 1.285647 0.2017965 0.1574803 1.176156 0.5106562 0.1574803 1.354476 0.0234763 0.1574803 0.8672966 0 0.1574803 0.6889764 0.09230533 0.1574803 1.033465 0.09230533 0.1574803 0.3444882 0.2017965 0.1574803 0.2017965 0.0234763 0.1574803 0.5106562 0.5106562 0.1574803 0.0234763 0.6889764 0.1574803 0 0.3444882 0.1574803 0.09230533 1.285647 0.1574803 0.3444882 1.377953 0.1574803 0.6889764 1.176156 0.1574803 0.2017965 1.354476 0.1574803 0.5106562 0.8672966 0.1574803 0.0234763 1.033465 0.1574803 0.09230533 1.285647 0.1968504 1.033465 1.285647 0.1574803 1.033465 0.6889764 0.1968504 1.377953 0.6889764 0.1574803 1.377953 1.354476 0.1968504 0.5106562 1.377953 0.1574803 0.6889764 1.354476 0.1574803 0.5106562 1.377953 0.1968504 0.6889764 1.176156 0.1574803 0.2017965 1.277055 0 0.4453864 1.176156 0 0.2017965 1.377953 0 0.6889764 1.377953 0.1574803 0.6889764 1.176156 0.1574803 0.2017965 0.6889764 0 0 0.6889764 0.1574803 0 0.9325663 0 0.1008983 1.176156 0 0.2017965 0.6889764 0.1574803 0 0.2017965 0 0.2017965 0.2017965 0.1574803 0.2017965 0.4453864 0 0.1008983 0.6889764 0 0 0 0.1574803 0.6889764 0.1008983 0 0.4453864 5.551115e-17 0 0.6889764 0.2017965 0 0.2017965 0.2017965 0.1574803 0.2017965 0.2017965 0.1574803 1.176156 0.1008983 0 0.9325663 0.2017965 0 1.176156 5.551115e-17 0 0.6889764 0 0.1574803 0.6889764 0.2017965 0 1.176156 0.6889764 0.1574803 1.377953 0.2017965 0.1574803 1.176156 0.4453864 0 1.277055 0.6889764 0 1.377953 0.9325663 0 1.277055 0.6889764 0.1574803 1.377953 0.6889764 0 1.377953 1.176156 0.1574803 1.176156 1.176156 0 1.176156 0.5106562 0.1968504 1.354476 0.5106562 0.1574803 1.354476 0.3444882 0.1968504 1.285647 0.3444882 0.1574803 1.285647 0.2017965 0.1968504 1.176156 0.2017965 0.1574803 1.176156 0.09230533 0.1574803 1.033465 0.09230533 0.1968504 1.033465 0.0234763 0.1574803 0.8672966 0.0234763 0.1968504 0.8672966 0 0.1574803 0.6889764 0 0.1968504 0.6889764 0.0234763 0.1574803 0.5106562 0.0234763 0.1968504 0.5106562 0.09230533 0.1574803 0.3444882 0.09230533 0.1968504 0.3444882 0.2017965 0.1574803 0.2017965 0.2017965 0.1968504 0.2017965 0.3444882 0.1968504 0.09230533 0.3444882 0.1574803 0.09230533 0.5106562 0.1968504 0.0234763 0.5106562 0.1574803 0.0234763 0.6889764 0.1968504 0 0.6889764 0.1574803 0 0.8672966 0.1968504 0.0234763 0.8672966 0.1574803 0.0234763 1.033465 0.1968504 0.09230533 1.033465 0.1574803 0.09230533 1.176156 0.1968504 0.2017965 1.176156 0.1574803 0.2017965 1.285647 0.1574803 0.3444882 1.285647 0.1968504 0.3444882 1.354476 0.1574803 0.8672966 1.285647 0.1574803 1.033465 1.354476 0.1968504 0.8672966 1.354476 0.1574803 0.8672966 1.377953 0.1574803 0.6889764 1.277055 0 0.9325663 1.377953 0 0.6889764 1.176156 0 1.176156 1.176156 0.1574803 1.176156 0.9325663 0 0.1008983 0.6889764 0 0.0984252 0.6889764 0 0 0.8418223 0 0.1185477 1.176156 0 0.2017965 0.984252 0 0.1775441 1.106559 0 0.2713936 1.277055 0 0.4453864 1.200409 0 0.3937008 1.259405 0 0.5361305 1.377953 0 0.6889764 1.279528 0 0.6889764 1.259405 0 0.8418223 1.277055 0 0.9325663 1.200409 0 0.984252 1.176156 0 1.176156 1.106559 0 1.106559 0.984252 0 1.200409 0.9325663 0 1.277055 0.8418223 0 1.259405 0.6889764 0 1.279528 0.6889764 0 1.377953 0.4453864 0 0.1008983 0.5361305 0 0.1185477 0.2017965 0 0.2017965 0.3937008 0 0.1775441 0.2713936 0 0.2713936 0.1008983 0 0.4453864 0.1775441 0 0.3937008 0.1185477 0 0.5361305 5.551115e-17 0 0.6889764 0.0984252 0 0.6889764 0.1185477 0 0.8418223 0.1008983 0 0.9325663 0.1775441 0 0.984252 0.2017965 0 1.176156 0.2713936 0 1.106559 0.3937008 0 1.200409 0.4453864 0 1.277055 0.5361305 0 1.259405</float_array>
                    <technique_common>
                        <accessor count="152" source="#ID15" stride="3">
                            <param name="X" type="float" />
                            <param name="Y" type="float" />
                            <param name="Z" type="float" />
                        </accessor>
                    </technique_common>
                </source>
                <source id="ID12">
                    <float_array id="ID16" count="456">0.7071068 1.850725e-31 0.7071068 0.5 -6.103465e-31 0.8660254 0.5 -6.103465e-31 0.8660254 0.7071068 1.850725e-31 0.7071068 0.258819 0 0.9659258 0.258819 0 0.9659258 0 -1 0 0 -1 0 0 -1 0 0 -1 0 0 -1 0 0 -1 0 0 -1 0 0 -1 0 0 -1 0 0 -1 0 0 -1 0 0 -1 0 0 -1 0 0 -1 0 0 -1 0 0 -1 0 0 -1 0 0 -1 0 0 -1 0 0 -1 0 0 -1 0 0 -1 0 0.8660254 7.954191e-31 0.5 0.8660254 7.954191e-31 0.5 -5.435777e-16 -9.20888e-18 1 -5.435777e-16 -9.20888e-18 1 0.9659258 -6.543303e-32 -0.258819 1 -1.124892e-30 3.653555e-16 0.9659258 -6.543303e-32 -0.258819 1 -1.124892e-30 3.653555e-16 0.9238795 2.154129e-16 -0.3826834 0.9238795 2.154129e-16 -0.3826834 0.9238795 2.154129e-16 -0.3826834 0.9238795 2.154129e-16 -0.3826834 0.9238795 2.154129e-16 -0.3826834 0.3826834 2.584411e-16 -0.9238795 0.3826834 2.584411e-16 -0.9238795 0.3826834 2.584411e-16 -0.9238795 0.3826834 2.584411e-16 -0.9238795 0.3826834 2.584411e-16 -0.9238795 -0.3826834 -4.461348e-16 -0.9238795 -0.3826834 -4.461348e-16 -0.9238795 -0.3826834 -4.461348e-16 -0.9238795 -0.3826834 -4.461348e-16 -0.9238795 -0.3826834 -4.461348e-16 -0.9238795 -0.9238795 -3.15465e-16 -0.3826834 -0.9238795 -3.15465e-16 -0.3826834 -0.9238795 -3.15465e-16 -0.3826834 -0.9238795 -3.15465e-16 -0.3826834 -0.9238795 -3.15465e-16 -0.3826834 -0.9238795 -2.492014e-16 0.3826834 -0.9238795 -2.492014e-16 0.3826834 -0.9238795 -2.492014e-16 0.3826834 -0.9238795 -2.492014e-16 0.3826834 -0.9238795 -2.492014e-16 0.3826834 -0.3826834 1.338404e-16 0.9238795 -0.3826834 1.338404e-16 0.9238795 -0.3826834 1.338404e-16 0.9238795 -0.3826834 1.338404e-16 0.9238795 -0.3826834 1.338404e-16 0.9238795 0.3826834 -6.092798e-16 0.9238795 0.3826834 -6.092798e-16 0.9238795 0.3826834 -6.092798e-16 0.9238795 0.3826834 -6.092798e-16 0.9238795 0.3826834 -6.092798e-16 0.9238795 -0.258819 -9.20888e-18 0.9659258 -0.258819 -9.20888e-18 0.9659258 -0.5 -7.954191e-31 0.8660254 -0.5 -7.954191e-31 0.8660254 -0.7071068 -7.954191e-31 0.7071068 -0.7071068 -7.954191e-31 0.7071068 -0.8660254 0 0.5 -0.8660254 0 0.5 -0.9659258 -6.543303e-32 0.258819 -0.9659258 -6.543303e-32 0.258819 -1 9.20888e-18 6.237777e-17 -1 9.20888e-18 6.237777e-17 -0.9659258 9.20888e-18 -0.258819 -0.9659258 9.20888e-18 -0.258819 -0.8660254 0 -0.5 -0.8660254 0 -0.5 -0.7071068 0 -0.7071068 -0.7071068 0 -0.7071068 -0.5 0 -0.8660254 -0.5 0 -0.8660254 -0.258819 6.543303e-32 -0.9659258 -0.258819 6.543303e-32 -0.9659258 6.237777e-17 -7.029626e-47 -1 6.237777e-17 -7.029626e-47 -1 0.258819 -6.543303e-32 -0.9659258 0.258819 -6.543303e-32 -0.9659258 0.5 0 -0.8660254 0.5 0 -0.8660254 0.7071068 -5.597264e-17 -0.7071068 0.7071068 -5.597264e-17 -0.7071068 0.8660254 -5.597264e-17 -0.5 0.8660254 -5.597264e-17 -0.5 0 -1 0 0 -1 0 0.9659258 -1.059459e-30 0.258819 0.9659258 -1.059459e-30 0.258819 0.9238795 -4.461348e-17 0.3826834 0.9238795 -4.461348e-17 0.3826834 0.9238795 -4.461348e-17 0.3826834 0.9238795 -4.461348e-17 0.3826834 0.9238795 -4.461348e-17 0.3826834 -1.400899e-32 -1 7.004493e-33 -1.400899e-32 -1 7.004493e-33 -1.400899e-32 -1 7.004493e-33 -1.400899e-32 -1 7.004493e-33 -1.400899e-32 -1 7.004493e-33 -1.400899e-32 -1 7.004493e-33 -1.400899e-32 -1 7.004493e-33 -1.400899e-32 -1 7.004493e-33 -1.400899e-32 -1 7.004493e-33 -1.400899e-32 -1 7.004493e-33 -1.400899e-32 -1 7.004493e-33 -1.400899e-32 -1 7.004493e-33 -1.400899e-32 -1 7.004493e-33 -1.400899e-32 -1 7.004493e-33 -1.400899e-32 -1 7.004493e-33 -1.400899e-32 -1 7.004493e-33 -1.400899e-32 -1 7.004493e-33 -1.400899e-32 -1 7.004493e-33 -1.400899e-32 -1 7.004493e-33 -1.400899e-32 -1 7.004493e-33 -1.400899e-32 -1 7.004493e-33 -1.400899e-32 -1 7.004493e-33 -1.400899e-32 -1 7.004493e-33 -1.400899e-32 -1 7.004493e-33 -1.400899e-32 -1 7.004493e-33 -1.400899e-32 -1 7.004493e-33 -1.400899e-32 -1 7.004493e-33 -1.400899e-32 -1 7.004493e-33 -1.400899e-32 -1 7.004493e-33 -1.400899e-32 -1 7.004493e-33 -1.400899e-32 -1 7.004493e-33 -1.400899e-32 -1 7.004493e-33 -1.400899e-32 -1 7.004493e-33 -1.400899e-32 -1 7.004493e-33 -1.400899e-32 -1 7.004493e-33 -1.400899e-32 -1 7.004493e-33 -1.400899e-32 -1 7.004493e-33 -1.400899e-32 -1 7.004493e-33 -1.400899e-32 -1 7.004493e-33 -1.400899e-32 -1 7.004493e-33</float_array>
                    <technique_common>
                        <accessor count="152" source="#ID16" stride="3">
                            <param name="X" type="float" />
                            <param name="Y" type="float" />
                            <param name="Z" type="float" />
                        </accessor>
                    </technique_common>
                </source>
                <source id="ID14">
                    <float_array id="ID17" count="404">-0.02 -0.1849439 0.07136833 -0.2049439 0.07136833 -0.1849439 -0.02 -0.2049439 -0.02 -0.3383774 0.07136833 -0.3583774 0.07136833 -0.3383774 -0.02 -0.3583774 1.23177 0.4624874 1.278661 0.6374874 1.176148 0.39 1.266735 0.5469007 1.23177 0.8124874 1.176148 0.8849747 1.266735 0.728074 1.019247 0.9755614 0.9286607 0.9874874 1.103661 0.9405963 0.7536607 0.9405963 0.6811733 0.8849747 0.838074 0.9755614 0.5905867 0.728074 0.5786607 0.6374874 0.6255518 0.8124874 0.7536607 0.3343785 0.9286607 0.2874874 0.6811733 0.39 0.838074 0.2994133 0.5905867 0.5469007 0.6255518 0.4624874 -0.02 -0.04065708 0.07136833 -0.02065708 -0.02 -0.02065708 0.07136833 -0.04065708 -0.02 -0.4705014 0.07136833 -0.4905014 0.07136833 -0.4705014 -0.02 -0.4905014 -0.02 0.4062424 0.07136833 0.4262424 -0.02 0.4262424 0.07136833 0.4062424 -0.04 0.4177155 0.0939392 0.4977155 -0.04 0.4977155 0.2278784 0.4977155 0.2278784 0.4177155 0.2278784 0.4772471 -0.04 0.5572471 -0.04 0.4772471 0.0939392 0.5572471 0.2278784 0.5572471 -0.2278784 -0.178754 0.04 -0.258754 0.04 -0.178754 -0.0939392 -0.258754 -0.2278784 -0.258754 0.04 0.3029105 -0.0939392 0.2229105 0.04 0.2229105 -0.2278784 0.2229105 -0.2278784 0.3029105 0.04 0.6855939 -0.0939392 0.6055939 0.04 0.6055939 -0.2278784 0.6055939 -0.2278784 0.6855939 -0.2278784 0.6651255 0.04 0.7451255 -0.2278784 0.7451255 -0.0939392 0.6651255 0.04 0.6651255 0.0939392 -0.3666324 0.2278784 -0.4466324 0.2278784 -0.3666324 -0.04 -0.4466324 -0.04 -0.3666324 0.02 0.5723118 -0.07136833 0.5923118 -0.07136833 0.5723118 0.02 0.5923118 0.02 0.6368705 -0.07136833 0.6568705 -0.07136833 0.6368705 0.02 0.6568705 0.02 0.6597778 -0.07136833 0.6797778 -0.07136833 0.6597778 0.02 0.6797778 0.02 0.6594727 -0.07136833 0.6394727 0.02 0.6394727 -0.07136833 0.6594727 0.02 0.5973389 -0.07136833 0.5773389 0.02 0.5773389 -0.07136833 0.5973389 0.02 0.4976108 -0.07136833 0.4776108 0.02 0.4776108 -0.07136833 0.4976108 0.02 0.3670846 -0.07136833 0.3470846 0.02 0.3470846 -0.07136833 0.3670846 0.02 0.2146555 -0.07136833 0.1946555 0.02 0.1946555 -0.07136833 0.2146555 0.02 0.05071126 -0.07136833 0.03071126 0.02 0.03071126 -0.07136833 0.05071126 -0.07136833 -0.1135755 0.02 -0.1335755 0.02 -0.1135755 -0.07136833 -0.1335755 -0.07136833 -0.2670091 0.02 -0.2870091 0.02 -0.2670091 -0.07136833 -0.2870091 -0.07136833 -0.399133 0.02 -0.419133 0.02 -0.399133 -0.07136833 -0.419133 0.07136833 0.5009435 -0.02 0.5209435 -0.02 0.5009435 0.07136833 0.5209435 0.07136833 0.5655021 -0.02 0.5855021 -0.02 0.5655021 0.07136833 0.5855021 0.07136833 0.5884095 -0.02 0.6084095 -0.02 0.5884095 0.07136833 0.6084095 -0.02 0.5681043 0.07136833 0.5881043 -0.02 0.5881043 0.07136833 0.5681043 -0.02 0.5059706 0.07136833 0.5259706 -0.02 0.5259706 0.07136833 0.5059706 0.7186956 0.5300349 0.8755963 0.6206215 0.6281089 0.5181089 0.8031089 0.565 -0.02 0.1232871 0.07136833 0.1432871 -0.02 0.1432871 0.07136833 0.1232871 -0.02 0.2757162 0.07136833 0.2957162 -0.02 0.2957162 0.07136833 0.2757162 -0.04 0.0350321 0.0939392 0.1150321 -0.04 0.1150321 0.2278784 0.1150321 0.2278784 0.0350321 0.2012563 -0.2287184 0.2 -0.1049747 0.15 -0.1049747 0.2102223 -0.1826205 0.2525126 -0.3524621 0.2401924 -0.2549747 0.287868 -0.3171068 0.3762563 -0.4037184 0.35 -0.3647824 0.4223543 -0.3947525 0.5 -0.4549747 0.5 -0.4049747 0.5776457 -0.3947525 0.6237437 -0.4037184 0.65 -0.3647824 0.7474874 -0.3524621 0.712132 -0.3171068 0.7598076 -0.2549747 0.7987437 -0.2287184 0.7897777 -0.1826205 0.8 -0.1049747 0.85 -0.1049747 0.2012563 0.01876894 0.2102223 -0.02732903 0.2525126 0.1425126 0.2401924 0.04502525 0.287868 0.1071573 0.3762563 0.1937689 0.35 0.1548329 0.4223543 0.184803 0.5 0.2450253 0.5 0.1950253 0.5776457 0.184803 0.6237437 0.1937689 0.65 0.1548329 0.7474874 0.1425126 0.712132 0.1071573 0.7598076 0.04502525 0.7987437 0.01876894 0.7897777 -0.02732903</float_array>
                    <technique_common>
                        <accessor count="202" source="#ID17" stride="2">
                            <param name="S" type="float" />
                            <param name="T" type="float" />
                        </accessor>
                    </technique_common>
                </source>
                <vertices id="ID13">
                    <input semantic="POSITION" source="#ID11" />
                    <input semantic="NORMAL" source="#ID12" />
                </vertices>
                <triangles count="128" material="Material2">
                    <input offset="0" semantic="VERTEX" source="#ID13" />
                    <input offset="1" semantic="TEXCOORD" source="#ID14" />
                    <p>0 0 1 1 2 2 1 1 0 0 3 3 2 4 4 5 5 6 4 5 2 4 1 7 6 8 7 9 8 10 7 9 6 8 9 11 7 9 10 12 11 13 10 12 7 9 12 14 11 13 13 15 14 16 13 15 11 13 15 17 14 16 16 18 17 19 16 18 14 16 18 20 17 19 19 21 20 22 19 21 17 19 21 23 22 24 23 25 24 26 23 25 22 24 25 27 26 28 24 26 20 22 24 26 26 28 27 29 28 30 0 31 29 32 0 31 28 30 3 33 5 34 30 35 31 36 30 35 5 34 4 37 32 38 33 39 34 40 33 39 32 38 35 41 36 42 37 43 38 44 37 43 36 42 39 45 39 45 36 42 40 46 41 47 42 48 43 49 42 48 41 47 44 50 44 50 41 47 45 51 46 52 47 53 48 54 47 53 46 52 49 55 49 55 46 52 50 56 51 57 52 58 53 59 52 58 51 57 54 60 54 60 51 57 55 61 56 62 57 63 58 64 57 63 56 62 59 65 59 65 56 62 60 66 61 67 62 68 63 69 62 68 61 67 64 70 62 68 64 70 65 71 66 72 67 73 68 74 67 73 66 72 69 75 69 75 66 72 70 76 31 77 71 78 72 79 71 78 31 77 30 80 72 81 73 82 74 83 73 82 72 81 71 84 74 85 75 86 76 87 75 86 74 85 73 88 75 89 77 90 76 91 77 90 75 89 78 92 78 93 79 94 77 95 79 94 78 93 80 96 80 97 81 98 79 99 81 98 80 97 82 100 82 101 83 102 81 103 83 102 82 101 84 104 84 105 85 106 83 107 85 106 84 105 86 108 86 109 87 110 85 111 87 110 86 109 88 112 89 113 87 114 88 115 87 114 89 113 90 116 91 117 90 118 89 119 90 118 91 117 92 120 93 121 92 122 91 123 92 122 93 121 94 124 95 125 94 126 93 127 94 126 95 125 96 128 97 129 96 130 95 131 96 130 97 129 98 132 99 133 98 134 97 135 98 134 99 133 100 136 99 137 101 138 100 139 101 138 99 137 102 140 102 141 34 142 101 143 34 142 102 141 32 144 103 145 8 146 23 147 8 146 103 145 104 148 105 149 29 150 106 151 29 150 105 149 28 152 35 153 106 154 33 155 106 154 35 153 105 156 107 157 108 158 109 159 108 158 107 157 110 160 110 160 107 157 111 161 112 162 113 163 114 164 113 163 112 162 115 165 115 165 112 162 116 166 115 165 116 166 117 167 117 167 116 166 118 168 118 168 116 166 119 169 118 168 119 169 120 170 120 170 119 169 121 171 121 171 119 169 122 172 121 171 122 172 123 173 123 173 122 172 124 174 124 174 122 172 125 175 124 174 125 175 126 176 126 176 125 175 127 177 126 176 127 177 128 178 128 178 127 177 129 179 129 179 127 177 130 180 129 179 130 180 131 181 131 181 130 180 132 182 132 182 130 180 133 183 113 163 134 184 114 164 134 184 113 163 135 185 134 184 135 185 136 186 136 186 135 185 137 187 136 186 137 187 138 188 136 186 138 188 139 189 139 189 138 188 140 190 139 189 140 190 141 191 139 189 141 191 142 192 142 192 141 191 143 193 142 192 143 193 144 194 142 192 144 194 145 195 145 195 144 194 146 196 145 195 146 196 147 197 147 197 146 196 148 198 147 197 148 198 149 199 147 197 149 199 150 200 150 200 149 199 151 201 150 200 151 201 132 182 150 200 132 182 133 183</p>
                </triangles>
            </mesh>
        </geometry>
        <geometry id="ID20">
            <mesh>
                <source id="ID21">
                    <float_array id="ID25" count="432">-0.5905512 0 -1.110223e-16 -0.5704286 -0.3543307 -0.1528459 -0.5905512 -0.3543307 -2.220446e-16 -0.5704286 0 -0.1528459 -0.5114323 -0.3543307 -0.2952756 -0.5114323 0 -0.2952756 -0.5675089 -0.369397 -0.1520636 -0.5875285 -0.369397 -2.220446e-16 -0.5704286 0 0.1528459 -0.5704286 -0.3543307 0.1528459 -0.4175827 -0.3543307 -0.4175827 -0.4175827 0 -0.4175827 -0.5088146 -0.369397 -0.2937642 -0.5591942 -0.3821696 -0.1498356 -0.5789204 -0.3821696 -2.220446e-16 -0.5675089 -0.369397 0.1520636 -0.5114323 0 0.2952756 -0.5114323 -0.3543307 0.2952756 -0.2952756 0 -0.5114323 -0.2952756 -0.3543307 -0.5114323 -0.4154454 -0.369397 -0.4154454 -0.5013598 -0.3821696 -0.2894602 -0.5467504 -0.3907039 -0.1465013 -0.5660377 -0.3907039 -4.440892e-16 -0.5591942 -0.3821696 0.1498356 -0.5088146 -0.369397 0.2937642 -0.4175827 0 0.4175827 -0.4175827 -0.3543307 0.4175827 -0.1528459 -0.3543307 -0.5704286 -0.1528459 0 -0.5704286 -0.2937642 -0.369397 -0.5088146 -0.4093586 -0.3821696 -0.4093586 -0.490203 -0.3907039 -0.2830188 -0.5324001 -0.3937008 -0.1426562 -0.5511811 -0.3937008 -1.110223e-16 -0.5467504 -0.3907039 0.1465013 -0.5013598 -0.3821696 0.2894602 -0.4154454 -0.369397 0.4154454 -0.2952756 0 0.5114323 -0.2952756 -0.3543307 0.5114323 8.881784e-16 -0.3543307 -0.5905512 0 0 -0.5905512 -0.1520636 -0.369397 -0.5675089 -0.2894602 -0.3821696 -0.5013598 -0.4002491 -0.3907039 -0.4002491 -0.4773368 -0.3937008 -0.2755906 -0.5324001 -0.3937008 0.1426562 -0.490203 -0.3907039 0.2830188 -0.4093586 -0.3821696 0.4093586 -0.2937642 -0.369397 0.5088146 -0.1528459 -0.3543307 0.5704286 -0.1528459 0 0.5704286 0.1528459 0 -0.5704286 0.1528459 -0.3543307 -0.5704286 8.881784e-16 -0.369397 -0.5875285 -0.1498356 -0.3821696 -0.5591942 -0.2830188 -0.3907039 -0.490203 -0.3897439 -0.3937008 -0.3897439 -0.4773368 -0.3937008 0.2755906 -0.4002491 -0.3907039 0.4002491 -0.2894602 -0.3821696 0.5013598 -0.1520636 -0.369397 0.5675089 0 0 0.5905512 0 -0.3543307 0.5905512 0.2952756 0 -0.5114323 0.2952756 -0.3543307 -0.5114323 0.1520636 -0.369397 -0.5675089 0 -0.3821696 -0.5789204 -0.1465013 -0.3907039 -0.5467504 -0.2755906 -0.3937008 -0.4773368 -0.3897439 -0.3937008 0.3897439 -0.2830188 -0.3907039 0.490203 -0.1498356 -0.3821696 0.5591942 0 -0.369397 0.5875285 0.1528459 -0.3543307 0.5704286 0.1528459 0 0.5704286 0.4175827 -0.3543307 -0.4175827 0.4175827 0 -0.4175827 0.2937642 -0.369397 -0.5088146 0.1498356 -0.3821696 -0.5591942 0 -0.3907039 -0.5660377 -0.1426562 -0.3937008 -0.5324001 -0.2755906 -0.3937008 0.4773368 -0.1465013 -0.3907039 0.5467504 0 -0.3821696 0.5789204 0.1520636 -0.369397 0.5675089 0.2952756 -0.3543307 0.5114323 0.2952756 0 0.5114323 0.5114323 -0.3543307 -0.2952756 0.5114323 0 -0.2952756 0.4154454 -0.369397 -0.4154454 0.2894602 -0.3821696 -0.5013598 0.1465013 -0.3907039 -0.5467504 0 -0.3937008 -0.5511811 -0.1426562 -0.3937008 0.5324001 0 -0.3907039 0.5660377 0.1498356 -0.3821696 0.5591942 0.2937642 -0.369397 0.5088146 0.4175827 -0.3543307 0.4175827 0.4175827 0 0.4175827 0.5704286 -0.3543307 -0.1528459 0.5704286 0 -0.1528459 0.5088146 -0.369397 -0.2937642 0.4093586 -0.3821696 -0.4093586 0.2830188 -0.3907039 -0.490203 0.1426562 -0.3937008 -0.5324001 0 -0.3937008 0.5511811 0.1465013 -0.3907039 0.5467504 0.2894602 -0.3821696 0.5013598 0.4154454 -0.369397 0.4154454 0.5114323 0 0.2952756 0.5114323 -0.3543307 0.2952756 0.5905512 -0.3543307 2.220446e-16 0.5905512 0 0 0.5675089 -0.369397 -0.1520636 0.5013598 -0.3821696 -0.2894602 0.4002491 -0.3907039 -0.4002491 0.2755906 -0.3937008 -0.4773368 0.1426562 -0.3937008 0.5324001 0.2830188 -0.3907039 0.490203 0.4093586 -0.3821696 0.4093586 0.5088146 -0.369397 0.2937642 0.5704286 0 0.1528459 0.5704286 -0.3543307 0.1528459 0.5875285 -0.369397 1.110223e-16 0.5591942 -0.3821696 -0.1498356 0.490203 -0.3907039 -0.2830188 0.3897439 -0.3937008 -0.3897439 0.2755906 -0.3937008 0.4773368 0.4002491 -0.3907039 0.4002491 0.5013598 -0.3821696 0.2894602 0.5675089 -0.369397 0.1520636 0.5789204 -0.3821696 0 0.5467504 -0.3907039 -0.1465013 0.4773368 -0.3937008 -0.2755906 0.3897439 -0.3937008 0.3897439 0.490203 -0.3907039 0.2830188 0.5591942 -0.3821696 0.1498356 0.5660377 -0.3907039 -2.220446e-16 0.5324001 -0.3937008 -0.1426562 0.4773368 -0.3937008 0.2755906 0.5467504 -0.3907039 0.1465013 0.5511811 -0.3937008 0 0.5324001 -0.3937008 0.1426562</float_array>
                    <technique_common>
                        <accessor count="144" source="#ID25" stride="3">
                            <param name="X" type="float" />
                            <param name="Y" type="float" />
                            <param name="Z" type="float" />
                        </accessor>
                    </technique_common>
                </source>
                <source id="ID22">
                    <float_array id="ID26" count="432">-1 -3.393502e-16 -2.673333e-16 -0.9612724 -0.09804013 -0.2575722 -0.9951825 -0.09804013 -3.340093e-16 -0.9659258 -3.058422e-16 -0.258819 -0.8618533 -0.09804013 -0.4975912 -0.8660254 -2.61117e-16 -0.5 -0.8936273 -0.3795992 -0.2394467 -0.925151 -0.3795992 -3.270672e-16 -0.9659258 -2.24841e-16 0.258819 -0.9612724 -0.09804013 0.2575722 -0.7037003 -0.09804013 -0.7037003 -0.7071068 -5.892136e-17 -0.7071068 -0.8012043 -0.3795992 -0.4625755 -0.688024 -0.7018804 -0.1843555 -0.7122948 -0.7018804 1.189733e-16 -0.8936273 -0.3795992 0.2394467 -0.8660254 -1.203352e-16 0.5 -0.8618533 -0.09804013 0.4975912 -0.5 2.354858e-17 -0.8660254 -0.4975912 -0.09804013 -0.8618533 -0.6541806 -0.3795992 -0.6541806 -0.6168654 -0.7018804 -0.3561474 -0.3821015 -0.9184313 -0.1023838 -0.3955806 -0.9184313 -6.326953e-16 -0.688024 -0.7018804 0.1843555 -0.8012043 -0.3795992 0.4625755 -0.7071068 9.562085e-17 0.7071068 -0.7037003 -0.09804013 0.7037003 -0.2575722 -0.09804013 -0.9612724 -0.258819 -6.796951e-17 -0.9659258 -0.4625755 -0.3795992 -0.8012043 -0.5036685 -0.7018804 -0.5036685 -0.3425828 -0.9184313 -0.1977903 -0.1909995 -0.9802551 -0.05117817 -0.1977373 -0.9802551 3.043515e-16 -0.3821015 -0.9184313 0.1023838 -0.6168654 -0.7018804 0.3561474 -0.6541806 -0.3795992 0.6541806 -0.5 6.236672e-17 0.8660254 -0.4975912 -0.09804013 0.8618533 1.986001e-16 -0.09804013 -0.9951825 -1.336666e-16 -6.87952e-18 -1 -0.2394467 -0.3795992 -0.8936273 -0.3561474 -0.7018804 -0.6168654 -0.2797177 -0.9184313 -0.2797177 -0.1712455 -0.9802551 -0.09886864 -0.1909995 -0.9802551 0.05117817 -0.3425828 -0.9184313 0.1977903 -0.5036685 -0.7018804 0.5036685 -0.4625755 -0.3795992 0.8012043 -0.2575722 -0.09804013 0.9612724 -0.258819 -3.734646e-17 0.9659258 0.258819 4.499579e-17 -0.9659258 0.2575722 -0.09804013 -0.9612724 2.1006e-15 -0.3795992 -0.925151 -0.1843555 -0.7018804 -0.688024 -0.1977903 -0.9184313 -0.3425828 -0.1398214 -0.9802551 -0.1398214 -0.1712455 -0.9802551 0.09886864 -0.2797177 -0.9184313 0.2797177 -0.3561474 -0.7018804 0.6168654 -0.2394467 -0.3795992 0.8936273 -2.851555e-16 6.439704e-17 1 -1.715183e-16 -0.09804013 0.9951825 0.5 -2.514918e-16 -0.8660254 0.4975912 -0.09804013 -0.8618533 0.2394467 -0.3795992 -0.8936273 -2.050001e-15 -0.7018804 -0.7122948 -0.1023838 -0.9184313 -0.3821015 -0.09886864 -0.9802551 -0.1712455 -0.1398214 -0.9802551 0.1398214 -0.1977903 -0.9184313 0.3425828 -0.1843555 -0.7018804 0.688024 -2.763948e-17 -0.3795992 0.925151 0.2575722 -0.09804013 0.9612724 0.258819 6.581651e-17 0.9659258 0.7037003 -0.09804013 -0.7037003 0.7071068 -1.522709e-16 -0.7071068 0.4625755 -0.3795992 -0.8012043 0.1843555 -0.7018804 -0.688024 5.215768e-17 -0.9184313 -0.3955806 -0.05117817 -0.9802551 -0.1909995 -0.09886864 -0.9802551 0.1712455 -0.1023838 -0.9184313 0.3821015 -4.804691e-17 -0.7018804 0.7122948 0.2394467 -0.3795992 0.8936273 0.4975912 -0.09804013 0.8618533 0.5 1.449454e-16 0.8660254 0.8618533 -0.09804013 -0.4975912 0.8660254 1.836228e-16 -0.5 0.6541806 -0.3795992 -0.6541806 0.3561474 -0.7018804 -0.6168654 0.1023838 -0.9184313 -0.3821015 5.106569e-17 -0.9802551 -0.1977373 -0.05117817 -0.9802551 0.1909995 -1.81418e-17 -0.9184313 0.3955806 0.1843555 -0.7018804 0.688024 0.4625755 -0.3795992 0.8012043 0.7037003 -0.09804013 0.7037003 0.7071068 1.173777e-16 0.7071068 0.9612724 -0.09804013 -0.2575722 0.9659258 1.775758e-16 -0.258819 0.8012043 -0.3795992 -0.4625755 0.5036685 -0.7018804 -0.5036685 0.1977903 -0.9184313 -0.3425828 0.05117817 -0.9802551 -0.1909995 5.515094e-17 -0.9802551 0.1977373 0.1023838 -0.9184313 0.3821015 0.3561474 -0.7018804 0.6168654 0.6541806 -0.3795992 0.6541806 0.8660254 -9.282707e-17 0.5 0.8618533 -0.09804013 0.4975912 0.9951825 -0.09804013 1.484987e-15 1 6.439704e-17 9.089332e-16 0.8936273 -0.3795992 -0.2394467 0.6168654 -0.7018804 -0.3561474 0.2797177 -0.9184313 -0.2797177 0.09886864 -0.9802551 -0.1712455 0.05117817 -0.9802551 0.1909995 0.1977903 -0.9184313 0.3425828 0.5036685 -0.7018804 0.5036685 0.8012043 -0.3795992 0.4625755 0.9659258 -1.829184e-16 0.258819 0.9612724 -0.09804013 0.2575722 0.925151 -0.3795992 1.147038e-15 0.688024 -0.7018804 -0.1843555 0.3425828 -0.9184313 -0.1977903 0.1398214 -0.9802551 -0.1398214 0.09886864 -0.9802551 0.1712455 0.2797177 -0.9184313 0.2797177 0.6168654 -0.7018804 0.3561474 0.8936273 -0.3795992 0.2394467 0.7122948 -0.7018804 9.083153e-16 0.3821015 -0.9184313 -0.1023838 0.1712455 -0.9802551 -0.09886864 0.1398214 -0.9802551 0.1398214 0.3425828 -0.9184313 0.1977903 0.688024 -0.7018804 0.1843555 0.3955806 -0.9184313 -2.267725e-18 0.1909995 -0.9802551 -0.05117817 0.1712455 -0.9802551 0.09886864 0.3821015 -0.9184313 0.1023838 0.1977373 -0.9802551 4.984011e-16 0.1909995 -0.9802551 0.05117817</float_array>
                    <technique_common>
                        <accessor count="144" source="#ID26" stride="3">
                            <param name="X" type="float" />
                            <param name="Y" type="float" />
                            <param name="Z" type="float" />
                        </accessor>
                    </technique_common>
                </source>
                <source id="ID24">
                    <float_array id="ID27" count="914">0.07831572 3.963939e-17 7.632783e-17 -0.18 0.07831572 -0.18 -1.387779e-17 -1.441051e-17 0.07831572 1.165136e-16 4.163336e-17 -0.18 0.07831572 -0.18 -1.387779e-17 3.304561e-17 0.07011124 0.07811529 0.07791486 2.081668e-17 0.07791486 0.07791486 0.07011124 -0.000200429 0.07831572 1.145554e-17 0.07831572 -0.18 6.245005e-17 -1.055003e-17 0.07831572 1.23871e-16 0 -0.18 -6.938894e-18 -1.71024e-17 0.07011124 0.07811529 0.07791486 -6.245005e-17 0.07791486 0.07791486 0.07011124 -0.000200429 0.0689697 0.07734408 0.07677331 -1.110223e-16 0.07677331 0.07677331 0.0689697 -0.0005707735 0.07011124 0.07811529 0.07791486 -6.245005e-17 0.07791486 0.07791486 0.07011124 -0.000200429 -9.020562e-17 -0.18 0.07831572 -0.18 -8.326673e-17 -6.318062e-18 0.07831572 -1.437621e-16 -1.804112e-16 -0.18 0.07011124 0.07811529 0.07791486 -3.469447e-17 0.07791486 0.07791486 0.07011124 -0.000200429 0.0689697 0.07734408 0.07677331 4.163336e-17 0.07677331 0.07677331 0.0689697 -0.0005707735 0.07506486 -1.457168e-16 0.06726125 0.07591909 0.06726125 -0.0008542229 0.07506486 0.07506486 0.0689697 0.07734408 0.07677331 1.387779e-17 0.07677331 0.07677331 0.0689697 -0.0005707735 0.07011124 0.07811529 0.07791486 -1.387779e-17 0.07791486 0.07791486 0.07011124 -0.000200429 0.07831572 -5.781676e-18 9.714451e-17 -0.18 0.07831572 -0.18 1.249001e-16 -1.244121e-17 0.07831572 -1.469656e-16 8.326673e-17 -0.18 0.07831572 -0.18 4.857226e-17 -4.906052e-17 0.07011124 -0.000200429 0.07791486 0.07791486 0.07011124 0.07811529 0.07791486 -4.857226e-17 0.0689697 0.07734408 0.07677331 6.938894e-18 0.07677331 0.07677331 0.0689697 -0.0005707735 0.07506486 -6.245005e-17 0.06726125 0.07591909 0.06726125 -0.0008542229 0.07506486 0.07506486 5.551115e-17 4.163336e-17 0.007635871 -0.07407977 0.007635871 0.0009850985 -5.551115e-17 -0.07309467 0.07506486 0.07506486 0.06726125 -0.0008542229 0.07506486 2.775558e-17 0.06726125 0.07591909 0.0689697 0.07734408 0.07677331 8.326673e-17 0.07677331 0.07677331 0.0689697 -0.0005707735 0.07011124 0.07811529 0.07791486 6.938894e-17 0.07791486 0.07791486 0.07011124 -0.000200429 -1.249001e-16 -0.18 0.07831572 -3.144718e-16 0 2.7249e-17 0.07831572 -0.18 0.07831572 1.72058e-16 -1.249001e-16 -0.18 0.07831572 -0.18 -5.551115e-17 -7.395571e-32 0.07011124 -0.000200429 0.07791486 0.07791486 0.07011124 0.07811529 0.07791486 -7.632783e-17 0.0689697 -0.0005707735 0.07677331 0.07677331 0.0689697 0.07734408 0.07677331 -6.245005e-17 0.07506486 -4.163336e-17 0.06726125 0.07591909 0.06726125 -0.0008542229 0.07506486 0.07506486 1.110223e-16 0 0.007635871 -0.07407977 0.007635871 0.0009850985 2.775558e-17 -0.07309467 0 2.081668e-17 0.007635871 -0.07407977 0.007635871 0.0009850985 5.551115e-17 -0.07309467 0.07506486 0.07506486 0.06726125 -0.0008542229 0.07506486 8.326673e-17 0.06726125 0.07591909 0.0689697 0.07734408 0.07677331 1.110223e-16 0.07677331 0.07677331 0.0689697 -0.0005707735 0.07791486 6.938894e-17 0.07011124 0.07811529 0.07011124 -0.000200429 0.07831572 -0.18 3.469447e-17 -0.18 0.07831572 1.067333e-16 -9.020562e-17 -8.243235e-18 0.07831572 -0.18 0.07831572 1.808064e-16 -1.040834e-16 -0.18 0.07011124 -0.000200429 0.07791486 0.07791486 0.07011124 0.07811529 0.07791486 -1.94289e-16 0.0689697 -0.0005707735 0.07677331 0.07677331 0.0689697 0.07734408 0.07677331 -4.857226e-17 0.07506486 6.938894e-17 0.06726125 0.07591909 0.06726125 -0.0008542229 0.07506486 0.07506486 -5.551115e-17 6.938894e-18 0.007635871 -0.07407977 0.007635871 0.0009850985 -8.326673e-17 -0.07309467 -8.326673e-17 -0.07309467 0.007635871 0.0009850985 -8.326673e-17 -8.326673e-17 0.007635871 -0.07407977 0.07506486 0.07506486 0.06726125 -0.0008542229 0.07506486 -2.220446e-16 0.06726125 0.07591909 0.07677331 -6.938894e-17 0.0689697 -0.0005707735 0.07677331 0.07677331 0.07791486 2.081668e-17 0.07011124 0.07811529 0.07011124 -0.000200429 0.07791486 0.07791486 -4.857226e-17 -0.18 0.07831572 -1.956284e-16 -1.179612e-16 -1.936107e-18 0.07831572 -0.18 -8.326673e-17 -1.668578e-18 0.07831572 -0.18 0.07831572 -1.999675e-16 -6.938894e-17 -0.18 0.07011124 -0.000200429 0.07791486 0.07791486 0.07011124 0.07811529 0.07791486 -2.498002e-16 0.0689697 -0.0005707735 0.07677331 0.07677331 0.0689697 0.07734408 0.07677331 2.081668e-17 0.07506486 -1.387779e-17 0.06726125 0.07591909 0.06726125 -0.0008542229 0.07506486 0.07506486 0.007635871 -0.07407977 0.007635871 0.0009850985 -1.665335e-16 -0.07309467 -1.387779e-16 -0.07309467 0.007635871 0.0009850985 -1.94289e-16 2.775558e-17 0.007635871 -0.07407977 0.07506486 0.07506486 0.06726125 -0.0008542229 0.07506486 1.110223e-16 0.06726125 0.07591909 0.07677331 -1.040834e-16 0.0689697 0.07734408 0.0689697 -0.0005707735 0.07677331 0.07677331 0.07791486 2.081668e-17 0.07011124 0.07811529 0.07011124 -0.000200429 0.07791486 0.07791486 0.07831572 -0.18 -6.938894e-17 4.22995e-17 -8.326673e-17 -0.18 0.07831572 4.100449e-17 0.07831572 1.792981e-16 0.07831572 -0.18 -9.020562e-17 -2.214155e-17 0.07011124 0.07811529 0.07791486 -1.804112e-16 0.07791486 0.07791486 0.07011124 -0.000200429 0.0689697 0.07734408 0.07677331 -2.775558e-17 0.07677331 0.07677331 0.0689697 -0.0005707735 0.07506486 3.469447e-17 0.06726125 0.07591909 0.06726125 -0.0008542229 0.07506486 0.07506486 -2.220446e-16 0 0.007635871 -0.07407977 0.007635871 0.0009850985 -3.330669e-16 -0.07309467 -2.220446e-16 -0.07309467 0.007635871 0.0009850985 -2.775558e-17 -1.249001e-16 0.007635871 -0.07407977 0.07506486 0.07506486 0.06726125 -0.0008542229 0.07506486 1.179612e-16 0.06726125 0.07591909 0.07677331 -1.31839e-16 0.0689697 0.07734408 0.0689697 -0.0005707735 0.07677331 0.07677331 0.07791486 0.07791486 0.07011124 0.07811529 0.07831572 -0.18 -9.714451e-17 -6.696122e-18 0.07831572 -2.969356e-17 0.07831572 6.99189e-17 4.163336e-17 -0.18 -4.163336e-17 -1.222232e-16 0.07011124 0.07811529 0.07791486 -6.938894e-17 0.07791486 0.07791486 0.07011124 -0.000200429 0.0689697 0.07734408 0.07677331 -8.326673e-17 0.07677331 0.07677331 0.0689697 -0.0005707735 0.06726125 -0.0008542229 0.07506486 0.07506486 0.06726125 0.07591909 0.07506486 8.326673e-17 -1.387779e-16 3.469447e-17 0.007635871 -0.07407977 0.007635871 0.0009850985 -1.94289e-16 -0.07309467 -2.775558e-16 -0.07309467 0.007635871 0.0009850985 -3.053113e-16 1.249001e-16 0.007635871 -0.07407977 0.07506486 0.07506486 0.06726125 -0.0008542229 0.07506486 -3.469447e-17 0.06726125 0.07591909 0.07677331 0.07677331 0.0689697 -0.0005707735 0.07677331 -2.081668e-17 0.0689697 0.07734408 0.07791486 0.07791486 0.07011124 -0.000200429 0.07791486 2.081668e-17 0.07011124 0.07811529 0.07831572 -0.18 -2.775558e-17 -2.4102e-19 6.938894e-18 -0.18 0.07831572 2.673196e-18 0.07831572 8.299961e-17 3.469447e-17 -0.18 0.07831572 -0.18 0 -8.858198e-18 0.07011124 0.07811529 0.07791486 -1.734723e-16 0.07791486 0.07791486 0.07011124 -0.000200429 0.0689697 0.07734408 0.07677331 -9.714451e-17 0.07677331 0.07677331 0.0689697 -0.0005707735 0.06726125 -0.0008542229 0.07506486 0.07506486 0.06726125 0.07591909 0.07506486 1.110223e-16 0.007635871 0.0009850985 -1.387779e-16 -0.07309467 0.007635871 -0.07407977 -2.775558e-17 -2.081668e-17 -2.775558e-17 -0.07309467 0.007635871 0.0009850985 0.007635871 -0.07407977 0.06726125 0.07591909 0.07506486 -6.245005e-17 0.07506486 0.07506486 0.06726125 -0.0008542229 0.07677331 0.07677331 0.0689697 -0.0005707735 0.07677331 -6.938894e-18 0.0689697 0.07734408 0.07791486 0.07791486 0.07011124 -0.000200429 0.07791486 -6.938894e-18 0.07011124 0.07811529 0.07831572 -1.375411e-16 -3.469447e-17 -0.18 0.07831572 -0.18 2.081668e-17 -3.13706e-17 0.07831572 4.443912e-17 1.387779e-17 -0.18 0.07831572 -0.18 4.857226e-17 -7.930839e-19 0.07011124 0.07811529 0.07791486 1.526557e-16 0.07791486 0.07791486 0.07011124 -0.000200429 0.0689697 0.07734408 0.07677331 -6.245005e-17 0.07677331 0.07677331 0.0689697 -0.0005707735 0.06726125 -0.0008542229 0.07506486 0.07506486 0.06726125 0.07591909 0.07506486 2.775558e-17 0.007635871 0.0009850985 2.775558e-17 -0.07309467 -2.775558e-17 -4.163336e-17 0.007635871 -0.07407977 2.775558e-17 6.938894e-18 2.775558e-17 -0.07309467 0.007635871 0.0009850985 0.06726125 0.07591909 0.07506486 -2.775558e-17 0.07506486 0.07506486 0.06726125 -0.0008542229 0.07677331 0.07677331 0.0689697 -0.0005707735 0.07677331 -9.020562e-17 0.07011124 0.07811529 0.07791486 5.551115e-17 0.07011124 -0.000200429 0.07831572 -2.847037e-17 6.245005e-17 -0.18 0.07831572 -0.18 3.469447e-17 -4.21438e-17 1.457168e-16 -0.18 0.07831572 -0.18 9.714451e-17 -3.847736e-17 0.07011124 0.07811529 0.07791486 7.632783e-17 0.07791486 0.07791486 0.07011124 -0.000200429 0.0689697 0.07734408 0.07677331 -2.775558e-17 0.07677331 0.07677331 0.0689697 -0.0005707735 0.06726125 -0.0008542229 0.07506486 0.07506486 0.06726125 0.07591909 0.07506486 8.326673e-17 0.007635871 0.0009850985 2.775558e-16 -0.07309467 0.007635871 -0.07407977 2.220446e-16 -9.020562e-17 2.775558e-17 -6.938894e-17 -5.551115e-17 -0.07309467 0.007635871 0.0009850985 0.06726125 0.07591909 0.07506486 9.020562e-17 0.07506486 0.07506486 0.06726125 -0.0008542229 0.0689697 0.07734408 0.07677331 6.245005e-17 0.07677331 0.07677331 0.0689697 -0.0005707735 0.07011124 0.07811529 0.07791486 -1.31839e-16 0.07011124 -0.000200429 0.07011124 0.07811529 0.07791486 -1.249001e-16 0.07791486 0.07791486 0.07011124 -0.000200429 0.0689697 0.07734408 0.07677331 -1.595946e-16 0.07677331 0.07677331 0.0689697 -0.0005707735 0.06726125 -0.0008542229 0.07506486 0.07506486 0.06726125 0.07591909 0.07506486 -8.326673e-17 0.007635871 0.0009850985 0 -0.07309467 0.007635871 -0.07407977 -2.775558e-17 -9.714451e-17 0.007635871 -0.07407977 2.775558e-17 1.595946e-16 8.326673e-17 -0.07309467 0.007635871 0.0009850985 0.06726125 0.07591909 0.07506486 -4.163336e-17 0.06726125 -0.0008542229 0.0689697 0.07734408 0.07677331 -1.179612e-16 0.07677331 0.07677331 0.0689697 -0.0005707735 0.0689697 0.07734408 0.07677331 4.857226e-17 0.07677331 0.07677331 0.0689697 -0.0005707735 0.06726125 -0.0008542229 0.07506486 0.07506486 0.06726125 0.07591909 0.07506486 2.775558e-17 0.007635871 0.0009850985 2.220446e-16 -0.07309467 0.007635871 -0.07407977 1.387779e-16 1.387779e-17 0.007635871 -0.07407977 1.110223e-16 -4.163336e-17 1.110223e-16 -0.07309467 0.007635871 0.0009850985 0.06726125 0.07591909 0.07506486 7.632783e-17 0.07506486 0.07506486 0.06726125 -0.0008542229 0.06726125 0.07591909 0.07506486 -5.551115e-17 0.06726125 -0.0008542229 0.007635871 0.0009850985 -1.665335e-16 -0.07309467 0.007635871 -0.07407977 -2.775558e-16 -2.151057e-16 0.007635871 -0.07407977 1.110223e-16 -1.387779e-17 -5.551115e-17 -0.07309467 0.007635871 0.0009850985 0.007635871 0.0009850985 -1.110223e-16 -0.07309467 0.007635871 -0.07407977 0 -6.938894e-18</float_array>
                    <technique_common>
                        <accessor count="457" source="#ID27" stride="2">
                            <param name="S" type="float" />
                            <param name="T" type="float" />
                        </accessor>
                    </technique_common>
                </source>
                <vertices id="ID23">
                    <input semantic="POSITION" source="#ID21" />
                    <input semantic="NORMAL" source="#ID22" />
                </vertices>
                <triangles count="240" material="Material2">
                    <input offset="0" semantic="VERTEX" source="#ID23" />
                    <input offset="1" semantic="TEXCOORD" source="#ID24" />
                    <p>0 0 1 1 2 2 1 1 0 0 3 3 3 4 4 5 1 6 4 5 3 4 5 7 2 8 6 9 7 10 6 9 2 8 1 11 8 12 2 1 9 13 2 1 8 12 0 14 5 15 10 16 4 2 10 16 5 15 11 17 1 18 12 19 6 20 12 19 1 18 4 21 7 22 13 23 14 24 13 23 7 22 6 25 9 26 7 27 15 28 7 27 9 26 2 29 16 15 9 30 17 31 9 30 16 15 8 7 18 32 10 2 11 33 10 2 18 32 19 34 4 35 20 36 12 37 20 36 4 35 10 38 6 39 21 40 13 41 21 40 6 39 12 42 22 43 14 44 13 45 14 44 22 43 23 46 15 47 14 48 24 49 14 48 15 47 7 50 17 51 15 52 25 53 15 52 17 51 9 54 26 55 17 56 27 57 17 56 26 55 16 58 18 59 28 60 19 61 28 60 18 59 29 62 19 63 20 64 10 65 20 64 19 63 30 66 12 67 31 68 21 69 31 68 12 67 20 70 32 71 13 72 21 73 13 72 32 71 22 74 33 75 23 76 22 77 23 76 33 75 34 78 35 79 14 80 23 81 14 80 35 79 24 82 25 83 24 84 36 85 24 84 25 83 15 86 27 87 25 88 37 89 25 88 27 87 17 90 27 91 38 92 26 93 38 92 27 91 39 94 29 95 40 96 28 97 40 96 29 95 41 98 28 99 30 100 19 101 30 100 28 99 42 102 30 103 31 104 20 105 31 104 30 103 43 106 44 107 21 108 31 109 21 108 44 107 32 110 45 111 22 112 32 113 22 112 45 111 33 114 34 115 35 116 23 117 35 116 34 115 46 118 47 119 24 120 35 121 24 120 47 119 36 122 37 123 36 124 48 125 36 124 37 123 25 126 37 127 39 128 27 129 39 128 37 127 49 28 50 130 38 111 39 131 38 111 50 130 51 132 52 133 40 134 41 135 40 134 52 133 53 136 40 137 42 138 28 139 42 138 40 137 54 140 42 141 43 142 30 143 43 142 42 141 55 144 56 145 31 146 43 147 31 146 56 145 44 148 57 149 32 150 44 151 32 150 57 149 45 152 58 153 35 154 46 155 35 154 58 153 47 156 59 157 36 158 47 159 36 158 59 157 48 160 48 161 49 105 37 162 49 105 48 161 60 163 49 164 50 165 39 166 50 165 49 164 61 167 50 168 62 169 51 170 62 169 50 168 63 171 64 172 53 173 52 174 53 173 64 172 65 175 53 176 54 177 40 178 54 177 53 176 66 179 54 180 55 181 42 182 55 181 54 180 67 183 68 184 43 185 55 186 43 185 68 184 56 187 69 3 44 188 56 189 44 188 69 3 57 190 70 191 47 192 58 193 47 192 70 191 59 194 71 195 48 196 59 197 48 196 71 195 60 198 60 199 61 200 49 201 61 200 60 199 72 202 61 203 63 204 50 205 63 204 61 203 73 206 74 207 62 208 63 209 62 208 74 207 75 210 64 211 76 34 65 212 76 34 64 211 77 213 53 214 78 215 66 216 78 215 53 214 65 217 54 218 79 219 67 220 79 219 54 218 66 221 80 222 55 223 67 224 55 223 80 222 68 225 81 226 56 227 68 228 56 227 81 226 69 229 82 230 59 231 70 232 59 231 82 230 71 233 83 234 60 235 71 236 60 235 83 234 72 237 72 238 73 239 61 240 73 239 72 238 84 241 85 242 63 137 73 203 63 137 85 242 74 243 86 244 75 245 74 30 75 245 86 244 87 246 77 247 88 248 76 171 88 248 77 247 89 249 65 250 90 251 78 252 90 251 65 250 76 253 66 254 91 255 79 256 91 255 66 254 78 257 79 258 80 259 67 260 80 259 79 258 92 261 93 262 68 263 80 264 68 263 93 262 81 265 94 266 71 267 82 268 71 267 94 266 83 269 95 270 72 271 83 272 72 271 95 270 84 273 96 274 73 275 84 276 73 275 96 274 85 277 97 278 74 279 85 280 74 279 97 278 86 281 98 282 87 283 86 284 87 283 98 282 99 285 89 286 100 287 88 288 100 287 89 286 101 289 76 290 102 291 90 292 102 291 76 290 88 293 78 294 103 295 91 296 103 295 78 294 90 297 91 298 92 299 79 300 92 299 91 298 104 301 92 302 93 303 80 304 93 303 92 302 105 305 106 306 83 307 94 305 83 307 106 306 95 308 96 309 95 310 107 311 95 310 96 309 84 312 108 313 85 314 96 315 85 314 108 313 97 316 109 317 86 318 97 319 86 318 109 317 98 320 110 321 98 322 111 323 98 322 110 321 99 324 101 325 112 326 100 327 112 326 101 325 113 328 88 329 114 330 102 331 114 330 88 329 100 332 90 333 115 334 103 335 115 334 90 333 102 336 103 337 104 338 91 339 104 338 103 337 116 340 104 341 105 342 92 116 105 342 104 341 117 343 107 344 106 345 118 346 106 345 107 344 95 347 108 348 107 349 119 350 107 349 108 348 96 351 120 352 97 353 108 354 97 353 120 352 109 105 111 355 109 356 121 167 109 356 111 355 98 357 122 358 111 359 123 360 111 359 122 358 110 361 113 321 123 362 112 363 123 362 113 321 122 364 100 365 124 366 114 367 124 366 100 365 112 368 102 369 125 370 115 371 125 370 102 369 114 372 115 373 116 374 103 375 116 374 115 373 126 376 116 377 117 378 104 379 117 378 116 377 127 380 119 156 118 381 128 382 118 381 119 156 107 383 120 384 119 385 129 386 119 385 120 384 108 387 121 388 120 389 130 390 120 389 121 388 109 391 123 392 121 393 131 20 121 393 123 392 111 394 112 395 131 396 124 397 131 396 112 395 123 398 114 399 132 400 125 401 132 400 114 399 124 402 125 403 126 404 115 405 126 404 125 403 133 406 126 407 127 408 116 409 127 408 126 407 134 410 129 411 128 412 135 413 128 412 129 411 119 414 130 415 129 416 136 46 129 416 130 415 120 417 131 418 130 419 137 420 130 419 131 418 121 421 124 422 137 423 132 424 137 423 124 422 131 425 132 426 133 427 125 428 133 427 132 426 138 429 133 430 134 431 126 432 134 431 133 430 139 433 136 434 135 435 140 436 135 435 136 434 129 437 137 438 136 439 141 440 136 439 137 438 130 441 132 442 141 443 138 148 141 443 132 442 137 444 138 445 139 446 133 447 139 446 138 445 142 448 141 449 140 450 143 451 140 450 141 449 136 452 141 453 142 454 138 455 142 454 141 453 143 456</p>
                </triangles>
            </mesh>
        </geometry>
        <geometry id="ID30">
            <mesh>
                <source id="ID36">
                    <float_array id="ID40" count="144">-0.4773368 0 0.2755906 -0.5324001 -0.511811 0.1426562 -0.4773368 -0.511811 0.2755906 -0.5324001 0 0.1426562 -0.5511811 -0.511811 -2.220446e-16 -0.5511811 0 -2.220446e-16 -0.3897439 0 0.3897439 -0.3897439 -0.511811 0.3897439 -0.5324001 -0.511811 -0.1426562 -0.5324001 0 -0.1426562 -0.2755906 -0.511811 0.4773368 -0.2755906 0 0.4773368 -0.4773368 -0.511811 -0.2755906 -0.4773368 0 -0.2755906 -0.1426562 -0.511811 0.5324001 -0.1426562 0 0.5324001 -0.3897439 -0.511811 -0.3897439 -0.3897439 0 -0.3897439 0 -0.511811 0.5511811 0 0 0.5511811 -0.2755906 -0.511811 -0.4773368 -0.2755906 0 -0.4773368 0.1426562 -0.511811 0.5324001 0.1426562 0 0.5324001 -0.1426562 -0.511811 -0.5324001 -0.1426562 0 -0.5324001 0.2755906 -0.511811 0.4773368 0.2755906 0 0.4773368 -2.220446e-16 -0.511811 -0.5511811 0 0 -0.5511811 0.3897439 0 0.3897439 0.3897439 -0.511811 0.3897439 0.1426562 -0.511811 -0.5324001 0.1426562 0 -0.5324001 0.4773368 0 0.2755906 0.4773368 -0.511811 0.2755906 0.2755906 -0.511811 -0.4773368 0.2755906 0 -0.4773368 0.5324001 0 0.1426562 0.5324001 -0.511811 0.1426562 0.3897439 -0.511811 -0.3897439 0.3897439 0 -0.3897439 0.5511811 0 0 0.5511811 -0.511811 0 0.4773368 -0.511811 -0.2755906 0.4773368 0 -0.2755906 0.5324001 0 -0.1426562 0.5324001 -0.511811 -0.1426562</float_array>
                    <technique_common>
                        <accessor count="48" source="#ID40" stride="3">
                            <param name="X" type="float" />
                            <param name="Y" type="float" />
                            <param name="Z" type="float" />
                        </accessor>
                    </technique_common>
                </source>
                <source id="ID37">
                    <float_array id="ID41" count="144">-0.8660254 4.337995e-16 0.5 -0.9659258 5.156647e-16 0.258819 -0.8660254 4.337995e-16 0.5 -0.9659258 5.156647e-16 0.258819 -1 4.736197e-16 -4.455555e-16 -1 4.736197e-16 -4.455555e-16 -0.7071068 3.070248e-16 0.7071068 -0.7071068 3.070248e-16 0.7071068 -0.9659258 3.969909e-16 -0.258819 -0.9659258 3.969909e-16 -0.258819 -0.5 2.139477e-16 0.8660254 -0.5 2.139477e-16 0.8660254 -0.8660254 3.427971e-16 -0.5 -0.8660254 3.427971e-16 -0.5 -0.258819 8.964262e-17 0.9659258 -0.258819 8.964262e-17 0.9659258 -0.7071068 2.52682e-16 -0.7071068 -0.7071068 2.52682e-16 -0.7071068 -6.148666e-16 3.084635e-17 1 -6.148666e-16 3.084635e-17 1 -0.5 1.471063e-16 -0.8660254 -0.5 1.471063e-16 -0.8660254 0.258819 -1.590755e-16 0.9659258 0.258819 -1.590755e-16 0.9659258 -0.258819 9.825563e-17 -0.9659258 -0.258819 9.825563e-17 -0.9659258 0.5 -1.313e-16 0.8660254 0.5 -1.313e-16 0.8660254 -1.336666e-16 1.166794e-17 -1 -6.237777e-17 1.166794e-17 -1 0.7071068 1.178677e-16 0.7071068 0.7071068 1.178677e-16 0.7071068 0.258819 -1.930678e-16 -0.9659258 0.258819 -1.930678e-16 -0.9659258 0.8660254 -5.065673e-17 0.5 0.8660254 -5.065673e-17 0.5 0.5 -4.040884e-16 -0.8660254 0.5 -4.040884e-16 -0.8660254 0.9659258 -1.247239e-16 0.258819 0.9659258 -1.247239e-16 0.258819 0.7071068 -1.489806e-16 -0.7071068 0.7071068 -1.489806e-16 -0.7071068 1 -1.394955e-17 -1.247555e-16 1 -1.394955e-17 -1.247555e-16 0.8660254 1.55419e-16 -0.5 0.8660254 1.55419e-16 -0.5 0.9659258 5.692835e-17 -0.258819 0.9659258 5.692835e-17 -0.258819</float_array>
                    <technique_common>
                        <accessor count="48" source="#ID41" stride="3">
                            <param name="X" type="float" />
                            <param name="Y" type="float" />
                            <param name="Z" type="float" />
                        </accessor>
                    </technique_common>
                </source>
                <source id="ID39">
                    <float_array id="ID42" count="192">1.969691 -0.998247 2.963601 -0.00392541 1.969692 -0.003925394 2.963601 -0.998247 2.963601 -0.998247 3.95751 -0.003925426 2.963601 -0.00392541 3.95751 -0.998247 0.9757823 -0.998247 1.969692 -0.003925394 0.9757825 -0.003925378 1.969691 -0.998247 3.95751 -0.998247 4.951419 -0.003925442 3.95751 -0.003925426 4.951419 -0.9982471 -0.0181267 -0.003925362 0.9757823 -0.998247 0.9757825 -0.003925378 -0.0181269 -0.998247 4.951419 -0.9982471 5.945328 -0.003925458 4.951419 -0.003925442 5.945328 -0.9982471 -1.012036 -0.003925347 -0.0181269 -0.998247 -0.0181267 -0.003925362 -1.012036 -0.998247 5.945328 -0.9982471 6.939237 -0.003925474 5.945328 -0.003925458 6.939237 -0.9982471 -2.005945 -0.003925331 -1.012036 -0.998247 -1.012036 -0.003925347 -2.005945 -0.9982469 6.939237 -0.9982471 7.933147 -0.00392549 6.939237 -0.003925474 7.933146 -0.9982471 -2.999854 -0.003925315 -2.005945 -0.998247 -2.005945 -0.003925331 -2.999854 -0.998247 7.933146 -0.9982471 8.927056 -0.003925506 7.933147 -0.00392549 8.927056 -0.9982471 -3.993763 -0.003925299 -2.999854 -0.9982469 -2.999854 -0.003925315 -3.993764 -0.9982469 -14.92676 -0.9982468 -13.93286 -0.003925139 -14.92676 -0.003925123 -13.93286 -0.9982468 -3.993763 -0.003925299 -4.987673 -0.9982469 -3.993764 -0.9982469 -4.987673 -0.003925283 -13.93286 -0.9982468 -12.93895 -0.003925155 -13.93286 -0.003925139 -12.93895 -0.9982468 -5.981582 -0.9982469 -4.987673 -0.003925283 -5.981582 -0.003925267 -4.987673 -0.9982469 -12.93895 -0.9982468 -11.94504 -0.003925171 -12.93895 -0.003925155 -11.94504 -0.9982468 -6.975491 -0.9982469 -5.981582 -0.003925267 -6.975491 -0.003925251 -5.981582 -0.9982469 -11.94504 -0.9982468 -10.95113 -0.003925187 -11.94504 -0.003925171 -10.95113 -0.9982468 -7.9694 -0.9982469 -6.975491 -0.003925251 -7.9694 -0.003925235 -6.975491 -0.9982469 -10.95113 -0.9982468 -9.957219 -0.003925203 -10.95113 -0.003925187 -9.957219 -0.9982468 -8.96331 -0.9982469 -7.9694 -0.003925235 -8.963309 -0.003925219 -7.9694 -0.9982469 -9.957219 -0.9982468 -8.963309 -0.003925219 -9.957219 -0.003925203 -8.96331 -0.9982469</float_array>
                    <technique_common>
                        <accessor count="96" source="#ID42" stride="2">
                            <param name="S" type="float" />
                            <param name="T" type="float" />
                        </accessor>
                    </technique_common>
                </source>
                <vertices id="ID38">
                    <input semantic="POSITION" source="#ID36" />
                    <input semantic="NORMAL" source="#ID37" />
                </vertices>
                <triangles count="48" material="Material2">
                    <input offset="0" semantic="VERTEX" source="#ID38" />
                    <input offset="1" semantic="TEXCOORD" source="#ID39" />
                    <p>0 0 1 1 2 2 1 1 0 0 3 3 3 4 4 5 1 6 4 5 3 4 5 7 6 8 2 9 7 10 2 9 6 8 0 11 5 12 8 13 4 14 8 13 5 12 9 15 10 16 6 17 7 18 6 17 10 16 11 19 9 20 12 21 8 22 12 21 9 20 13 23 14 24 11 25 10 26 11 25 14 24 15 27 13 28 16 29 12 30 16 29 13 28 17 31 18 32 15 33 14 34 15 33 18 32 19 35 17 36 20 37 16 38 20 37 17 36 21 39 22 40 19 41 18 42 19 41 22 40 23 43 21 44 24 45 20 46 24 45 21 44 25 47 26 48 23 49 22 50 23 49 26 48 27 51 25 52 28 53 24 54 28 53 25 52 29 55 26 56 30 57 27 58 30 57 26 56 31 59 29 60 32 61 28 62 32 61 29 60 33 63 34 64 31 65 35 66 31 65 34 64 30 67 33 68 36 69 32 70 36 69 33 68 37 71 38 72 35 73 39 74 35 73 38 72 34 75 37 76 40 77 36 78 40 77 37 76 41 79 42 80 39 81 43 82 39 81 42 80 38 83 41 84 44 85 40 86 44 85 41 84 45 87 46 88 43 89 47 90 43 89 46 88 42 91 45 92 47 93 44 94 47 93 45 92 46 95</p>
                </triangles>
            </mesh>
        </geometry>
        <geometry id="ID43">
            <mesh>
                <source id="ID44">
                    <float_array id="ID48" count="720">0.6492853 -0.5344778 0.3748651 0.5217155 -0.5629921 0.5217155 0.6389684 -0.5629921 0.3689086 0.5301392 -0.5344778 0.5301392 0.6492853 -0.523622 0.3748651 0.5301392 -0.523622 0.5301392 0.3748651 -0.5344778 0.6492853 0.3689086 -0.5629921 0.6389684 0.4037834 -0.7283465 0.4037834 0.4945317 -0.7283465 0.285518 0.7241837 -0.5344778 0.1940444 0.7126767 -0.5629921 0.1909611 0.7241837 -0.523622 0.1940444 0.5217155 -0.511811 0.5217155 0.6389684 -0.511811 0.3689086 0.3748651 -0.523622 0.6492853 0.1940444 -0.5344778 0.7241837 0.1909611 -0.5629921 0.7126767 0.285518 -0.7283465 0.4945317 0.369889 -0.7480315 0.369889 0.4530196 -0.7480315 0.261551 0.5515784 -0.7283465 0.147795 0.7497301 -0.5344778 0 0.7378172 -0.5629921 0 0.7497301 -0.523622 0 0.7126767 -0.511811 0.1909611 -0.5217155 -0.511811 -0.5217155 -2.220446e-16 -0.511811 -0.5511811 -0.3689086 -0.511811 -0.6389684 -0.1426562 -0.511811 -0.5324001 -0.2755906 -0.511811 -0.4773368 -0.6389684 -0.511811 -0.3689086 -0.3897439 -0.511811 -0.3897439 -0.4773368 -0.511811 -0.2755906 -0.7126767 -0.511811 -0.1909611 -0.5324001 -0.511811 -0.1426562 -0.7378172 -0.511811 -4.440892e-16 -0.5511811 -0.511811 -2.220446e-16 -0.7126767 -0.511811 0.1909611 -0.5324001 -0.511811 0.1426562 -0.4773368 -0.511811 0.2755906 -0.6389684 -0.511811 0.3689086 -0.3897439 -0.511811 0.3897439 -0.5217155 -0.511811 0.5217155 -0.2755906 -0.511811 0.4773368 -0.1426562 -0.511811 0.5324001 -0.3689086 -0.511811 0.6389684 0 -0.511811 0.5511811 -0.1909611 -0.511811 -0.7126767 0.1909611 -0.511811 -0.7126767 -2.220446e-16 -0.511811 -0.7378172 0.3689086 -0.511811 -0.6389684 0.5217155 -0.511811 -0.5217155 0.1426562 -0.511811 -0.5324001 0.2755906 -0.511811 -0.4773368 0.6389684 -0.511811 -0.3689086 0.3897439 -0.511811 -0.3897439 0.4773368 -0.511811 -0.2755906 0.7126767 -0.511811 -0.1909611 0.5324001 -0.511811 -0.1426562 0.7378172 -0.511811 0 0.5511811 -0.511811 0 0.5324001 -0.511811 0.1426562 0.7126767 -0.511811 0.1909611 0.4773368 -0.511811 0.2755906 0.6389684 -0.511811 0.3689086 0.3897439 -0.511811 0.3897439 0.5217155 -0.511811 0.5217155 0.2755906 -0.511811 0.4773368 0.1426562 -0.511811 0.5324001 0.3689086 -0.511811 0.6389684 -0.1909611 -0.511811 0.7126767 0.1909611 -0.511811 0.7126767 -1.110223e-15 -0.511811 0.7378172 0.3689086 -0.511811 0.6389684 0.1940444 -0.523622 0.7241837 -1.110223e-15 -0.5344778 0.7497301 -1.110223e-15 -0.5629921 0.7378172 0.147795 -0.7283465 0.5515784 0.261551 -0.7480315 0.4530196 0.369889 -0.7480315 -0.369889 0.0912679 -0.7480315 -0.3406164 0 -0.7480315 -0.3526321 0.4530196 -0.7480315 -0.261551 0.176316 -0.7480315 -0.3053884 0.2493485 -0.7480315 -0.2493485 0.5052778 -0.7480315 -0.1353888 0.3053884 -0.7480315 -0.176316 0.3406164 -0.7480315 -0.0912679 0.523102 -0.7480315 0 0.3526321 -0.7480315 0 0.5052778 -0.7480315 0.1353888 0.3406164 -0.7480315 0.0912679 0.3053884 -0.7480315 0.176316 0.4530196 -0.7480315 0.261551 0.2493485 -0.7480315 0.2493485 0.176316 -0.7480315 0.3053884 0.369889 -0.7480315 0.369889 0.0912679 -0.7480315 0.3406164 0 -0.7480315 0.3526321 0.1353888 -0.7480315 -0.5052778 -0.1353888 -0.7480315 -0.5052778 -6.661338e-16 -0.7480315 -0.523102 -0.261551 -0.7480315 -0.4530196 0.261551 -0.7480315 -0.4530196 -0.369889 -0.7480315 -0.369889 -0.0912679 -0.7480315 -0.3406164 -0.4530196 -0.7480315 -0.261551 -0.176316 -0.7480315 -0.3053884 -0.2493485 -0.7480315 -0.2493485 -0.5052778 -0.7480315 -0.1353888 -0.3053884 -0.7480315 -0.176316 -0.3406164 -0.7480315 -0.0912679 -0.523102 -0.7480315 6.661338e-16 -0.3526321 -0.7480315 0 -0.3406164 -0.7480315 0.0912679 -0.5052778 -0.7480315 0.1353888 -0.3053884 -0.7480315 0.176316 -0.4530196 -0.7480315 0.261551 -0.2493485 -0.7480315 0.2493485 -0.176316 -0.7480315 0.3053884 -0.369889 -0.7480315 0.369889 -0.0912679 -0.7480315 0.3406164 0.261551 -0.7480315 0.4530196 -0.261551 -0.7480315 0.4530196 0.1353888 -0.7480315 0.5052778 -0.1353888 -0.7480315 0.5052778 3.330669e-16 -0.7480315 0.523102 0.5052778 -0.7480315 0.1353888 0.571036 -0.7283465 0 0.7241837 -0.5344778 -0.1940444 0.7126767 -0.5629921 -0.1909611 0.7241837 -0.523622 -0.1940444 0.7378172 -0.511811 0 -0.1940444 -0.523622 0.7241837 -1.110223e-15 -0.511811 0.7378172 -0.1909611 -0.511811 0.7126767 -1.110223e-15 -0.523622 0.7497301 0.1909611 -0.511811 0.7126767 0.7126767 -0.511811 -0.1909611 0.6389684 -0.511811 -0.3689086 0.6492853 -0.523622 -0.3748651 0.5217155 -0.511811 -0.5217155 0.5301392 -0.523622 -0.5301392 0.3689086 -0.511811 -0.6389684 0.3748651 -0.523622 -0.6492853 0.1909611 -0.511811 -0.7126767 0.1940444 -0.523622 -0.7241837 -2.220446e-16 -0.511811 -0.7378172 -2.220446e-16 -0.523622 -0.7497301 -0.1940444 -0.523622 -0.7241837 -0.1909611 -0.511811 -0.7126767 -0.3748651 -0.523622 -0.6492853 -0.3689086 -0.511811 -0.6389684 -0.5301392 -0.523622 -0.5301392 -0.5217155 -0.511811 -0.5217155 -0.6492853 -0.523622 -0.3748651 -0.6389684 -0.511811 -0.3689086 -0.7241837 -0.523622 -0.1940444 -0.7126767 -0.511811 -0.1909611 -0.7497301 -0.523622 -4.440892e-16 -0.7378172 -0.511811 -4.440892e-16 -0.7241837 -0.523622 0.1940444 -0.7126767 -0.511811 0.1909611 -0.6389684 -0.511811 0.3689086 -0.6492853 -0.523622 0.3748651 -0.5217155 -0.511811 0.5217155 -0.5301392 -0.523622 0.5301392 -0.3689086 -0.511811 0.6389684 -0.3748651 -0.523622 0.6492853 -0.1909611 -0.5629921 0.7126767 -0.1940444 -0.5344778 0.7241837 2.220446e-16 -0.7283465 0.571036 0.1353888 -0.7480315 0.5052778 0.5515784 -0.7283465 -0.147795 0.4530196 -0.7480315 -0.261551 0.4945317 -0.7283465 -0.285518 0.5052778 -0.7480315 -0.1353888 0.523102 -0.7480315 0 3.330669e-16 -0.7480315 0.523102 -0.147795 -0.7283465 0.5515784 -0.1353888 -0.7480315 0.5052778 -0.285518 -0.7283465 0.4945317 -0.261551 -0.7480315 0.4530196 -0.4037834 -0.7283465 0.4037834 -0.369889 -0.7480315 0.369889 -0.4945317 -0.7283465 0.285518 -0.4530196 -0.7480315 0.261551 -0.5515784 -0.7283465 0.147795 -0.5052778 -0.7480315 0.1353888 -0.523102 -0.7480315 6.661338e-16 -0.571036 -0.7283465 4.440892e-16 -0.5052778 -0.7480315 -0.1353888 -0.5515784 -0.7283465 -0.147795 -0.4530196 -0.7480315 -0.261551 -0.4945317 -0.7283465 -0.285518 -0.369889 -0.7480315 -0.369889 -0.4037834 -0.7283465 -0.4037834 -0.261551 -0.7480315 -0.4530196 -0.285518 -0.7283465 -0.4945317 -0.1353888 -0.7480315 -0.5052778 -0.147795 -0.7283465 -0.5515784 -6.661338e-16 -0.7480315 -0.523102 -6.661338e-16 -0.7283465 -0.571036 0.147795 -0.7283465 -0.5515784 0.1353888 -0.7480315 -0.5052778 0.285518 -0.7283465 -0.4945317 0.261551 -0.7480315 -0.4530196 0.4037834 -0.7283465 -0.4037834 0.369889 -0.7480315 -0.369889 0.6492853 -0.5344778 -0.3748651 0.6389684 -0.5629921 -0.3689086 0.5301392 -0.5344778 -0.5301392 0.3748651 -0.5344778 -0.6492853 0.1940444 -0.5344778 -0.7241837 -2.220446e-16 -0.5344778 -0.7497301 -0.1940444 -0.5344778 -0.7241837 -0.3748651 -0.5344778 -0.6492853 -0.5301392 -0.5344778 -0.5301392 -0.6492853 -0.5344778 -0.3748651 -0.7241837 -0.5344778 -0.1940444 -0.7497301 -0.5344778 -4.440892e-16 -0.7241837 -0.5344778 0.1940444 -0.6492853 -0.5344778 0.3748651 -0.5301392 -0.5344778 0.5301392 -0.3748651 -0.5344778 0.6492853 -0.3689086 -0.5629921 0.6389684 -0.5217155 -0.5629921 0.5217155 -0.6389684 -0.5629921 0.3689086 -0.7126767 -0.5629921 0.1909611 -0.7378172 -0.5629921 -4.440892e-16 -0.7126767 -0.5629921 -0.1909611 -0.6389684 -0.5629921 -0.3689086 -0.5217155 -0.5629921 -0.5217155 -0.3689086 -0.5629921 -0.6389684 -0.1909611 -0.5629921 -0.7126767 -2.220446e-16 -0.5629921 -0.7378172 0.1909611 -0.5629921 -0.7126767 0.3689086 -0.5629921 -0.6389684 0.5217155 -0.5629921 -0.5217155</float_array>
                    <technique_common>
                        <accessor count="240" source="#ID48" stride="3">
                            <param name="X" type="float" />
                            <param name="Y" type="float" />
                            <param name="Z" type="float" />
                        </accessor>
                    </technique_common>
                </source>
                <source id="ID45">
                    <float_array id="ID49" count="720">0.8496566 -0.1935067 0.4905495 0.5899897 -0.5512026 0.5899897 0.7225868 -0.5512026 0.4171857 0.6937417 -0.1935067 0.6937417 0.8032612 0.3737583 0.4637631 0.65586 0.3737583 0.65586 0.4905495 -0.1935067 0.8496566 0.4171857 -0.5512026 0.7225868 0.3985065 -0.8260661 0.3985065 0.4880687 -0.8260661 0.2817866 0.9476688 -0.1935067 0.2539271 0.8059409 -0.5512026 0.2159512 0.8959215 0.3737583 0.2400614 0.4978474 0.7101379 0.4978474 0.6097361 0.7101379 0.3520313 0.4637631 0.3737583 0.8032612 0.2539271 -0.1935067 0.9476688 0.2159512 -0.5512026 0.8059409 0.2817866 -0.8260661 0.4880687 0.2686184 -0.9250342 0.2686184 0.328989 -0.9250342 0.1899419 0.54437 -0.8260661 0.1458635 0.981099 -0.1935067 -9.415261e-16 0.8343714 -0.5512026 -6.200543e-16 0.9275261 0.3737583 -9.678201e-16 0.6800722 0.7101379 0.1822248 0 1 0 0 1 0 0 1 0 0 1 0 0 1 0 0 1 0 0 1 0 0 1 0 0 1 0 0 1 0 0 1 0 0 1 0 0 1 0 0 1 0 0 1 0 0 1 0 0 1 0 0 1 0 0 1 0 0 1 0 0 1 0 0 1 0 0 1 0 0 1 0 0 1 0 0 1 0 0 1 0 0 1 0 0 1 0 0 1 0 0 1 0 0 1 0 0 1 0 0 1 0 0 1 0 0 1 0 0 1 0 0 1 0 0 1 0 0 1 0 0 1 0 0 1 0 0 1 0 0 1 0 0 1 0 0 1 0 0 1 0 0 1 0 0.3520313 0.7101379 0.6097361 0.2400614 0.3737583 0.8959215 -8.307583e-16 -0.1935067 0.981099 -8.634831e-16 -0.5512026 0.8343714 0.1458635 -0.8260661 0.54437 0.1899419 -0.9250342 0.328989 0 -1 0 0 -1 0 0 -1 0 0 -1 0 0 -1 0 0 -1 0 0 -1 0 0 -1 0 0 -1 0 0 -1 0 0 -1 0 0 -1 0 0 -1 0 0 -1 0 0 -1 0 0 -1 0 0 -1 0 0 -1 0 0 -1 0 0 -1 0 0 -1 0 0 -1 0 0 -1 0 0 -1 0 0 -1 0 0 -1 0 0 -1 0 0 -1 0 0 -1 0 0 -1 0 0 -1 0 0 -1 0 0 -1 0 0 -1 0 0 -1 0 0 -1 0 0 -1 0 0 -1 0 0 -1 0 0 -1 0 0 -1 0 0 -1 0 0 -1 0 0 -1 0 0 -1 0 0 -1 0 0 -1 0 0 -1 0 0.3669395 -0.9250342 0.09832114 0.5635732 -0.8260661 -2.59741e-16 0.9476688 -0.1935067 -0.2539271 0.8059409 -0.5512026 -0.2159512 0.8959215 0.3737583 -0.2400614 0.7040626 0.7101379 -8.126345e-16 -0.2400614 0.3737583 0.8959215 -5.948149e-16 0.7101379 0.7040626 -0.1822248 0.7101379 0.6800722 -7.345506e-16 0.3737583 0.9275261 0.1822248 0.7101379 0.6800722 0.6800722 0.7101379 -0.1822248 0.6097361 0.7101379 -0.3520313 0.8032612 0.3737583 -0.4637631 0.4978474 0.7101379 -0.4978474 0.65586 0.3737583 -0.65586 0.3520313 0.7101379 -0.6097361 0.4637631 0.3737583 -0.8032612 0.1822248 0.7101379 -0.6800722 0.2400614 0.3737583 -0.8959215 1.843088e-16 0.7101379 -0.7040626 2.332695e-16 0.3737583 -0.9275261 -0.2400614 0.3737583 -0.8959215 -0.1822248 0.7101379 -0.6800722 -0.4637631 0.3737583 -0.8032612 -0.3520313 0.7101379 -0.6097361 -0.65586 0.3737583 -0.65586 -0.4978474 0.7101379 -0.4978474 -0.8032612 0.3737583 -0.4637631 -0.6097361 0.7101379 -0.3520313 -0.8959215 0.3737583 -0.2400614 -0.6800722 0.7101379 -0.1822248 -0.9275261 0.3737583 -7.196611e-16 -0.7040626 0.7101379 -5.948149e-16 -0.8959215 0.3737583 0.2400614 -0.6800722 0.7101379 0.1822248 -0.6097361 0.7101379 0.3520313 -0.8032612 0.3737583 0.4637631 -0.4978474 0.7101379 0.4978474 -0.65586 0.3737583 0.65586 -0.3520313 0.7101379 0.6097361 -0.4637631 0.3737583 0.8032612 -0.2159512 -0.5512026 0.8059409 -0.2539271 -0.1935067 0.9476688 -2.825253e-16 -0.8260661 0.5635732 0.09832114 -0.9250342 0.3669395 0.54437 -0.8260661 -0.1458635 0.328989 -0.9250342 -0.1899419 0.4880687 -0.8260661 -0.2817866 0.3669395 -0.9250342 -0.09832114 0.3798837 -0.9250342 -1.396221e-16 -2.053266e-16 -0.9250342 0.3798837 -0.1458635 -0.8260661 0.54437 -0.09832114 -0.9250342 0.3669395 -0.2817866 -0.8260661 0.4880687 -0.1899419 -0.9250342 0.328989 -0.3985065 -0.8260661 0.3985065 -0.2686184 -0.9250342 0.2686184 -0.4880687 -0.8260661 0.2817866 -0.328989 -0.9250342 0.1899419 -0.54437 -0.8260661 0.1458635 -0.3669395 -0.9250342 0.09832114 -0.3798837 -0.9250342 2.751377e-16 -0.5635732 -0.8260661 1.822744e-17 -0.3669395 -0.9250342 -0.09832114 -0.54437 -0.8260661 -0.1458635 -0.328989 -0.9250342 -0.1899419 -0.4880687 -0.8260661 -0.2817866 -0.2686184 -0.9250342 -0.2686184 -0.3985065 -0.8260661 -0.3985065 -0.1899419 -0.9250342 -0.328989 -0.2817866 -0.8260661 -0.4880687 -0.09832114 -0.9250342 -0.3669395 -0.1458635 -0.8260661 -0.54437 -1.642613e-16 -0.9250342 -0.3798837 -1.184783e-16 -0.8260661 -0.5635732 0.1458635 -0.8260661 -0.54437 0.09832114 -0.9250342 -0.3669395 0.2817866 -0.8260661 -0.4880687 0.1899419 -0.9250342 -0.328989 0.3985065 -0.8260661 -0.3985065 0.2686184 -0.9250342 -0.2686184 0.8496566 -0.1935067 -0.4905495 0.7225868 -0.5512026 -0.4171857 0.6937417 -0.1935067 -0.6937417 0.4905495 -0.1935067 -0.8496566 0.2539271 -0.1935067 -0.9476688 2.676888e-16 -0.1935067 -0.981099 -0.2539271 -0.1935067 -0.9476688 -0.4905495 -0.1935067 -0.8496566 -0.6937417 -0.1935067 -0.6937417 -0.8496566 -0.1935067 -0.4905495 -0.9476688 -0.1935067 -0.2539271 -0.981099 -0.1935067 -7.061446e-16 -0.9476688 -0.1935067 0.2539271 -0.8496566 -0.1935067 0.4905495 -0.6937417 -0.1935067 0.6937417 -0.4905495 -0.1935067 0.8496566 -0.4171857 -0.5512026 0.7225868 -0.5899897 -0.5512026 0.5899897 -0.7225868 -0.5512026 0.4171857 -0.8059409 -0.5512026 0.2159512 -0.8343714 -0.5512026 -5.327874e-16 -0.8059409 -0.5512026 -0.2159512 -0.7225868 -0.5512026 -0.4171857 -0.5899897 -0.5512026 -0.5899897 -0.4171857 -0.5512026 -0.7225868 -0.2159512 -0.5512026 -0.8059409 2.158708e-16 -0.5512026 -0.8343714 0.2159512 -0.5512026 -0.8059409 0.4171857 -0.5512026 -0.7225868 0.5899897 -0.5512026 -0.5899897</float_array>
                    <technique_common>
                        <accessor count="240" source="#ID49" stride="3">
                            <param name="X" type="float" />
                            <param name="Y" type="float" />
                            <param name="Z" type="float" />
                        </accessor>
                    </technique_common>
                </source>
                <source id="ID47">
                    <float_array id="ID50" count="1128">-6.064593e-15 -1.06859e-15 0.09863525 0.01567876 0.000789915 0.01567876 0.09942517 -1.096345e-15 0 3.844147e-15 0.005514719 -0.09942517 0.005514719 3.844147e-15 0 -0.09942517 0.000789915 0.01567876 0.09942517 -2.151057e-15 0.09863525 0.01567876 4.940492e-15 -2.525757e-15 0.09784383 -0.000543859 0.01039834 -0.1188536 0.08612489 -0.1192745 -3.400058e-16 8.201773e-15 6.52256e-16 -3.899658e-15 0.09863525 0.01567876 0.000789915 0.01567876 0.09942517 -3.885781e-15 5.551115e-17 -4.163336e-16 0.005514719 -0.09942517 0.005514719 -4.163336e-16 5.551115e-17 -0.09942517 0.09784534 -1.332268e-15 -0.000789915 0.008485281 0.09863525 0.008485281 0.005514719 -6.987466e-15 0 -0.09942517 0.005514719 -0.09942517 0 -6.987466e-15 0.000789915 0.01567876 0.09942517 1.373901e-15 0.09863525 0.01567876 4.475587e-15 1.096345e-15 0.09784383 -0.000543859 0.01039834 -0.1188536 0.08612489 -0.1192745 -5.495604e-15 -5.731526e-15 0.07254935 0.02613126 6.779299e-15 -4.732326e-15 0.06937097 -4.08007e-15 -0.003178372 0.02613126 0.09784383 -0.000543859 0.01039834 -0.1188536 0.08612489 -0.1192745 2.428613e-16 5.342948e-15 0.09863525 0.01567876 0.000789915 0.01567876 0.09942517 5.273559e-15 0 -1.665335e-16 0.005514719 -0.09942517 0.005514719 -1.665335e-16 0 -0.09942517 0.09784534 1.276756e-15 -0.000789915 0.008485281 3.941292e-15 1.276756e-15 0.09863525 0.008485281 0.2713343 -0.6255811 0.006443557 -0.6428618 0.1942312 -0.6858207 0.07882687 -0.632689 0.1461109 -0.6041287 0.3302191 -0.5474383 0.2037103 -0.5591271 0.2476997 -0.5007511 0.3668726 -0.4567177 0.2750815 -0.4329789 0.378797 -0.3596017 0.2839895 -0.3604291 0.3651795 -0.2627086 0.2738167 -0.2880458 0.2452563 -0.2207618 0.3269483 -0.1726415 0.2002547 -0.1631624 0.2667087 -0.0955383 0.1418787 -0.1191729 0.07410653 -0.09179116 0.188566 -0.03665351 0.001556697 -0.08288317 0.104164 -0.7240519 -0.08984508 -0.725745 0.007270929 -0.7376694 -0.1805657 -0.6890915 -0.2587085 -0.6302067 -0.06610627 -0.6339538 -0.1338785 -0.6065721 -0.3189481 -0.5531035 -0.1922545 -0.5625826 -0.237256 -0.5049832 -0.3571793 -0.4630364 -0.2658164 -0.4376992 -0.3707967 -0.3661433 -0.2759892 -0.3653159 -0.2670812 -0.2927661 -0.3588724 -0.2690273 -0.2396995 -0.2249939 -0.3222189 -0.1783067 -0.19571 -0.1666179 -0.2633341 -0.1001639 -0.1381106 -0.1216163 -0.07082662 -0.09305598 -0.1862309 -0.03992431 0.09784534 2.775558e-16 -0.09616379 -0.001693092 0.0007293243 0.01192435 0.09784534 3.608225e-15 -0.000789915 0.008485281 4.100886e-15 3.608225e-15 0.09863525 0.008485281 0.005514719 6.744605e-15 -4.163336e-15 -0.09942517 0.005514719 -0.09942517 -4.107825e-15 6.744605e-15 0.000789915 0.01567876 0.09942517 5.093148e-15 0.09863525 0.01567876 -1.845746e-15 5.065393e-15 0.09784383 -0.000543859 0.01039834 -0.1188536 0.08612489 -0.1192745 7.160939e-15 -1.001976e-14 0.07254935 0.02613126 -2.220446e-16 2.137179e-15 0.06937097 2.109424e-15 -0.003178372 0.02613126 0.11208 0.05466507 0.2534844 0.03856004 0.2999 0.04425915 0.06937097 -7.771561e-16 0.2101254 0.02104187 0.1727779 -0.00710151 0.04226557 -0.06385632 0.143987 -0.04395218 0.1257147 -0.08699882 0.032611 -0.1325522 0.1192064 -0.1333079 0.0410652 -0.2014061 0.1249056 -0.1797235 0.1424237 -0.2230825 0.06705202 -0.2657257 0.1705671 -0.26043 0.2074178 -0.2892209 0.1088005 -0.3211278 0.2504644 -0.3074931 0.2967735 -0.3140014 0.2318018 0.1224004 0.3693515 0.1212 0.3006557 0.1308546 0.4332078 0.09409461 0.1674821 0.09641357 0.4878729 0.05138558 0.346209 0.03775084 0.5296214 -0.004016545 0.3892557 0.01947862 0.4261063 -0.009312274 0.5556082 -0.06833619 0.4542497 -0.0466598 0.4717679 -0.09001878 0.5640624 -0.1371901 0.477467 -0.1364344 0.4709587 -0.1827434 0.5544079 -0.2058859 0.4526865 -0.2257901 0.5273025 -0.2697423 0.4238956 -0.2626407 0.386548 -0.2907841 0.4845934 -0.3244073 0.3431891 -0.3083023 0.1634656 -0.3638369 0.4291913 -0.3661558 0.2273219 -0.3909423 0.3648717 -0.3921426 0.2960178 -0.4005968 0.07254935 0.02613126 -1.31839e-16 5.551115e-17 0.06937097 6.938894e-17 -0.003178372 0.02613126 1.450229e-15 -1.332268e-15 0.08612489 -0.1192745 0.09784383 -0.000543859 0.01039834 -0.1188536 8.673617e-16 8.326673e-17 0.09863525 0.01567876 0.000789915 0.01567876 0.09942517 8.326673e-17 0 6.14786e-15 0.005514719 -0.09942517 0.005514719 6.14786e-15 0 -0.09942517 0.09784534 -4.440892e-16 -0.000789915 0.008485281 -4.003742e-15 -2.775558e-16 0.09863525 0.008485281 0.09863525 0.008485281 -7.632783e-17 5.551115e-17 0.09784534 2.220446e-16 -0.000789915 0.008485281 0.09784534 -1.609823e-15 -0.000789915 0.008485281 -8.736067e-15 -1.276756e-15 0.09863525 0.008485281 0.09784534 1.110223e-16 -0.000789915 0.008485281 4.163336e-17 1.110223e-16 0.09863525 0.008485281 -4.073131e-15 4.996004e-16 0.09863525 0.008485281 -0.000789915 0.008485281 0.09784534 6.661338e-16 -3.899658e-15 1.110223e-15 0.09863525 0.008485281 -0.000789915 0.008485281 0.09784534 1.609823e-15 3.57353e-15 -1.94289e-15 0.09863525 0.008485281 -0.000789915 0.008485281 0.09784534 -1.94289e-15 5.20417e-16 -3.330669e-16 0.09863525 0.008485281 -0.000789915 0.008485281 0.09784534 -2.775558e-16 -1.087325e-14 -6.106227e-15 0.09863525 0.008485281 -0.000789915 0.008485281 0.09784534 -6.938894e-15 -3.400058e-16 2.109424e-15 0.09863525 0.008485281 -0.000789915 0.008485281 0.09784534 2.220446e-15 -0.000789915 0.008485281 0.09784534 2.553513e-15 0.09863525 0.008485281 2.546574e-15 2.38698e-15 -0.000789915 0.008485281 0.09784534 7.771561e-16 0.09863525 0.008485281 6.245005e-17 1.110223e-16 -0.000789915 0.008485281 0.09784534 -1.44329e-15 0.09863525 0.008485281 1.25594e-15 -7.771561e-16 -0.000789915 0.008485281 0.09784534 2.775558e-15 0.09863525 0.008485281 7.702172e-16 2.775558e-15 -0.000789915 0.008485281 0.09784534 -3.275158e-15 0.09863525 0.008485281 2.678413e-15 -3.608225e-15 -0.000789915 0.008485281 0.09784534 -1.387779e-15 0.09863525 0.008485281 -6.938894e-18 -1.498801e-15 -0.000789915 0.008485281 0.09784534 1.276756e-15 0.09863525 0.008485281 2.775558e-17 1.332268e-15 0.09863525 0.008485281 -6.938894e-17 -4.440892e-16 0.09784534 -4.440892e-16 -0.000789915 0.008485281 0.09863525 0.008485281 1.228184e-15 2.38698e-15 0.09784534 2.38698e-15 -0.000789915 0.008485281 0.09863525 0.008485281 1.054712e-15 9.436896e-16 0.09784534 1.054712e-15 -0.000789915 0.008485281 0.09863525 0.008485281 6.938894e-18 5.551115e-17 0.09784534 1.110223e-16 -0.000789915 0.008485281 0.005514719 6.737666e-15 -5.551115e-17 -0.09942517 0.005514719 -0.09942517 -5.551115e-17 6.737666e-15 0.09863525 0.01567876 -3.469447e-17 -5.551115e-17 0.09942517 -5.551115e-17 0.000789915 0.01567876 0.09784383 -0.000543859 0.01039834 -0.1188536 0.08612489 -0.1192745 1.595946e-16 -1.432188e-14 0.07254935 0.02613126 -8.021361e-15 -2.400857e-15 0.06937097 -2.858824e-15 -0.003178372 0.02613126 -0.003178372 0.02613126 0.06937097 -7.452372e-15 0.07254935 0.02613126 2.88658e-15 -7.729928e-15 -0.003178372 0.02613126 0.06937097 8.326673e-17 0.07254935 0.02613126 -4.857226e-17 6.938894e-17 -0.003178372 0.02613126 0.06937097 -8.160139e-15 0.07254935 0.02613126 -1.00614e-15 -8.021361e-15 0.07254935 0.02613126 1.117162e-15 -8.09075e-15 0.06937097 -7.951972e-15 -0.003178372 0.02613126 0.06937097 4.302114e-15 -0.003178372 0.02613126 -7.646661e-15 4.121703e-15 0.07254935 0.02613126 0.06937097 6.383782e-16 -0.003178372 0.02613126 -1.325329e-15 6.661338e-16 0.07254935 0.02613126 0.06937097 2.498002e-16 -0.003178372 0.02613126 -4.996004e-16 2.498002e-16 0.07254935 0.02613126 0.06937097 1.69309e-15 -0.003178372 0.02613126 -1.221245e-15 1.720846e-15 0.07254935 0.02613126 0.06937097 2.775558e-17 -0.003178372 0.02613126 -1.249001e-16 1.387779e-17 0.07254935 0.02613126 -8.326673e-16 7.022161e-15 0.07254935 0.02613126 -0.003178372 0.02613126 0.06937097 7.21645e-15 -6.245005e-17 -7.355228e-16 0.07254935 0.02613126 -0.003178372 0.02613126 0.06937097 -6.938894e-16 -5.703771e-15 -3.608225e-15 0.07254935 0.02613126 -0.003178372 0.02613126 0.06937097 -2.942091e-15 -3.150258e-15 2.19269e-15 0.07254935 0.02613126 -0.003178372 0.02613126 0.06937097 2.88658e-15 6.938894e-18 -1.804112e-16 0.07254935 0.02613126 -0.003178372 0.02613126 0.06937097 -1.804112e-16 2.255141e-15 4.787837e-15 0.07254935 0.02613126 -0.003178372 0.02613126 0.06937097 4.82947e-15 4.163336e-17 -5.551115e-17 0.07254935 0.02613126 -0.003178372 0.02613126 0.06937097 -4.163336e-17 -0.003178372 0.02613126 0.06937097 4.57967e-16 0.07254935 0.02613126 8.139323e-15 2.775558e-16 -0.003178372 0.02613126 0.06937097 -9.714451e-16 0.07254935 0.02613126 -5.065393e-16 -1.19349e-15 -0.003178372 0.02613126 0.06937097 4.718448e-16 0.07254935 0.02613126 2.498002e-16 4.857226e-16 -0.003178372 0.02613126 0.06937097 1.706968e-15 0.07254935 0.02613126 3.289036e-15 2.38698e-15 6.938894e-18 -2.012279e-16 0.08612489 -0.1192745 0.09784383 -0.000543859 0.01039834 -0.1188536 3.726186e-15 -4.760081e-15 0.09863525 0.01567876 0.000789915 0.01567876 0.09942517 -4.773959e-15 0 3.962108e-15 0.005514719 -0.09942517 0.005514719 3.962108e-15 0 -0.09942517 0.005514719 -4.857226e-17 5.551115e-17 -0.09942517 0.005514719 -0.09942517 0 -4.857226e-17 0 -1.151856e-15 0.005514719 -0.09942517 0.005514719 -1.151856e-15 0 -0.09942517 0 -0.09942517 0.005514719 2.775558e-17 0 2.775558e-17 0.005514719 -0.09942517 0 -0.09942517 0.005514719 8.326673e-17 0 8.326673e-17 0.005514719 -0.09942517 0 -0.09942517 0.005514719 -6.938894e-18 0 -6.938894e-18 0.005514719 -0.09942517 0 -0.09942517 0.005514719 7.632783e-17 0.005514719 -0.09942517 0 -0.09942517 0.005514719 -2.081668e-17 0 -2.081668e-17 0.005514719 -0.09942517 0 -0.09942517 0.005514719 7.147061e-16 0 7.147061e-16 0.005514719 -0.09942517 0 -9.367507e-16 0.005514719 -0.09942517 0.005514719 -9.367507e-16 0 -0.09942517 0 2.081668e-17 0.005514719 -0.09942517 0.005514719 2.081668e-17 0 -0.09942517 0 7.632783e-17 0.005514719 -0.09942517 0 -0.09942517 5.551115e-17 1.110223e-16 0.005514719 1.110223e-16 5.551115e-17 -0.09942517 0 -3.795575e-15 0.005514719 -0.09942517 0.005514719 -3.795575e-15 0 -0.09942517 0 -8.035239e-15 0.005514719 -0.09942517 0.005514719 -8.035239e-15 0 -0.09942517 0.005514719 8.326673e-17 5.551115e-17 -0.09942517 0.005514719 -0.09942517 0.005514719 -1.06859e-15 0.005514719 -0.09942517 4.163336e-15 -1.06859e-15 0.09863525 0.01567876 6.245005e-17 2.359224e-16 0.09942517 2.220446e-16 0.000789915 0.01567876 0.08612489 -0.1192745 7.355228e-16 4.996004e-15 0.01039834 -0.1188536 0.09784383 -0.000543859 2.914335e-16 -2.498002e-16 0.08612489 -0.1192745 0.09784383 -0.000543859 0.01039834 -0.1188536 0.08612489 -0.1192745 0.01039834 -0.1188536 0.09784383 -0.000543859 0.08612489 -0.1192745 -2.428613e-15 -2.06779e-15 0.01039834 -0.1188536 0.09784383 -0.000543859 0.03318269 0.1192745 0.1193076 -3.642919e-15 0.1089092 0.1188536 0.02146375 0.000543859 0.08612489 -0.1192745 2.359224e-16 -1.179612e-16 0.01039834 -0.1188536 0.09784383 -0.000543859 0.01039834 -0.1188536 0.09784383 -0.000543859 4.510281e-16 -4.191092e-15 0.08612489 -0.1192745 0.01039834 -0.1188536 0.09784383 -0.000543859 -4.440892e-15 -2.740863e-15 0.08612489 -0.1192745 0.01039834 -0.1188536 0.09784383 -0.000543859 0.08612489 -0.1192745 0.01039834 -0.1188536 0.09784383 -0.000543859 -4.32987e-15 4.510281e-16 0.08612489 -0.1192745 0.01039834 -0.1188536 0.09784383 -0.000543859 -4.01762e-15 -1.609823e-15 0.08612489 -0.1192745 0.01039834 -0.1188536 0.09784383 -0.000543859 -4.163336e-17 -3.816392e-16 0.08612489 -0.1192745 0.01039834 -0.1188536 0.09784383 -0.000543859 5.481726e-16 -2.151057e-16 0.08612489 -0.1192745 0.08612489 -0.1192745 0.09784383 -0.000543859 0.01039834 -0.1188536 6.862566e-15 -5.426215e-15 0.08612489 -0.1192745 0.09784383 -0.000543859 0.01039834 -0.1188536 0.08612489 -0.1192745 0.09784383 -0.000543859 0.01039834 -0.1188536 1.19349e-15 5.342948e-16 0.08612489 -0.1192745 0.09784383 -0.000543859 0.01039834 -0.1188536 -5.502543e-15 -1.582068e-15 0.09863525 0.01567876 0.000789915 0.01567876 0.09942517 -1.582068e-15 2.94903e-15 -5.453971e-15 0.09863525 0.01567876 0.000789915 0.01567876 0.09942517 -5.856426e-15 -6.314393e-16 -5.370704e-15 0.09863525 0.01567876 0.000789915 0.01567876 0.09942517 -5.870304e-15 0.09942517 -7.771561e-16 0.000789915 0.01567876 -3.191891e-16 -1.165734e-15 0.09863525 0.01567876 0.09942517 1.06859e-15 0.000789915 0.01567876 -3.469447e-16 1.082467e-15 0.09863525 0.01567876 0.09942517 -1.762479e-15 0.000789915 0.01567876 1.762479e-15 -1.748601e-15 0.09863525 0.01567876 0.09942517 -9.853229e-16 0.000789915 0.01567876 3.95517e-16 -1.332268e-15 0.09863525 0.01567876 2.178813e-15 -6.383782e-16 0.09863525 0.01567876 0.000789915 0.01567876 0.09942517 1.94289e-16 6.52256e-16 4.135581e-15 0.09863525 0.01567876 0.000789915 0.01567876 5.689893e-15 -2.359224e-16 0.09863525 0.01567876 0.000789915 0.01567876 0.09942517 -2.220446e-16 -6.938894e-17 1.221245e-15 0.09863525 0.01567876 0.000789915 0.01567876 0.09942517 1.221245e-15 -2.76168e-15 -4.302114e-16 0.09863525 0.01567876 0.000789915 0.01567876 0.09942517 -4.57967e-16 8.812395e-16 -7.105427e-15 0.09863525 0.01567876 0.000789915 0.01567876 0.09942517 -7.119305e-15 0.09863525 0.01567876 2.775558e-17 0 0.09942517 0 0.000789915 0.01567876</float_array>
                    <technique_common>
                        <accessor count="564" source="#ID50" stride="2">
                            <param name="S" type="float" />
                            <param name="T" type="float" />
                        </accessor>
                    </technique_common>
                </source>
                <vertices id="ID46">
                    <input semantic="POSITION" source="#ID44" />
                    <input semantic="NORMAL" source="#ID45" />
                </vertices>
                <triangles count="336" material="Material2">
                    <input offset="0" semantic="VERTEX" source="#ID46" />
                    <input offset="1" semantic="TEXCOORD" source="#ID47" />
                    <p>0 0 1 1 2 2 1 1 0 0 3 3 4 4 3 5 0 6 3 5 4 4 5 7 1 8 6 9 7 10 6 9 1 8 3 11 2 12 8 13 9 14 8 13 2 12 1 15 10 16 2 17 11 18 2 17 10 16 0 19 12 20 0 21 10 22 0 21 12 20 4 23 13 24 4 25 14 11 4 25 13 24 5 26 3 27 15 28 6 29 15 28 3 27 5 30 7 31 16 32 17 33 16 32 7 31 6 34 1 35 18 36 8 37 18 36 1 35 7 38 9 39 19 40 20 41 19 40 9 39 8 42 11 43 9 44 21 45 9 44 11 43 2 0 22 46 11 47 23 48 11 47 22 46 10 49 24 50 10 51 22 52 10 51 24 50 12 53 14 54 12 55 25 56 12 55 14 54 4 57 26 58 27 59 28 60 27 59 26 58 29 61 29 61 26 58 30 62 30 62 26 58 31 63 30 62 31 63 32 64 32 64 31 63 33 65 33 65 31 63 34 66 33 65 34 66 35 67 35 67 34 66 36 68 35 67 36 68 37 69 37 69 36 68 38 70 37 69 38 70 39 71 39 71 38 70 40 72 40 72 38 70 41 73 40 72 41 73 42 74 42 74 41 73 43 75 42 74 43 75 44 76 44 76 43 75 45 77 45 77 43 75 46 78 45 77 46 78 47 79 48 80 49 81 50 82 49 81 48 80 28 60 49 81 28 60 51 83 51 83 28 60 52 84 52 84 28 60 27 59 52 84 27 59 53 85 52 84 53 85 54 86 52 84 54 86 55 87 55 87 54 86 56 88 55 87 56 88 57 89 55 87 57 89 58 90 58 90 57 89 59 91 58 90 59 91 60 92 60 92 59 91 61 93 60 92 61 93 62 94 60 92 62 94 63 95 63 95 62 94 64 96 63 95 64 96 65 97 65 97 64 96 66 98 65 97 66 98 67 99 67 99 66 98 68 100 67 99 68 100 69 101 67 99 69 101 70 102 70 102 69 101 47 79 70 102 47 79 46 78 70 102 46 78 71 103 70 102 71 103 72 104 72 104 71 103 73 105 74 106 5 107 13 108 5 107 74 106 15 109 6 110 75 111 16 112 75 111 6 110 15 113 17 114 76 115 77 116 76 115 17 114 16 117 7 118 78 119 18 120 78 119 7 118 17 121 8 122 79 123 19 124 79 123 8 122 18 125 80 126 81 127 82 128 81 127 80 126 83 129 81 127 83 129 84 130 84 130 83 129 85 131 85 131 83 129 86 132 85 131 86 132 87 133 87 133 86 132 88 134 88 134 86 132 89 135 88 134 89 135 90 136 90 136 89 135 91 137 90 136 91 137 92 138 92 138 91 137 93 139 93 139 91 137 94 140 93 139 94 140 95 141 95 141 94 140 96 142 96 142 94 140 97 143 96 142 97 143 98 144 98 144 97 143 99 145 100 146 101 147 102 148 101 147 100 146 103 149 103 149 100 146 104 150 103 149 104 150 80 126 103 149 80 126 105 151 105 151 80 126 82 128 105 151 82 128 106 152 105 151 106 152 107 153 107 153 106 152 108 154 107 153 108 154 109 155 107 153 109 155 110 156 110 156 109 155 111 157 110 156 111 157 112 158 110 156 112 158 113 159 113 159 112 158 114 160 113 159 114 160 115 161 113 159 115 161 116 162 116 162 115 161 117 163 116 162 117 163 118 164 118 164 117 163 119 165 118 164 119 165 120 166 118 164 120 166 121 167 121 167 120 166 122 168 121 167 122 168 99 145 121 167 99 145 97 143 121 167 97 143 123 169 121 167 123 169 124 170 124 170 123 169 125 171 124 170 125 171 126 172 126 172 125 171 127 173 21 174 20 175 128 176 20 175 21 174 9 177 11 178 129 179 23 180 129 179 11 178 21 181 130 182 23 183 131 184 23 183 130 182 22 185 132 186 22 187 130 188 22 187 132 186 24 189 25 190 24 191 133 192 24 191 25 190 12 193 134 194 135 195 136 196 135 195 134 194 137 197 135 198 75 199 138 200 75 199 135 198 137 201 138 202 15 203 74 204 15 203 138 202 75 205 139 206 24 207 132 208 24 207 139 206 133 209 140 210 132 211 141 212 132 211 140 210 139 213 142 214 141 215 143 216 141 215 142 214 140 217 144 218 143 219 145 220 143 219 144 218 142 221 146 222 145 223 147 224 145 223 146 222 144 225 148 226 147 227 149 228 147 227 148 226 146 229 150 230 148 231 149 232 148 231 150 230 151 233 152 234 151 235 150 236 151 235 152 234 153 237 154 238 153 239 152 240 153 239 154 238 155 241 156 242 155 243 154 244 155 243 156 242 157 245 158 246 157 247 156 248 157 247 158 246 159 249 160 250 159 251 158 252 159 251 160 250 161 253 162 254 161 255 160 256 161 255 162 254 163 257 162 258 164 259 163 260 164 259 162 258 165 261 165 262 166 263 164 264 166 263 165 262 167 265 167 266 168 267 166 268 168 267 167 266 169 269 169 270 136 271 168 272 136 271 169 270 134 273 16 274 137 275 76 276 137 275 16 274 75 277 170 278 76 279 171 280 76 279 170 278 77 281 17 282 172 283 78 284 172 283 17 282 77 285 18 286 173 287 79 288 173 287 18 286 78 289 174 290 175 291 176 292 175 291 174 290 177 293 129 294 177 295 174 296 177 295 129 294 178 297 21 298 178 299 129 300 178 299 21 298 128 301 78 302 179 303 173 304 179 303 78 302 172 305 179 306 180 307 181 308 180 307 179 306 172 309 181 310 182 311 183 312 182 311 181 310 180 313 183 314 184 315 185 316 184 315 183 314 182 317 185 318 186 319 187 320 186 319 185 318 184 321 187 322 188 323 189 324 188 323 187 322 186 325 190 326 188 327 191 328 188 327 190 326 189 329 192 330 191 331 193 332 191 331 192 330 190 333 194 334 193 335 195 336 193 335 194 334 192 337 196 338 195 339 197 340 195 339 196 338 194 341 198 342 197 343 199 344 197 343 198 342 196 345 200 346 199 347 201 348 199 347 200 346 198 349 202 350 201 351 203 352 201 351 202 350 200 353 204 354 202 355 203 356 202 355 204 354 205 357 206 358 205 359 204 360 205 359 206 358 207 361 208 362 207 363 206 364 207 363 208 362 209 365 176 366 209 367 208 368 209 367 176 366 175 369 23 370 174 371 131 372 174 371 23 370 129 373 210 374 131 375 211 376 131 375 210 374 130 377 141 378 130 379 210 380 130 379 141 378 132 381 76 382 134 383 171 384 134 383 76 382 137 385 143 386 210 387 212 388 210 387 143 386 141 389 143 390 213 391 145 392 213 391 143 390 212 393 145 394 214 395 147 396 214 395 145 394 213 397 147 398 215 399 149 400 215 399 147 398 214 401 149 402 216 403 150 195 216 403 149 402 215 404 150 405 217 406 152 407 217 406 150 405 216 408 152 409 218 410 154 411 218 410 152 409 217 412 156 413 218 414 219 415 218 414 156 413 154 416 158 417 219 418 220 419 219 418 158 417 156 420 160 421 220 422 221 403 220 422 160 421 158 423 162 424 221 408 222 425 221 408 162 424 160 426 165 427 222 428 223 429 222 428 165 427 162 430 167 431 223 432 224 433 223 432 167 431 165 434 225 435 167 436 224 437 167 436 225 435 169 195 171 438 169 420 225 439 169 420 171 438 134 440 226 441 171 442 225 443 171 442 226 441 170 444 172 445 170 446 180 447 170 446 172 445 77 448 131 449 176 450 211 451 176 450 131 449 174 452 180 453 226 233 182 454 226 233 180 453 170 455 182 456 227 457 184 458 227 457 182 456 226 459 184 460 228 461 186 462 228 461 184 460 227 463 186 464 229 465 188 466 229 465 186 464 228 467 191 468 229 469 230 470 229 469 191 468 188 471 193 472 230 473 231 474 230 473 193 472 191 475 195 476 231 477 232 285 231 477 195 476 193 478 197 479 232 480 233 481 232 480 197 479 195 482 199 483 233 484 234 485 233 484 199 483 197 486 201 487 234 488 235 489 234 488 201 487 199 490 203 491 235 492 236 493 235 492 203 491 201 494 237 50 203 495 236 496 203 495 237 50 204 497 238 498 204 499 237 500 204 499 238 498 206 501 239 241 206 502 238 503 206 502 239 241 208 504 211 505 208 506 239 507 208 506 211 505 176 508 212 509 211 510 239 511 211 510 212 509 210 512 213 513 239 514 238 515 239 514 213 513 212 516 214 517 238 518 237 519 238 518 214 517 213 520 214 521 236 522 215 523 236 522 214 521 237 524 215 525 235 526 216 527 235 526 215 525 236 528 216 529 234 530 217 531 234 530 216 529 235 532 217 533 233 534 218 535 233 534 217 533 234 536 219 537 233 538 232 539 233 538 219 537 218 540 220 541 232 542 231 543 232 542 220 541 219 377 221 544 231 545 230 546 231 545 221 544 220 547 222 548 230 549 229 550 230 549 222 548 221 551 223 552 229 553 228 554 229 553 223 552 222 555 224 556 228 557 227 558 228 557 224 556 223 559 227 560 225 561 224 562 225 561 227 560 226 563</p>
                </triangles>
            </mesh>
        </geometry>
        <geometry id="ID51">
            <mesh>
                <source id="ID57">
                    <float_array id="ID61" count="72">0.0912679 -0.7480315 -0.3406164 -0.0912679 -0.7480315 -0.3406164 0 -0.7480315 -0.3526321 0.176316 -0.7480315 -0.3053884 -0.176316 -0.7480315 -0.3053884 0.2493485 -0.7480315 -0.2493485 -0.2493485 -0.7480315 -0.2493485 -0.3053884 -0.7480315 -0.176316 0.3053884 -0.7480315 -0.176316 0.3406164 -0.7480315 -0.0912679 -0.3406164 -0.7480315 -0.0912679 0.3526321 -0.7480315 0 -0.3526321 -0.7480315 0 0.3406164 -0.7480315 0.0912679 -0.3406164 -0.7480315 0.0912679 -0.3053884 -0.7480315 0.176316 0.3053884 -0.7480315 0.176316 -0.2493485 -0.7480315 0.2493485 0.2493485 -0.7480315 0.2493485 -0.176316 -0.7480315 0.3053884 0.176316 -0.7480315 0.3053884 0.0912679 -0.7480315 0.3406164 -0.0912679 -0.7480315 0.3406164 0 -0.7480315 0.3526321</float_array>
                    <technique_common>
                        <accessor count="24" source="#ID61" stride="3">
                            <param name="X" type="float" />
                            <param name="Y" type="float" />
                            <param name="Z" type="float" />
                        </accessor>
                    </technique_common>
                </source>
                <source id="ID58">
                    <float_array id="ID62" count="72">0 -1 0 0 -1 0 0 -1 0 0 -1 0 0 -1 0 0 -1 0 0 -1 0 0 -1 0 0 -1 0 0 -1 0 0 -1 0 0 -1 0 0 -1 0 0 -1 0 0 -1 0 0 -1 0 0 -1 0 0 -1 0 0 -1 0 0 -1 0 0 -1 0 0 -1 0 0 -1 0 0 -1 0</float_array>
                    <technique_common>
                        <accessor count="24" source="#ID62" stride="3">
                            <param name="X" type="float" />
                            <param name="Y" type="float" />
                            <param name="Z" type="float" />
                        </accessor>
                    </technique_common>
                </source>
                <source id="ID60">
                    <float_array id="ID63" count="48">0.6120432 0.082712 0.3878627 0.082712 0.4999529 0.06795505 0.7164947 0.1259772 0.2834112 0.1259772 0.8061893 0.1948022 0.1937167 0.1948022 0.1248917 0.2844967 0.8750144 0.2844967 0.9182797 0.3889482 0.08162651 0.3889482 0.9330367 0.5010384 0.0668696 0.5010384 0.9182798 0.6131286 0.08162662 0.6131286 0.1248919 0.71758 0.8750146 0.71758 0.193717 0.8072745 0.8061896 0.8072745 0.2834116 0.8760995 0.7164951 0.8760995 0.6120436 0.9193647 0.3878631 0.9193647 0.4999534 0.9341217</float_array>
                    <technique_common>
                        <accessor count="24" source="#ID63" stride="2">
                            <param name="S" type="float" />
                            <param name="T" type="float" />
                        </accessor>
                    </technique_common>
                </source>
                <vertices id="ID59">
                    <input semantic="POSITION" source="#ID57" />
                    <input semantic="NORMAL" source="#ID58" />
                </vertices>
                <triangles count="22" material="Material2">
                    <input offset="0" semantic="VERTEX" source="#ID59" />
                    <input offset="1" semantic="TEXCOORD" source="#ID60" />
                    <p>0 0 1 1 2 2 1 1 0 0 3 3 1 1 3 3 4 4 4 4 3 3 5 5 4 4 5 5 6 6 6 6 5 5 7 7 7 7 5 5 8 8 7 7 8 8 9 9 7 7 9 9 10 10 10 10 9 9 11 11 10 10 11 11 12 12 12 12 11 11 13 13 12 12 13 13 14 14 14 14 13 13 15 15 15 15 13 13 16 16 15 15 16 16 17 17 17 17 16 16 18 18 17 17 18 18 19 19 19 19 18 18 20 20 19 19 20 20 21 21 19 19 21 21 22 22 22 22 21 21 23 23</p>
                </triangles>
            </mesh>
        </geometry>
        <geometry id="ID66">
            <mesh>
                <source id="ID72">
                    <float_array id="ID76" count="144">1.486794 0 0.04024509 0.8754106 0 0.04024509 1.181102 0 0 0.5905512 0 0.1582377 1.771654 0 0.1582377 0.3459369 0 0.3459369 2.016268 0 0.3459369 0.1582377 0 0.5905512 2.203967 0 0.5905512 0.04024509 0 0.8754106 2.32196 0 0.8754106 0 0 1.181102 2.362205 0 1.181102 2.32196 0 1.486794 0.04024509 0 1.486794 0.1582377 0 1.771654 2.203967 0 1.771654 0.3459369 0 2.016268 2.016268 0 2.016268 1.771654 0 2.203967 0.5905512 0 2.203967 0.8754106 0 2.32196 1.486794 0 2.32196 1.181102 0 2.362205 1.181102 0 2.362205 1.486794 0 2.32196 0.8754106 0 2.32196 1.771654 0 2.203967 0.5905512 0 2.203967 0.3459369 0 2.016268 2.016268 0 2.016268 2.203967 0 1.771654 0.1582377 0 1.771654 2.32196 0 1.486794 0.04024509 0 1.486794 0 0 1.181102 2.362205 0 1.181102 2.32196 0 0.8754106 0.04024509 0 0.8754106 2.203967 0 0.5905512 0.1582377 0 0.5905512 2.016268 0 0.3459369 0.3459369 0 0.3459369 1.771654 0 0.1582377 0.5905512 0 0.1582377 1.486794 0 0.04024509 0.8754106 0 0.04024509 1.181102 0 0</float_array>
                    <technique_common>
                        <accessor count="48" source="#ID76" stride="3">
                            <param name="X" type="float" />
                            <param name="Y" type="float" />
                            <param name="Z" type="float" />
                        </accessor>
                    </technique_common>
                </source>
                <source id="ID73">
                    <float_array id="ID77" count="144">-0 -1 -0 -0 -1 -0 -0 -1 -0 -0 -1 -0 -0 -1 -0 -0 -1 -0 -0 -1 -0 -0 -1 -0 -0 -1 -0 -0 -1 -0 -0 -1 -0 -0 -1 -0 -0 -1 -0 -0 -1 -0 -0 -1 -0 -0 -1 -0 -0 -1 -0 -0 -1 -0 -0 -1 -0 -0 -1 -0 -0 -1 -0 -0 -1 -0 -0 -1 -0 -0 -1 -0 0 1 0 0 1 0 0 1 0 0 1 0 0 1 0 0 1 0 0 1 0 0 1 0 0 1 0 0 1 0 0 1 0 0 1 0 0 1 0 0 1 0 0 1 0 0 1 0 0 1 0 0 1 0 0 1 0 0 1 0 0 1 0 0 1 0 0 1 0 0 1 0</float_array>
                    <technique_common>
                        <accessor count="48" source="#ID77" stride="3">
                            <param name="X" type="float" />
                            <param name="Y" type="float" />
                            <param name="Z" type="float" />
                        </accessor>
                    </technique_common>
                </source>
                <source id="ID75">
                    <float_array id="ID78" count="48">0.6294095 0.01521168 0.3705905 0.01521168 0.5 0 0.25 0.05981009 0.75 0.05981009 0.1464466 0.1307559 0.8535534 0.1307559 0.0669873 0.2232143 0.9330127 0.2232143 0.01703709 0.3308844 0.9829629 0.3308844 3.357103e-16 0.4464286 1 0.4464286 0.9829629 0.5619728 0.01703709 0.5619728 0.0669873 0.6696429 0.9330127 0.6696429 0.1464466 0.7621012 0.8535534 0.7621012 0.75 0.8330471 0.25 0.8330471 0.3705905 0.8776455 0.6294095 0.8776455 0.5 0.8928571</float_array>
                    <technique_common>
                        <accessor count="24" source="#ID78" stride="2">
                            <param name="S" type="float" />
                            <param name="T" type="float" />
                        </accessor>
                    </technique_common>
                </source>
                <vertices id="ID74">
                    <input semantic="POSITION" source="#ID72" />
                    <input semantic="NORMAL" source="#ID73" />
                </vertices>
                <triangles count="44" material="Material2">
                    <input offset="0" semantic="VERTEX" source="#ID74" />
                    <input offset="1" semantic="TEXCOORD" source="#ID75" />
                    <p>0 0 1 1 2 2 1 1 0 0 3 3 3 3 0 0 4 4 3 3 4 4 5 5 5 5 4 4 6 6 5 5 6 6 7 7 7 7 6 6 8 8 7 7 8 8 9 9 9 9 8 8 10 10 9 9 10 10 11 11 11 11 10 10 12 12 11 11 12 12 13 13 11 11 13 13 14 14 14 14 13 13 15 15 15 15 13 13 16 16 15 15 16 16 17 17 17 17 16 16 18 18 17 17 18 18 19 19 17 17 19 19 20 20 20 20 19 19 21 21 21 21 19 19 22 22 21 21 22 22 23 23 24 23 25 22 26 21 25 22 27 19 26 21 26 21 27 19 28 20 28 20 27 19 29 17 27 19 30 18 29 17 30 18 31 16 29 17 29 17 31 16 32 15 31 16 33 13 32 15 32 15 33 13 34 14 34 14 33 13 35 11 33 13 36 12 35 11 36 12 37 10 35 11 35 11 37 10 38 9 37 10 39 8 38 9 38 9 39 8 40 7 39 8 41 6 40 7 40 7 41 6 42 5 41 6 43 4 42 5 42 5 43 4 44 3 43 4 45 0 44 3 44 3 45 0 46 1 47 2 46 1 45 0</p>
                </triangles>
            </mesh>
        </geometry>
        <geometry id="ID79">
            <mesh>
                <source id="ID82">
                    <float_array id="ID85" count="216">0.8754106 0.03937008 0.04024509 1.486794 0.03937008 0.04024509 1.181102 0.03937008 0 0.5905512 0.03937008 0.1582377 1.771654 0.03937008 0.1582377 0.3459369 0.03937008 0.3459369 2.016268 0.03937008 0.3459369 0.1582377 0.03937008 0.5905512 2.203967 0.03937008 0.5905512 0.04024509 0.03937008 0.8754106 2.32196 0.03937008 0.8754106 0 0.03937008 1.181102 2.362205 0.03937008 1.181102 0.04024509 0.03937008 1.486794 2.32196 0.03937008 1.486794 0.1582377 0.03937008 1.771654 2.203967 0.03937008 1.771654 0.3459369 0.03937008 2.016268 2.016268 0.03937008 2.016268 0.5905512 0.03937008 2.203967 1.771654 0.03937008 2.203967 0.8754106 0.03937008 2.32196 1.486794 0.03937008 2.32196 1.181102 0.03937008 2.362205 1.181102 0.03937008 0 0.8754106 0 0.04024509 0.8754106 0.03937008 0.04024509 1.181102 0 0 0.5905512 0 0.1582377 0.5905512 0.03937008 0.1582377 0.3459369 0 0.3459369 0.3459369 0.03937008 0.3459369 0.1582377 0.03937008 0.5905512 0.1582377 0 0.5905512 0.04024509 0.03937008 0.8754106 0.04024509 0 0.8754106 0 0.03937008 1.181102 0 0 1.181102 0.04024509 0.03937008 1.486794 0.04024509 0 1.486794 0.1582377 0.03937008 1.771654 0.1582377 0 1.771654 0.3459369 0.03937008 2.016268 0.3459369 0 2.016268 0.5905512 0 2.203967 0.5905512 0.03937008 2.203967 0.8754106 0 2.32196 0.8754106 0.03937008 2.32196 1.181102 0 2.362205 1.181102 0.03937008 2.362205 1.486794 0 2.32196 1.486794 0.03937008 2.32196 1.771654 0 2.203967 1.771654 0.03937008 2.203967 2.016268 0 2.016268 2.016268 0.03937008 2.016268 2.203967 0.03937008 1.771654 2.203967 0 1.771654 2.32196 0.03937008 1.486794 2.32196 0 1.486794 2.362205 0.03937008 1.181102 2.362205 0 1.181102 2.32196 0.03937008 0.8754106 2.32196 0 0.8754106 2.203967 0.03937008 0.5905512 2.203967 0 0.5905512 2.016268 0.03937008 0.3459369 2.016268 0 0.3459369 1.771654 0 0.1582377 1.771654 0.03937008 0.1582377 1.486794 0 0.04024509 1.486794 0.03937008 0.04024509</float_array>
                    <technique_common>
                        <accessor count="72" source="#ID85" stride="3">
                            <param name="X" type="float" />
                            <param name="Y" type="float" />
                            <param name="Z" type="float" />
                        </accessor>
                    </technique_common>
                </source>
                <source id="ID83">
                    <float_array id="ID86" count="216">0 1 0 0 1 0 0 1 0 0 1 0 0 1 0 0 1 0 0 1 0 0 1 0 0 1 0 0 1 0 0 1 0 0 1 0 0 1 0 0 1 0 0 1 0 0 1 0 0 1 0 0 1 0 0 1 0 0 1 0 0 1 0 0 1 0 0 1 0 0 1 0 4.633777e-16 0 -1 -0.258819 0 -0.9659258 -0.258819 0 -0.9659258 4.633777e-16 0 -1 -0.5 0 -0.8660254 -0.5 0 -0.8660254 -0.7071068 0 -0.7071068 -0.7071068 0 -0.7071068 -0.8660254 0 -0.5 -0.8660254 0 -0.5 -0.9659258 0 -0.258819 -0.9659258 0 -0.258819 -1 0 -1.247555e-16 -1 0 -1.247555e-16 -0.9659258 0 0.258819 -0.9659258 0 0.258819 -0.8660254 0 0.5 -0.8660254 0 0.5 -0.7071068 0 0.7071068 -0.7071068 0 0.7071068 -0.5 0 0.8660254 -0.5 0 0.8660254 -0.258819 0 0.9659258 -0.258819 0 0.9659258 1.069333e-16 0 1 1.069333e-16 0 1 0.258819 0 0.9659258 0.258819 0 0.9659258 0.5 0 0.8660254 0.5 0 0.8660254 0.7071068 0 0.7071068 0.7071068 0 0.7071068 0.8660254 0 0.5 0.8660254 0 0.5 0.9659258 0 0.258819 0.9659258 0 0.258819 1 0 -1.960444e-16 1 0 -1.960444e-16 0.9659258 0 -0.258819 0.9659258 0 -0.258819 0.8660254 0 -0.5 0.8660254 0 -0.5 0.7071068 0 -0.7071068 0.7071068 0 -0.7071068 0.5 0 -0.8660254 0.5 0 -0.8660254 0.258819 0 -0.9659258 0.258819 0 -0.9659258</float_array>
                    <technique_common>
                        <accessor count="72" source="#ID86" stride="3">
                            <param name="X" type="float" />
                            <param name="Y" type="float" />
                            <param name="Z" type="float" />
                        </accessor>
                    </technique_common>
                </source>
                <vertices id="ID84">
                    <input semantic="POSITION" source="#ID82" />
                    <input semantic="NORMAL" source="#ID83" />
                </vertices>
                <triangles count="70" material="Material2">
                    <input offset="0" semantic="VERTEX" source="#ID84" />
                    <p>0 1 2 1 0 3 1 3 4 4 3 5 4 5 6 6 5 7 6 7 8 8 7 9 8 9 10 10 9 11 10 11 12 12 11 13 12 13 14 14 13 15 14 15 16 16 15 17 16 17 18 18 17 19 18 19 20 20 19 21 20 21 22 22 21 23 24 25 26 25 24 27 26 28 29 28 26 25 29 30 31 30 29 28 32 30 33 30 32 31 34 33 35 33 34 32 36 35 37 35 36 34 38 37 39 37 38 36 40 39 41 39 40 38 42 41 43 41 42 40 44 42 43 42 44 45 46 45 44 45 46 47 48 47 46 47 48 49 50 49 48 49 50 51 52 51 50 51 52 53 54 53 52 53 54 55 56 54 57 54 56 55 58 57 59 57 58 56 60 59 61 59 60 58 62 61 63 61 62 60 64 63 65 63 64 62 66 65 67 65 66 64 66 68 69 68 66 67 69 70 71 70 69 68 71 27 24 27 71 70</p>
                </triangles>
            </mesh>
        </geometry>
    </library_geometries>
    <library_materials>
        <material id="ID6" name="metal">
            <instance_effect url="#ID7" />
        </material>
        <material id="ID31" name="estop_side_on_color">
            <instance_effect url="#ID32" />
        </material>
        <material id="ID52" name="button_color">
            <instance_effect url="#ID53" />
        </material>
        <material id="ID67" name="placard">
            <instance_effect url="#ID68" />
        </material>
        <material id="ID80" name="black">
            <instance_effect url="#ID81" />
        </material>
    </library_materials>
    <library_effects>
        <effect id="ID7">
            <profile_COMMON>
                <newparam sid="ID9">
                    <surface type="2D">
                        <init_from>ID8</init_from>
                    </surface>
                </newparam>
                <newparam sid="ID10">
                    <sampler2D>
                        <source>ID9</source>
                    </sampler2D>
                </newparam>
                <technique sid="COMMON">
                    <lambert>
                        <diffuse>
                            <texture texture="ID10" texcoord="UVSET0" />
                        </diffuse>
                    </lambert>
                </technique>
            </profile_COMMON>
        </effect>
        <effect id="ID32">
            <profile_COMMON>
                <newparam sid="ID34">
                    <surface type="2D">
                        <init_from>ID33</init_from>
                    </surface>
                </newparam>
                <newparam sid="ID35">
                    <sampler2D>
                        <source>ID34</source>
                    </sampler2D>
                </newparam>
                <technique sid="COMMON">
                    <lambert>
                        <diffuse>
                            <texture texture="ID35" texcoord="UVSET0" />
                        </diffuse>
                    </lambert>
                </technique>
            </profile_COMMON>
        </effect>
        <effect id="ID53">
            <profile_COMMON>
                <newparam sid="ID55">
                    <surface type="2D">
                        <init_from>ID54</init_from>
                    </surface>
                </newparam>
                <newparam sid="ID56">
                    <sampler2D>
                        <source>ID55</source>
                    </sampler2D>
                </newparam>
                <technique sid="COMMON">
                    <lambert>
                        <diffuse>
                            <texture texture="ID56" texcoord="UVSET0" />
                        </diffuse>
                        <transparent opaque="A_ONE">
                            <texture texture="ID56" texcoord="UVSET0" />
                        </transparent>
                    </lambert>
                </technique>
            </profile_COMMON>
        </effect>
        <effect id="ID68">
            <profile_COMMON>
                <newparam sid="ID70">
                    <surface type="2D">
                        <init_from>ID69</init_from>
                    </surface>
                </newparam>
                <newparam sid="ID71">
                    <sampler2D>
                        <source>ID70</source>
                    </sampler2D>
                </newparam>
                <technique sid="COMMON">
                    <lambert>
                        <diffuse>
                            <texture texture="ID71" texcoord="UVSET0" />
                        </diffuse>
                        <transparent opaque="A_ONE">
                            <texture texture="ID71" texcoord="UVSET0" />
                        </transparent>
                    </lambert>
                </technique>
            </profile_COMMON>
        </effect>
        <effect id="ID81">
            <profile_COMMON>
                <technique sid="COMMON">
                    <lambert>
                        <diffuse>
                            <color>0 0 0 1</color>
                        </diffuse>
                    </lambert>
                </technique>
            </profile_COMMON>
        </effect>
    </library_effects>
    <library_images>
        <image id="ID8">
            <init_from>estop_button_circle/metal.jpg</init_from>
        </image>
        <image id="ID33">
            <init_from>estop_button_circle/estop_side_on_color.png</init_from>
        </image>
        <image id="ID54">
            <init_from>estop_button_circle/button_color.png</init_from>
        </image>
        <image id="ID69">
            <init_from>estop_button_circle/placard.png</init_from>
        </image>
    </library_images>
    <scene>
        <instance_visual_scene url="#ID2" />
    </scene>
</COLLADA>
