<?xml version="1.0" encoding="UTF-8" standalone="no" ?>
<COLLADA xmlns="http://www.collada.org/2005/11/COLLADASchema" version="1.4.1">
    <asset>
        <contributor>
            <authoring_tool>SketchUp 17.2.2555</authoring_tool>
        </contributor>
        <created>2026-07-05T17:11:06Z</created>
        <modified>2026-07-05T17:11:06Z</modified>
        <unit meter="0.0254" name="inch" />
        <up_axis>Z_UP</up_axis>
    </asset>
    <library_cameras>
        <camera id="ID1" name="skp_camera_Last_Saved_SketchUp_View">
            <optics>
                <technique_common>
                    <perspective>
                        <yfov>35</yfov>
                        <aspect_ratio>0</aspect_ratio>
                        <znear>0.1</znear>
                        <zfar>2</zfar>
                    </perspective>
                </technique_common>
            </optics>
        </camera>
    </library_cameras>
    <library_visual_scenes>
        <visual_scene id="ID2">
            <node name="SketchUp">
                <node name="skp_camera_Last_Saved_SketchUp_View">
                    <matrix>0.9095708 0.1223421 -0.3971314 -10.13802 -0.415549 0.2677874 -0.8692577 -28.93303 -4.163336e-17 0.955679 0.2944107 8.81671 0 0 0 1</matrix>
                    <instance_camera url="#ID1" />
                </node>
                <node id="ID3" name="instance_0">
                    <matrix>1 0 0 -0.1181102 0 1 0 0 0 0 1 -0.1181102 0 0 0 1</matrix>
                    <instance_node url="#ID4" />
                </node>
                <node id="ID79" name="instance_1">
                    <matrix>1 0 0 3.375984 0 1 0 3.267717 0 0 1 0 0 0 0 1</matrix>
                    <instance_node url="#ID80" />
                </node>
                <node id="ID134" name="instance_2">
                    <matrix>0.8 0 0 2.824803 0 4.551914e-16 -0.8 2.57874 0 0.8 4.551914e-16 -0.1574803 0 0 0 1</matrix>
                    <instance_node url="#ID135" />
                </node>
            </node>
        </visual_scene>
    </library_visual_scenes>
    <library_nodes>
        <node id="ID4" name="panel">
            <instance_geometry url="#ID5">
                <bind_material>
                    <technique_common>
                        <instance_material symbol="Material2" target="#ID6">
                            <bind_vertex_input semantic="UVSET0" input_semantic="TEXCOORD" input_set="0" />
                        </instance_material>
                    </technique_common>
                </bind_material>
            </instance_geometry>
            <instance_geometry url="#ID18">
                <bind_material>
                    <technique_common>
                        <instance_material symbol="Material2" target="#ID6">
                            <bind_vertex_input semantic="UVSET0" input_semantic="TEXCOORD" input_set="0" />
                        </instance_material>
                    </technique_common>
                </bind_material>
            </instance_geometry>
            <instance_geometry url="#ID26">
                <bind_material>
                    <technique_common>
                        <instance_material symbol="Material2" target="#ID6">
                            <bind_vertex_input semantic="UVSET0" input_semantic="TEXCOORD" input_set="0" />
                        </instance_material>
                    </technique_common>
                </bind_material>
            </instance_geometry>
            <instance_geometry url="#ID34">
                <bind_material>
                    <technique_common>
                        <instance_material symbol="Material2" target="#ID35">
                            <bind_vertex_input semantic="UVSET0" input_semantic="TEXCOORD" input_set="0" />
                        </instance_material>
                    </technique_common>
                </bind_material>
            </instance_geometry>
            <instance_geometry url="#ID47">
                <bind_material>
                    <technique_common>
                        <instance_material symbol="Material2" target="#ID35">
                            <bind_vertex_input semantic="UVSET0" input_semantic="TEXCOORD" input_set="0" />
                        </instance_material>
                    </technique_common>
                </bind_material>
            </instance_geometry>
            <instance_geometry url="#ID55">
                <bind_material>
                    <technique_common>
                        <instance_material symbol="Material2" target="#ID6">
                            <bind_vertex_input semantic="UVSET0" input_semantic="TEXCOORD" input_set="0" />
                        </instance_material>
                    </technique_common>
                </bind_material>
            </instance_geometry>
            <instance_geometry url="#ID63">
                <bind_material>
                    <technique_common>
                        <instance_material symbol="Material2" target="#ID6">
                            <bind_vertex_input semantic="UVSET0" input_semantic="TEXCOORD" input_set="0" />
                        </instance_material>
                    </technique_common>
                </bind_material>
            </instance_geometry>
            <instance_geometry url="#ID71">
                <bind_material>
                    <technique_common>
                        <instance_material symbol="Material2" target="#ID6">
                            <bind_vertex_input semantic="UVSET0" input_semantic="TEXCOORD" input_set="0" />
                        </instance_material>
                    </technique_common>
                </bind_material>
            </instance_geometry>
        </node>
        <node id="ID80" name="mount">
            <instance_geometry url="#ID81">
                <bind_material>
                    <technique_common>
                        <instance_material symbol="Material2" target="#ID82">
                            <bind_vertex_input semantic="UVSET0" input_semantic="TEXCOORD" input_set="0" />
                        </instance_material>
                    </technique_common>
                </bind_material>
            </instance_geometry>
            <instance_geometry url="#ID94">
                <bind_material>
                    <technique_common>
                        <instance_material symbol="Material2" target="#ID6">
                            <bind_vertex_input semantic="UVSET0" input_semantic="TEXCOORD" input_set="0" />
                        </instance_material>
                    </technique_common>
                </bind_material>
            </instance_geometry>
            <instance_geometry url="#ID102">
                <bind_material>
                    <technique_common>
                        <instance_material symbol="Material2" target="#ID6">
                            <bind_vertex_input semantic="UVSET0" input_semantic="TEXCOORD" input_set="0" />
                        </instance_material>
                    </technique_common>
                </bind_material>
            </instance_geometry>
            <instance_geometry url="#ID110">
                <bind_material>
                    <technique_common>
                        <instance_material symbol="Material2" target="#ID82">
                            <bind_vertex_input semantic="UVSET0" input_semantic="TEXCOORD" input_set="0" />
                        </instance_material>
                    </technique_common>
                </bind_material>
            </instance_geometry>
            <instance_geometry url="#ID118">
                <bind_material>
                    <technique_common>
                        <instance_material symbol="Material2" target="#ID6">
                            <bind_vertex_input semantic="UVSET0" input_semantic="TEXCOORD" input_set="0" />
                        </instance_material>
                    </technique_common>
                </bind_material>
            </instance_geometry>
            <instance_geometry url="#ID126">
                <bind_material>
                    <technique_common>
                        <instance_material symbol="Material2" target="#ID6">
                            <bind_vertex_input semantic="UVSET0" input_semantic="TEXCOORD" input_set="0" />
                        </instance_material>
                    </technique_common>
                </bind_material>
            </instance_geometry>
        </node>
        <node id="ID135" name="pipe">
            <instance_geometry url="#ID136">
                <bind_material>
                    <technique_common>
                        <instance_material symbol="Material2" target="#ID35">
                            <bind_vertex_input semantic="UVSET0" input_semantic="TEXCOORD" input_set="0" />
                        </instance_material>
                    </technique_common>
                </bind_material>
            </instance_geometry>
            <instance_geometry url="#ID144">
                <bind_material>
                    <technique_common>
                        <instance_material symbol="Material2" target="#ID145">
                            <bind_vertex_input semantic="UVSET0" input_semantic="TEXCOORD" input_set="0" />
                        </instance_material>
                    </technique_common>
                </bind_material>
            </instance_geometry>
        </node>
    </library_nodes>
    <library_geometries>
        <geometry id="ID5">
            <mesh>
                <source id="ID11">
                    <float_array id="ID15" count="30">0.4423649 0 5.734207 0.2662965 0 5.676999 0.3636247 0 5.676999 0.1875564 0 5.734207 0.4724409 0 5.826772 0.1574803 0 5.826772 0.4423649 0 5.919336 0.1875564 0 5.919336 0.3636247 0 5.976544 0.2662965 0 5.976544</float_array>
                    <technique_common>
                        <accessor count="10" source="#ID15" stride="3">
                            <param name="X" type="float" />
                            <param name="Y" type="float" />
                            <param name="Z" type="float" />
                        </accessor>
                    </technique_common>
                </source>
                <source id="ID12">
                    <float_array id="ID16" count="30">0 -1 0 0 -1 0 0 -1 0 0 -1 0 0 -1 0 0 -1 0 0 -1 0 0 -1 0 0 -1 0 0 -1 0</float_array>
                    <technique_common>
                        <accessor count="10" source="#ID16" stride="3">
                            <param name="X" type="float" />
                            <param name="Y" type="float" />
                            <param name="Z" type="float" />
                        </accessor>
                    </technique_common>
                </source>
                <source id="ID14">
                    <float_array id="ID17" count="20">0.785765 0.2927911 0.3889748 0.1638662 0.608315 0.1638662 0.2115249 0.2927911 0.8535449 0.501396 0.1437451 0.501396 0.7857651 0.7100009 0.211525 0.7100009 0.6083152 0.8389258 0.388975 0.8389258</float_array>
                    <technique_common>
                        <accessor count="10" source="#ID17" stride="2">
                            <param name="S" type="float" />
                            <param name="T" type="float" />
                        </accessor>
                    </technique_common>
                </source>
                <vertices id="ID13">
                    <input semantic="POSITION" source="#ID11" />
                    <input semantic="NORMAL" source="#ID12" />
                </vertices>
                <triangles count="8" material="Material2">
                    <input offset="0" semantic="VERTEX" source="#ID13" />
                    <input offset="1" semantic="TEXCOORD" source="#ID14" />
                    <p>0 0 1 1 2 2 1 1 0 0 3 3 3 3 0 0 4 4 3 3 4 4 5 5 5 5 4 4 6 6 5 5 6 6 7 7 7 7 6 6 8 8 7 7 8 8 9 9</p>
                </triangles>
            </mesh>
        </geometry>
        <geometry id="ID18">
            <mesh>
                <source id="ID19">
                    <float_array id="ID23" count="30">3.621499 0 5.734207 3.44543 0 5.676999 3.542759 0 5.676999 3.36669 0 5.734207 3.651575 0 5.826772 3.336614 0 5.826772 3.621499 0 5.919336 3.36669 0 5.919336 3.542759 0 5.976544 3.44543 0 5.976544</float_array>
                    <technique_common>
                        <accessor count="10" source="#ID23" stride="3">
                            <param name="X" type="float" />
                            <param name="Y" type="float" />
                            <param name="Z" type="float" />
                        </accessor>
                    </technique_common>
                </source>
                <source id="ID20">
                    <float_array id="ID24" count="30">0 -1 0 0 -1 0 0 -1 0 0 -1 0 0 -1 0 0 -1 0 0 -1 0 0 -1 0 0 -1 0 0 -1 0</float_array>
                    <technique_common>
                        <accessor count="10" source="#ID24" stride="3">
                            <param name="X" type="float" />
                            <param name="Y" type="float" />
                            <param name="Z" type="float" />
                        </accessor>
                    </technique_common>
                </source>
                <source id="ID22">
                    <float_array id="ID25" count="20">10.78459 0.2919207 10.3878 0.1629959 10.60714 0.1629959 10.21035 0.2919207 10.85237 0.5005254 10.14257 0.5005254 10.78459 0.7091301 10.21035 0.7091301 10.60714 0.8380549 10.3878 0.8380549</float_array>
                    <technique_common>
                        <accessor count="10" source="#ID25" stride="2">
                            <param name="S" type="float" />
                            <param name="T" type="float" />
                        </accessor>
                    </technique_common>
                </source>
                <vertices id="ID21">
                    <input semantic="POSITION" source="#ID19" />
                    <input semantic="NORMAL" source="#ID20" />
                </vertices>
                <triangles count="8" material="Material2">
                    <input offset="0" semantic="VERTEX" source="#ID21" />
                    <input offset="1" semantic="TEXCOORD" source="#ID22" />
                    <p>0 0 1 1 2 2 1 1 0 0 3 3 3 3 0 0 4 4 3 3 4 4 5 5 5 5 4 4 6 6 5 5 6 6 7 7 7 7 6 6 8 8 7 7 8 8 9 9</p>
                </triangles>
            </mesh>
        </geometry>
        <geometry id="ID26">
            <mesh>
                <source id="ID27">
                    <float_array id="ID31" count="30">6.800633 0 5.734207 6.624564 0 5.676999 6.721892 0 5.676999 6.545824 0 5.734207 6.830709 0 5.826772 6.515748 0 5.826772 6.800633 0 5.919336 6.545824 0 5.919336 6.721892 0 5.976544 6.624564 0 5.976544</float_array>
                    <technique_common>
                        <accessor count="10" source="#ID31" stride="3">
                            <param name="X" type="float" />
                            <param name="Y" type="float" />
                            <param name="Z" type="float" />
                        </accessor>
                    </technique_common>
                </source>
                <source id="ID28">
                    <float_array id="ID32" count="30">0 -1 0 0 -1 0 0 -1 0 0 -1 0 0 -1 0 0 -1 0 0 -1 0 0 -1 0 0 -1 0 0 -1 0</float_array>
                    <technique_common>
                        <accessor count="10" source="#ID32" stride="3">
                            <param name="X" type="float" />
                            <param name="Y" type="float" />
                            <param name="Z" type="float" />
                        </accessor>
                    </technique_common>
                </source>
                <source id="ID30">
                    <float_array id="ID33" count="20">20.78726 0.292452 20.39047 0.1635273 20.60981 0.1635273 20.21302 0.292452 20.85504 0.5010565 20.14524 0.5010565 20.78726 0.709661 20.21302 0.709661 20.60981 0.8385857 20.39047 0.8385857</float_array>
                    <technique_common>
                        <accessor count="10" source="#ID33" stride="2">
                            <param name="S" type="float" />
                            <param name="T" type="float" />
                        </accessor>
                    </technique_common>
                </source>
                <vertices id="ID29">
                    <input semantic="POSITION" source="#ID27" />
                    <input semantic="NORMAL" source="#ID28" />
                </vertices>
                <triangles count="8" material="Material2">
                    <input offset="0" semantic="VERTEX" source="#ID29" />
                    <input offset="1" semantic="TEXCOORD" source="#ID30" />
                    <p>0 0 1 1 2 2 1 1 0 0 3 3 3 3 0 0 4 4 3 3 4 4 5 5 5 5 4 4 6 6 5 5 6 6 7 7 7 7 6 6 8 8 7 7 8 8 9 9</p>
                </triangles>
            </mesh>
        </geometry>
        <geometry id="ID34">
            <mesh>
                <source id="ID40">
                    <float_array id="ID44" count="72">0.1574803 0.7874016 6.023622 0.1181102 3.267717 5.984252 0.1181102 0.7874016 5.984252 0.1574803 3.267717 6.023622 6.830709 3.267717 6.023622 6.830709 0.7874016 6.023622 0.1181102 3.267717 0.1574803 6.830709 3.267717 0.1181102 0.1574803 3.267717 0.1181102 6.870079 3.267717 0.1574803 0.1181102 3.267717 5.984252 6.870079 3.267717 5.984252 0.1574803 3.267717 6.023622 6.830709 3.267717 6.023622 0.1181102 0.7874016 0.1574803 0.1181102 3.267717 0.1574803 6.870079 3.267717 5.984252 6.870079 0.7874016 5.984252 6.870079 3.267717 0.1574803 6.870079 0.7874016 0.1574803 6.830709 3.267717 0.1181102 6.830709 0.7874016 0.1181102 0.1574803 0.7874016 0.1181102 0.1574803 3.267717 0.1181102</float_array>
                    <technique_common>
                        <accessor count="24" source="#ID44" stride="3">
                            <param name="X" type="float" />
                            <param name="Y" type="float" />
                            <param name="Z" type="float" />
                        </accessor>
                    </technique_common>
                </source>
                <source id="ID41">
                    <float_array id="ID45" count="72">-0.3826834 -2.805625e-18 0.9238795 -0.9238795 -2.805625e-18 0.3826834 -0.9238795 -2.805625e-18 0.3826834 -0.3826834 -2.805625e-18 0.9238795 0.3826834 0 0.9238795 0.3826834 0 0.9238795 0 1 0 0 1 0 0 1 0 0 1 0 0 1 0 0 1 0 0 1 0 0 1 0 -0.9238795 -2.805625e-18 -0.3826834 -0.9238795 -2.805625e-18 -0.3826834 0.9238795 0 0.3826834 0.9238795 0 0.3826834 0.9238795 0 -0.3826834 0.9238795 0 -0.3826834 0.3826834 0 -0.9238795 0.3826834 0 -0.9238795 -0.3826834 -2.805625e-18 -0.9238795 -0.3826834 -2.805625e-18 -0.9238795</float_array>
                    <technique_common>
                        <accessor count="24" source="#ID45" stride="3">
                            <param name="X" type="float" />
                            <param name="Y" type="float" />
                            <param name="Z" type="float" />
                        </accessor>
                    </technique_common>
                </source>
                <source id="ID43">
                    <float_array id="ID46" count="80">1.299652 -0.1553261 1.509652 -0.150612 1.299652 -0.150612 1.509652 -0.1553261 0.762 -1.734723e-18 0.552 0.565 0.552 -1.734723e-17 0.762 0.565 0.7633333 0.003333333 0.195 1.734723e-18 0.76 1.734723e-18 0.1916667 0.003333333 0.7633333 0.4966667 0.1916667 0.4966667 0.76 0.5 0.195 0.5 2.337359 -0.2628595 2.127359 0.2304738 2.127359 -0.2628595 2.337359 0.2304738 1.132013 -0.1267157 1.342013 -0.1314298 1.342013 -0.1267157 1.132013 -0.1314298 0.2833333 0.4933333 0.4933333 -1.110223e-16 0.4933333 0.4933333 0.2833333 -1.110223e-16 0.8442078 -1.381055 1.054208 -1.385769 1.054208 -1.381055 0.8442078 -1.385769 1.36876 1.269835 1.15876 0.7048354 1.36876 0.7048354 1.15876 1.269835 0 4.336809e-19 0.21 -0.004714045 0.21 4.336809e-19 0 -0.004714045</float_array>
                    <technique_common>
                        <accessor count="40" source="#ID46" stride="2">
                            <param name="S" type="float" />
                            <param name="T" type="float" />
                        </accessor>
                    </technique_common>
                </source>
                <vertices id="ID42">
                    <input semantic="POSITION" source="#ID40" />
                    <input semantic="NORMAL" source="#ID41" />
                </vertices>
                <triangles count="22" material="Material2">
                    <input offset="0" semantic="VERTEX" source="#ID42" />
                    <input offset="1" semantic="TEXCOORD" source="#ID43" />
                    <p>0 0 1 1 2 2 1 1 0 0 3 3 0 4 4 5 3 6 4 5 0 4 5 7 6 8 7 9 8 10 7 9 6 8 9 11 9 11 6 8 10 12 9 11 10 12 11 13 11 13 10 12 12 14 11 13 12 14 13 15 1 16 14 17 2 18 14 17 1 16 15 19 16 20 5 21 17 22 5 21 16 20 4 23 18 24 17 25 19 26 17 25 18 24 16 27 20 28 19 29 21 30 19 29 20 28 18 31 20 32 22 33 23 34 22 33 20 32 21 35 15 36 22 37 14 38 22 37 15 36 23 39</p>
                </triangles>
            </mesh>
        </geometry>
        <geometry id="ID47">
            <mesh>
                <source id="ID48">
                    <float_array id="ID52" count="288">0.03937008 0 6.102362 0 0.03937008 0.03937008 0.03937008 0 0.03937008 0 0.03937008 6.102362 6.948819 0 0.03937008 6.721892 0 0.165188 0.03937008 0 0.03937008 6.800633 0 0.222396 6.830709 0 0.3149606 6.948819 0 6.102362 6.800633 0 0.4075252 6.721892 0 0.4647333 6.624564 0 0.4647333 6.800633 0 5.734207 3.542759 0 0.4647333 3.44543 0 0.4647333 0.3636247 0 0.4647333 0.2662965 0 0.4647333 6.721892 0 5.676999 6.830709 0 5.826772 6.800633 0 5.919336 6.721892 0 5.976544 6.624564 0 5.976544 3.542759 0 5.976544 3.44543 0 5.976544 0.3636247 0 5.976544 0.2662965 0 5.976544 0.1574803 0 0.3149606 0.03937008 0 6.102362 0.1875564 0 0.222396 0.2662965 0 0.165188 6.624564 0 0.165188 3.542759 0 0.165188 3.44543 0 0.165188 0.3636247 0 0.165188 0.1875564 0 0.4075252 0.1875564 0 5.734207 0.2662965 0 5.676999 6.624564 0 5.676999 3.542759 0 5.676999 3.44543 0 5.676999 0.3636247 0 5.676999 0.1574803 0 5.826772 0.1875564 0 5.919336 3.36669 0 5.734207 0.4423649 0 5.734207 3.336614 0 5.826772 0.4724409 0 5.826772 3.36669 0 5.919336 0.4423649 0 5.919336 6.545824 0 5.734207 3.621499 0 5.734207 6.515748 0 5.826772 3.651575 0 5.826772 6.545824 0 5.919336 3.621499 0 5.919336 3.36669 0 0.222396 0.4423649 0 0.222396 3.336614 0 0.3149606 0.4724409 0 0.3149606 3.36669 0 0.4075252 0.4423649 0 0.4075252 6.545824 0 0.222396 3.621499 0 0.222396 6.515748 0 0.3149606 3.651575 0 0.3149606 6.545824 0 0.4075252 3.621499 0 0.4075252 0.03937008 0.03937008 6.141732 0 0.7480315 6.102362 0 0.7480315 0.03937008 0.03937008 0.03937008 0 6.948819 0 0.03937008 6.948819 0.03937008 0 6.988189 0.03937008 0.03937008 6.948819 0 6.102362 6.988189 0.03937008 6.102362 6.948819 0.03937008 6.141732 0.03937008 0.7480315 6.141732 0.03937008 0.7480315 0 0.03937008 0.7874016 0.03937008 0.03937008 0.7874016 6.102362 6.948819 0.7480315 0 6.988189 0.7480315 0.03937008 6.988189 0.7480315 6.102362 6.948819 0.7480315 6.141732 0.1574803 0.7874016 0.1181102 6.948819 0.7874016 0.03937008 0.1181102 0.7874016 0.1574803 0.1181102 0.7874016 5.984252 0.1574803 0.7874016 6.023622 6.830709 0.7874016 6.023622 6.870079 0.7874016 0.1574803 6.948819 0.7874016 6.102362 6.830709 0.7874016 0.1181102 6.870079 0.7874016 5.984252</float_array>
                    <technique_common>
                        <accessor count="96" source="#ID52" stride="3">
                            <param name="X" type="float" />
                            <param name="Y" type="float" />
                            <param name="Z" type="float" />
                        </accessor>
                    </technique_common>
                </source>
                <source id="ID49">
                    <float_array id="ID53" count="288">-0.4605629 -0.7587909 0.4605629 -0.8755787 -0.341586 -0.341586 -0.4605629 -0.7587909 -0.4605629 -0.8755787 -0.341586 0.341586 0 -1 0 0 -1 0 0 -1 0 0 -1 0 0 -1 0 0 -1 0 0 -1 0 0 -1 0 0 -1 0 0 -1 0 0 -1 0 0 -1 0 0 -1 0 0 -1 0 0 -1 0 0 -1 0 0 -1 0 0 -1 0 0 -1 0 0 -1 0 0 -1 0 0 -1 0 0 -1 0 0 -1 0 0 -1 0 0 -1 0 0 -1 0 0 -1 0 0 -1 0 0 -1 0 0 -1 0 0 -1 0 0 -1 0 0 -1 0 0 -1 0 0 -1 0 0 -1 0 0 -1 0 0 -1 0 0 -1 0 0 -1 0 0 -1 0 0 -1 0 0 -1 0 0 -1 0 0 -1 0 0 -1 0 0 -1 0 0 -1 0 0 -1 0 0 -1 0 0 -1 0 0 -1 0 0 -1 0 0 -1 0 0 -1 0 0 -1 0 0 -1 0 0 -1 0 0 -1 0 0 -1 0 0 -1 0 0 -1 0 0 -1 0 -0.341586 -0.341586 0.8755787 -0.8755787 0.341586 0.341586 -0.8755787 0.341586 -0.341586 -0.341586 -0.341586 -0.8755787 0.4605629 -0.7587909 -0.4605629 0.341586 -0.341586 -0.8755787 0.8755787 -0.341586 -0.341586 0.4605629 -0.7587909 0.4605629 0.8755787 -0.341586 0.341586 0.341586 -0.341586 0.8755787 -0.341586 0.341586 0.8755787 -0.341586 0.341586 -0.8755787 -0.341586 0.8755787 -0.341586 -0.341586 0.8755787 0.341586 0.341586 0.341586 -0.8755787 0.8755787 0.341586 -0.341586 0.8755787 0.341586 0.341586 0.341586 0.341586 0.8755787 -6.444241e-19 1 -7.281133e-19 0.341586 0.8755787 -0.341586 -6.444241e-19 1 -7.281133e-19 -6.444241e-19 1 -7.281133e-19 -6.444241e-19 1 -7.281133e-19 -6.444241e-19 1 -7.281133e-19 -6.444241e-19 1 -7.281133e-19 0.341586 0.8755787 0.341586 -6.444241e-19 1 -7.281133e-19 -6.444241e-19 1 -7.281133e-19</float_array>
                    <technique_common>
                        <accessor count="96" source="#ID53" stride="3">
                            <param name="X" type="float" />
                            <param name="Y" type="float" />
                            <param name="Z" type="float" />
                        </accessor>
                    </technique_common>
                </source>
                <source id="ID51">
                    <float_array id="ID54" count="296">-1.272256 -2.940484 -1.268923 -2.42715 -1.272256 -2.42715 -1.268923 -2.940484 -1.857256 -2.42715 -1.838043 -2.437803 -1.84471 -2.442646 -1.847256 -2.450484 -1.857256 -2.940484 -1.84471 -2.458321 -1.838043 -2.463164 -1.829803 -2.463164 -1.84471 -2.909313 -1.568876 -2.463164 -1.560636 -2.463164 -1.29971 -2.463164 -1.291469 -2.463164 -1.838043 -2.904469 -1.847256 -2.91715 -1.84471 -2.924987 -1.838043 -2.929831 -1.829803 -2.929831 -1.568876 -2.929831 -1.560636 -2.929831 -1.29971 -2.929831 -1.291469 -2.929831 -1.282256 -2.450484 -1.284803 -2.442646 -1.291469 -2.437803 -1.829803 -2.437803 -1.568876 -2.437803 -1.560636 -2.437803 -1.29971 -2.437803 -1.284803 -2.458321 -1.284803 -2.909313 -1.291469 -2.904469 -1.829803 -2.904469 -1.568876 -2.904469 -1.560636 -2.904469 -1.29971 -2.904469 -1.282256 -2.91715 -1.284803 -2.924987 -1.553969 -2.909313 -1.306376 -2.909313 -1.551423 -2.91715 -1.308923 -2.91715 -1.553969 -2.924987 -1.306376 -2.924987 -1.823136 -2.909313 -1.575543 -2.909313 -1.820589 -2.91715 -1.578089 -2.91715 -1.823136 -2.924987 -1.575543 -2.924987 -1.553969 -2.442646 -1.306376 -2.442646 -1.551423 -2.450484 -1.308923 -2.450484 -1.553969 -2.458321 -1.306376 -2.458321 -1.823136 -2.442646 -1.575543 -2.442646 -1.820589 -2.450484 -1.578089 -2.450484 -1.823136 -2.458321 -1.575543 -2.458321 -1.272256 -2.943817 -0.4683681 1.272823 -0.5283681 1.786156 -0.5283681 1.272823 -0.4683681 1.786156 -1.272256 -2.423817 -1.857256 -2.423817 -2.055589 -2.42715 -2.052256 -2.940484 -2.052256 -2.42715 -2.055589 -2.940484 -1.857256 -2.943817 0.2813673 0.2563038 0.3413673 0.2610178 0.2813673 0.2610178 0.3413673 0.2563038 -1.006403 -1.562666 -0.9464031 -1.56738 -0.9464031 -1.562666 -1.006403 -1.56738 2.352645 -0.2628595 2.357359 0.2504738 2.352645 0.2504738 2.357359 -0.2628595 -2.052256 -2.423817 -1.893471 -0.02772575 -1.953471 -0.6127258 -1.893471 -0.6127258 -1.953471 -0.02772575 -1.27 0.5133333 -1.21 0 -1.21 0.5133333 -1.27 0 -2.052256 -2.943817 0.06 0.077 4.163336e-17 -0.508 0.06 -0.508 -5.551115e-17 0.077 0.3218179 -0.6928846 0.3194609 -0.6888022 0.3171039 -0.6928846 -0.3612507 -0.5699563 -0.3659648 -0.5699563 -0.3636077 -0.5740388 2.473718 0.7751428 2.463718 0.7818095 1.888718 0.7751428 2.467051 0.7851428 2.473718 1.288476 2.467051 1.278476 2.463718 1.28181 1.898718 1.28181 1.895385 0.7851428 1.888718 1.288476 1.898718 0.7818095 1.895385 1.278476 0.2923377 -0.7698718 0.3523377 -0.7745859 0.3523377 -0.7698718 0.2923377 -0.7745859 -0.2469179 -2.566156 -0.2516319 -1.981156 -0.2516319 -2.566156 -0.2469179 -1.981156 0.08381936 -0.01666221 0.1438194 -0.01194816 0.08381936 -0.01194816 0.1438194 -0.01666221 -1.439333 -1.040834e-16 -1.434619 -0.5133333 -1.434619 -1.040834e-16 -1.439333 -0.5133333 -1.424929 0.7881187 -1.429643 0.2031187 -1.424929 0.2031187 -1.429643 0.7881187 -0.9266193 2.020606e-14 -0.9289763 0.004082483 -0.9313333 2.026157e-14 1.513463 -0.2150669 1.508749 -0.2150669 1.511106 -0.2191494</float_array>
                    <technique_common>
                        <accessor count="148" source="#ID54" stride="2">
                            <param name="S" type="float" />
                            <param name="T" type="float" />
                        </accessor>
                    </technique_common>
                </source>
                <vertices id="ID50">
                    <input semantic="POSITION" source="#ID48" />
                    <input semantic="NORMAL" source="#ID49" />
                </vertices>
                <triangles count="126" material="Material2">
                    <input offset="0" semantic="VERTEX" source="#ID50" />
                    <input offset="1" semantic="TEXCOORD" source="#ID51" />
                    <p>0 0 1 1 2 2 1 1 0 0 3 3 4 4 5 5 6 2 5 5 4 4 7 6 7 6 4 4 8 7 8 7 4 4 9 8 8 7 9 8 10 9 10 9 9 8 11 10 11 10 9 8 12 11 12 11 9 8 13 12 12 11 13 12 14 13 14 13 13 12 15 14 15 14 13 12 16 15 16 15 13 12 17 16 17 16 13 12 18 17 13 12 9 8 19 18 19 18 9 8 20 19 20 19 9 8 21 20 21 20 9 8 22 21 22 21 9 8 23 22 23 22 9 8 24 23 24 23 9 8 25 24 25 24 9 8 26 25 6 2 27 26 28 0 27 26 6 2 29 27 29 27 6 2 30 28 30 28 6 2 5 5 30 28 5 5 31 29 30 28 31 29 32 30 30 28 32 30 33 31 30 28 33 31 34 32 28 0 27 26 35 33 28 0 35 33 17 16 28 0 17 16 36 34 36 34 17 16 37 35 37 35 17 16 18 17 37 35 18 17 38 36 37 35 38 36 39 37 37 35 39 37 40 38 37 35 40 38 41 39 28 0 36 34 42 40 28 0 42 40 43 41 28 0 43 41 26 25 28 0 26 25 9 8 44 42 41 39 40 38 41 39 44 42 45 43 45 43 44 42 46 44 45 43 46 44 47 45 47 45 46 44 48 46 47 45 48 46 49 47 49 47 48 46 24 23 49 47 24 23 25 24 50 48 39 37 38 36 39 37 50 48 51 49 51 49 50 48 52 50 51 49 52 50 53 51 53 51 52 50 54 52 53 51 54 52 55 53 55 53 54 52 22 21 55 53 22 21 23 22 56 54 34 32 33 31 34 32 56 54 57 55 57 55 56 54 58 56 57 55 58 56 59 57 59 57 58 56 60 58 59 57 60 58 61 59 61 59 60 58 15 14 61 59 15 14 16 15 62 60 32 30 31 29 32 30 62 60 63 61 63 61 62 60 64 62 63 61 64 62 65 63 65 63 64 62 66 64 65 63 66 64 67 65 67 65 66 64 12 11 67 65 12 11 14 13 68 66 3 3 0 0 69 67 1 68 3 69 1 68 69 67 70 70 1 1 71 71 2 2 72 4 71 71 73 72 71 71 72 4 2 2 74 73 75 74 72 75 75 74 74 73 76 76 75 8 68 66 0 0 68 66 75 8 77 77 68 78 69 79 3 80 69 79 68 78 78 81 70 82 71 83 1 84 71 83 70 82 79 85 69 86 80 87 70 88 80 87 69 86 81 89 74 73 72 75 73 90 82 91 71 92 79 93 71 92 82 91 73 94 83 95 76 96 74 97 76 96 83 95 84 98 77 99 75 74 76 76 77 100 78 101 68 102 78 101 77 100 85 103 81 104 69 105 78 106 80 107 79 108 70 109 80 110 86 111 87 112 86 111 80 110 88 113 88 113 80 110 81 114 88 113 81 114 89 115 89 115 81 114 90 116 90 116 81 114 91 117 87 112 92 118 93 119 92 118 87 112 94 120 94 120 87 112 86 111 93 119 92 118 95 121 93 119 95 121 91 117 93 119 91 117 81 114 82 122 74 123 73 124 74 123 82 122 83 125 80 126 82 127 79 128 82 127 80 126 87 129 76 130 85 131 77 132 85 131 76 130 84 133 87 134 84 135 83 136 84 135 87 134 93 137 85 138 81 139 78 140 81 139 85 138 93 141 87 142 83 143 82 144 93 145 85 146 84 147</p>
                </triangles>
            </mesh>
        </geometry>
        <geometry id="ID55">
            <mesh>
                <source id="ID56">
                    <float_array id="ID60" count="30">6.800633 0 0.222396 6.624564 0 0.165188 6.721892 0 0.165188 6.545824 0 0.222396 6.830709 0 0.3149606 6.515748 0 0.3149606 6.800633 0 0.4075252 6.545824 0 0.4075252 6.721892 0 0.4647333 6.624564 0 0.4647333</float_array>
                    <technique_common>
                        <accessor count="10" source="#ID60" stride="3">
                            <param name="X" type="float" />
                            <param name="Y" type="float" />
                            <param name="Z" type="float" />
                        </accessor>
                    </technique_common>
                </source>
                <source id="ID57">
                    <float_array id="ID61" count="30">0 -1 0 0 -1 0 0 -1 0 0 -1 0 0 -1 0 0 -1 0 0 -1 0 0 -1 0 0 -1 0 0 -1 0</float_array>
                    <technique_common>
                        <accessor count="10" source="#ID61" stride="3">
                            <param name="X" type="float" />
                            <param name="Y" type="float" />
                            <param name="Z" type="float" />
                        </accessor>
                    </technique_common>
                </source>
                <source id="ID59">
                    <float_array id="ID62" count="20">20.78751 -11.70855 20.39072 -11.83747 20.61006 -11.83747 20.21327 -11.70855 20.85529 -11.49995 20.14549 -11.49995 20.78751 -11.29134 20.21327 -11.29134 20.61006 -11.16242 20.39072 -11.16242</float_array>
                    <technique_common>
                        <accessor count="10" source="#ID62" stride="2">
                            <param name="S" type="float" />
                            <param name="T" type="float" />
                        </accessor>
                    </technique_common>
                </source>
                <vertices id="ID58">
                    <input semantic="POSITION" source="#ID56" />
                    <input semantic="NORMAL" source="#ID57" />
                </vertices>
                <triangles count="8" material="Material2">
                    <input offset="0" semantic="VERTEX" source="#ID58" />
                    <input offset="1" semantic="TEXCOORD" source="#ID59" />
                    <p>0 0 1 1 2 2 1 1 0 0 3 3 3 3 0 0 4 4 3 3 4 4 5 5 5 5 4 4 6 6 5 5 6 6 7 7 7 7 6 6 8 8 7 7 8 8 9 9</p>
                </triangles>
            </mesh>
        </geometry>
        <geometry id="ID63">
            <mesh>
                <source id="ID64">
                    <float_array id="ID68" count="30">0.4423649 0 0.222396 0.2662965 0 0.165188 0.3636247 0 0.165188 0.1875564 0 0.222396 0.4724409 0 0.3149606 0.1574803 0 0.3149606 0.4423649 0 0.4075252 0.1875564 0 0.4075252 0.3636247 0 0.4647333 0.2662965 0 0.4647333</float_array>
                    <technique_common>
                        <accessor count="10" source="#ID68" stride="3">
                            <param name="X" type="float" />
                            <param name="Y" type="float" />
                            <param name="Z" type="float" />
                        </accessor>
                    </technique_common>
                </source>
                <source id="ID65">
                    <float_array id="ID69" count="30">0 -1 0 0 -1 0 0 -1 0 0 -1 0 0 -1 0 0 -1 0 0 -1 0 0 -1 0 0 -1 0 0 -1 0</float_array>
                    <technique_common>
                        <accessor count="10" source="#ID69" stride="3">
                            <param name="X" type="float" />
                            <param name="Y" type="float" />
                            <param name="Z" type="float" />
                        </accessor>
                    </technique_common>
                </source>
                <source id="ID67">
                    <float_array id="ID70" count="20">0.7888145 -11.70892 0.3920243 -11.83784 0.6113645 -11.83784 0.2145743 -11.70892 0.8565944 -11.50031 0.1467946 -11.50031 0.7888146 -11.29171 0.2145745 -11.29171 0.6113647 -11.16278 0.3920245 -11.16278</float_array>
                    <technique_common>
                        <accessor count="10" source="#ID70" stride="2">
                            <param name="S" type="float" />
                            <param name="T" type="float" />
                        </accessor>
                    </technique_common>
                </source>
                <vertices id="ID66">
                    <input semantic="POSITION" source="#ID64" />
                    <input semantic="NORMAL" source="#ID65" />
                </vertices>
                <triangles count="8" material="Material2">
                    <input offset="0" semantic="VERTEX" source="#ID66" />
                    <input offset="1" semantic="TEXCOORD" source="#ID67" />
                    <p>0 0 1 1 2 2 1 1 0 0 3 3 3 3 0 0 4 4 3 3 4 4 5 5 5 5 4 4 6 6 5 5 6 6 7 7 7 7 6 6 8 8 7 7 8 8 9 9</p>
                </triangles>
            </mesh>
        </geometry>
        <geometry id="ID71">
            <mesh>
                <source id="ID72">
                    <float_array id="ID76" count="30">3.621499 0 0.222396 3.44543 0 0.165188 3.542759 0 0.165188 3.36669 0 0.222396 3.651575 0 0.3149606 3.336614 0 0.3149606 3.621499 0 0.4075252 3.36669 0 0.4075252 3.542759 0 0.4647333 3.44543 0 0.4647333</float_array>
                    <technique_common>
                        <accessor count="10" source="#ID76" stride="3">
                            <param name="X" type="float" />
                            <param name="Y" type="float" />
                            <param name="Z" type="float" />
                        </accessor>
                    </technique_common>
                </source>
                <source id="ID73">
                    <float_array id="ID77" count="30">0 -1 0 0 -1 0 0 -1 0 0 -1 0 0 -1 0 0 -1 0 0 -1 0 0 -1 0 0 -1 0 0 -1 0</float_array>
                    <technique_common>
                        <accessor count="10" source="#ID77" stride="3">
                            <param name="X" type="float" />
                            <param name="Y" type="float" />
                            <param name="Z" type="float" />
                        </accessor>
                    </technique_common>
                </source>
                <source id="ID75">
                    <float_array id="ID78" count="20">10.78889 -11.70619 10.3921 -11.83511 10.61144 -11.83511 10.21465 -11.70619 10.85667 -11.49758 10.14687 -11.49758 10.78889 -11.28898 10.21465 -11.28898 10.61144 -11.16005 10.3921 -11.16005</float_array>
                    <technique_common>
                        <accessor count="10" source="#ID78" stride="2">
                            <param name="S" type="float" />
                            <param name="T" type="float" />
                        </accessor>
                    </technique_common>
                </source>
                <vertices id="ID74">
                    <input semantic="POSITION" source="#ID72" />
                    <input semantic="NORMAL" source="#ID73" />
                </vertices>
                <triangles count="8" material="Material2">
                    <input offset="0" semantic="VERTEX" source="#ID74" />
                    <input offset="1" semantic="TEXCOORD" source="#ID75" />
                    <p>0 0 1 1 2 2 1 1 0 0 3 3 3 3 0 0 4 4 3 3 4 4 5 5 5 5 4 4 6 6 5 5 6 6 7 7 7 7 6 6 8 8 7 7 8 8 9 9</p>
                </triangles>
            </mesh>
        </geometry>
        <geometry id="ID81">
            <mesh>
                <source id="ID87">
                    <float_array id="ID91" count="492">2.716535 -1.220472 -10.62992 2.716535 -1.220472 -0.7874016 2.716535 -2.007874 -10.62992 2.716535 -2.007874 0 2.716535 0 0 2.716535 0.7874016 -0.7874016 2.716535 0 5.511811 2.716535 0.7874016 5.511811 2.716535 0 5.511811 1.732283 0 0 2.716535 0 0 1.732283 0 5.511811 2.716535 -2.007874 0 1.732283 0 0 1.732283 -2.007874 0 2.716535 0 0 2.716535 -2.007874 0 1.732283 -2.007874 -10.62992 2.716535 -2.007874 -10.62992 1.732283 -2.007874 0 1.732283 -1.220472 -10.62992 1.850394 -1.338583 -10.62992 1.732283 -2.007874 -10.62992 1.968504 -1.220472 -10.62992 1.968504 -1.338583 -10.62992 2.716535 -1.220472 -10.62992 2.480315 -1.338583 -10.62992 2.480315 -1.220472 -10.62992 2.598425 -1.338583 -10.62992 2.598425 -1.889764 -10.62992 1.850394 -1.889764 -10.62992 2.716535 -2.007874 -10.62992 2.480315 -1.220472 -0.7874016 2.716535 -1.220472 -10.62992 2.480315 -1.220472 -10.62992 2.716535 -1.220472 -0.7874016 2.716535 0.7874016 -0.7874016 2.480315 -1.220472 -0.7874016 2.480315 0.7874016 -0.7874016 2.716535 -1.220472 -0.7874016 2.480315 0.7874016 5.511811 2.716535 0.7874016 -0.7874016 2.480315 0.7874016 -0.7874016 2.716535 0.7874016 5.511811 1.732283 0 5.511811 1.850394 0.1181102 5.511811 1.732283 0.7874016 5.511811 2.716535 0 5.511811 2.598425 0.1181102 5.511811 2.598425 0.6692913 5.511811 2.480315 0.7874016 5.511811 2.480315 0.6692913 5.511811 2.716535 0.7874016 5.511811 1.850394 0.6692913 5.511811 1.968504 0.7874016 5.511811 1.968504 0.6692913 5.511811 1.732283 0.7874016 5.511811 1.732283 0 0 1.732283 0 5.511811 1.732283 -2.007874 0 1.732283 -1.220472 -0.7874016 1.732283 -2.007874 -10.62992 1.732283 0.7874016 -0.7874016 1.732283 -1.220472 -10.62992 1.732283 -1.220472 -0.7874016 1.968504 -1.220472 -10.62992 1.732283 -1.220472 -10.62992 1.968504 -1.220472 -0.7874016 1.968504 -1.220472 -10.62992 1.968504 -1.338583 -0.6692913 1.968504 -1.338583 -10.62992 1.968504 -1.220472 -0.7874016 1.968504 0.6692913 -0.6692913 1.968504 0.7874016 -0.7874016 1.968504 0.6692913 5.511811 1.968504 0.7874016 5.511811 1.968504 -1.338583 -0.6692913 1.850394 -1.338583 -10.62992 1.968504 -1.338583 -10.62992 1.850394 -1.338583 -0.6692913 1.850394 -1.338583 -10.62992 1.850394 -1.889764 -0.1181102 1.850394 -1.889764 -10.62992 1.850394 -1.338583 -0.6692913 1.850394 0.1181102 -0.1181102 1.850394 0.6692913 -0.6692913 1.850394 0.1181102 5.511811 1.850394 0.6692913 5.511811 1.850394 -1.889764 -0.1181102 2.598425 -1.889764 -10.62992 1.850394 -1.889764 -10.62992 2.598425 -1.889764 -0.1181102 2.598425 0.6692913 5.511811 2.598425 0.1181102 -0.1181102 2.598425 0.1181102 5.511811 2.598425 -1.889764 -0.1181102 2.598425 -1.338583 -0.6692913 2.598425 -1.889764 -10.62992 2.598425 0.6692913 -0.6692913 2.598425 -1.338583 -10.62992 2.598425 -1.338583 -0.6692913 2.480315 -1.338583 -10.62992 2.598425 -1.338583 -10.62992 2.480315 -1.338583 -0.6692913 2.480315 0.7874016 5.511811 2.480315 0.6692913 -0.6692913 2.480315 0.6692913 5.511811 2.480315 -1.338583 -0.6692913 2.480315 -1.220472 -0.7874016 2.480315 -1.338583 -10.62992 2.480315 0.7874016 -0.7874016 2.480315 -1.220472 -10.62992 2.598425 0.6692913 5.511811 2.480315 0.6692913 -0.6692913 2.598425 0.6692913 -0.6692913 2.480315 0.6692913 5.511811 1.850394 0.1181102 -0.1181102 2.097005 0.1181102 0.8004927 2.598425 0.1181102 -0.1181102 2.066929 0.1181102 0.8930573 1.850394 0.1181102 5.511811 2.175745 0.1181102 0.7432846 2.097005 0.1181102 0.9856219 2.175745 0.1181102 1.04283 2.273074 0.1181102 1.04283 2.097005 0.1181102 4.969166 2.175745 0.1181102 4.911958 2.066929 0.1181102 5.06173 2.097005 0.1181102 5.154295 2.175745 0.1181102 5.211503 2.273074 0.1181102 5.211503 2.38189 0.1181102 0.8930573 2.598425 0.1181102 5.511811 2.351814 0.1181102 0.8004927 2.273074 0.1181102 0.7432846 2.351814 0.1181102 0.9856219 2.351814 0.1181102 4.969166 2.273074 0.1181102 4.911958 2.38189 0.1181102 5.06173 2.351814 0.1181102 5.154295 1.968504 0.6692913 5.511811 1.850394 0.6692913 -0.6692913 1.968504 0.6692913 -0.6692913 1.850394 0.6692913 5.511811 1.732283 0.7874016 5.511811 1.968504 0.7874016 -0.7874016 1.732283 0.7874016 -0.7874016 1.968504 0.7874016 5.511811 1.968504 0.7874016 -0.7874016 1.732283 -1.220472 -0.7874016 1.732283 0.7874016 -0.7874016 1.968504 -1.220472 -0.7874016 1.968504 -1.338583 -0.6692913 1.850394 0.6692913 -0.6692913 1.850394 -1.338583 -0.6692913 1.968504 0.6692913 -0.6692913 2.598425 0.1181102 -0.1181102 1.850394 -1.889764 -0.1181102 1.850394 0.1181102 -0.1181102 2.598425 -1.889764 -0.1181102 2.598425 -1.338583 -0.6692913 2.480315 0.6692913 -0.6692913 2.480315 -1.338583 -0.6692913 2.598425 0.6692913 -0.6692913</float_array>
                    <technique_common>
                        <accessor count="164" source="#ID91" stride="3">
                            <param name="X" type="float" />
                            <param name="Y" type="float" />
                            <param name="Z" type="float" />
                        </accessor>
                    </technique_common>
                </source>
                <source id="ID88">
                    <float_array id="ID92" count="492">1 0 0 1 0 0 1 0 0 1 0 0 1 0 0 1 0 0 1 0 0 1 0 0 0 -1 0 0 -1 0 0 -1 0 0 -1 0 0 0 1 0 0 1 0 0 1 0 0 1 0 -1 -7.185692e-15 0 -1 -7.185692e-15 0 -1 -7.185692e-15 0 -1 -7.185692e-15 -4.716446e-30 4.355452e-15 -1 -4.716446e-30 4.355452e-15 -1 -4.716446e-30 4.355452e-15 -1 -4.716446e-30 4.355452e-15 -1 -4.716446e-30 4.355452e-15 -1 -4.716446e-30 4.355452e-15 -1 -4.716446e-30 4.355452e-15 -1 -4.716446e-30 4.355452e-15 -1 -4.716446e-30 4.355452e-15 -1 -4.716446e-30 4.355452e-15 -1 -4.716446e-30 4.355452e-15 -1 -4.716446e-30 4.355452e-15 -1 4.699944e-15 1 7.647749e-15 4.699944e-15 1 7.647749e-15 4.699944e-15 1 7.647749e-15 4.699944e-15 1 7.647749e-15 3.759955e-15 4.423477e-16 -1 3.759955e-15 4.423477e-16 -1 3.759955e-15 4.423477e-16 -1 3.759955e-15 4.423477e-16 -1 0 1 0 0 1 0 0 1 0 0 1 0 0 0 1 0 0 1 0 0 1 0 0 1 0 0 1 0 0 1 0 0 1 0 0 1 0 0 1 0 0 1 0 0 1 0 0 1 -1 0 0 -1 0 0 -1 0 0 -1 0 0 -1 0 0 -1 0 0 -1 0 0 -1 0 0 -4.699944e-15 1 7.647749e-15 -4.699944e-15 1 7.647749e-15 -4.699944e-15 1 7.647749e-15 -4.699944e-15 1 7.647749e-15 1 0 0 1 0 0 1 0 0 1 0 0 1 0 0 1 0 0 1 0 0 1 0 0 0 -1 0 0 -1 0 0 -1 0 0 -1 0 1 0 0 1 0 0 1 0 0 1 0 0 1 0 0 1 0 0 1 0 0 1 0 0 0 1 0 0 1 0 0 1 0 0 1 0 -1 0 0 -1 0 0 -1 0 0 -1 0 0 -1 0 0 -1 0 0 -1 0 0 -1 0 0 0 -1 0 0 -1 0 0 -1 0 0 -1 0 -1 0 0 -1 0 0 -1 0 0 -1 0 0 -1 0 0 -1 0 0 -1 0 0 -1 0 0 0 -1 0 0 -1 0 0 -1 0 0 -1 0 0 1 0 0 1 0 0 1 0 0 1 0 0 1 0 0 1 0 0 1 0 0 1 0 0 1 0 0 1 0 0 1 0 0 1 0 0 1 0 0 1 0 0 1 0 0 1 0 0 1 0 0 1 0 0 1 0 0 1 0 0 1 0 0 1 0 0 1 0 0 1 0 0 -1 0 0 -1 0 0 -1 0 0 -1 0 0 1 0 0 1 0 0 1 0 0 1 0 -3.759955e-15 4.423477e-16 -1 -3.759955e-15 4.423477e-16 -1 -3.759955e-15 4.423477e-16 -1 -3.759955e-15 4.423477e-16 -1 0 -1.769391e-15 1 0 -1.769391e-15 1 0 -1.769391e-15 1 0 -1.769391e-15 1 0 8.846954e-16 -1 0 8.846954e-16 -1 0 8.846954e-16 -1 0 8.846954e-16 -1 0 -1.769391e-15 1 0 -1.769391e-15 1 0 -1.769391e-15 1 0 -1.769391e-15 1</float_array>
                    <technique_common>
                        <accessor count="164" source="#ID92" stride="3">
                            <param name="X" type="float" />
                            <param name="Y" type="float" />
                            <param name="Z" type="float" />
                        </accessor>
                    </technique_common>
                </source>
                <source id="ID90">
                    <float_array id="ID93" count="296">0.1733333 -0.9 0.1733333 -0.06666667 0.1066667 -0.9 0.1066667 0 0.2766667 0 0.3433333 -0.06666667 0.2766667 0.4666667 0.3433333 0.4666667 0.655 0.4666667 0.5716667 0 0.655 0 0.5716667 0.4666667 0.655 0.1066667 0.5716667 0.2766667 0.5716667 0.1066667 0.655 0.2766667 0.655 -7.664739e-16 0.5716667 -0.9 0.655 -0.9 0.5716667 -7.664739e-16 -0.5716667 0.1733333 -0.5816667 0.1633333 -0.5716667 0.1066667 -0.5916667 0.1733333 -0.5916667 0.1633333 -0.655 0.1733333 -0.635 0.1633333 -0.635 0.1733333 -0.645 0.1633333 -0.645 0.1166667 -0.5816667 0.1166667 -0.655 0.1066667 -0.635 -0.06666667 -0.655 -0.9 -0.635 -0.9 -0.655 -0.06666667 -0.655 0.3433333 -0.635 0.1733333 -0.635 0.3433333 -0.655 0.1733333 -0.635 0.4666667 -0.655 -0.06666667 -0.635 -0.06666667 -0.655 0.4666667 0.5816667 0.2866667 0.5716667 0.3433333 0.645 0.2866667 0.645 0.3333333 0.635 0.3433333 0.635 0.3333333 0.655 0.3433333 0.5816667 0.3333333 0.5916667 0.3433333 0.5916667 0.3333333 -0.3433333 0.4666667 -0.2766667 0 -0.2766667 0.4666667 -0.1066667 0 -0.1733333 -0.06666667 -0.1066667 -0.9 -0.3433333 -0.06666667 -0.1733333 -0.9 -0.5716667 -0.06666667 -0.5916667 -0.9 -0.5716667 -0.9 -0.5916667 -0.06666667 0.1633333 -0.05666667 0.1633333 -0.9 0.1733333 -0.06666667 0.3333333 -0.05666667 0.3333333 0.4666667 0.5916667 -0.05666667 0.5816667 -0.9 0.5916667 -0.9 0.5816667 -0.05666667 0.1166667 -0.01 0.1166667 -0.9 0.2866667 -0.01 0.2866667 0.4666667 -0.5816667 -0.01 -0.645 -0.9 -0.5816667 -0.9 -0.645 -0.01 -0.3333333 0.4666667 -0.2866667 -0.01 -0.2866667 0.4666667 -0.1166667 -0.01 -0.1633333 -0.05666667 -0.1166667 -0.9 -0.3333333 -0.05666667 -0.1633333 -0.9 0.645 -0.05666667 0.635 -0.9 0.645 -0.9 0.635 -0.05666667 -0.1733333 -0.06666667 0.645 0.4666667 0.635 -0.05666667 0.645 -0.05666667 0.635 0.4666667 -0.5816667 -0.01 -0.6025464 0.06777505 -0.645 -0.01 -0.6 0.07561218 -0.5816667 0.4666667 -0.6092131 0.06293143 -0.6025464 0.08344932 -0.6092131 0.08829294 -0.6174536 0.08829294 -0.6025464 0.4207227 -0.6092131 0.4158791 -0.6 0.4285598 -0.6025464 0.436397 -0.6092131 0.4412406 -0.6174536 0.4412406 -0.6266667 0.07561218 -0.645 0.4666667 -0.6241202 0.06777505 -0.6174536 0.06293143 -0.6241202 0.08344932 -0.6241202 0.4207227 -0.6174536 0.4158791 -0.6266667 0.4285598 -0.6241202 0.436397 0.5916667 0.4666667 0.5816667 -0.05666667 0.5916667 -0.05666667 0.5816667 0.4666667 -0.5716667 0.4666667 -0.5916667 -0.06666667 -0.5716667 -0.06666667 -0.5916667 0.4666667 -0.5916667 0.3433333 -0.5716667 0.1733333 -0.5716667 0.3433333 -0.5916667 0.1733333 0.5916667 0.1633333 0.5816667 0.3333333 0.5816667 0.1633333 0.5916667 0.3333333 -0.645 0.2866667 -0.5816667 0.1166667 -0.5816667 0.2866667 -0.645 0.1166667 0.645 0.1633333 0.635 0.3333333 0.635 0.1633333 0.645 0.3333333</float_array>
                    <technique_common>
                        <accessor count="148" source="#ID93" stride="2">
                            <param name="S" type="float" />
                            <param name="T" type="float" />
                        </accessor>
                    </technique_common>
                </source>
                <vertices id="ID89">
                    <input semantic="POSITION" source="#ID87" />
                    <input semantic="NORMAL" source="#ID88" />
                </vertices>
                <triangles count="116" material="Material2">
                    <input offset="0" semantic="VERTEX" source="#ID89" />
                    <input offset="1" semantic="TEXCOORD" source="#ID90" />
                    <p>0 0 1 1 2 2 3 3 1 1 4 4 1 1 3 3 2 2 4 4 1 1 5 5 4 4 5 5 6 6 6 6 5 5 7 7 8 8 9 9 10 10 9 9 8 8 11 11 12 12 13 13 14 14 13 13 12 12 15 15 16 16 17 17 18 18 17 17 16 16 19 19 20 20 21 21 22 22 21 21 20 20 23 23 21 21 23 23 24 24 25 25 26 26 27 27 26 26 25 25 28 28 28 28 25 25 29 29 22 22 30 30 31 31 30 30 22 22 21 21 31 31 30 30 29 29 31 31 29 29 25 25 32 32 33 33 34 34 33 33 32 32 35 35 36 36 37 37 38 38 37 37 36 36 39 39 40 40 41 41 42 42 41 41 40 40 43 43 44 13 45 44 46 45 45 44 44 13 47 15 45 44 47 15 48 46 48 46 47 15 49 47 49 47 50 48 51 49 50 48 49 47 52 50 52 50 49 47 47 15 46 45 53 51 54 52 53 51 46 45 45 44 54 52 53 51 55 53 56 54 57 55 58 56 59 57 60 58 61 59 60 58 59 57 57 55 60 58 57 55 62 60 62 60 57 55 56 54 63 61 61 59 60 58 64 62 65 63 66 64 65 63 64 62 67 65 68 0 69 66 70 67 69 66 68 0 71 68 71 68 72 69 69 66 72 69 71 68 73 5 72 69 73 5 74 70 74 70 73 5 75 7 76 71 77 72 78 73 77 72 76 71 79 74 80 67 81 75 82 76 81 75 80 67 83 66 81 75 83 66 84 77 84 77 83 66 85 69 84 77 85 69 86 78 86 78 85 69 87 70 88 79 89 80 90 81 89 80 88 79 91 82 92 83 93 84 94 85 95 86 96 87 97 88 96 87 95 86 93 84 96 87 93 84 98 89 98 89 93 84 92 83 99 90 97 88 96 87 100 91 101 92 102 93 101 92 100 91 103 94 104 54 105 89 106 83 107 87 108 95 109 90 108 95 107 87 105 89 108 95 105 89 110 60 110 60 105 89 104 54 111 61 109 90 108 95 112 96 113 97 114 98 113 97 112 96 115 99 116 100 117 101 118 102 117 101 116 100 119 103 119 103 116 100 120 104 118 102 117 101 121 105 119 103 120 104 122 106 122 106 120 104 123 107 123 107 120 104 124 108 124 108 120 104 125 109 124 108 125 109 126 110 125 109 120 104 127 111 127 111 120 104 128 112 128 112 120 104 129 113 129 113 120 104 130 114 118 102 131 115 132 116 131 115 118 102 133 117 133 117 118 102 134 118 134 118 118 102 121 105 132 116 131 115 135 119 132 116 135 119 124 108 132 116 124 108 136 120 136 120 124 108 137 121 137 121 124 108 126 110 132 116 136 120 138 122 132 116 138 122 139 123 132 116 139 123 130 114 132 116 130 114 120 104 140 124 141 125 142 126 141 125 140 124 143 127 144 128 145 129 146 130 145 129 144 128 147 131 148 132 149 133 150 134 149 133 148 132 151 135 152 136 153 137 154 138 153 137 152 136 155 139 156 140 157 141 158 142 157 141 156 140 159 143 160 144 161 145 162 146 161 145 160 144 163 147</p>
                </triangles>
            </mesh>
        </geometry>
        <geometry id="ID94">
            <mesh>
                <source id="ID95">
                    <float_array id="ID99" count="30">2.097005 0.1181102 4.969166 2.273074 0.1181102 4.911958 2.175745 0.1181102 4.911958 2.351814 0.1181102 4.969166 2.066929 0.1181102 5.06173 2.38189 0.1181102 5.06173 2.097005 0.1181102 5.154295 2.351814 0.1181102 5.154295 2.175745 0.1181102 5.211503 2.273074 0.1181102 5.211503</float_array>
                    <technique_common>
                        <accessor count="10" source="#ID99" stride="3">
                            <param name="X" type="float" />
                            <param name="Y" type="float" />
                            <param name="Z" type="float" />
                        </accessor>
                    </technique_common>
                </source>
                <source id="ID96">
                    <float_array id="ID100" count="30">-1.020429e-29 1 1.63906e-15 -1.020429e-29 1 1.63906e-15 -1.020429e-29 1 1.63906e-15 -1.020429e-29 1 1.63906e-15 -1.020429e-29 1 1.63906e-15 -1.020429e-29 1 1.63906e-15 -1.020429e-29 1 1.63906e-15 -1.020429e-29 1 1.63906e-15 -1.020429e-29 1 1.63906e-15 -1.020429e-29 1 1.63906e-15</float_array>
                    <technique_common>
                        <accessor count="10" source="#ID100" stride="3">
                            <param name="X" type="float" />
                            <param name="Y" type="float" />
                            <param name="Z" type="float" />
                        </accessor>
                    </technique_common>
                </source>
                <source id="ID98">
                    <float_array id="ID101" count="20">20.21296 0.7096589 20.60975 0.8385832 20.39041 0.8385832 20.7872 0.7096589 20.14518 0.501055 20.85498 0.501055 20.21296 0.2924511 20.7872 0.2924511 20.39041 0.1635268 20.60975 0.1635268</float_array>
                    <technique_common>
                        <accessor count="10" source="#ID101" stride="2">
                            <param name="S" type="float" />
                            <param name="T" type="float" />
                        </accessor>
                    </technique_common>
                </source>
                <vertices id="ID97">
                    <input semantic="POSITION" source="#ID95" />
                    <input semantic="NORMAL" source="#ID96" />
                </vertices>
                <triangles count="8" material="Material2">
                    <input offset="0" semantic="VERTEX" source="#ID97" />
                    <input offset="1" semantic="TEXCOORD" source="#ID98" />
                    <p>0 0 1 1 2 2 1 1 0 0 3 3 3 3 0 0 4 4 3 3 4 4 5 5 5 5 4 4 6 6 5 5 6 6 7 7 7 7 6 6 8 8 7 7 8 8 9 9</p>
                </triangles>
            </mesh>
        </geometry>
        <geometry id="ID102">
            <mesh>
                <source id="ID103">
                    <float_array id="ID107" count="30">2.097005 0.1181102 0.8004927 2.273074 0.1181102 0.7432846 2.175745 0.1181102 0.7432846 2.351814 0.1181102 0.8004927 2.066929 0.1181102 0.8930573 2.38189 0.1181102 0.8930573 2.097005 0.1181102 0.9856219 2.351814 0.1181102 0.9856219 2.175745 0.1181102 1.04283 2.273074 0.1181102 1.04283</float_array>
                    <technique_common>
                        <accessor count="10" source="#ID107" stride="3">
                            <param name="X" type="float" />
                            <param name="Y" type="float" />
                            <param name="Z" type="float" />
                        </accessor>
                    </technique_common>
                </source>
                <source id="ID104">
                    <float_array id="ID108" count="30">-1.022361e-29 1 1.63906e-15 -1.022361e-29 1 1.63906e-15 -1.022361e-29 1 1.63906e-15 -1.022361e-29 1 1.63906e-15 -1.022361e-29 1 1.63906e-15 -1.022361e-29 1 1.63906e-15 -1.022361e-29 1 1.63906e-15 -1.022361e-29 1 1.63906e-15 -1.022361e-29 1 1.63906e-15 -1.022361e-29 1 1.63906e-15</float_array>
                    <technique_common>
                        <accessor count="10" source="#ID108" stride="3">
                            <param name="X" type="float" />
                            <param name="Y" type="float" />
                            <param name="Z" type="float" />
                        </accessor>
                    </technique_common>
                </source>
                <source id="ID106">
                    <float_array id="ID109" count="20">20.21296 0.7096589 20.60975 0.8385832 20.39041 0.8385832 20.7872 0.7096589 20.14518 0.501055 20.85498 0.501055 20.21296 0.2924511 20.7872 0.2924511 20.39041 0.1635268 20.60975 0.1635268</float_array>
                    <technique_common>
                        <accessor count="10" source="#ID109" stride="2">
                            <param name="S" type="float" />
                            <param name="T" type="float" />
                        </accessor>
                    </technique_common>
                </source>
                <vertices id="ID105">
                    <input semantic="POSITION" source="#ID103" />
                    <input semantic="NORMAL" source="#ID104" />
                </vertices>
                <triangles count="8" material="Material2">
                    <input offset="0" semantic="VERTEX" source="#ID105" />
                    <input offset="1" semantic="TEXCOORD" source="#ID106" />
                    <p>0 0 1 1 2 2 1 1 0 0 3 3 3 3 0 0 4 4 3 3 4 4 5 5 5 5 4 4 6 6 5 5 6 6 7 7 7 7 6 6 8 8 7 7 8 8 9 9</p>
                </triangles>
            </mesh>
        </geometry>
        <geometry id="ID110">
            <mesh>
                <source id="ID111">
                    <float_array id="ID115" count="492">-1.732283 -2.007874 0 -2.716535 -2.007874 -10.62992 -1.732283 -2.007874 -10.62992 -2.716535 -2.007874 0 -1.732283 -1.220472 -10.62992 -1.732283 -1.220472 -0.7874016 -1.732283 -2.007874 -10.62992 -1.732283 -2.007874 0 -1.732283 0 0 -1.732283 0.7874016 -0.7874016 -1.732283 0 5.511811 -1.732283 0.7874016 5.511811 -1.732283 -2.007874 0 -2.716535 0 0 -2.716535 -2.007874 0 -1.732283 0 0 -2.716535 0.7874016 5.511811 -2.716535 0 0 -2.716535 0 5.511811 -2.716535 -2.007874 0 -2.716535 -1.220472 -0.7874016 -2.716535 -2.007874 -10.62992 -2.716535 0.7874016 -0.7874016 -2.716535 -1.220472 -10.62992 -2.716535 -1.220472 -10.62992 -2.598425 -1.338583 -10.62992 -2.716535 -2.007874 -10.62992 -2.480315 -1.220472 -10.62992 -2.480315 -1.338583 -10.62992 -1.732283 -1.220472 -10.62992 -1.968504 -1.338583 -10.62992 -1.968504 -1.220472 -10.62992 -1.850394 -1.338583 -10.62992 -1.850394 -1.889764 -10.62992 -2.598425 -1.889764 -10.62992 -1.732283 -2.007874 -10.62992 -1.732283 0 5.511811 -2.716535 0 0 -1.732283 0 0 -2.716535 0 5.511811 -1.968504 -1.220472 -0.7874016 -1.732283 -1.220472 -10.62992 -1.968504 -1.220472 -10.62992 -1.732283 -1.220472 -0.7874016 -1.732283 0.7874016 -0.7874016 -1.968504 -1.220472 -0.7874016 -1.968504 0.7874016 -0.7874016 -1.732283 -1.220472 -0.7874016 -1.968504 0.7874016 5.511811 -1.732283 0.7874016 -0.7874016 -1.968504 0.7874016 -0.7874016 -1.732283 0.7874016 5.511811 -2.716535 0 5.511811 -2.598425 0.1181102 5.511811 -2.716535 0.7874016 5.511811 -1.732283 0 5.511811 -1.850394 0.1181102 5.511811 -1.850394 0.6692913 5.511811 -1.968504 0.7874016 5.511811 -1.968504 0.6692913 5.511811 -1.732283 0.7874016 5.511811 -2.598425 0.6692913 5.511811 -2.480315 0.7874016 5.511811 -2.480315 0.6692913 5.511811 -2.480315 0.7874016 -0.7874016 -2.716535 -1.220472 -0.7874016 -2.716535 0.7874016 -0.7874016 -2.480315 -1.220472 -0.7874016 -2.716535 -1.220472 -0.7874016 -2.480315 -1.220472 -10.62992 -2.716535 -1.220472 -10.62992 -2.480315 -1.220472 -0.7874016 -2.716535 0.7874016 5.511811 -2.480315 0.7874016 -0.7874016 -2.716535 0.7874016 -0.7874016 -2.480315 0.7874016 5.511811 -2.480315 -1.220472 -10.62992 -2.480315 -1.338583 -0.6692913 -2.480315 -1.338583 -10.62992 -2.480315 -1.220472 -0.7874016 -2.480315 0.6692913 -0.6692913 -2.480315 0.7874016 -0.7874016 -2.480315 0.6692913 5.511811 -2.480315 0.7874016 5.511811 -2.480315 -1.338583 -0.6692913 -2.598425 -1.338583 -10.62992 -2.480315 -1.338583 -10.62992 -2.598425 -1.338583 -0.6692913 -2.598425 -1.338583 -10.62992 -2.598425 -1.889764 -0.1181102 -2.598425 -1.889764 -10.62992 -2.598425 -1.338583 -0.6692913 -2.598425 0.1181102 -0.1181102 -2.598425 0.6692913 -0.6692913 -2.598425 0.1181102 5.511811 -2.598425 0.6692913 5.511811 -2.598425 -1.889764 -0.1181102 -1.850394 -1.889764 -10.62992 -2.598425 -1.889764 -10.62992 -1.850394 -1.889764 -0.1181102 -1.850394 0.6692913 5.511811 -1.850394 0.1181102 -0.1181102 -1.850394 0.1181102 5.511811 -1.850394 -1.889764 -0.1181102 -1.850394 -1.338583 -0.6692913 -1.850394 -1.889764 -10.62992 -1.850394 0.6692913 -0.6692913 -1.850394 -1.338583 -10.62992 -1.850394 -1.338583 -0.6692913 -1.968504 -1.338583 -10.62992 -1.850394 -1.338583 -10.62992 -1.968504 -1.338583 -0.6692913 -1.968504 0.7874016 5.511811 -1.968504 0.6692913 -0.6692913 -1.968504 0.6692913 5.511811 -1.968504 -1.338583 -0.6692913 -1.968504 -1.220472 -0.7874016 -1.968504 -1.338583 -10.62992 -1.968504 0.7874016 -0.7874016 -1.968504 -1.220472 -10.62992 -1.850394 0.6692913 5.511811 -1.968504 0.6692913 -0.6692913 -1.850394 0.6692913 -0.6692913 -1.968504 0.6692913 5.511811 -2.598425 0.1181102 -0.1181102 -2.351814 0.1181102 0.8004927 -1.850394 0.1181102 -0.1181102 -2.38189 0.1181102 0.8930573 -2.598425 0.1181102 5.511811 -2.273074 0.1181102 0.7432846 -2.351814 0.1181102 0.9856219 -2.273074 0.1181102 1.04283 -2.175745 0.1181102 1.04283 -2.351814 0.1181102 4.969166 -2.273074 0.1181102 4.911958 -2.38189 0.1181102 5.06173 -2.351814 0.1181102 5.154295 -2.273074 0.1181102 5.211503 -2.175745 0.1181102 5.211503 -2.066929 0.1181102 0.8930573 -1.850394 0.1181102 5.511811 -2.097005 0.1181102 0.8004927 -2.175745 0.1181102 0.7432846 -2.097005 0.1181102 0.9856219 -2.097005 0.1181102 4.969166 -2.175745 0.1181102 4.911958 -2.066929 0.1181102 5.06173 -2.097005 0.1181102 5.154295 -2.480315 0.6692913 5.511811 -2.598425 0.6692913 -0.6692913 -2.480315 0.6692913 -0.6692913 -2.598425 0.6692913 5.511811 -2.480315 -1.338583 -0.6692913 -2.598425 0.6692913 -0.6692913 -2.598425 -1.338583 -0.6692913 -2.480315 0.6692913 -0.6692913 -1.850394 0.1181102 -0.1181102 -2.598425 -1.889764 -0.1181102 -2.598425 0.1181102 -0.1181102 -1.850394 -1.889764 -0.1181102 -1.850394 -1.338583 -0.6692913 -1.968504 0.6692913 -0.6692913 -1.968504 -1.338583 -0.6692913 -1.850394 0.6692913 -0.6692913</float_array>
                    <technique_common>
                        <accessor count="164" source="#ID115" stride="3">
                            <param name="X" type="float" />
                            <param name="Y" type="float" />
                            <param name="Z" type="float" />
                        </accessor>
                    </technique_common>
                </source>
                <source id="ID112">
                    <float_array id="ID116" count="492">0 -1 -7.185692e-15 0 -1 -7.185692e-15 0 -1 -7.185692e-15 0 -1 -7.185692e-15 1 0 0 1 0 0 1 0 0 1 0 0 1 0 0 1 0 0 1 0 0 1 0 0 0 0 1 0 0 1 0 0 1 0 0 1 -1 0 0 -1 0 0 -1 0 0 -1 0 0 -1 0 0 -1 0 0 -1 0 0 -1 0 0 -1.286438e-30 4.355452e-15 -1 -1.286438e-30 4.355452e-15 -1 -1.286438e-30 4.355452e-15 -1 -1.286438e-30 4.355452e-15 -1 -1.286438e-30 4.355452e-15 -1 -1.286438e-30 4.355452e-15 -1 -1.286438e-30 4.355452e-15 -1 -1.286438e-30 4.355452e-15 -1 -1.286438e-30 4.355452e-15 -1 -1.286438e-30 4.355452e-15 -1 -1.286438e-30 4.355452e-15 -1 -1.286438e-30 4.355452e-15 -1 0 -1 0 0 -1 0 0 -1 0 0 -1 0 4.699944e-15 1 7.647749e-15 4.699944e-15 1 7.647749e-15 4.699944e-15 1 7.647749e-15 4.699944e-15 1 7.647749e-15 3.759955e-15 4.423477e-16 -1 3.759955e-15 4.423477e-16 -1 3.759955e-15 4.423477e-16 -1 3.759955e-15 4.423477e-16 -1 0 1 0 0 1 0 0 1 0 0 1 0 0 0 1 0 0 1 0 0 1 0 0 1 0 0 1 0 0 1 0 0 1 0 0 1 0 0 1 0 0 1 0 0 1 0 0 1 -3.759955e-15 4.423477e-16 -1 -3.759955e-15 4.423477e-16 -1 -3.759955e-15 4.423477e-16 -1 -3.759955e-15 4.423477e-16 -1 -4.699944e-15 1 7.647749e-15 -4.699944e-15 1 7.647749e-15 -4.699944e-15 1 7.647749e-15 -4.699944e-15 1 7.647749e-15 0 1 0 0 1 0 0 1 0 0 1 0 1 0 0 1 0 0 1 0 0 1 0 0 1 0 0 1 0 0 1 0 0 1 0 0 0 -1 0 0 -1 0 0 -1 0 0 -1 0 1 0 0 1 0 0 1 0 0 1 0 0 1 0 0 1 0 0 1 0 0 1 0 0 0 1 0 0 1 0 0 1 0 0 1 0 -1 1.507517e-16 -2.05634e-17 -1 1.507517e-16 -2.05634e-17 -1 1.507517e-16 -2.05634e-17 -1 1.507517e-16 -2.05634e-17 -1 1.507517e-16 -2.05634e-17 -1 1.507517e-16 -2.05634e-17 -1 1.507517e-16 -2.05634e-17 -1 1.507517e-16 -2.05634e-17 0 -1 0 0 -1 0 0 -1 0 0 -1 0 -1 0 0 -1 0 0 -1 0 0 -1 0 0 -1 0 0 -1 0 0 -1 0 0 -1 0 0 0 -1 0 0 -1 0 0 -1 0 0 -1 0 0 1 0 0 1 0 0 1 0 0 1 0 0 1 0 0 1 0 0 1 0 0 1 0 0 1 0 0 1 0 0 1 0 0 1 0 0 1 0 0 1 0 0 1 0 0 1 0 0 1 0 0 1 0 0 1 0 0 1 0 0 1 0 0 1 0 0 1 0 0 1 0 0 -1 0 0 -1 0 0 -1 0 0 -1 0 0 -1.769391e-15 1 0 -1.769391e-15 1 0 -1.769391e-15 1 0 -1.769391e-15 1 0 8.846954e-16 -1 0 8.846954e-16 -1 0 8.846954e-16 -1 0 8.846954e-16 -1 4.36592e-31 -1.769391e-15 1 4.36592e-31 -1.769391e-15 1 4.36592e-31 -1.769391e-15 1 4.36592e-31 -1.769391e-15 1</float_array>
                    <technique_common>
                        <accessor count="164" source="#ID116" stride="3">
                            <param name="X" type="float" />
                            <param name="Y" type="float" />
                            <param name="Z" type="float" />
                        </accessor>
                    </technique_common>
                </source>
                <source id="ID114">
                    <float_array id="ID117" count="304">0.655 -7.664739e-16 0.5716667 -0.9 0.655 -0.9 0.5716667 -7.664739e-16 0.1733333 -0.9 0.1733333 -0.06666667 0.1066667 -0.9 0.1066667 0 0.2766667 0 0.3433333 -0.06666667 0.2766667 0.4666667 0.3433333 0.4666667 0.655 0.1066667 0.5716667 0.2766667 0.5716667 0.1066667 0.655 0.2766667 -0.3433333 0.4666667 -0.2766667 0 -0.2766667 0.4666667 -0.1066667 0 -0.1733333 -0.06666667 -0.1066667 -0.9 -0.3433333 -0.06666667 -0.1733333 -0.9 -0.5716667 0.1733333 -0.5816667 0.1633333 -0.5716667 0.1066667 -0.5916667 0.1733333 -0.5916667 0.1633333 -0.655 0.1733333 -0.635 0.1633333 -0.635 0.1733333 -0.645 0.1633333 -0.645 0.1166667 -0.5816667 0.1166667 -0.655 0.1066667 0.655 0.4666667 0.5716667 0 0.655 0 0.5716667 0.4666667 -0.635 -0.06666667 -0.655 -0.9 -0.635 -0.9 -0.655 -0.06666667 -0.655 0.3433333 -0.635 0.1733333 -0.635 0.3433333 -0.655 0.1733333 -0.635 0.4666667 -0.655 -0.06666667 -0.635 -0.06666667 -0.655 0.4666667 0.5816667 0.2866667 0.5716667 0.3433333 0.645 0.2866667 0.645 0.3333333 0.635 0.3433333 0.635 0.3333333 0.655 0.3433333 0.5816667 0.3333333 0.5916667 0.3433333 0.5916667 0.3333333 -0.5916667 0.3433333 -0.5716667 0.1733333 -0.5716667 0.3433333 -0.5916667 0.1733333 -0.5716667 -0.06666667 -0.5916667 -0.9 -0.5716667 -0.9 -0.5916667 -0.06666667 -0.5716667 0.4666667 -0.5916667 -0.06666667 -0.5716667 -0.06666667 -0.5916667 0.4666667 0.1633333 -0.05666667 0.1633333 -0.9 0.1733333 -0.06666667 0.3333333 -0.05666667 0.3333333 0.4666667 0.5916667 -0.05666667 0.5816667 -0.9 0.5916667 -0.9 0.5816667 -0.05666667 0.1166667 -0.01 0.1166667 -0.9 0.2866667 -0.01 0.2866667 0.4666667 -0.5816667 -0.01 -0.645 -0.9 -0.5816667 -0.9 -0.645 -0.01 -0.3333333 0.4666667 -0.2866667 -0.01 -0.2866667 0.4666667 -0.1166667 -0.01 -0.1633333 -0.05666667 -0.1166667 -0.9 -0.3333333 -0.05666667 -0.1633333 -0.9 0.645 -0.05666667 0.635 -0.9 0.645 -0.9 0.635 -0.05666667 -0.3333333 -0.05666667 -0.3333333 0.4666667 -0.1633333 -0.05666667 -0.1733333 -0.06666667 -0.1633333 -0.9 0.645 0.4666667 0.635 -0.05666667 0.645 -0.05666667 0.635 0.4666667 -0.5816667 -0.01 -0.6025464 0.06777505 -0.645 -0.01 -0.6 0.07561218 -0.5816667 0.4666667 -0.6092131 0.06293143 -0.6025464 0.08344932 -0.6092131 0.08829294 -0.6174536 0.08829294 -0.6025464 0.4207227 -0.6092131 0.4158791 -0.6 0.4285598 -0.6025464 0.436397 -0.6092131 0.4412406 -0.6174536 0.4412406 -0.6266667 0.07561218 -0.645 0.4666667 -0.6241202 0.06777505 -0.6174536 0.06293143 -0.6241202 0.08344932 -0.6241202 0.4207227 -0.6174536 0.4158791 -0.6266667 0.4285598 -0.6241202 0.436397 0.5916667 0.4666667 0.5816667 -0.05666667 0.5916667 -0.05666667 0.5816667 0.4666667 0.5916667 0.1633333 0.5816667 0.3333333 0.5816667 0.1633333 0.5916667 0.3333333 -0.645 0.2866667 -0.5816667 0.1166667 -0.5816667 0.2866667 -0.645 0.1166667 0.645 0.1633333 0.635 0.3333333 0.635 0.1633333 0.645 0.3333333</float_array>
                    <technique_common>
                        <accessor count="152" source="#ID117" stride="2">
                            <param name="S" type="float" />
                            <param name="T" type="float" />
                        </accessor>
                    </technique_common>
                </source>
                <vertices id="ID113">
                    <input semantic="POSITION" source="#ID111" />
                    <input semantic="NORMAL" source="#ID112" />
                </vertices>
                <triangles count="116" material="Material2">
                    <input offset="0" semantic="VERTEX" source="#ID113" />
                    <input offset="1" semantic="TEXCOORD" source="#ID114" />
                    <p>0 0 1 1 2 2 1 1 0 0 3 3 4 4 5 5 6 6 7 7 5 5 8 8 5 5 7 7 6 6 8 8 5 5 9 9 8 8 9 9 10 10 10 10 9 9 11 11 12 12 13 13 14 14 13 13 12 12 15 15 16 16 17 17 18 18 19 19 20 20 21 21 20 20 19 19 17 17 20 20 17 17 22 22 22 22 17 17 16 16 23 23 21 21 20 20 24 24 25 25 26 26 25 25 24 24 27 27 25 25 27 27 28 28 29 29 30 30 31 31 30 30 29 29 32 32 32 32 29 29 33 33 26 26 34 34 35 35 34 34 26 26 25 25 35 35 34 34 33 33 35 35 33 33 29 29 36 36 37 37 38 38 37 37 36 36 39 39 40 40 41 41 42 42 41 41 40 40 43 43 44 44 45 45 46 46 45 45 44 44 47 47 48 48 49 49 50 50 49 49 48 48 51 51 52 13 53 52 54 53 53 52 52 13 55 15 53 52 55 15 56 54 56 54 55 15 57 55 57 55 58 56 59 57 58 56 57 55 60 58 60 58 57 55 55 15 54 53 61 59 62 60 61 59 54 53 53 52 62 60 61 59 63 61 64 62 65 63 66 64 65 63 64 62 67 65 68 66 69 67 70 68 69 67 68 66 71 69 72 70 73 71 74 72 73 71 72 70 75 73 76 4 77 74 78 75 77 74 76 4 79 76 79 76 80 77 77 74 80 77 79 76 81 9 80 77 81 9 82 78 82 78 81 9 83 11 84 79 85 80 86 81 85 80 84 79 87 82 88 75 89 83 90 84 89 83 88 75 91 74 89 83 91 74 92 85 92 85 91 74 93 77 92 85 93 77 94 86 94 86 93 77 95 78 96 87 97 88 98 89 97 88 96 87 99 90 100 91 101 92 102 93 103 94 104 95 105 96 104 95 103 94 101 92 104 95 101 92 106 97 106 97 101 92 100 91 107 98 105 96 104 95 108 99 109 100 110 101 109 100 108 99 111 102 112 16 113 103 114 104 115 105 116 106 117 107 116 106 115 105 113 103 116 106 113 103 118 22 118 22 113 103 112 16 119 23 117 107 116 106 120 108 121 109 122 110 121 109 120 108 123 111 124 112 125 113 126 114 125 113 124 112 127 115 127 115 124 112 128 116 126 114 125 113 129 117 127 115 128 116 130 118 130 118 128 116 131 119 131 119 128 116 132 120 132 120 128 116 133 121 132 120 133 121 134 122 133 121 128 116 135 123 135 123 128 116 136 124 136 124 128 116 137 125 137 125 128 116 138 126 126 114 139 127 140 128 139 127 126 114 141 129 141 129 126 114 142 130 142 130 126 114 129 117 140 128 139 127 143 131 140 128 143 131 132 120 140 128 132 120 144 132 144 132 132 120 145 133 145 133 132 120 134 122 140 128 144 132 146 134 140 128 146 134 147 135 140 128 147 135 138 126 140 128 138 126 128 116 148 136 149 137 150 138 149 137 148 136 151 139 152 140 153 141 154 142 153 141 152 140 155 143 156 144 157 145 158 146 157 145 156 144 159 147 160 148 161 149 162 150 161 149 160 148 163 151</p>
                </triangles>
            </mesh>
        </geometry>
        <geometry id="ID118">
            <mesh>
                <source id="ID119">
                    <float_array id="ID123" count="30">-2.351814 0.1181102 4.969166 -2.175745 0.1181102 4.911958 -2.273074 0.1181102 4.911958 -2.097005 0.1181102 4.969166 -2.38189 0.1181102 5.06173 -2.066929 0.1181102 5.06173 -2.351814 0.1181102 5.154295 -2.097005 0.1181102 5.154295 -2.273074 0.1181102 5.211503 -2.175745 0.1181102 5.211503</float_array>
                    <technique_common>
                        <accessor count="10" source="#ID123" stride="3">
                            <param name="X" type="float" />
                            <param name="Y" type="float" />
                            <param name="Z" type="float" />
                        </accessor>
                    </technique_common>
                </source>
                <source id="ID120">
                    <float_array id="ID124" count="30">-1.270314e-29 1 1.63906e-15 -1.270314e-29 1 1.63906e-15 -1.270314e-29 1 1.63906e-15 -1.270314e-29 1 1.63906e-15 -1.270314e-29 1 1.63906e-15 -1.270314e-29 1 1.63906e-15 -1.270314e-29 1 1.63906e-15 -1.270314e-29 1 1.63906e-15 -1.270314e-29 1 1.63906e-15 -1.270314e-29 1 1.63906e-15</float_array>
                    <technique_common>
                        <accessor count="10" source="#ID124" stride="3">
                            <param name="X" type="float" />
                            <param name="Y" type="float" />
                            <param name="Z" type="float" />
                        </accessor>
                    </technique_common>
                </source>
                <source id="ID122">
                    <float_array id="ID125" count="20">20.2129 0.7096568 20.60969 0.8385807 20.39035 0.8385807 20.78714 0.7096568 20.14512 0.5010535 20.85492 0.5010535 20.2129 0.2924502 20.78714 0.2924502 20.39035 0.1635263 20.60969 0.1635263</float_array>
                    <technique_common>
                        <accessor count="10" source="#ID125" stride="2">
                            <param name="S" type="float" />
                            <param name="T" type="float" />
                        </accessor>
                    </technique_common>
                </source>
                <vertices id="ID121">
                    <input semantic="POSITION" source="#ID119" />
                    <input semantic="NORMAL" source="#ID120" />
                </vertices>
                <triangles count="8" material="Material2">
                    <input offset="0" semantic="VERTEX" source="#ID121" />
                    <input offset="1" semantic="TEXCOORD" source="#ID122" />
                    <p>0 0 1 1 2 2 1 1 0 0 3 3 3 3 0 0 4 4 3 3 4 4 5 5 5 5 4 4 6 6 5 5 6 6 7 7 7 7 6 6 8 8 7 7 8 8 9 9</p>
                </triangles>
            </mesh>
        </geometry>
        <geometry id="ID126">
            <mesh>
                <source id="ID127">
                    <float_array id="ID131" count="30">-2.351814 0.1181102 0.8004927 -2.175745 0.1181102 0.7432846 -2.273074 0.1181102 0.7432846 -2.097005 0.1181102 0.8004927 -2.38189 0.1181102 0.8930573 -2.066929 0.1181102 0.8930573 -2.351814 0.1181102 0.9856219 -2.097005 0.1181102 0.9856219 -2.273074 0.1181102 1.04283 -2.175745 0.1181102 1.04283</float_array>
                    <technique_common>
                        <accessor count="10" source="#ID131" stride="3">
                            <param name="X" type="float" />
                            <param name="Y" type="float" />
                            <param name="Z" type="float" />
                        </accessor>
                    </technique_common>
                </source>
                <source id="ID128">
                    <float_array id="ID132" count="30">-1.269952e-29 1 1.63906e-15 -1.269952e-29 1 1.63906e-15 -1.269952e-29 1 1.63906e-15 -1.269952e-29 1 1.63906e-15 -1.269952e-29 1 1.63906e-15 -1.269952e-29 1 1.63906e-15 -1.269952e-29 1 1.63906e-15 -1.269952e-29 1 1.63906e-15 -1.269952e-29 1 1.63906e-15 -1.269952e-29 1 1.63906e-15</float_array>
                    <technique_common>
                        <accessor count="10" source="#ID132" stride="3">
                            <param name="X" type="float" />
                            <param name="Y" type="float" />
                            <param name="Z" type="float" />
                        </accessor>
                    </technique_common>
                </source>
                <source id="ID130">
                    <float_array id="ID133" count="20">20.2129 0.7096568 20.60969 0.8385807 20.39035 0.8385807 20.78714 0.7096568 20.14512 0.5010535 20.85492 0.5010535 20.2129 0.2924502 20.78714 0.2924502 20.39035 0.1635263 20.60969 0.1635263</float_array>
                    <technique_common>
                        <accessor count="10" source="#ID133" stride="2">
                            <param name="S" type="float" />
                            <param name="T" type="float" />
                        </accessor>
                    </technique_common>
                </source>
                <vertices id="ID129">
                    <input semantic="POSITION" source="#ID127" />
                    <input semantic="NORMAL" source="#ID128" />
                </vertices>
                <triangles count="8" material="Material2">
                    <input offset="0" semantic="VERTEX" source="#ID129" />
                    <input offset="1" semantic="TEXCOORD" source="#ID130" />
                    <p>0 0 1 1 2 2 1 1 0 0 3 3 3 3 0 0 4 4 3 3 4 4 5 5 5 5 4 4 6 6 5 5 6 6 7 7 7 7 6 6 8 8 7 7 8 8 9 9</p>
                </triangles>
            </mesh>
        </geometry>
        <geometry id="ID136">
            <mesh>
                <source id="ID137">
                    <float_array id="ID141" count="426">1.176156 0.1574803 1.176156 1.033465 0.1968504 1.285647 1.033465 0.1574803 1.285647 1.176156 0.1968504 1.176156 0.8672966 0.1968504 1.354476 0.8672966 0.1574803 1.354476 1.033465 0.1574803 1.285647 0.6889764 0.1574803 1.377953 1.176156 0.1574803 1.176156 0.8672966 0.1574803 1.354476 0.3444882 0.1574803 1.285647 0.2017965 0.1574803 1.176156 0.5106562 0.1574803 1.354476 0.0234763 0.1574803 0.8672966 0 0.1574803 0.6889764 0.09230533 0.1574803 1.033465 0.09230533 0.1574803 0.3444882 0.2017965 0.1574803 0.2017965 0.0234763 0.1574803 0.5106562 0.5106562 0.1574803 0.0234763 0.6889764 0.1574803 0 0.3444882 0.1574803 0.09230533 1.285647 0.1574803 0.3444882 1.377953 0.1574803 0.6889764 1.176156 0.1574803 0.2017965 1.354476 0.1574803 0.5106562 0.8672966 0.1574803 0.0234763 1.033465 0.1574803 0.09230533 1.285647 0.1968504 1.033465 1.285647 0.1574803 1.033465 0.6889764 0.1968504 1.377953 0.6889764 0.1574803 1.377953 1.354476 0.1968504 0.5106562 1.377953 0.1574803 0.6889764 1.354476 0.1574803 0.5106562 1.377953 0.1968504 0.6889764 1.176156 0.1574803 0.2017965 1.277055 -0.03937008 0.4453864 1.176156 -0.03937008 0.2017965 1.377953 -0.03937008 0.6889764 1.377953 0.1574803 0.6889764 1.176156 0.1574803 0.2017965 0.6889764 -0.03937008 0 0.6889764 0.1574803 0 0.9325663 -0.03937008 0.1008983 1.176156 -0.03937008 0.2017965 0.6889764 0.1574803 0 0.2017965 -0.03937008 0.2017965 0.2017965 0.1574803 0.2017965 0.4453864 -0.03937008 0.1008983 0.6889764 -0.03937008 0 0 0.1574803 0.6889764 0.1008983 -0.03937008 0.4453864 0 -0.03937008 0.6889764 0.2017965 -0.03937008 0.2017965 0.2017965 0.1574803 0.2017965 0.2017965 0.1574803 1.176156 0.1008983 -0.03937008 0.9325663 0.2017965 -0.03937008 1.176156 0 -0.03937008 0.6889764 0 0.1574803 0.6889764 0.4453864 -0.03937008 1.277055 0.2017965 0.1574803 1.176156 0.2017965 -0.03937008 1.176156 0.6889764 0.1574803 1.377953 0.6889764 -0.03937008 1.377953 0.9325663 -0.03937008 1.277055 0.6889764 0.1574803 1.377953 0.6889764 -0.03937008 1.377953 1.176156 0.1574803 1.176156 1.176156 -0.03937008 1.176156 0.5106562 0.1968504 1.354476 0.5106562 0.1574803 1.354476 0.3444882 0.1968504 1.285647 0.3444882 0.1574803 1.285647 0.2017965 0.1968504 1.176156 0.2017965 0.1574803 1.176156 0.09230533 0.1574803 1.033465 0.09230533 0.1968504 1.033465 0.0234763 0.1574803 0.8672966 0.0234763 0.1968504 0.8672966 0 0.1574803 0.6889764 0 0.1968504 0.6889764 0.0234763 0.1574803 0.5106562 0.0234763 0.1968504 0.5106562 0.09230533 0.1574803 0.3444882 0.09230533 0.1968504 0.3444882 0.2017965 0.1574803 0.2017965 0.2017965 0.1968504 0.2017965 0.3444882 0.1968504 0.09230533 0.3444882 0.1574803 0.09230533 0.5106562 0.1968504 0.0234763 0.5106562 0.1574803 0.0234763 0.6889764 0.1968504 0 0.6889764 0.1574803 0 0.8672966 0.1968504 0.0234763 0.8672966 0.1574803 0.0234763 1.033465 0.1968504 0.09230533 1.033465 0.1574803 0.09230533 1.176156 0.1968504 0.2017965 1.176156 0.1574803 0.2017965 1.285647 0.1574803 0.3444882 1.285647 0.1968504 0.3444882 1.354476 0.1574803 0.8672966 1.285647 0.1574803 1.033465 1.354476 0.1968504 0.8672966 1.354476 0.1574803 0.8672966 1.377953 0.1574803 0.6889764 1.277055 -0.03937008 0.9325663 1.377953 -0.03937008 0.6889764 1.176156 -0.03937008 1.176156 1.176156 0.1574803 1.176156 0.9325663 -0.03937008 0.1008983 0.4453864 -0.03937008 0.1008983 0.6889764 -0.03937008 0 0.8203864 -0.03937008 0.1132315 1.176156 -0.03937008 0.2017965 1.057179 -0.03937008 0.2272649 1.277055 -0.03937008 0.4453864 1.221045 -0.03937008 0.4327458 1.279528 -0.03937008 0.6889764 1.377953 -0.03937008 0.6889764 1.277055 -0.03937008 0.9325663 1.221045 -0.03937008 0.9452069 1.176156 -0.03937008 1.176156 1.057179 -0.03937008 1.150688 0.8203864 -0.03937008 1.264721 0.9325663 -0.03937008 1.277055 0.5575664 -0.03937008 1.264721 0.5575664 -0.03937008 0.1132315 0.2017965 -0.03937008 0.2017965 0.3207737 -0.03937008 0.2272649 0.1008983 -0.03937008 0.4453864 0.1569081 -0.03937008 0.4327458 0.0984252 -0.03937008 0.6889764 0 -0.03937008 0.6889764 0.1569081 -0.03937008 0.9452069 0.1008983 -0.03937008 0.9325663 0.2017965 -0.03937008 1.176156 0.3207737 -0.03937008 1.150688 0.4453864 -0.03937008 1.277055 0.6889764 -0.03937008 1.377953</float_array>
                    <technique_common>
                        <accessor count="142" source="#ID141" stride="3">
                            <param name="X" type="float" />
                            <param name="Y" type="float" />
                            <param name="Z" type="float" />
                        </accessor>
                    </technique_common>
                </source>
                <source id="ID138">
                    <float_array id="ID142" count="426">0.7071068 2.79727e-31 0.7071068 0.5 -3.108078e-32 0.8660254 0.5 -3.108078e-32 0.8660254 0.7071068 2.79727e-31 0.7071068 0.258819 5.59454e-31 0.9659258 0.258819 5.59454e-31 0.9659258 0 -1 1.602374e-30 0 -1 1.602374e-30 0 -1 1.602374e-30 0 -1 1.602374e-30 0 -1 1.602374e-30 0 -1 1.602374e-30 0 -1 1.602374e-30 0 -1 1.602374e-30 0 -1 1.602374e-30 0 -1 1.602374e-30 0 -1 1.602374e-30 0 -1 1.602374e-30 0 -1 1.602374e-30 0 -1 1.602374e-30 0 -1 1.602374e-30 0 -1 1.602374e-30 0 -1 1.602374e-30 0 -1 1.602374e-30 0 -1 1.602374e-30 0 -1 1.602374e-30 0 -1 1.602374e-30 0 -1 1.602374e-30 0.8660254 9.790446e-31 0.5 0.8660254 9.790446e-31 0.5 -6.326888e-16 -9.20888e-18 1 -6.326888e-16 -9.20888e-18 1 0.9659258 -3.885097e-31 -0.258819 1 -1.20438e-30 4.90111e-16 0.9659258 -3.885097e-31 -0.258819 1 -1.20438e-30 4.90111e-16 0.9238795 1.664169e-16 -0.3826834 0.9238795 1.664169e-16 -0.3826834 0.9238795 1.664169e-16 -0.3826834 0.9238795 1.664169e-16 -0.3826834 0.9238795 1.664169e-16 -0.3826834 0.3826834 1.368497e-16 -0.9238795 0.3826834 1.368497e-16 -0.9238795 0.3826834 1.368497e-16 -0.9238795 0.3826834 1.368497e-16 -0.9238795 0.3826834 1.368497e-16 -0.9238795 -0.3826834 -1.998684e-16 -0.9238795 -0.3826834 -1.998684e-16 -0.9238795 -0.3826834 -1.998684e-16 -0.9238795 -0.3826834 -1.998684e-16 -0.9238795 -0.3826834 -1.998684e-16 -0.9238795 -0.9238795 5.609067e-17 -0.3826834 -0.9238795 5.609067e-17 -0.3826834 -0.9238795 5.609067e-17 -0.3826834 -0.9238795 5.609067e-17 -0.3826834 -0.9238795 5.609067e-17 -0.3826834 -0.9238795 5.913443e-17 0.3826834 -0.9238795 5.913443e-17 0.3826834 -0.9238795 5.913443e-17 0.3826834 -0.9238795 5.913443e-17 0.3826834 -0.9238795 5.913443e-17 0.3826834 -0.3826834 1.082971e-16 0.9238795 -0.3826834 1.082971e-16 0.9238795 -0.3826834 1.082971e-16 0.9238795 -0.3826834 1.082971e-16 0.9238795 -0.3826834 1.082971e-16 0.9238795 0.3826834 -4.529578e-16 0.9238795 0.3826834 -4.529578e-16 0.9238795 0.3826834 -4.529578e-16 0.9238795 0.3826834 -4.529578e-16 0.9238795 0.3826834 -4.529578e-16 0.9238795 -0.258819 -9.20888e-18 0.9659258 -0.258819 -9.20888e-18 0.9659258 -0.5 -7.148579e-31 0.8660254 -0.5 -7.148579e-31 0.8660254 -0.7071068 -2.175655e-31 0.7071068 -0.7071068 -2.175655e-31 0.7071068 -0.8660254 7.614791e-31 0.5 -0.8660254 7.614791e-31 0.5 -0.9659258 1.942549e-31 0.258819 -0.9659258 1.942549e-31 0.258819 -1 9.20888e-18 9.802221e-17 -1 9.20888e-18 9.802221e-17 -0.9659258 9.20888e-18 -0.258819 -0.9659258 9.20888e-18 -0.258819 -0.8660254 -5.905348e-31 -0.5 -0.8660254 -5.905348e-31 -0.5 -0.7071068 -7.148579e-31 -0.7071068 -0.7071068 -7.148579e-31 -0.7071068 -0.5 -1.149989e-30 -0.8660254 -0.5 -1.149989e-30 -0.8660254 -0.258819 -9.945849e-31 -0.9659258 -0.258819 -9.945849e-31 -0.9659258 5.346666e-17 -1.243231e-31 -1 5.346666e-17 -1.243231e-31 -1 0.258819 -2.79727e-31 -0.9659258 0.258819 -2.79727e-31 -0.9659258 0.5 -1.087827e-30 -0.8660254 0.5 -1.087827e-30 -0.8660254 0.7071068 -5.597264e-17 -0.7071068 0.7071068 -5.597264e-17 -0.7071068 0.8660254 -5.597264e-17 -0.5 0.8660254 -5.597264e-17 -0.5 0 -1 1.602374e-30 0 -1 1.602374e-30 0.9659258 -9.246532e-31 0.258819 0.9659258 -9.246532e-31 0.258819 0.9238795 -9.157133e-17 0.3826834 0.9238795 -9.157133e-17 0.3826834 0.9238795 -9.157133e-17 0.3826834 0.9238795 -9.157133e-17 0.3826834 0.9238795 -9.157133e-17 0.3826834 0 -1 1.602374e-30 0 -1 1.602374e-30 0 -1 1.602374e-30 0 -1 1.602374e-30 0 -1 1.602374e-30 0 -1 1.602374e-30 0 -1 1.602374e-30 0 -1 1.602374e-30 0 -1 1.602374e-30 0 -1 1.602374e-30 0 -1 1.602374e-30 0 -1 1.602374e-30 0 -1 1.602374e-30 0 -1 1.602374e-30 0 -1 1.602374e-30 0 -1 1.602374e-30 0 -1 1.602374e-30 0 -1 1.602374e-30 0 -1 1.602374e-30 0 -1 1.602374e-30 0 -1 1.602374e-30 0 -1 1.602374e-30 0 -1 1.602374e-30 0 -1 1.602374e-30 0 -1 1.602374e-30 0 -1 1.602374e-30 0 -1 1.602374e-30 0 -1 1.602374e-30 0 -1 1.602374e-30 0 -1 1.602374e-30</float_array>
                    <technique_common>
                        <accessor count="142" source="#ID142" stride="3">
                            <param name="X" type="float" />
                            <param name="Y" type="float" />
                            <param name="Z" type="float" />
                        </accessor>
                    </technique_common>
                </source>
                <source id="ID140">
                    <float_array id="ID143" count="376">0.01218244 -0.002666667 -6.028164e-17 0 -7.546047e-17 -0.002666667 0.01218244 0 0.01218244 -0.002666667 2.289835e-16 -3.469447e-18 2.185752e-16 -0.002666667 0.01218244 1.734723e-18 0.05488172 -0.01470551 0.03571712 1.665335e-16 0.06097294 -0.02525582 0.04626743 -0.006091222 0.01176734 0.003153049 7.632783e-17 1.665335e-16 0.02394978 0.003153049 -0.0191646 -0.01470551 -0.02525582 -0.02525582 -0.01055031 -0.006091222 -0.02840887 -0.0492056 -0.02525582 -0.06097294 -0.02840887 -0.03702316 -0.01055031 -0.08013753 -3.26128e-16 -0.08622876 -0.0191646 -0.07152324 0.04626743 -0.08013753 0.06097294 -0.06097294 0.03571712 -0.08622876 0.05488172 -0.07152324 0.01176734 -0.08938181 0.02394978 -0.08938181 0.01218244 -3.469447e-18 -2.654127e-16 -0.002666667 0.01218244 -0.002666667 -2.203099e-16 1.734723e-18 0.01218244 -0.002666667 1.228184e-15 0 1.221245e-15 -0.002666667 0.01218244 -1.734723e-18 0.01218244 0 2.775558e-16 -0.002666667 0.01218244 -0.002666667 2.775558e-16 0 0.03571712 -1.908196e-17 0.01785856 -0.01333333 0.03571712 -0.01333333 4.163336e-17 -0.01333333 6.938894e-17 -1.908196e-17 -3.608225e-16 -2.775558e-17 0.03571712 -0.01333333 0.03571712 -2.775558e-17 0.01785856 -0.01333333 -3.885781e-16 -0.01333333 -2.775558e-16 -2.428613e-17 0.03571712 -0.01333333 0.03571712 -2.428613e-17 0.01785856 -0.01333333 -2.775558e-16 -0.01333333 0.03571712 1.734723e-18 0.01785856 -0.01333333 -3.139849e-16 -0.01333333 -3.686287e-16 0 0.03571712 -1.734723e-18 0.01785856 -0.01333333 0.03571712 -0.01333333 -9.020562e-17 -0.01333333 -1.179612e-16 -1.734723e-18 0.01785856 -0.01333333 9.020562e-17 5.20417e-18 8.326673e-17 -0.01333333 0.03571712 0 0.03571712 -0.01333333 0.01785856 -0.01333333 -6.843484e-16 -6.765422e-17 -5.924081e-16 -0.01333333 0.03571712 -6.245005e-17 0.03571712 -0.01333333 0.01218244 -0.002666667 3.677614e-16 -6.938894e-18 3.677614e-16 -0.002666667 0.01218244 -5.20417e-18 0.01218244 -0.002666667 1.31839e-16 0 1.31839e-16 -0.002666667 0.01218244 -5.20417e-18 0.01218244 -0.002666667 -9.020562e-17 1.734723e-18 -9.020562e-17 -0.002666667 0.01218244 0 0.01218244 6.938894e-18 -2.844947e-16 -0.002666667 0.01218244 -0.002666667 -2.844947e-16 0 0.01218244 1.734723e-18 1.387779e-17 -0.002666667 0.01218244 -0.002666667 1.387779e-17 1.734723e-18 0.01218244 -3.469447e-18 -1.804112e-16 -0.002666667 0.01218244 -0.002666667 -1.804112e-16 0 0.01218244 1.734723e-18 1.040834e-16 -0.002666667 0.01218244 -0.002666667 1.040834e-16 1.734723e-18 0.01218244 1.040834e-17 1.179612e-16 -0.002666667 0.01218244 -0.002666667 9.020562e-17 1.734723e-18 0.01218244 -6.938894e-18 3.131176e-16 -0.002666667 0.01218244 -0.002666667 3.15286e-16 1.734723e-18 1.31839e-16 1.734723e-18 0.01218244 -0.002666667 0.01218244 1.040834e-17 1.856154e-16 -0.002666667 7.632783e-17 0 0.01218244 -0.002666667 0.01218244 -8.673617e-18 7.632783e-17 -0.002666667 -4.093947e-16 -1.196959e-16 0.01218244 -0.002666667 0.01218244 -1.144917e-16 -4.093947e-16 -0.002666667 -4.718448e-16 1.734723e-18 0.01218244 -0.002666667 0.01218244 -5.20417e-18 -4.718448e-16 -0.002666667 -1.110223e-16 0 0.01218244 -0.002666667 0.01218244 8.673617e-18 -1.110223e-16 -0.002666667 -1.387779e-17 -3.469447e-18 0.01218244 -0.002666667 0.01218244 -1.214306e-17 -1.387779e-17 -0.002666667 0.01218244 2.255141e-17 -2.63678e-16 -0.002666667 0.01218244 -0.002666667 -2.359224e-16 1.214306e-17 0.01218244 -6.938894e-18 1.387779e-16 -0.002666667 1.387779e-16 1.734723e-18 0.02394978 -0.003153049 2.775558e-17 -2.775558e-17 0.03450009 -0.009244271 0.01218244 5.551115e-17 0.01218244 0 4.510281e-16 -0.002666667 0.01218244 -0.002666667 4.510281e-16 0 0.01218244 5.20417e-18 -7.632783e-17 -0.002666667 0.03571712 6.938894e-18 0.01785856 -0.01333333 0.03571712 -0.01333333 -2.567391e-16 -0.01333333 -2.012279e-16 6.938894e-18 -0.03048647 -0.01262791 -1.734723e-17 3.122502e-17 -0.01785856 5.89806e-17 -0.02314685 -0.01049194 -0.04311438 -0.02525582 -0.03500894 -0.02376562 -0.04311438 -0.04311438 -0.03993707 -0.04087156 -0.03695518 -0.05842172 -0.04311438 -0.06097294 -0.03048647 -0.07360085 -0.02665386 -0.07294006 -0.01785856 -0.08622876 -0.01107342 -0.08155107 0.006700249 -0.08254922 1.977585e-16 -0.08622876 0.02314685 -0.07573681 -0.006700249 -0.003679537 0.01785856 3.469447e-17 0.01107342 -0.004677685 0.03048647 -0.01262791 0.02665386 -0.01328869 0.03695518 -0.02780704 0.04311438 -0.02525582 0.03993707 -0.0453572 0.04311438 -0.04311438 0.04311438 -0.06097294 0.03500894 -0.06246313 0.03048647 -0.07360085 0.01785856 -0.08622876</float_array>
                    <technique_common>
                        <accessor count="188" source="#ID143" stride="2">
                            <param name="S" type="float" />
                            <param name="T" type="float" />
                        </accessor>
                    </technique_common>
                </source>
                <vertices id="ID139">
                    <input semantic="POSITION" source="#ID137" />
                    <input semantic="NORMAL" source="#ID138" />
                </vertices>
                <triangles count="118" material="Material2">
                    <input offset="0" semantic="VERTEX" source="#ID139" />
                    <input offset="1" semantic="TEXCOORD" source="#ID140" />
                    <p>0 0 1 1 2 2 1 1 0 0 3 3 2 4 4 5 5 6 4 5 2 4 1 7 6 8 7 9 8 10 7 9 6 8 9 11 7 9 10 12 11 13 10 12 7 9 12 14 11 13 13 15 14 16 13 15 11 13 15 17 14 16 16 18 17 19 16 18 14 16 18 20 17 19 19 21 20 22 19 21 17 19 21 23 22 24 23 25 24 26 23 25 22 24 25 27 26 28 24 26 20 22 24 26 26 28 27 29 28 30 0 31 29 32 0 31 28 30 3 33 5 34 30 35 31 36 30 35 5 34 4 37 32 38 33 39 34 40 33 39 32 38 35 41 36 42 37 43 38 44 37 43 36 42 39 45 39 45 36 42 40 46 41 47 42 48 43 49 42 48 41 47 44 50 44 50 41 47 45 51 46 52 47 53 48 54 47 53 46 52 49 55 49 55 46 52 50 56 51 57 52 58 53 44 52 58 51 57 54 59 54 59 51 57 55 60 56 61 57 62 58 63 57 62 56 61 59 64 59 64 56 61 60 65 61 66 62 67 63 68 62 67 61 66 64 69 64 69 61 66 65 70 66 71 67 72 68 73 67 72 66 71 69 74 69 74 66 71 70 75 31 76 71 77 72 78 71 77 31 76 30 79 72 80 73 81 74 82 73 81 72 80 71 83 74 84 75 85 76 86 75 85 74 84 73 87 75 88 77 89 76 90 77 89 75 88 78 91 78 92 79 93 77 94 79 93 78 92 80 95 80 96 81 97 79 98 81 97 80 96 82 99 82 100 83 101 81 102 83 101 82 100 84 103 84 104 85 105 83 106 85 105 84 104 86 107 86 108 87 109 85 110 87 109 86 108 88 111 89 112 87 113 88 114 87 113 89 112 90 115 91 116 90 117 89 118 90 117 91 116 92 119 93 120 92 121 91 122 92 121 93 120 94 123 95 124 94 125 93 126 94 125 95 124 96 127 97 128 96 129 95 130 96 129 97 128 98 131 99 132 98 133 97 134 98 133 99 132 100 135 99 136 101 137 100 138 101 137 99 136 102 139 102 140 34 141 101 94 34 141 102 140 32 142 103 143 8 144 23 145 8 144 103 143 104 146 105 147 29 148 106 149 29 148 105 147 28 150 35 151 106 152 33 102 106 152 35 151 105 33 107 153 108 154 109 155 108 154 107 153 110 156 110 156 107 153 111 157 112 158 113 159 114 160 113 159 112 158 115 161 115 161 112 158 116 162 115 161 116 162 117 163 117 163 116 162 118 164 117 163 118 164 119 165 119 165 118 164 120 166 120 166 118 164 121 167 120 166 121 167 122 168 120 166 122 168 123 169 123 169 122 168 124 170 123 169 124 170 125 171 125 171 124 170 126 172 126 172 124 170 127 173 126 172 127 173 128 174 113 159 129 175 130 176 129 175 113 159 115 161 130 176 129 175 131 177 130 176 131 177 132 178 132 178 131 177 133 179 132 178 133 179 134 180 132 178 134 180 135 181 135 181 134 180 136 182 135 181 136 182 137 183 137 183 136 182 138 184 138 184 136 182 139 185 138 184 139 185 128 174 138 184 128 174 140 186 140 186 128 174 127 173 140 186 127 173 141 187</p>
                </triangles>
            </mesh>
        </geometry>
        <geometry id="ID144">
            <mesh>
                <source id="ID150">
                    <float_array id="ID154" count="126">1.057179 -13.09055 0.2272649 0.5575664 -13.09055 0.1132315 0.8203864 -13.09055 0.1132315 0.3207737 -13.09055 0.2272649 0.1569081 -13.09055 0.4327458 1.221045 -13.09055 0.4327458 0.0984252 -13.09055 0.6889764 1.279528 -13.09055 0.6889764 0.1569081 -13.09055 0.9452069 1.221045 -13.09055 0.9452069 0.3207737 -13.09055 1.150688 1.057179 -13.09055 1.150688 0.5575664 -13.09055 1.264721 0.8203864 -13.09055 1.264721 1.221045 -0.03937008 0.9452069 1.057179 -13.09055 1.150688 1.221045 -13.09055 0.9452069 1.057179 -0.03937008 1.150688 0.8203864 -0.03937008 1.264721 0.8203864 -13.09055 1.264721 0.5575664 -0.03937008 1.264721 0.5575664 -13.09055 1.264721 0.3207737 -0.03937008 1.150688 0.3207737 -13.09055 1.150688 0.1569081 -13.09055 0.9452069 0.1569081 -0.03937008 0.9452069 0.0984252 -13.09055 0.6889764 0.0984252 -0.03937008 0.6889764 0.1569081 -13.09055 0.4327458 0.1569081 -0.03937008 0.4327458 0.3207737 -13.09055 0.2272649 0.3207737 -0.03937008 0.2272649 0.5575664 -0.03937008 0.1132315 0.5575664 -13.09055 0.1132315 0.8203864 -0.03937008 0.1132315 0.8203864 -13.09055 0.1132315 1.057179 -0.03937008 0.2272649 1.057179 -13.09055 0.2272649 1.221045 -13.09055 0.4327458 1.221045 -0.03937008 0.4327458 1.279528 -13.09055 0.6889764 1.279528 -0.03937008 0.6889764</float_array>
                    <technique_common>
                        <accessor count="42" source="#ID154" stride="3">
                            <param name="X" type="float" />
                            <param name="Y" type="float" />
                            <param name="Z" type="float" />
                        </accessor>
                    </technique_common>
                </source>
                <source id="ID151">
                    <float_array id="ID155" count="126">0 -1 0 0 -1 0 0 -1 0 0 -1 0 0 -1 0 0 -1 0 0 -1 0 0 -1 0 0 -1 0 0 -1 0 0 -1 0 0 -1 0 0 -1 0 0 -1 0 0.9009689 0 0.4338837 0.6234898 0 0.7818315 0.9009689 0 0.4338837 0.6234898 0 0.7818315 0.2225209 0 0.9749279 0.2225209 0 0.9749279 -0.2225209 0 0.9749279 -0.2225209 0 0.9749279 -0.6234898 0 0.7818315 -0.6234898 0 0.7818315 -0.9009689 0 0.4338837 -0.9009689 0 0.4338837 -1 0 3.624832e-17 -1 0 3.624832e-17 -0.9009689 0 -0.4338837 -0.9009689 0 -0.4338837 -0.6234898 0 -0.7818315 -0.6234898 0 -0.7818315 -0.2225209 0 -0.9749279 -0.2225209 0 -0.9749279 0.2225209 0 -0.9749279 0.2225209 0 -0.9749279 0.6234898 0 -0.7818315 0.6234898 0 -0.7818315 0.9009689 0 -0.4338837 0.9009689 0 -0.4338837 1 0 1.812416e-17 1 0 1.812416e-17</float_array>
                    <technique_common>
                        <accessor count="42" source="#ID155" stride="3">
                            <param name="X" type="float" />
                            <param name="Y" type="float" />
                            <param name="Z" type="float" />
                        </accessor>
                    </technique_common>
                </source>
                <source id="ID153">
                    <float_array id="ID156" count="138">0.2685235 0.05772528 0.1416219 0.02876081 0.2083781 0.02876081 0.08147653 0.05772528 0.03985467 0.1099174 0.3101453 0.1099174 0.025 0.175 0.325 0.175 0.03985467 0.2400826 0.3101453 0.2400826 0.08147653 0.2922747 0.2685235 0.2922747 0.1416219 0.3212392 0.2083781 0.3212392 0.875158 -3.315 0.9424778 1.776357e-15 0.875158 1.776357e-15 0.9424778 -3.315 8.326673e-17 8.881784e-16 0.06731984 -3.315 0.06731984 8.881784e-16 8.326673e-17 -3.315 0.06731984 0 0.1346397 -3.315 0.1346397 0 0.06731984 -3.315 0.1346397 8.881784e-16 0.2019595 -3.315 0.2019595 8.881784e-16 0.1346397 -3.315 0.2019595 -3.315 0.2692794 4.440892e-16 0.2019595 4.440892e-16 0.2692794 -3.315 0.2692794 -3.315 0.3365992 0 0.2692794 0 0.3365992 -3.315 0.3365992 -3.315 0.4039191 8.881784e-16 0.3365992 8.881784e-16 0.4039191 -3.315 0.4039191 -3.315 0.4712389 0 0.4039191 0 0.4712389 -3.315 0.5385587 -3.315 0.4712389 -3.315 0.5385587 0 0.6058786 -3.315 0.5385587 -1.332268e-15 0.5385587 -3.315 0.6058786 -1.332268e-15 0.6731984 -3.315 0.6058786 8.881784e-16 0.6058786 -3.315 0.6731984 8.881784e-16 0.6731984 -3.315 0.7405183 1.776357e-15 0.6731984 1.776357e-15 0.7405183 -3.315 0.7405183 -3.315 0.8078381 4.440892e-16 0.7405183 4.440892e-16 0.8078381 -3.315 0.8078381 -3.315 0.875158 -4.440892e-16 0.8078381 -4.440892e-16 0.875158 -3.315</float_array>
                    <technique_common>
                        <accessor count="69" source="#ID156" stride="2">
                            <param name="S" type="float" />
                            <param name="T" type="float" />
                        </accessor>
                    </technique_common>
                </source>
                <vertices id="ID152">
                    <input semantic="POSITION" source="#ID150" />
                    <input semantic="NORMAL" source="#ID151" />
                </vertices>
                <triangles count="40" material="Material2">
                    <input offset="0" semantic="VERTEX" source="#ID152" />
                    <input offset="1" semantic="TEXCOORD" source="#ID153" />
                    <p>0 0 1 1 2 2 1 1 0 0 3 3 3 3 0 0 4 4 4 4 0 0 5 5 4 4 5 5 6 6 6 6 5 5 7 7 6 6 7 7 8 8 8 8 7 7 9 9 8 8 9 9 10 10 10 10 9 9 11 11 10 10 11 11 12 12 12 12 11 11 13 13 14 14 15 15 16 16 15 15 14 14 17 17 15 18 18 19 19 20 18 19 15 18 17 21 19 22 20 23 21 24 20 23 19 22 18 25 21 26 22 27 23 28 22 27 21 26 20 29 22 30 24 31 23 32 24 31 22 30 25 33 25 34 26 35 24 36 26 35 25 34 27 37 27 38 28 39 26 40 28 39 27 38 29 41 29 42 30 43 28 44 30 43 29 42 31 45 32 46 30 43 31 47 30 43 32 46 33 48 34 49 33 50 32 51 33 50 34 49 35 52 36 53 35 54 34 55 35 54 36 53 37 56 36 57 38 58 37 59 38 58 36 57 39 60 39 61 40 62 38 63 40 62 39 61 41 64 41 65 16 66 40 67 16 66 41 65 14 68</p>
                </triangles>
            </mesh>
        </geometry>
    </library_geometries>
    <library_materials>
        <material id="ID6" name="screw_normal">
            <instance_effect url="#ID7" />
        </material>
        <material id="ID35" name="metal">
            <instance_effect url="#ID36" />
        </material>
        <material id="ID82" name="mount">
            <instance_effect url="#ID83" />
        </material>
        <material id="ID145" name="metal_galvanized">
            <instance_effect url="#ID146" />
        </material>
    </library_materials>
    <library_effects>
        <effect id="ID7">
            <profile_COMMON>
                <newparam sid="ID9">
                    <surface type="2D">
                        <init_from>ID8</init_from>
                    </surface>
                </newparam>
                <newparam sid="ID10">
                    <sampler2D>
                        <source>ID9</source>
                    </sampler2D>
                </newparam>
                <technique sid="COMMON">
                    <lambert>
                        <diffuse>
                            <texture texture="ID10" texcoord="UVSET0" />
                        </diffuse>
                    </lambert>
                </technique>
            </profile_COMMON>
        </effect>
        <effect id="ID36">
            <profile_COMMON>
                <newparam sid="ID38">
                    <surface type="2D">
                        <init_from>ID37</init_from>
                    </surface>
                </newparam>
                <newparam sid="ID39">
                    <sampler2D>
                        <source>ID38</source>
                    </sampler2D>
                </newparam>
                <technique sid="COMMON">
                    <lambert>
                        <diffuse>
                            <texture texture="ID39" texcoord="UVSET0" />
                        </diffuse>
                    </lambert>
                </technique>
            </profile_COMMON>
        </effect>
        <effect id="ID83">
            <profile_COMMON>
                <newparam sid="ID85">
                    <surface type="2D">
                        <init_from>ID84</init_from>
                    </surface>
                </newparam>
                <newparam sid="ID86">
                    <sampler2D>
                        <source>ID85</source>
                    </sampler2D>
                </newparam>
                <technique sid="COMMON">
                    <lambert>
                        <diffuse>
                            <texture texture="ID86" texcoord="UVSET0" />
                        </diffuse>
                    </lambert>
                </technique>
            </profile_COMMON>
        </effect>
        <effect id="ID146">
            <profile_COMMON>
                <newparam sid="ID148">
                    <surface type="2D">
                        <init_from>ID147</init_from>
                    </surface>
                </newparam>
                <newparam sid="ID149">
                    <sampler2D>
                        <source>ID148</source>
                    </sampler2D>
                </newparam>
                <technique sid="COMMON">
                    <lambert>
                        <diffuse>
                            <texture texture="ID149" texcoord="UVSET0" />
                        </diffuse>
                    </lambert>
                </technique>
            </profile_COMMON>
        </effect>
    </library_effects>
    <library_images>
        <image id="ID8">
            <init_from>panel_3x2/screw_normal.png</init_from>
        </image>
        <image id="ID37">
            <init_from>panel_3x2/metal.jpg</init_from>
        </image>
        <image id="ID84">
            <init_from>panel_3x2/mount.jpg</init_from>
        </image>
        <image id="ID147">
            <init_from>panel_3x2/metal_galvanized.jpg</init_from>
        </image>
    </library_images>
    <scene>
        <instance_visual_scene url="#ID2" />
    </scene>
</COLLADA>
