<?xml version="1.0" encoding="UTF-8" standalone="no" ?>
<COLLADA xmlns="http://www.collada.org/2005/11/COLLADASchema" version="1.4.1">
    <asset>
        <contributor>
            <authoring_tool>SketchUp 17.2.2555</authoring_tool>
        </contributor>
        <created>2026-07-05T17:10:13Z</created>
        <modified>2026-07-05T17:10:13Z</modified>
        <unit meter="0.0254" name="inch" />
        <up_axis>Z_UP</up_axis>
    </asset>
    <library_cameras>
        <camera id="ID1" name="skp_camera_Last_Saved_SketchUp_View">
            <optics>
                <technique_common>
                    <perspective>
                        <yfov>35</yfov>
                        <aspect_ratio>0</aspect_ratio>
                        <znear>0.1</znear>
                        <zfar>2</zfar>
                    </perspective>
                </technique_common>
            </optics>
        </camera>
    </library_cameras>
    <library_visual_scenes>
        <visual_scene id="ID2">
            <node name="SketchUp">
                <node name="skp_camera_Last_Saved_SketchUp_View">
                    <matrix>0.9337373 0.1379526 -0.3303087 -6.973372 -0.3579591 0.3598496 -0.861611 -25.07455 -4.163336e-17 0.9227553 0.3853864 9.11681 0 0 0 1</matrix>
                    <instance_camera url="#ID1" />
                </node>
                <node id="ID3" name="instance_0">
                    <matrix>1 0 0 -0.1181102 0 1 0 0 0 0 1 -0.1181102 0 0 0 1</matrix>
                    <instance_node url="#ID4" />
                </node>
                <node id="ID79" name="instance_1">
                    <matrix>1 0 0 5.397638 0 1 0 1.259843 0 0 1 -10.62992 0 0 0 1</matrix>
                    <instance_node url="#ID80" />
                </node>
                <node id="ID134" name="instance_2">
                    <matrix>0.8 0 0 3.129921 0 4.551914e-16 -0.8 2.579301 0 0.8 4.551914e-16 -0.1574803 0 0 0 1</matrix>
                    <instance_node url="#ID135" />
                </node>
            </node>
        </visual_scene>
    </library_visual_scenes>
    <library_nodes>
        <node id="ID4" name="panel">
            <instance_geometry url="#ID5">
                <bind_material>
                    <technique_common>
                        <instance_material symbol="Material2" target="#ID6">
                            <bind_vertex_input semantic="UVSET0" input_semantic="TEXCOORD" input_set="0" />
                        </instance_material>
                    </technique_common>
                </bind_material>
            </instance_geometry>
            <instance_geometry url="#ID18">
                <bind_material>
                    <technique_common>
                        <instance_material symbol="Material2" target="#ID19">
                            <bind_vertex_input semantic="UVSET0" input_semantic="TEXCOORD" input_set="0" />
                        </instance_material>
                    </technique_common>
                </bind_material>
            </instance_geometry>
            <instance_geometry url="#ID31">
                <bind_material>
                    <technique_common>
                        <instance_material symbol="Material2" target="#ID6">
                            <bind_vertex_input semantic="UVSET0" input_semantic="TEXCOORD" input_set="0" />
                        </instance_material>
                    </technique_common>
                </bind_material>
            </instance_geometry>
            <instance_geometry url="#ID39">
                <bind_material>
                    <technique_common>
                        <instance_material symbol="Material2" target="#ID6">
                            <bind_vertex_input semantic="UVSET0" input_semantic="TEXCOORD" input_set="0" />
                        </instance_material>
                    </technique_common>
                </bind_material>
            </instance_geometry>
            <instance_geometry url="#ID47">
                <bind_material>
                    <technique_common>
                        <instance_material symbol="Material2" target="#ID19">
                            <bind_vertex_input semantic="UVSET0" input_semantic="TEXCOORD" input_set="0" />
                        </instance_material>
                    </technique_common>
                </bind_material>
            </instance_geometry>
            <instance_geometry url="#ID55">
                <bind_material>
                    <technique_common>
                        <instance_material symbol="Material2" target="#ID6">
                            <bind_vertex_input semantic="UVSET0" input_semantic="TEXCOORD" input_set="0" />
                        </instance_material>
                    </technique_common>
                </bind_material>
            </instance_geometry>
            <instance_geometry url="#ID63">
                <bind_material>
                    <technique_common>
                        <instance_material symbol="Material2" target="#ID6">
                            <bind_vertex_input semantic="UVSET0" input_semantic="TEXCOORD" input_set="0" />
                        </instance_material>
                    </technique_common>
                </bind_material>
            </instance_geometry>
            <instance_geometry url="#ID71">
                <bind_material>
                    <technique_common>
                        <instance_material symbol="Material2" target="#ID6">
                            <bind_vertex_input semantic="UVSET0" input_semantic="TEXCOORD" input_set="0" />
                        </instance_material>
                    </technique_common>
                </bind_material>
            </instance_geometry>
        </node>
        <node id="ID80" name="mount">
            <instance_geometry url="#ID81">
                <bind_material>
                    <technique_common>
                        <instance_material symbol="Material2" target="#ID82">
                            <bind_vertex_input semantic="UVSET0" input_semantic="TEXCOORD" input_set="0" />
                        </instance_material>
                    </technique_common>
                </bind_material>
            </instance_geometry>
            <instance_geometry url="#ID94">
                <bind_material>
                    <technique_common>
                        <instance_material symbol="Material2" target="#ID6">
                            <bind_vertex_input semantic="UVSET0" input_semantic="TEXCOORD" input_set="0" />
                        </instance_material>
                    </technique_common>
                </bind_material>
            </instance_geometry>
            <instance_geometry url="#ID102">
                <bind_material>
                    <technique_common>
                        <instance_material symbol="Material2" target="#ID6">
                            <bind_vertex_input semantic="UVSET0" input_semantic="TEXCOORD" input_set="0" />
                        </instance_material>
                    </technique_common>
                </bind_material>
            </instance_geometry>
            <instance_geometry url="#ID110">
                <bind_material>
                    <technique_common>
                        <instance_material symbol="Material2" target="#ID82">
                            <bind_vertex_input semantic="UVSET0" input_semantic="TEXCOORD" input_set="0" />
                        </instance_material>
                    </technique_common>
                </bind_material>
            </instance_geometry>
            <instance_geometry url="#ID118">
                <bind_material>
                    <technique_common>
                        <instance_material symbol="Material2" target="#ID6">
                            <bind_vertex_input semantic="UVSET0" input_semantic="TEXCOORD" input_set="0" />
                        </instance_material>
                    </technique_common>
                </bind_material>
            </instance_geometry>
            <instance_geometry url="#ID126">
                <bind_material>
                    <technique_common>
                        <instance_material symbol="Material2" target="#ID6">
                            <bind_vertex_input semantic="UVSET0" input_semantic="TEXCOORD" input_set="0" />
                        </instance_material>
                    </technique_common>
                </bind_material>
            </instance_geometry>
        </node>
        <node id="ID135" name="pipe">
            <instance_geometry url="#ID136">
                <bind_material>
                    <technique_common>
                        <instance_material symbol="Material2" target="#ID19">
                            <bind_vertex_input semantic="UVSET0" input_semantic="TEXCOORD" input_set="0" />
                        </instance_material>
                    </technique_common>
                </bind_material>
            </instance_geometry>
            <instance_geometry url="#ID144">
                <bind_material>
                    <technique_common>
                        <instance_material symbol="Material2" target="#ID145">
                            <bind_vertex_input semantic="UVSET0" input_semantic="TEXCOORD" input_set="0" />
                        </instance_material>
                    </technique_common>
                </bind_material>
            </instance_geometry>
        </node>
    </library_nodes>
    <library_geometries>
        <geometry id="ID5">
            <mesh>
                <source id="ID11">
                    <float_array id="ID15" count="30">0.4423649 0 3.135782 0.2662965 0 3.078574 0.3636247 0 3.078574 0.1875564 0 3.135782 0.4724409 0 3.228346 0.1574803 0 3.228346 0.4423649 0 3.320911 0.1875564 0 3.320911 0.3636247 0 3.378119 0.2662965 0 3.378119</float_array>
                    <technique_common>
                        <accessor count="10" source="#ID15" stride="3">
                            <param name="X" type="float" />
                            <param name="Y" type="float" />
                            <param name="Z" type="float" />
                        </accessor>
                    </technique_common>
                </source>
                <source id="ID12">
                    <float_array id="ID16" count="30">0 -1 0 0 -1 0 0 -1 0 0 -1 0 0 -1 0 0 -1 0 0 -1 0 0 -1 0 0 -1 0 0 -1 0</float_array>
                    <technique_common>
                        <accessor count="10" source="#ID16" stride="3">
                            <param name="X" type="float" />
                            <param name="Y" type="float" />
                            <param name="Z" type="float" />
                        </accessor>
                    </technique_common>
                </source>
                <source id="ID14">
                    <float_array id="ID17" count="20">0.785765 0.2927911 0.3889748 0.1638662 0.608315 0.1638662 0.2115249 0.2927911 0.8535449 0.501396 0.1437451 0.501396 0.7857651 0.7100009 0.211525 0.7100009 0.6083152 0.8389258 0.388975 0.8389258</float_array>
                    <technique_common>
                        <accessor count="10" source="#ID17" stride="2">
                            <param name="S" type="float" />
                            <param name="T" type="float" />
                        </accessor>
                    </technique_common>
                </source>
                <vertices id="ID13">
                    <input semantic="POSITION" source="#ID11" />
                    <input semantic="NORMAL" source="#ID12" />
                </vertices>
                <triangles count="8" material="Material2">
                    <input offset="0" semantic="VERTEX" source="#ID13" />
                    <input offset="1" semantic="TEXCOORD" source="#ID14" />
                    <p>0 0 1 1 2 2 1 1 0 0 3 3 3 3 0 0 4 4 3 3 4 4 5 5 5 5 4 4 6 6 5 5 6 6 7 7 7 7 6 6 8 8 7 7 8 8 9 9</p>
                </triangles>
            </mesh>
        </geometry>
        <geometry id="ID18">
            <mesh>
                <source id="ID24">
                    <float_array id="ID28" count="72">0.1574803 0.7874016 3.425197 7.440945 3.267717 3.425197 0.1574803 3.267717 3.425197 7.440945 0.7874016 3.425197 7.480315 3.267717 3.385827 7.480315 0.7874016 3.385827 0.1181102 3.267717 0.1574803 7.440945 3.267717 0.1181102 0.1574803 3.267717 0.1181102 7.480315 3.267717 0.1574803 0.1181102 3.267717 3.385827 7.480315 3.267717 3.385827 0.1574803 3.267717 3.425197 7.440945 3.267717 3.425197 0.1181102 3.267717 3.385827 0.1181102 0.7874016 3.385827 7.480315 3.267717 0.1574803 7.480315 0.7874016 0.1574803 7.440945 3.267717 0.1181102 0.1574803 0.7874016 0.1181102 0.1574803 3.267717 0.1181102 7.440945 0.7874016 0.1181102 0.1181102 3.267717 0.1574803 0.1181102 0.7874016 0.1574803</float_array>
                    <technique_common>
                        <accessor count="24" source="#ID28" stride="3">
                            <param name="X" type="float" />
                            <param name="Y" type="float" />
                            <param name="Z" type="float" />
                        </accessor>
                    </technique_common>
                </source>
                <source id="ID25">
                    <float_array id="ID29" count="72">-0.3826834 -2.158173e-18 0.9238795 0.3826834 0 0.9238795 -0.3826834 -2.158173e-18 0.9238795 0.3826834 0 0.9238795 0.9238795 0 0.3826834 0.9238795 0 0.3826834 0 1 0 0 1 0 0 1 0 0 1 0 0 1 0 0 1 0 0 1 0 0 1 0 -0.9238795 -2.158173e-18 0.3826834 -0.9238795 -2.158173e-18 0.3826834 0.9238795 0 -0.3826834 0.9238795 0 -0.3826834 0.3826834 0 -0.9238795 -0.3826834 -2.805625e-18 -0.9238795 -0.3826834 -2.805625e-18 -0.9238795 0.3826834 0 -0.9238795 -0.9238795 -2.805625e-18 -0.3826834 -0.9238795 -2.805625e-18 -0.3826834</float_array>
                    <technique_common>
                        <accessor count="24" source="#ID29" stride="3">
                            <param name="X" type="float" />
                            <param name="Y" type="float" />
                            <param name="Z" type="float" />
                        </accessor>
                    </technique_common>
                </source>
                <source id="ID27">
                    <float_array id="ID30" count="80">0.762 -1.734723e-18 0.552 0.6166667 0.552 -1.734723e-17 0.762 0.6166667 1.132013 -0.1267157 1.342013 -0.1314298 1.342013 -0.1267157 1.132013 -0.1314298 0.7633333 0.003333333 0.1433333 1.734723e-18 0.76 1.734723e-18 0.14 0.003333333 0.7633333 0.2766667 0.14 0.2766667 0.76 0.28 0.1433333 0.28 1.299652 -0.1553261 1.509652 -0.150612 1.299652 -0.150612 1.509652 -0.1553261 0.2833333 0.4933333 0.4933333 0.22 0.4933333 0.4933333 0.2833333 0.22 1.36876 1.321502 1.15876 0.7048354 1.36876 0.7048354 1.15876 1.321502 0 4.336809e-19 0.21 -0.004714045 0.21 4.336809e-19 0 -0.004714045 2.337359 -0.04285954 2.127359 0.2304738 2.127359 -0.04285954 2.337359 0.2304738 0.8442078 -1.381055 1.054208 -1.385769 1.054208 -1.381055 0.8442078 -1.385769</float_array>
                    <technique_common>
                        <accessor count="40" source="#ID30" stride="2">
                            <param name="S" type="float" />
                            <param name="T" type="float" />
                        </accessor>
                    </technique_common>
                </source>
                <vertices id="ID26">
                    <input semantic="POSITION" source="#ID24" />
                    <input semantic="NORMAL" source="#ID25" />
                </vertices>
                <triangles count="22" material="Material2">
                    <input offset="0" semantic="VERTEX" source="#ID26" />
                    <input offset="1" semantic="TEXCOORD" source="#ID27" />
                    <p>0 0 1 1 2 2 1 1 0 0 3 3 4 4 3 5 5 6 3 5 4 4 1 7 6 8 7 9 8 10 7 9 6 8 9 11 9 11 6 8 10 12 9 11 10 12 11 13 11 13 10 12 12 14 11 13 12 14 13 15 0 16 14 17 15 18 14 17 0 16 2 19 16 20 5 21 17 22 5 21 16 20 4 23 18 24 19 25 20 26 19 25 18 24 21 27 22 28 19 29 23 30 19 29 22 28 20 31 14 32 23 33 15 34 23 33 14 32 22 35 18 36 17 37 21 38 17 37 18 36 16 39</p>
                </triangles>
            </mesh>
        </geometry>
        <geometry id="ID31">
            <mesh>
                <source id="ID32">
                    <float_array id="ID36" count="30">3.926617 0 3.135782 3.750549 0 3.078574 3.847877 0 3.078574 3.671808 0 3.135782 3.956693 0 3.228346 3.641732 0 3.228346 3.926617 0 3.320911 3.671808 0 3.320911 3.847877 0 3.378119 3.750549 0 3.378119</float_array>
                    <technique_common>
                        <accessor count="10" source="#ID36" stride="3">
                            <param name="X" type="float" />
                            <param name="Y" type="float" />
                            <param name="Z" type="float" />
                        </accessor>
                    </technique_common>
                </source>
                <source id="ID33">
                    <float_array id="ID37" count="30">0 -1 0 0 -1 0 0 -1 0 0 -1 0 0 -1 0 0 -1 0 0 -1 0 0 -1 0 0 -1 0 0 -1 0</float_array>
                    <technique_common>
                        <accessor count="10" source="#ID37" stride="3">
                            <param name="X" type="float" />
                            <param name="Y" type="float" />
                            <param name="Z" type="float" />
                        </accessor>
                    </technique_common>
                </source>
                <source id="ID35">
                    <float_array id="ID38" count="20">10.78459 0.2919208 10.3878 0.162996 10.60714 0.162996 10.21035 0.2919208 10.85237 0.5005255 10.14257 0.5005255 10.78459 0.7091303 10.21035 0.7091303 10.60714 0.8380551 10.3878 0.8380551</float_array>
                    <technique_common>
                        <accessor count="10" source="#ID38" stride="2">
                            <param name="S" type="float" />
                            <param name="T" type="float" />
                        </accessor>
                    </technique_common>
                </source>
                <vertices id="ID34">
                    <input semantic="POSITION" source="#ID32" />
                    <input semantic="NORMAL" source="#ID33" />
                </vertices>
                <triangles count="8" material="Material2">
                    <input offset="0" semantic="VERTEX" source="#ID34" />
                    <input offset="1" semantic="TEXCOORD" source="#ID35" />
                    <p>0 0 1 1 2 2 1 1 0 0 3 3 3 3 0 0 4 4 3 3 4 4 5 5 5 5 4 4 6 6 5 5 6 6 7 7 7 7 6 6 8 8 7 7 8 8 9 9</p>
                </triangles>
            </mesh>
        </geometry>
        <geometry id="ID39">
            <mesh>
                <source id="ID40">
                    <float_array id="ID44" count="30">7.410869 0 3.135782 7.2348 0 3.078574 7.332129 0 3.078574 7.15606 0 3.135782 7.440945 0 3.228346 7.125984 0 3.228346 7.410869 0 3.320911 7.15606 0 3.320911 7.332129 0 3.378119 7.2348 0 3.378119</float_array>
                    <technique_common>
                        <accessor count="10" source="#ID44" stride="3">
                            <param name="X" type="float" />
                            <param name="Y" type="float" />
                            <param name="Z" type="float" />
                        </accessor>
                    </technique_common>
                </source>
                <source id="ID41">
                    <float_array id="ID45" count="30">0 -1 0 0 -1 0 0 -1 0 0 -1 0 0 -1 0 0 -1 0 0 -1 0 0 -1 0 0 -1 0 0 -1 0</float_array>
                    <technique_common>
                        <accessor count="10" source="#ID45" stride="3">
                            <param name="X" type="float" />
                            <param name="Y" type="float" />
                            <param name="Z" type="float" />
                        </accessor>
                    </technique_common>
                </source>
                <source id="ID43">
                    <float_array id="ID46" count="20">20.78727 0.2924521 20.39048 0.1635273 20.60982 0.1635273 20.21303 0.2924521 20.85505 0.5010567 20.14525 0.5010567 20.78727 0.7096613 20.21303 0.7096613 20.60982 0.838586 20.39048 0.838586</float_array>
                    <technique_common>
                        <accessor count="10" source="#ID46" stride="2">
                            <param name="S" type="float" />
                            <param name="T" type="float" />
                        </accessor>
                    </technique_common>
                </source>
                <vertices id="ID42">
                    <input semantic="POSITION" source="#ID40" />
                    <input semantic="NORMAL" source="#ID41" />
                </vertices>
                <triangles count="8" material="Material2">
                    <input offset="0" semantic="VERTEX" source="#ID42" />
                    <input offset="1" semantic="TEXCOORD" source="#ID43" />
                    <p>0 0 1 1 2 2 1 1 0 0 3 3 3 3 0 0 4 4 3 3 4 4 5 5 5 5 4 4 6 6 5 5 6 6 7 7 7 7 6 6 8 8 7 7 8 8 9 9</p>
                </triangles>
            </mesh>
        </geometry>
        <geometry id="ID47">
            <mesh>
                <source id="ID48">
                    <float_array id="ID52" count="288">0.03937008 0.7874016 0.03937008 7.559055 0.7480315 0 0.03937008 0.7480315 0 7.559055 0.7874016 0.03937008 0.03937008 0.03937008 0 7.559055 0.03937008 0 0 0.7480315 0.03937008 0.1574803 0.7874016 0.1181102 0.1181102 0.7874016 0.1574803 0.03937008 0.7874016 3.503937 0.1181102 0.7874016 3.385827 0.1574803 0.7874016 3.425197 7.440945 0.7874016 3.425197 7.480315 0.7874016 0.1574803 7.559055 0.7874016 3.503937 7.440945 0.7874016 0.1181102 7.480315 0.7874016 3.385827 7.598425 0.7480315 0.03937008 7.559055 0 0.03937008 0.03937008 0 0.03937008 0 0.03937008 0.03937008 7.598425 0.03937008 0.03937008 -4.163336e-17 0.7480315 3.503937 7.598425 0.7480315 3.503937 7.559055 0.7480315 3.543307 0.03937008 0.7480315 3.543307 7.559055 0 0.03937008 7.332129 0 0.165188 0.03937008 0 0.03937008 7.410869 0 0.222396 7.440945 0 0.3149606 7.559055 0 3.503937 7.410869 0 0.4075252 7.332129 0 0.4647333 7.2348 0 0.4647333 7.410869 0 3.135782 3.847877 0 0.4647333 3.750549 0 0.4647333 7.332129 0 3.078574 0.3636247 0 0.4647333 0.2662965 0 0.4647333 7.440945 0 3.228346 7.410869 0 3.320911 7.332129 0 3.378119 7.2348 0 3.378119 3.847877 0 3.378119 3.750549 0 3.378119 0.3636247 0 3.378119 0.2662965 0 3.378119 0.1574803 0 0.3149606 0.03937008 0 3.503937 0.1875564 0 0.222396 0.2662965 0 0.165188 7.2348 0 0.165188 3.847877 0 0.165188 3.750549 0 0.165188 0.3636247 0 0.165188 0.1875564 0 0.4075252 0.1875564 0 3.135782 0.2662965 0 3.078574 7.2348 0 3.078574 3.847877 0 3.078574 3.750549 0 3.078574 0.3636247 0 3.078574 0.1574803 0 3.228346 0.1875564 0 3.320911 3.671808 0 3.135782 0.4423649 0 3.135782 3.641732 0 3.228346 0.4724409 0 3.228346 3.671808 0 3.320911 0.4423649 0 3.320911 7.15606 0 3.135782 3.926617 0 3.135782 7.125984 0 3.228346 3.956693 0 3.228346 7.15606 0 3.320911 3.926617 0 3.320911 3.671808 0 0.222396 0.4423649 0 0.222396 3.641732 0 0.3149606 0.4724409 0 0.3149606 3.671808 0 0.4075252 0.4423649 0 0.4075252 7.15606 0 0.222396 3.926617 0 0.222396 7.125984 0 0.3149606 3.956693 0 0.3149606 7.15606 0 0.4075252 3.926617 0 0.4075252 -4.163336e-17 0.03937008 3.503937 7.598425 0.03937008 3.503937 7.559055 0.03937008 3.543307 0.03937008 0.03937008 3.543307 7.559055 0 3.503937 0.03937008 0 3.503937</float_array>
                    <technique_common>
                        <accessor count="96" source="#ID52" stride="3">
                            <param name="X" type="float" />
                            <param name="Y" type="float" />
                            <param name="Z" type="float" />
                        </accessor>
                    </technique_common>
                </source>
                <source id="ID49">
                    <float_array id="ID53" count="288">-0.341586 0.8755787 -0.341586 0.341586 0.341586 -0.8755787 -0.341586 0.341586 -0.8755787 0.341586 0.8755787 -0.341586 -0.341586 -0.341586 -0.8755787 0.341586 -0.341586 -0.8755787 -0.8755787 0.341586 -0.341586 0 1 0 0 1 0 -0.341586 0.8755787 0.341586 0 1 0 0 1 0 0 1 0 0 1 0 0.341586 0.8755787 0.341586 0 1 0 0 1 0 0.8755787 0.341586 -0.341586 0.4605629 -0.7587909 -0.4605629 -0.4605629 -0.7587909 -0.4605629 -0.8755787 -0.341586 -0.341586 0.8755787 -0.341586 -0.341586 -0.8755787 0.341586 0.341586 0.8755787 0.341586 0.341586 0.341586 0.341586 0.8755787 -0.341586 0.341586 0.8755787 0 -1 0 0 -1 0 0 -1 0 0 -1 0 0 -1 0 0 -1 0 0 -1 0 0 -1 0 0 -1 0 0 -1 0 0 -1 0 0 -1 0 0 -1 0 0 -1 0 0 -1 0 0 -1 0 0 -1 0 0 -1 0 0 -1 0 0 -1 0 0 -1 0 0 -1 0 0 -1 0 0 -1 0 0 -1 0 0 -1 0 0 -1 0 0 -1 0 0 -1 0 0 -1 0 0 -1 0 0 -1 0 0 -1 0 0 -1 0 0 -1 0 0 -1 0 0 -1 0 0 -1 0 0 -1 0 0 -1 0 0 -1 0 0 -1 0 0 -1 0 0 -1 0 0 -1 0 0 -1 0 0 -1 0 0 -1 0 0 -1 0 0 -1 0 0 -1 0 0 -1 0 0 -1 0 0 -1 0 0 -1 0 0 -1 0 0 -1 0 0 -1 0 0 -1 0 0 -1 0 0 -1 0 0 -1 0 0 -1 0 0 -1 0 -0.8755787 -0.341586 0.341586 0.8755787 -0.341586 0.341586 0.341586 -0.341586 0.8755787 -0.341586 -0.341586 0.8755787 0.4605629 -0.7587909 0.4605629 -0.4605629 -0.7587909 0.4605629</float_array>
                    <technique_common>
                        <accessor count="96" source="#ID53" stride="3">
                            <param name="X" type="float" />
                            <param name="Y" type="float" />
                            <param name="Z" type="float" />
                        </accessor>
                    </technique_common>
                </source>
                <source id="ID51">
                    <float_array id="ID54" count="306">-0.2469179 -2.566156 -0.2516319 -1.92949 -0.2516319 -2.566156 -0.2469179 -1.92949 -1.893471 0.02394092 -1.953471 -0.6127258 -1.893471 -0.6127258 -1.953471 0.02394092 -0.3612507 -0.5699563 -0.3659648 -0.5699563 -0.3636077 -0.5740388 2.473718 0.7751428 2.463718 0.7818095 1.837051 0.7751428 2.467051 0.7851428 2.473718 1.068476 2.467051 1.058476 2.463718 1.06181 1.847051 1.06181 1.843718 0.7851428 1.837051 1.068476 1.847051 0.7818095 1.843718 1.058476 -0.9266193 2.375877e-14 -0.9289763 0.004082483 -0.9313333 2.38698e-14 -1.908923 -2.42715 -1.272256 -2.423817 -1.908923 -2.423817 -1.272256 -2.42715 -1.006403 -1.562666 -0.9464031 -1.56738 -0.9464031 -1.562666 -1.006403 -1.56738 0.2923377 -0.7698718 0.3523377 -0.7745859 0.3523377 -0.7698718 0.2923377 -0.7745859 2.352645 -0.04285954 2.357359 0.2504738 2.352645 0.2504738 2.357359 -0.04285954 -1.439333 3.278627e-16 -1.434619 -0.2933333 -1.434619 3.278627e-16 -1.439333 -0.2933333 -1.424929 0.8397854 -1.429643 0.2031187 -1.424929 0.2031187 -1.429643 0.8397854 -2.055589 -2.42715 -2.052256 -2.42715 -2.052256 -2.423817 -1.88971 -2.437803 -1.896376 -2.442646 -1.898923 -2.450484 -1.908923 -2.720484 -1.896376 -2.458321 -1.88971 -2.463164 -1.881469 -2.463164 -1.896376 -2.689313 -1.59471 -2.463164 -1.586469 -2.463164 -1.88971 -2.684469 -1.29971 -2.463164 -1.291469 -2.463164 -1.898923 -2.69715 -1.896376 -2.704987 -1.88971 -2.709831 -1.881469 -2.709831 -1.59471 -2.709831 -1.586469 -2.709831 -1.29971 -2.709831 -1.291469 -2.709831 -1.282256 -2.450484 -1.272256 -2.720484 -1.284803 -2.442646 -1.291469 -2.437803 -1.881469 -2.437803 -1.59471 -2.437803 -1.586469 -2.437803 -1.29971 -2.437803 -1.284803 -2.458321 -1.284803 -2.689313 -1.291469 -2.684469 -1.881469 -2.684469 -1.59471 -2.684469 -1.586469 -2.684469 -1.29971 -2.684469 -1.282256 -2.69715 -1.284803 -2.704987 -1.579803 -2.689313 -1.306376 -2.689313 -1.577256 -2.69715 -1.308923 -2.69715 -1.579803 -2.704987 -1.306376 -2.704987 -1.874803 -2.689313 -1.601376 -2.689313 -1.872256 -2.69715 -1.603923 -2.69715 -1.874803 -2.704987 -1.601376 -2.704987 -1.579803 -2.442646 -1.306376 -2.442646 -1.577256 -2.450484 -1.308923 -2.450484 -1.579803 -2.458321 -1.306376 -2.458321 -1.874803 -2.442646 -1.601376 -2.442646 -1.872256 -2.450484 -1.603923 -2.450484 -1.874803 -2.458321 -1.601376 -2.458321 -1.268923 -2.42715 -0.4683681 1.492823 -0.5283681 1.786156 -0.5283681 1.492823 -0.4683681 1.786156 -1.27 0.5133333 -1.21 0.22 -1.21 0.5133333 -1.27 0.22 0.3218179 -0.6928846 0.3194609 -0.6888022 0.3171039 -0.6928846 1.513463 -0.2150669 1.508749 -0.2150669 1.511106 -0.2191494 0.06 0.1286667 4.163336e-17 -0.508 0.06 -0.508 -5.551115e-17 0.1286667 -2.052256 -2.720484 -2.055589 -2.720484 -1.908923 -2.940484 -1.272256 -2.943817 -1.272256 -2.940484 -1.908923 -2.943817 -1.268923 -2.720484 0.2813673 0.2563038 0.3413673 0.2610178 0.2813673 0.2610178 0.3413673 0.2563038 0.08381936 -0.01666221 0.1438194 -0.01194816 0.08381936 -0.01194816 0.1438194 -0.01666221 -2.052256 -2.943817 -2.052256 -2.940484 -2.055589 -2.940484 -1.268923 -2.940484</float_array>
                    <technique_common>
                        <accessor count="153" source="#ID54" stride="2">
                            <param name="S" type="float" />
                            <param name="T" type="float" />
                        </accessor>
                    </technique_common>
                </source>
                <vertices id="ID50">
                    <input semantic="POSITION" source="#ID48" />
                    <input semantic="NORMAL" source="#ID49" />
                </vertices>
                <triangles count="126" material="Material2">
                    <input offset="0" semantic="VERTEX" source="#ID50" />
                    <input offset="1" semantic="TEXCOORD" source="#ID51" />
                    <p>0 0 1 1 2 2 1 1 0 0 3 3 1 4 4 5 2 6 4 5 1 4 5 7 0 8 2 9 6 10 0 11 7 12 3 13 7 12 0 11 8 14 8 14 0 11 9 15 8 14 9 15 10 16 10 16 9 15 11 17 11 17 9 15 12 18 3 13 13 19 14 20 13 19 3 13 15 21 15 21 3 13 7 12 14 20 13 19 16 22 14 20 16 22 12 18 14 20 12 18 9 15 3 23 17 24 1 25 18 26 4 27 5 28 4 27 18 26 19 29 6 30 4 31 20 32 4 31 6 30 2 33 1 34 21 35 5 36 21 35 1 34 17 37 22 38 0 39 6 40 0 39 22 38 9 41 3 42 23 43 17 44 23 43 3 42 14 45 24 46 9 47 25 48 9 47 24 46 14 49 21 50 18 51 5 52 26 26 27 53 28 29 27 53 26 26 29 54 29 54 26 26 30 55 30 55 26 26 31 56 30 55 31 56 32 57 32 57 31 56 33 58 33 58 31 56 34 59 34 59 31 56 35 60 34 59 35 60 36 61 36 61 35 60 37 62 37 62 35 60 38 63 37 62 38 63 39 64 39 64 38 63 40 65 35 60 31 56 41 66 41 66 31 56 42 67 42 67 31 56 43 68 43 68 31 56 44 69 44 69 31 56 45 70 45 70 31 56 46 71 46 71 31 56 47 72 47 72 31 56 48 73 28 29 49 74 50 75 49 74 28 29 51 76 51 76 28 29 52 77 52 77 28 29 27 53 52 77 27 53 53 78 52 77 53 78 54 79 52 77 54 79 55 80 52 77 55 80 56 81 50 75 49 74 57 82 50 75 57 82 40 65 50 75 40 65 58 83 58 83 40 65 59 84 59 84 40 65 38 63 59 84 38 63 60 85 59 84 60 85 61 86 59 84 61 86 62 87 59 84 62 87 63 88 50 75 58 83 64 89 50 75 64 89 65 90 50 75 65 90 48 73 50 75 48 73 31 56 66 91 63 88 62 87 63 88 66 91 67 92 67 92 66 91 68 93 67 92 68 93 69 94 69 94 68 93 70 95 69 94 70 95 71 96 71 96 70 95 46 71 71 96 46 71 47 72 72 97 61 86 60 85 61 86 72 97 73 98 73 98 72 97 74 99 73 98 74 99 75 100 75 100 74 99 76 101 75 100 76 101 77 102 77 102 76 101 44 69 77 102 44 69 45 70 78 103 56 81 55 80 56 81 78 103 79 104 79 104 78 103 80 105 79 104 80 105 81 106 81 106 80 105 82 107 81 106 82 107 83 108 83 108 82 107 37 62 83 108 37 62 39 64 84 109 54 79 53 78 54 79 84 109 85 110 85 110 84 109 86 111 85 110 86 111 87 112 87 112 86 111 88 113 87 112 88 113 89 114 89 114 88 113 34 59 89 114 34 59 36 61 20 115 4 27 19 29 22 116 20 117 90 118 20 117 22 116 6 119 17 120 91 121 21 122 91 121 17 120 23 123 9 124 22 125 25 126 14 127 24 128 23 129 92 130 25 131 93 132 25 131 92 130 24 133 21 50 94 134 18 51 94 134 21 50 91 135 94 136 93 137 95 138 93 137 94 136 92 139 95 75 20 115 19 29 20 115 95 75 90 140 93 141 22 142 90 143 22 142 93 141 25 144 91 145 24 146 92 147 24 146 91 145 23 148 92 149 94 150 91 151 93 137 90 152 95 138</p>
                </triangles>
            </mesh>
        </geometry>
        <geometry id="ID55">
            <mesh>
                <source id="ID56">
                    <float_array id="ID60" count="30">7.410869 0 0.222396 7.2348 0 0.165188 7.332129 0 0.165188 7.15606 0 0.222396 7.440945 0 0.3149606 7.125984 0 0.3149606 7.410869 0 0.4075252 7.15606 0 0.4075252 7.332129 0 0.4647333 7.2348 0 0.4647333</float_array>
                    <technique_common>
                        <accessor count="10" source="#ID60" stride="3">
                            <param name="X" type="float" />
                            <param name="Y" type="float" />
                            <param name="Z" type="float" />
                        </accessor>
                    </technique_common>
                </source>
                <source id="ID57">
                    <float_array id="ID61" count="30">0 -1 0 0 -1 0 0 -1 0 0 -1 0 0 -1 0 0 -1 0 0 -1 0 0 -1 0 0 -1 0 0 -1 0</float_array>
                    <technique_common>
                        <accessor count="10" source="#ID61" stride="3">
                            <param name="X" type="float" />
                            <param name="Y" type="float" />
                            <param name="Z" type="float" />
                        </accessor>
                    </technique_common>
                </source>
                <source id="ID59">
                    <float_array id="ID62" count="20">20.78752 -11.70855 20.39073 -11.83748 20.61007 -11.83748 20.21328 -11.70855 20.8553 -11.49995 20.1455 -11.49995 20.78752 -11.29135 20.21328 -11.29135 20.61007 -11.16242 20.39073 -11.16242</float_array>
                    <technique_common>
                        <accessor count="10" source="#ID62" stride="2">
                            <param name="S" type="float" />
                            <param name="T" type="float" />
                        </accessor>
                    </technique_common>
                </source>
                <vertices id="ID58">
                    <input semantic="POSITION" source="#ID56" />
                    <input semantic="NORMAL" source="#ID57" />
                </vertices>
                <triangles count="8" material="Material2">
                    <input offset="0" semantic="VERTEX" source="#ID58" />
                    <input offset="1" semantic="TEXCOORD" source="#ID59" />
                    <p>0 0 1 1 2 2 1 1 0 0 3 3 3 3 0 0 4 4 3 3 4 4 5 5 5 5 4 4 6 6 5 5 6 6 7 7 7 7 6 6 8 8 7 7 8 8 9 9</p>
                </triangles>
            </mesh>
        </geometry>
        <geometry id="ID63">
            <mesh>
                <source id="ID64">
                    <float_array id="ID68" count="30">0.4423649 0 0.222396 0.2662965 0 0.165188 0.3636247 0 0.165188 0.1875564 0 0.222396 0.4724409 0 0.3149606 0.1574803 0 0.3149606 0.4423649 0 0.4075252 0.1875564 0 0.4075252 0.3636247 0 0.4647333 0.2662965 0 0.4647333</float_array>
                    <technique_common>
                        <accessor count="10" source="#ID68" stride="3">
                            <param name="X" type="float" />
                            <param name="Y" type="float" />
                            <param name="Z" type="float" />
                        </accessor>
                    </technique_common>
                </source>
                <source id="ID65">
                    <float_array id="ID69" count="30">0 -1 0 0 -1 0 0 -1 0 0 -1 0 0 -1 0 0 -1 0 0 -1 0 0 -1 0 0 -1 0 0 -1 0</float_array>
                    <technique_common>
                        <accessor count="10" source="#ID69" stride="3">
                            <param name="X" type="float" />
                            <param name="Y" type="float" />
                            <param name="Z" type="float" />
                        </accessor>
                    </technique_common>
                </source>
                <source id="ID67">
                    <float_array id="ID70" count="20">0.7888145 -11.70892 0.3920243 -11.83784 0.6113645 -11.83784 0.2145743 -11.70892 0.8565944 -11.50031 0.1467946 -11.50031 0.7888146 -11.29171 0.2145745 -11.29171 0.6113647 -11.16278 0.3920245 -11.16278</float_array>
                    <technique_common>
                        <accessor count="10" source="#ID70" stride="2">
                            <param name="S" type="float" />
                            <param name="T" type="float" />
                        </accessor>
                    </technique_common>
                </source>
                <vertices id="ID66">
                    <input semantic="POSITION" source="#ID64" />
                    <input semantic="NORMAL" source="#ID65" />
                </vertices>
                <triangles count="8" material="Material2">
                    <input offset="0" semantic="VERTEX" source="#ID66" />
                    <input offset="1" semantic="TEXCOORD" source="#ID67" />
                    <p>0 0 1 1 2 2 1 1 0 0 3 3 3 3 0 0 4 4 3 3 4 4 5 5 5 5 4 4 6 6 5 5 6 6 7 7 7 7 6 6 8 8 7 7 8 8 9 9</p>
                </triangles>
            </mesh>
        </geometry>
        <geometry id="ID71">
            <mesh>
                <source id="ID72">
                    <float_array id="ID76" count="30">3.926617 0 0.222396 3.750549 0 0.165188 3.847877 0 0.165188 3.671808 0 0.222396 3.956693 0 0.3149606 3.641732 0 0.3149606 3.926617 0 0.4075252 3.671808 0 0.4075252 3.847877 0 0.4647333 3.750549 0 0.4647333</float_array>
                    <technique_common>
                        <accessor count="10" source="#ID76" stride="3">
                            <param name="X" type="float" />
                            <param name="Y" type="float" />
                            <param name="Z" type="float" />
                        </accessor>
                    </technique_common>
                </source>
                <source id="ID73">
                    <float_array id="ID77" count="30">0 -1 0 0 -1 0 0 -1 0 0 -1 0 0 -1 0 0 -1 0 0 -1 0 0 -1 0 0 -1 0 0 -1 0</float_array>
                    <technique_common>
                        <accessor count="10" source="#ID77" stride="3">
                            <param name="X" type="float" />
                            <param name="Y" type="float" />
                            <param name="Z" type="float" />
                        </accessor>
                    </technique_common>
                </source>
                <source id="ID75">
                    <float_array id="ID78" count="20">10.78889 -11.70619 10.3921 -11.83512 10.61144 -11.83512 10.21465 -11.70619 10.85667 -11.49759 10.14687 -11.49759 10.78889 -11.28898 10.21465 -11.28898 10.61144 -11.16006 10.3921 -11.16006</float_array>
                    <technique_common>
                        <accessor count="10" source="#ID78" stride="2">
                            <param name="S" type="float" />
                            <param name="T" type="float" />
                        </accessor>
                    </technique_common>
                </source>
                <vertices id="ID74">
                    <input semantic="POSITION" source="#ID72" />
                    <input semantic="NORMAL" source="#ID73" />
                </vertices>
                <triangles count="8" material="Material2">
                    <input offset="0" semantic="VERTEX" source="#ID74" />
                    <input offset="1" semantic="TEXCOORD" source="#ID75" />
                    <p>0 0 1 1 2 2 1 1 0 0 3 3 3 3 0 0 4 4 3 3 4 4 5 5 5 5 4 4 6 6 5 5 6 6 7 7 7 7 6 6 8 8 7 7 8 8 9 9</p>
                </triangles>
            </mesh>
        </geometry>
        <geometry id="ID81">
            <mesh>
                <source id="ID87">
                    <float_array id="ID91" count="492">0.984252 0.7874016 5.329071e-15 0.984252 0.7874016 9.84252 0.984252 7.638334e-14 0 0.984252 0 10.62992 0.984252 2.007874 10.62992 0.984252 2.795276 9.84252 0.984252 2.007874 13.54331 0.984252 2.795276 13.54331 0.984252 2.007874 13.54331 0 2.007874 10.62992 0.984252 2.007874 10.62992 0 2.007874 13.54331 0.984252 0 10.62992 0 2.007874 10.62992 0 0 10.62992 0.984252 2.007874 10.62992 0.984252 0 10.62992 0 7.638334e-14 0 0.984252 7.638334e-14 0 0 0 10.62992 0 0.7874016 5.329071e-15 0.1181102 0.6692913 5.329071e-15 0 7.638334e-14 0 0.2362205 0.7874016 5.329071e-15 0.2362205 0.6692913 5.329071e-15 0.984252 0.7874016 5.329071e-15 0.7480315 0.6692913 5.329071e-15 0.7480315 0.7874016 5.329071e-15 0.8661417 0.6692913 5.329071e-15 0.8661417 0.1181102 5.329071e-15 0.1181102 0.1181102 5.329071e-15 0.984252 7.638334e-14 0 0.7480315 0.7874016 9.84252 0.984252 0.7874016 5.329071e-15 0.7480315 0.7874016 5.329071e-15 0.984252 0.7874016 9.84252 0.984252 2.795276 9.84252 0.7480315 0.7874016 9.84252 0.7480315 2.795276 9.84252 0.984252 0.7874016 9.84252 0.7480315 2.795276 13.54331 0.984252 2.795276 9.84252 0.7480315 2.795276 9.84252 0.984252 2.795276 13.54331 0 2.007874 13.54331 0.1181102 2.125984 13.54331 0 2.795276 13.54331 0.984252 2.007874 13.54331 0.8661417 2.125984 13.54331 0.8661417 2.677165 13.54331 0.7480315 2.795276 13.54331 0.7480315 2.677165 13.54331 0.984252 2.795276 13.54331 0.1181102 2.677165 13.54331 0.2362205 2.795276 13.54331 0.2362205 2.677165 13.54331 0 2.795276 13.54331 0 2.007874 10.62992 0 2.007874 13.54331 0 0 10.62992 0 0.7874016 9.84252 0 7.638334e-14 0 0 2.795276 9.84252 0 0.7874016 5.329071e-15 0 0.7874016 9.84252 0.2362205 0.7874016 5.329071e-15 0 0.7874016 5.329071e-15 0.2362205 0.7874016 9.84252 0.2362205 0.7874016 5.329071e-15 0.2362205 0.6692913 9.96063 0.2362205 0.6692913 5.329071e-15 0.2362205 0.7874016 9.84252 0.2362205 2.677165 9.96063 0.2362205 2.795276 9.84252 0.2362205 2.677165 13.54331 0.2362205 2.795276 13.54331 0.2362205 0.6692913 9.96063 0.1181102 0.6692913 5.329071e-15 0.2362205 0.6692913 5.329071e-15 0.1181102 0.6692913 9.96063 0.1181102 0.6692913 5.329071e-15 0.1181102 0.1181102 10.51181 0.1181102 0.1181102 5.329071e-15 0.1181102 0.6692913 9.96063 0.1181102 2.125984 10.51181 0.1181102 2.677165 9.96063 0.1181102 2.125984 13.54331 0.1181102 2.677165 13.54331 0.1181102 0.1181102 10.51181 0.8661417 0.1181102 5.329071e-15 0.1181102 0.1181102 5.329071e-15 0.8661417 0.1181102 10.51181 0.8661417 2.677165 13.54331 0.8661417 2.125984 10.51181 0.8661417 2.125984 13.54331 0.8661417 0.1181102 10.51181 0.8661417 0.6692913 9.96063 0.8661417 0.1181102 5.329071e-15 0.8661417 2.677165 9.96063 0.8661417 0.6692913 5.329071e-15 0.8661417 0.6692913 9.96063 0.7480315 0.6692913 5.329071e-15 0.8661417 0.6692913 5.329071e-15 0.7480315 0.6692913 9.96063 0.7480315 2.795276 13.54331 0.7480315 2.677165 9.96063 0.7480315 2.677165 13.54331 0.7480315 0.6692913 9.96063 0.7480315 0.7874016 9.84252 0.7480315 0.6692913 5.329071e-15 0.7480315 2.795276 9.84252 0.7480315 0.7874016 5.329071e-15 0.8661417 2.677165 13.54331 0.7480315 2.677165 9.96063 0.8661417 2.677165 9.96063 0.7480315 2.677165 13.54331 0.1181102 2.125984 10.51181 0.3647217 2.125984 11.43041 0.8661417 2.125984 10.51181 0.3346457 2.125984 11.52298 0.1181102 2.125984 13.54331 0.4434619 2.125984 11.37321 0.3647217 2.125984 11.61554 0.4434619 2.125984 11.67275 0.5407901 2.125984 11.67275 0.3647217 2.125984 13.00066 0.4434619 2.125984 12.94345 0.3346457 2.125984 13.09323 0.3647217 2.125984 13.18579 0.4434619 2.125984 13.243 0.5407901 2.125984 13.243 0.6496063 2.125984 11.52298 0.8661417 2.125984 13.54331 0.6195302 2.125984 11.43041 0.5407901 2.125984 11.37321 0.6195302 2.125984 11.61554 0.6195302 2.125984 13.00066 0.5407901 2.125984 12.94345 0.6496063 2.125984 13.09323 0.6195302 2.125984 13.18579 0.2362205 2.677165 13.54331 0.1181102 2.677165 9.96063 0.2362205 2.677165 9.96063 0.1181102 2.677165 13.54331 0 2.795276 13.54331 0.2362205 2.795276 9.84252 0 2.795276 9.84252 0.2362205 2.795276 13.54331 0.2362205 2.795276 9.84252 0 0.7874016 9.84252 0 2.795276 9.84252 0.2362205 0.7874016 9.84252 0.2362205 0.6692913 9.96063 0.1181102 2.677165 9.96063 0.1181102 0.6692913 9.96063 0.2362205 2.677165 9.96063 0.8661417 2.125984 10.51181 0.1181102 0.1181102 10.51181 0.1181102 2.125984 10.51181 0.8661417 0.1181102 10.51181 0.8661417 0.6692913 9.96063 0.7480315 2.677165 9.96063 0.7480315 0.6692913 9.96063 0.8661417 2.677165 9.96063</float_array>
                    <technique_common>
                        <accessor count="164" source="#ID91" stride="3">
                            <param name="X" type="float" />
                            <param name="Y" type="float" />
                            <param name="Z" type="float" />
                        </accessor>
                    </technique_common>
                </source>
                <source id="ID88">
                    <float_array id="ID92" count="492">1 0 0 1 0 0 1 0 0 1 0 0 1 0 0 1 0 0 1 0 0 1 0 0 0 -1 0 0 -1 0 0 -1 0 0 -1 0 0 0 1 0 0 1 0 0 1 0 0 1 0 -1 0 0 -1 0 0 -1 0 0 -1 0 6.752567e-32 4.355452e-15 -1 6.752567e-32 4.355452e-15 -1 6.752567e-32 4.355452e-15 -1 6.752567e-32 4.355452e-15 -1 6.752567e-32 4.355452e-15 -1 6.752567e-32 4.355452e-15 -1 6.752567e-32 4.355452e-15 -1 6.752567e-32 4.355452e-15 -1 6.752567e-32 4.355452e-15 -1 6.752567e-32 4.355452e-15 -1 6.752567e-32 4.355452e-15 -1 6.752567e-32 4.355452e-15 -1 4.699944e-15 1 7.647749e-15 4.699944e-15 1 7.647749e-15 4.699944e-15 1 7.647749e-15 4.699944e-15 1 7.647749e-15 4.699944e-15 5.529346e-16 -1 4.699944e-15 5.529346e-16 -1 4.699944e-15 5.529346e-16 -1 4.699944e-15 5.529346e-16 -1 0 1 0 0 1 0 0 1 0 0 1 0 0 0 1 0 0 1 0 0 1 0 0 1 0 0 1 0 0 1 0 0 1 0 0 1 0 0 1 0 0 1 0 0 1 0 0 1 -1 0 0 -1 0 0 -1 0 0 -1 0 0 -1 0 0 -1 0 0 -1 0 0 -1 0 0 -4.699944e-15 1 7.647749e-15 -4.699944e-15 1 7.647749e-15 -4.699944e-15 1 7.647749e-15 -4.699944e-15 1 7.647749e-15 1 0 0 1 0 0 1 0 0 1 0 0 1 0 0 1 0 0 1 0 0 1 0 0 0 -1 0 0 -1 0 0 -1 0 0 -1 0 1 0 0 1 0 0 1 0 0 1 0 0 1 0 0 1 0 0 1 0 0 1 0 0 0 1 0 0 1 0 0 1 0 0 1 0 -1 1.569108e-16 -2.653931e-17 -1 1.569108e-16 -2.653931e-17 -1 1.569108e-16 -2.653931e-17 -1 1.569108e-16 -2.653931e-17 -1 1.569108e-16 -2.653931e-17 -1 1.569108e-16 -2.653931e-17 -1 1.569108e-16 -2.653931e-17 -1 1.569108e-16 -2.653931e-17 0 -1 0 0 -1 0 0 -1 0 0 -1 0 -1 0 0 -1 0 0 -1 0 0 -1 0 0 -1 0 0 -1 0 0 -1 0 0 -1 0 0 0 -1 0 0 -1 0 0 -1 0 0 -1 0 0 1 0 0 1 0 0 1 0 0 1 0 0 1 0 0 1 0 0 1 0 0 1 0 0 1 0 0 1 0 0 1 0 0 1 0 0 1 0 0 1 0 0 1 0 0 1 0 0 1 0 0 1 0 0 1 0 0 1 0 0 1 0 0 1 0 0 1 0 0 1 0 0 -1 0 0 -1 0 0 -1 0 0 -1 0 0 1 0 0 1 0 0 1 0 0 1 0 -4.699944e-15 5.529346e-16 -1 -4.699944e-15 5.529346e-16 -1 -4.699944e-15 5.529346e-16 -1 -4.699944e-15 5.529346e-16 -1 0 -1.626904e-15 1 0 -1.626904e-15 1 0 -1.626904e-15 1 0 -1.626904e-15 1 5.834289e-16 1.519426e-15 -1 5.834289e-16 1.519426e-15 -1 5.834289e-16 1.519426e-15 -1 5.834289e-16 1.519426e-15 -1 -2.552562e-29 -1.652728e-15 1 -2.552562e-29 -1.652728e-15 1 -2.552562e-29 -1.652728e-15 1 -2.552562e-29 -1.652728e-15 1</float_array>
                    <technique_common>
                        <accessor count="164" source="#ID92" stride="3">
                            <param name="X" type="float" />
                            <param name="Y" type="float" />
                            <param name="Z" type="float" />
                        </accessor>
                    </technique_common>
                </source>
                <source id="ID90">
                    <float_array id="ID93" count="300">0.1733333 -0.9 0.1733333 -0.06666667 0.1066667 -0.9 0.1066667 0 0.2766667 0 0.3433333 -0.06666667 0.2766667 0.2466667 0.3433333 0.2466667 0.655 0.2466667 0.5716667 0 0.655 0 0.5716667 0.2466667 0.655 0.1066667 0.5716667 0.2766667 0.5716667 0.1066667 0.655 0.2766667 0.5716667 -0.9 0.655 -0.9 -0.5716667 0.1733333 -0.5816667 0.1633333 -0.5716667 0.1066667 -0.5916667 0.1733333 -0.5916667 0.1633333 -0.655 0.1733333 -0.635 0.1633333 -0.635 0.1733333 -0.645 0.1633333 -0.645 0.1166667 -0.5816667 0.1166667 -0.655 0.1066667 -0.635 -0.06666667 -0.655 -0.9 -0.635 -0.9 -0.655 -0.06666667 -0.655 0.3433333 -0.635 0.1733333 -0.635 0.3433333 -0.655 0.1733333 -0.635 0.2466667 -0.655 -0.06666667 -0.635 -0.06666667 -0.655 0.2466667 0.5816667 0.2866667 0.5716667 0.3433333 0.645 0.2866667 0.645 0.3333333 0.635 0.3433333 0.635 0.3333333 0.655 0.3433333 0.5816667 0.3333333 0.5916667 0.3433333 0.5916667 0.3333333 -0.3433333 0.2466667 -0.2766667 0 -0.2766667 0.2466667 -0.1066667 0 -0.1733333 -0.06666667 -0.1066667 -0.9 -0.3433333 -0.06666667 -0.1733333 -0.9 -0.5716667 -0.06666667 -0.5916667 -0.9 -0.5716667 -0.9 -0.5916667 -0.06666667 0.1633333 -0.05666667 0.1633333 -0.9 0.1733333 -0.06666667 0.3333333 -0.05666667 0.3333333 0.2466667 0.5916667 -0.05666667 0.5816667 -0.9 0.5916667 -0.9 0.5816667 -0.05666667 0.1166667 -0.01 0.1166667 -0.9 0.2866667 -0.01 0.2866667 0.2466667 -0.5816667 -0.01 -0.645 -0.9 -0.5816667 -0.9 -0.645 -0.01 -0.3333333 0.2466667 -0.2866667 -0.01 -0.2866667 0.2466667 -0.1166667 -0.01 -0.1633333 -0.05666667 -0.1166667 -0.9 -0.3333333 -0.05666667 -0.1633333 -0.9 0.645 -0.05666667 0.635 -0.9 0.645 -0.9 0.635 -0.05666667 -0.3333333 -0.05666667 -0.3333333 0.2466667 -0.1633333 -0.05666667 -0.1733333 -0.06666667 -0.1633333 -0.9 0.645 0.2466667 0.635 -0.05666667 0.645 -0.05666667 0.635 0.2466667 -0.5816667 -0.01 -0.6025464 0.06777505 -0.645 -0.01 -0.6 0.07561218 -0.5816667 0.2466667 -0.6092131 0.06293143 -0.6025464 0.08344932 -0.6092131 0.08829294 -0.6174536 0.08829294 -0.6025464 0.2007227 -0.6092131 0.1958791 -0.6 0.2085598 -0.6025464 0.216397 -0.6092131 0.2212406 -0.6174536 0.2212406 -0.6266667 0.07561218 -0.645 0.2466667 -0.6241202 0.06777505 -0.6174536 0.06293143 -0.6241202 0.08344932 -0.6241202 0.2007227 -0.6174536 0.1958791 -0.6266667 0.2085598 -0.6241202 0.216397 0.5916667 0.2466667 0.5816667 -0.05666667 0.5916667 -0.05666667 0.5816667 0.2466667 -0.5716667 0.2466667 -0.5916667 -0.06666667 -0.5716667 -0.06666667 -0.5916667 0.2466667 -0.5916667 0.3433333 -0.5716667 0.1733333 -0.5716667 0.3433333 -0.5916667 0.1733333 0.5916667 0.1633333 0.5816667 0.3333333 0.5816667 0.1633333 0.5916667 0.3333333 -0.645 0.2866667 -0.5816667 0.1166667 -0.5816667 0.2866667 -0.645 0.1166667 0.645 0.1633333 0.635 0.3333333 0.635 0.1633333 0.645 0.3333333</float_array>
                    <technique_common>
                        <accessor count="150" source="#ID93" stride="2">
                            <param name="S" type="float" />
                            <param name="T" type="float" />
                        </accessor>
                    </technique_common>
                </source>
                <vertices id="ID89">
                    <input semantic="POSITION" source="#ID87" />
                    <input semantic="NORMAL" source="#ID88" />
                </vertices>
                <triangles count="116" material="Material2">
                    <input offset="0" semantic="VERTEX" source="#ID89" />
                    <input offset="1" semantic="TEXCOORD" source="#ID90" />
                    <p>0 0 1 1 2 2 3 3 1 1 4 4 1 1 3 3 2 2 4 4 1 1 5 5 4 4 5 5 6 6 6 6 5 5 7 7 8 8 9 9 10 10 9 9 8 8 11 11 12 12 13 13 14 14 13 13 12 12 15 15 16 10 17 16 18 17 17 16 16 10 19 9 20 18 21 19 22 20 21 19 20 18 23 21 21 19 23 21 24 22 25 23 26 24 27 25 26 24 25 23 28 26 28 26 25 23 29 27 22 20 30 28 31 29 30 28 22 20 21 19 31 29 30 28 29 27 31 29 29 27 25 23 32 30 33 31 34 32 33 31 32 30 35 33 36 34 37 35 38 36 37 35 36 34 39 37 40 38 41 39 42 40 41 39 40 38 43 41 44 13 45 42 46 43 45 42 44 13 47 15 45 42 47 15 48 44 48 44 47 15 49 45 49 45 50 46 51 47 50 46 49 45 52 48 52 48 49 45 47 15 46 43 53 49 54 50 53 49 46 43 45 42 54 50 53 49 55 51 56 52 57 53 58 54 59 55 60 56 61 57 60 56 59 55 57 53 60 56 57 53 62 58 62 58 57 53 56 52 63 59 61 57 60 56 64 60 65 61 66 62 65 61 64 60 67 63 68 0 69 64 70 65 69 64 68 0 71 66 71 66 72 67 69 64 72 67 71 66 73 5 72 67 73 5 74 68 74 68 73 5 75 7 76 69 77 70 78 71 77 70 76 69 79 72 80 65 81 73 82 74 81 73 80 65 83 64 81 73 83 64 84 75 84 75 83 64 85 67 84 75 85 67 86 76 86 76 85 67 87 68 88 77 89 78 90 79 89 78 88 77 91 80 92 81 93 82 94 83 95 84 96 85 97 86 96 85 95 84 93 82 96 85 93 82 98 87 98 87 93 82 92 81 99 88 97 86 96 85 100 89 101 90 102 91 101 90 100 89 103 92 104 52 105 93 106 94 107 95 108 96 109 97 108 96 107 95 105 93 108 96 105 93 110 58 110 58 105 93 104 52 111 59 109 97 108 96 112 98 113 99 114 100 113 99 112 98 115 101 116 102 117 103 118 104 117 103 116 102 119 105 119 105 116 102 120 106 118 104 117 103 121 107 119 105 120 106 122 108 122 108 120 106 123 109 123 109 120 106 124 110 124 110 120 106 125 111 124 110 125 111 126 112 125 111 120 106 127 113 127 113 120 106 128 114 128 114 120 106 129 115 129 115 120 106 130 116 118 104 131 117 132 118 131 117 118 104 133 119 133 119 118 104 134 120 134 120 118 104 121 107 132 118 131 117 135 121 132 118 135 121 124 110 132 118 124 110 136 122 136 122 124 110 137 123 137 123 124 110 126 112 132 118 136 122 138 124 132 118 138 124 139 125 132 118 139 125 130 116 132 118 130 116 120 106 140 126 141 127 142 128 141 127 140 126 143 129 144 130 145 131 146 132 145 131 144 130 147 133 148 134 149 135 150 136 149 135 148 134 151 137 152 138 153 139 154 140 153 139 152 138 155 141 156 142 157 143 158 144 157 143 156 142 159 145 160 146 161 147 162 148 161 147 160 146 163 149</p>
                </triangles>
            </mesh>
        </geometry>
        <geometry id="ID94">
            <mesh>
                <source id="ID95">
                    <float_array id="ID99" count="30">0.3647217 2.125984 13.00066 0.5407901 2.125984 12.94345 0.4434619 2.125984 12.94345 0.6195302 2.125984 13.00066 0.3346457 2.125984 13.09323 0.6496063 2.125984 13.09323 0.3647217 2.125984 13.18579 0.6195302 2.125984 13.18579 0.4434619 2.125984 13.243 0.5407901 2.125984 13.243</float_array>
                    <technique_common>
                        <accessor count="10" source="#ID99" stride="3">
                            <param name="X" type="float" />
                            <param name="Y" type="float" />
                            <param name="Z" type="float" />
                        </accessor>
                    </technique_common>
                </source>
                <source id="ID96">
                    <float_array id="ID100" count="30">-1.02357e-29 1 1.63906e-15 -1.02357e-29 1 1.63906e-15 -1.02357e-29 1 1.63906e-15 -1.02357e-29 1 1.63906e-15 -1.02357e-29 1 1.63906e-15 -1.02357e-29 1 1.63906e-15 -1.02357e-29 1 1.63906e-15 -1.02357e-29 1 1.63906e-15 -1.02357e-29 1 1.63906e-15 -1.02357e-29 1 1.63906e-15</float_array>
                    <technique_common>
                        <accessor count="10" source="#ID100" stride="3">
                            <param name="X" type="float" />
                            <param name="Y" type="float" />
                            <param name="Z" type="float" />
                        </accessor>
                    </technique_common>
                </source>
                <source id="ID98">
                    <float_array id="ID101" count="20">20.21294 0.7096581 20.60973 0.8385822 20.39039 0.8385822 20.78718 0.7096581 20.14516 0.5010544 20.85496 0.5010544 20.21294 0.2924507 20.78718 0.2924507 20.39039 0.1635266 20.60973 0.1635266</float_array>
                    <technique_common>
                        <accessor count="10" source="#ID101" stride="2">
                            <param name="S" type="float" />
                            <param name="T" type="float" />
                        </accessor>
                    </technique_common>
                </source>
                <vertices id="ID97">
                    <input semantic="POSITION" source="#ID95" />
                    <input semantic="NORMAL" source="#ID96" />
                </vertices>
                <triangles count="8" material="Material2">
                    <input offset="0" semantic="VERTEX" source="#ID97" />
                    <input offset="1" semantic="TEXCOORD" source="#ID98" />
                    <p>0 0 1 1 2 2 1 1 0 0 3 3 3 3 0 0 4 4 3 3 4 4 5 5 5 5 4 4 6 6 5 5 6 6 7 7 7 7 6 6 8 8 7 7 8 8 9 9</p>
                </triangles>
            </mesh>
        </geometry>
        <geometry id="ID102">
            <mesh>
                <source id="ID103">
                    <float_array id="ID107" count="30">0.3647217 2.125984 11.43041 0.5407901 2.125984 11.37321 0.4434619 2.125984 11.37321 0.6195302 2.125984 11.43041 0.3346457 2.125984 11.52298 0.6496063 2.125984 11.52298 0.3647217 2.125984 11.61554 0.6195302 2.125984 11.61554 0.4434619 2.125984 11.67275 0.5407901 2.125984 11.67275</float_array>
                    <technique_common>
                        <accessor count="10" source="#ID107" stride="3">
                            <param name="X" type="float" />
                            <param name="Y" type="float" />
                            <param name="Z" type="float" />
                        </accessor>
                    </technique_common>
                </source>
                <source id="ID104">
                    <float_array id="ID108" count="30">-1.020429e-29 1 1.63906e-15 -1.020429e-29 1 1.63906e-15 -1.020429e-29 1 1.63906e-15 -1.020429e-29 1 1.63906e-15 -1.020429e-29 1 1.63906e-15 -1.020429e-29 1 1.63906e-15 -1.020429e-29 1 1.63906e-15 -1.020429e-29 1 1.63906e-15 -1.020429e-29 1 1.63906e-15 -1.020429e-29 1 1.63906e-15</float_array>
                    <technique_common>
                        <accessor count="10" source="#ID108" stride="3">
                            <param name="X" type="float" />
                            <param name="Y" type="float" />
                            <param name="Z" type="float" />
                        </accessor>
                    </technique_common>
                </source>
                <source id="ID106">
                    <float_array id="ID109" count="20">20.21294 0.7096581 20.60973 0.8385822 20.39039 0.8385822 20.78718 0.7096581 20.14516 0.5010544 20.85496 0.5010544 20.21294 0.2924507 20.78718 0.2924507 20.39039 0.1635266 20.60973 0.1635266</float_array>
                    <technique_common>
                        <accessor count="10" source="#ID109" stride="2">
                            <param name="S" type="float" />
                            <param name="T" type="float" />
                        </accessor>
                    </technique_common>
                </source>
                <vertices id="ID105">
                    <input semantic="POSITION" source="#ID103" />
                    <input semantic="NORMAL" source="#ID104" />
                </vertices>
                <triangles count="8" material="Material2">
                    <input offset="0" semantic="VERTEX" source="#ID105" />
                    <input offset="1" semantic="TEXCOORD" source="#ID106" />
                    <p>0 0 1 1 2 2 1 1 0 0 3 3 3 3 0 0 4 4 3 3 4 4 5 5 5 5 4 4 6 6 5 5 6 6 7 7 7 7 6 6 8 8 7 7 8 8 9 9</p>
                </triangles>
            </mesh>
        </geometry>
        <geometry id="ID110">
            <mesh>
                <source id="ID111">
                    <float_array id="ID115" count="492">-4.417323 2.795276 13.54331 -4.417323 2.007874 10.62992 -4.417323 2.007874 13.54331 -4.417323 0 10.62992 -4.417323 0.7874016 9.84252 -4.417323 7.638334e-14 0 -4.417323 2.795276 9.84252 -4.417323 0.7874016 5.329071e-15 -4.181102 2.795276 9.84252 -4.417323 0.7874016 9.84252 -4.417323 2.795276 9.84252 -4.181102 0.7874016 9.84252 -4.417323 0.7874016 9.84252 -4.181102 0.7874016 5.329071e-15 -4.417323 0.7874016 5.329071e-15 -4.181102 0.7874016 9.84252 -4.417323 0.7874016 5.329071e-15 -4.299213 0.6692913 5.329071e-15 -4.417323 7.638334e-14 0 -4.181102 0.7874016 5.329071e-15 -4.181102 0.6692913 5.329071e-15 -3.433071 0.7874016 5.329071e-15 -3.669291 0.6692913 5.329071e-15 -3.669291 0.7874016 5.329071e-15 -3.551181 0.6692913 5.329071e-15 -3.551181 0.1181102 5.329071e-15 -4.299213 0.1181102 5.329071e-15 -3.433071 7.638334e-14 0 -3.433071 0 10.62992 -4.417323 7.638334e-14 0 -3.433071 7.638334e-14 0 -4.417323 0 10.62992 -3.433071 0 10.62992 -4.417323 2.007874 10.62992 -4.417323 0 10.62992 -3.433071 2.007874 10.62992 -3.433071 2.007874 13.54331 -4.417323 2.007874 10.62992 -3.433071 2.007874 10.62992 -4.417323 2.007874 13.54331 -4.417323 2.007874 13.54331 -4.299213 2.125984 13.54331 -4.417323 2.795276 13.54331 -3.433071 2.007874 13.54331 -3.551181 2.125984 13.54331 -3.551181 2.677165 13.54331 -3.669291 2.795276 13.54331 -3.669291 2.677165 13.54331 -3.433071 2.795276 13.54331 -4.299213 2.677165 13.54331 -4.181102 2.795276 13.54331 -4.181102 2.677165 13.54331 -4.417323 2.795276 13.54331 -4.181102 2.795276 9.84252 -4.417323 2.795276 9.84252 -4.181102 2.795276 13.54331 -4.181102 0.7874016 5.329071e-15 -4.181102 0.6692913 9.96063 -4.181102 0.6692913 5.329071e-15 -4.181102 0.7874016 9.84252 -4.181102 2.677165 9.96063 -4.181102 2.795276 9.84252 -4.181102 2.677165 13.54331 -4.181102 2.795276 13.54331 -4.181102 0.6692913 9.96063 -4.299213 0.6692913 5.329071e-15 -4.181102 0.6692913 5.329071e-15 -4.299213 0.6692913 9.96063 -4.299213 0.6692913 5.329071e-15 -4.299213 0.1181102 10.51181 -4.299213 0.1181102 5.329071e-15 -4.299213 0.6692913 9.96063 -4.299213 2.125984 10.51181 -4.299213 2.677165 9.96063 -4.299213 2.125984 13.54331 -4.299213 2.677165 13.54331 -4.299213 0.1181102 10.51181 -3.551181 0.1181102 5.329071e-15 -4.299213 0.1181102 5.329071e-15 -3.551181 0.1181102 10.51181 -3.551181 2.677165 13.54331 -3.551181 2.125984 10.51181 -3.551181 2.125984 13.54331 -3.551181 0.1181102 10.51181 -3.551181 0.6692913 9.96063 -3.551181 0.1181102 5.329071e-15 -3.551181 2.677165 9.96063 -3.551181 0.6692913 5.329071e-15 -3.551181 0.6692913 9.96063 -3.669291 0.6692913 5.329071e-15 -3.551181 0.6692913 5.329071e-15 -3.669291 0.6692913 9.96063 -3.669291 2.795276 13.54331 -3.669291 2.677165 9.96063 -3.669291 2.677165 13.54331 -3.669291 0.6692913 9.96063 -3.669291 0.7874016 9.84252 -3.669291 0.6692913 5.329071e-15 -3.669291 2.795276 9.84252 -3.669291 0.7874016 5.329071e-15 -3.669291 0.7874016 9.84252 -3.433071 0.7874016 5.329071e-15 -3.669291 0.7874016 5.329071e-15 -3.433071 0.7874016 9.84252 -3.433071 0.7874016 5.329071e-15 -3.433071 0.7874016 9.84252 -3.433071 7.638334e-14 0 -3.433071 0 10.62992 -3.433071 2.007874 10.62992 -3.433071 2.795276 9.84252 -3.433071 2.007874 13.54331 -3.433071 2.795276 13.54331 -3.669291 2.795276 13.54331 -3.433071 2.795276 9.84252 -3.669291 2.795276 9.84252 -3.433071 2.795276 13.54331 -3.551181 2.677165 13.54331 -3.669291 2.677165 9.96063 -3.551181 2.677165 9.96063 -3.669291 2.677165 13.54331 -4.299213 2.125984 10.51181 -4.052601 2.125984 11.43041 -3.551181 2.125984 10.51181 -4.082677 2.125984 11.52298 -4.299213 2.125984 13.54331 -3.973861 2.125984 11.37321 -4.052601 2.125984 11.61554 -3.973861 2.125984 11.67275 -3.876533 2.125984 11.67275 -4.052601 2.125984 13.00066 -3.973861 2.125984 12.94345 -4.082677 2.125984 13.09323 -4.052601 2.125984 13.18579 -3.973861 2.125984 13.243 -3.876533 2.125984 13.243 -3.767717 2.125984 11.52298 -3.551181 2.125984 13.54331 -3.797793 2.125984 11.43041 -3.876533 2.125984 11.37321 -3.797793 2.125984 11.61554 -3.797793 2.125984 13.00066 -3.876533 2.125984 12.94345 -3.767717 2.125984 13.09323 -3.797793 2.125984 13.18579 -4.181102 2.677165 13.54331 -4.299213 2.677165 9.96063 -4.181102 2.677165 9.96063 -4.299213 2.677165 13.54331 -4.181102 0.6692913 9.96063 -4.299213 2.677165 9.96063 -4.299213 0.6692913 9.96063 -4.181102 2.677165 9.96063 -3.551181 2.125984 10.51181 -4.299213 0.1181102 10.51181 -4.299213 2.125984 10.51181 -3.551181 0.1181102 10.51181 -3.551181 0.6692913 9.96063 -3.669291 2.677165 9.96063 -3.669291 0.6692913 9.96063 -3.551181 2.677165 9.96063 -3.433071 2.795276 9.84252 -3.669291 0.7874016 9.84252 -3.669291 2.795276 9.84252 -3.433071 0.7874016 9.84252</float_array>
                    <technique_common>
                        <accessor count="164" source="#ID115" stride="3">
                            <param name="X" type="float" />
                            <param name="Y" type="float" />
                            <param name="Z" type="float" />
                        </accessor>
                    </technique_common>
                </source>
                <source id="ID112">
                    <float_array id="ID116" count="492">-1 0 0 -1 0 0 -1 0 0 -1 0 0 -1 0 0 -1 0 0 -1 0 0 -1 0 0 -4.699944e-15 5.529346e-16 -1 -4.699944e-15 5.529346e-16 -1 -4.699944e-15 5.529346e-16 -1 -4.699944e-15 5.529346e-16 -1 -4.699944e-15 1 7.647749e-15 -4.699944e-15 1 7.647749e-15 -4.699944e-15 1 7.647749e-15 -4.699944e-15 1 7.647749e-15 6.752567e-32 4.355452e-15 -1 6.752567e-32 4.355452e-15 -1 6.752567e-32 4.355452e-15 -1 6.752567e-32 4.355452e-15 -1 6.752567e-32 4.355452e-15 -1 6.752567e-32 4.355452e-15 -1 6.752567e-32 4.355452e-15 -1 6.752567e-32 4.355452e-15 -1 6.752567e-32 4.355452e-15 -1 6.752567e-32 4.355452e-15 -1 6.752567e-32 4.355452e-15 -1 6.752567e-32 4.355452e-15 -1 0 -1 0 0 -1 0 0 -1 0 0 -1 0 0 0 1 0 0 1 0 0 1 0 0 1 0 -1 0 0 -1 0 0 -1 0 0 -1 0 0 0 1 0 0 1 0 0 1 0 0 1 0 0 1 0 0 1 0 0 1 0 0 1 0 0 1 0 0 1 0 0 1 0 0 1 0 1 0 0 1 0 0 1 0 0 1 0 1 0 0 1 0 0 1 0 0 1 0 0 1 0 0 1 0 0 1 0 0 1 0 0 0 -1 0 0 -1 0 0 -1 0 0 -1 0 1 0 0 1 0 0 1 0 0 1 0 0 1 0 0 1 0 0 1 0 0 1 0 0 0 1 0 0 1 0 0 1 0 0 1 0 -1 1.569108e-16 -2.653931e-17 -1 1.569108e-16 -2.653931e-17 -1 1.569108e-16 -2.653931e-17 -1 1.569108e-16 -2.653931e-17 -1 1.569108e-16 -2.653931e-17 -1 1.569108e-16 -2.653931e-17 -1 1.569108e-16 -2.653931e-17 -1 1.569108e-16 -2.653931e-17 0 -1 0 0 -1 0 0 -1 0 0 -1 0 -1 0 0 -1 0 0 -1 0 0 -1 0 0 -1 0 0 -1 0 0 -1 0 0 -1 0 0 4.699944e-15 1 7.647749e-15 4.699944e-15 1 7.647749e-15 4.699944e-15 1 7.647749e-15 4.699944e-15 1 7.647749e-15 1 0 0 1 0 0 1 0 0 1 0 0 1 0 0 1 0 0 1 0 0 1 0 0 0 1 0 0 1 0 0 1 0 0 1 0 0 -1 0 0 -1 0 0 -1 0 0 -1 0 0 1 0 0 1 0 0 1 0 0 1 0 0 1 0 0 1 0 0 1 0 0 1 0 0 1 0 0 1 0 0 1 0 0 1 0 0 1 0 0 1 0 0 1 0 0 1 0 0 1 0 0 1 0 0 1 0 0 1 0 0 1 0 0 1 0 0 1 0 0 1 0 0 -1 0 0 -1 0 0 -1 0 0 -1 0 0 -1.626904e-15 1 0 -1.626904e-15 1 0 -1.626904e-15 1 0 -1.626904e-15 1 5.834289e-16 1.519426e-15 -1 5.834289e-16 1.519426e-15 -1 5.834289e-16 1.519426e-15 -1 5.834289e-16 1.519426e-15 -1 -2.552562e-29 -1.652728e-15 1 -2.552562e-29 -1.652728e-15 1 -2.552562e-29 -1.652728e-15 1 -2.552562e-29 -1.652728e-15 1 4.699944e-15 5.529346e-16 -1 4.699944e-15 5.529346e-16 -1 4.699944e-15 5.529346e-16 -1 4.699944e-15 5.529346e-16 -1</float_array>
                    <technique_common>
                        <accessor count="164" source="#ID116" stride="3">
                            <param name="X" type="float" />
                            <param name="Y" type="float" />
                            <param name="Z" type="float" />
                        </accessor>
                    </technique_common>
                </source>
                <source id="ID114">
                    <float_array id="ID117" count="300">-0.3433333 0.2466667 -0.2766667 0 -0.2766667 0.2466667 -0.1066667 0 -0.1733333 -0.06666667 -0.1066667 -0.9 -0.3433333 -0.06666667 -0.1733333 -0.9 -0.5916667 0.3433333 -0.5716667 0.1733333 -0.5716667 0.3433333 -0.5916667 0.1733333 -0.5716667 -0.06666667 -0.5916667 -0.9 -0.5716667 -0.9 -0.5916667 -0.06666667 -0.5716667 0.1733333 -0.5816667 0.1633333 -0.5716667 0.1066667 -0.5916667 0.1733333 -0.5916667 0.1633333 -0.655 0.1733333 -0.635 0.1633333 -0.635 0.1733333 -0.645 0.1633333 -0.645 0.1166667 -0.5816667 0.1166667 -0.655 0.1066667 0.655 0 0.5716667 -0.9 0.655 -0.9 0.5716667 0 0.655 0.1066667 0.5716667 0.2766667 0.5716667 0.1066667 0.655 0.2766667 0.655 0.2466667 0.5716667 0.2466667 0.5816667 0.2866667 0.5716667 0.3433333 0.645 0.2866667 0.645 0.3333333 0.635 0.3433333 0.635 0.3333333 0.655 0.3433333 0.5816667 0.3333333 0.5916667 0.3433333 0.5916667 0.3333333 -0.5716667 0.2466667 -0.5916667 -0.06666667 -0.5716667 -0.06666667 -0.5916667 0.2466667 0.1733333 -0.9 0.1633333 -0.05666667 0.1633333 -0.9 0.1733333 -0.06666667 0.3333333 -0.05666667 0.3433333 -0.06666667 0.3333333 0.2466667 0.3433333 0.2466667 0.5916667 -0.05666667 0.5816667 -0.9 0.5916667 -0.9 0.5816667 -0.05666667 0.1166667 -0.01 0.1166667 -0.9 0.2866667 -0.01 0.2866667 0.2466667 -0.5816667 -0.01 -0.645 -0.9 -0.5816667 -0.9 -0.645 -0.01 -0.3333333 0.2466667 -0.2866667 -0.01 -0.2866667 0.2466667 -0.1166667 -0.01 -0.1633333 -0.05666667 -0.1166667 -0.9 -0.3333333 -0.05666667 -0.1633333 -0.9 0.645 -0.05666667 0.635 -0.9 0.645 -0.9 0.635 -0.05666667 -0.3333333 -0.05666667 -0.3333333 0.2466667 -0.1633333 -0.05666667 -0.1733333 -0.06666667 -0.1633333 -0.9 -0.635 -0.06666667 -0.655 -0.9 -0.635 -0.9 -0.655 -0.06666667 0.1733333 -0.06666667 0.1066667 -0.9 0.1066667 0 0.2766667 0 0.2766667 0.2466667 -0.635 0.2466667 -0.655 -0.06666667 -0.635 -0.06666667 -0.655 0.2466667 0.645 0.2466667 0.635 -0.05666667 0.645 -0.05666667 0.635 0.2466667 -0.5816667 -0.01 -0.6025464 0.06777505 -0.645 -0.01 -0.6 0.07561218 -0.5816667 0.2466667 -0.6092131 0.06293143 -0.6025464 0.08344932 -0.6092131 0.08829294 -0.6174536 0.08829294 -0.6025464 0.2007227 -0.6092131 0.1958791 -0.6 0.2085598 -0.6025464 0.216397 -0.6092131 0.2212406 -0.6174536 0.2212406 -0.6266667 0.07561218 -0.645 0.2466667 -0.6241202 0.06777505 -0.6174536 0.06293143 -0.6241202 0.08344932 -0.6241202 0.2007227 -0.6174536 0.1958791 -0.6266667 0.2085598 -0.6241202 0.216397 0.5916667 0.2466667 0.5816667 -0.05666667 0.5916667 -0.05666667 0.5816667 0.2466667 0.5916667 0.1633333 0.5816667 0.3333333 0.5816667 0.1633333 0.5916667 0.3333333 -0.645 0.2866667 -0.5816667 0.1166667 -0.5816667 0.2866667 -0.645 0.1166667 0.645 0.1633333 0.635 0.3333333 0.635 0.1633333 0.645 0.3333333 -0.655 0.3433333 -0.635 0.1733333 -0.635 0.3433333 -0.655 0.1733333</float_array>
                    <technique_common>
                        <accessor count="150" source="#ID117" stride="2">
                            <param name="S" type="float" />
                            <param name="T" type="float" />
                        </accessor>
                    </technique_common>
                </source>
                <vertices id="ID113">
                    <input semantic="POSITION" source="#ID111" />
                    <input semantic="NORMAL" source="#ID112" />
                </vertices>
                <triangles count="116" material="Material2">
                    <input offset="0" semantic="VERTEX" source="#ID113" />
                    <input offset="1" semantic="TEXCOORD" source="#ID114" />
                    <p>0 0 1 1 2 2 3 3 4 4 5 5 4 4 3 3 1 1 4 4 1 1 6 6 6 6 1 1 0 0 7 7 5 5 4 4 8 8 9 9 10 10 9 9 8 8 11 11 12 12 13 13 14 14 13 13 12 12 15 15 16 16 17 17 18 18 17 17 16 16 19 19 17 17 19 19 20 20 21 21 22 22 23 23 22 22 21 21 24 24 24 24 21 21 25 25 18 18 26 26 27 27 26 26 18 18 17 17 27 27 26 26 25 25 27 27 25 25 21 21 28 28 29 29 30 30 29 29 28 28 31 31 32 32 33 33 34 34 33 33 32 32 35 35 36 36 37 31 38 28 37 31 36 36 39 37 40 33 41 38 42 39 41 38 40 33 43 35 41 38 43 35 44 40 44 40 43 35 45 41 45 41 46 42 47 43 46 42 45 41 48 44 48 44 45 41 43 35 42 39 49 45 50 46 49 45 42 39 41 38 50 46 49 45 51 47 52 48 53 49 54 50 53 49 52 48 55 51 56 52 57 53 58 54 57 53 56 52 59 55 59 55 60 56 57 53 60 56 59 55 61 57 60 56 61 57 62 58 62 58 61 57 63 59 64 60 65 61 66 62 65 61 64 60 67 63 68 54 69 64 70 65 69 64 68 54 71 53 69 64 71 53 72 66 72 66 71 53 73 56 72 66 73 56 74 67 74 67 73 56 75 58 76 68 77 69 78 70 77 69 76 68 79 71 80 72 81 73 82 74 83 75 84 76 85 77 84 76 83 75 81 73 84 76 81 73 86 78 86 78 81 73 80 72 87 79 85 77 84 76 88 80 89 81 90 82 89 81 88 80 91 83 92 0 93 84 94 85 95 86 96 87 97 88 96 87 95 86 93 84 96 87 93 84 98 6 98 6 93 84 92 0 99 7 97 88 96 87 100 89 101 90 102 91 101 90 100 89 103 92 104 52 105 93 106 94 107 95 105 93 108 96 105 93 107 95 106 94 108 96 105 93 109 57 108 96 109 57 110 97 110 97 109 57 111 59 112 98 113 99 114 100 113 99 112 98 115 101 116 102 117 103 118 104 117 103 116 102 119 105 120 106 121 107 122 108 121 107 120 106 123 109 123 109 120 106 124 110 122 108 121 107 125 111 123 109 124 110 126 112 126 112 124 110 127 113 127 113 124 110 128 114 128 114 124 110 129 115 128 114 129 115 130 116 129 115 124 110 131 117 131 117 124 110 132 118 132 118 124 110 133 119 133 119 124 110 134 120 122 108 135 121 136 122 135 121 122 108 137 123 137 123 122 108 138 124 138 124 122 108 125 111 136 122 135 121 139 125 136 122 139 125 128 114 136 122 128 114 140 126 140 126 128 114 141 127 141 127 128 114 130 116 136 122 140 126 142 128 136 122 142 128 143 129 136 122 143 129 134 120 136 122 134 120 124 110 144 130 145 131 146 132 145 131 144 130 147 133 148 134 149 135 150 136 149 135 148 134 151 137 152 138 153 139 154 140 153 139 152 138 155 141 156 142 157 143 158 144 157 143 156 142 159 145 160 146 161 147 162 148 161 147 160 146 163 149</p>
                </triangles>
            </mesh>
        </geometry>
        <geometry id="ID118">
            <mesh>
                <source id="ID119">
                    <float_array id="ID123" count="30">-4.052601 2.125984 11.43041 -3.876533 2.125984 11.37321 -3.973861 2.125984 11.37321 -3.797793 2.125984 11.43041 -4.082677 2.125984 11.52298 -3.767717 2.125984 11.52298 -4.052601 2.125984 11.61554 -3.797793 2.125984 11.61554 -3.973861 2.125984 11.67275 -3.876533 2.125984 11.67275</float_array>
                    <technique_common>
                        <accessor count="10" source="#ID123" stride="3">
                            <param name="X" type="float" />
                            <param name="Y" type="float" />
                            <param name="Z" type="float" />
                        </accessor>
                    </technique_common>
                </source>
                <source id="ID120">
                    <float_array id="ID124" count="30">-1.020429e-29 1 1.63906e-15 -1.020429e-29 1 1.63906e-15 -1.020429e-29 1 1.63906e-15 -1.020429e-29 1 1.63906e-15 -1.020429e-29 1 1.63906e-15 -1.020429e-29 1 1.63906e-15 -1.020429e-29 1 1.63906e-15 -1.020429e-29 1 1.63906e-15 -1.020429e-29 1 1.63906e-15 -1.020429e-29 1 1.63906e-15</float_array>
                    <technique_common>
                        <accessor count="10" source="#ID124" stride="3">
                            <param name="X" type="float" />
                            <param name="Y" type="float" />
                            <param name="Z" type="float" />
                        </accessor>
                    </technique_common>
                </source>
                <source id="ID122">
                    <float_array id="ID125" count="20">20.21288 0.7096559 20.60967 0.8385797 20.39033 0.8385797 20.78711 0.7096559 20.1451 0.5010529 20.85489 0.5010529 20.21288 0.2924499 20.78711 0.2924499 20.39033 0.1635261 20.60967 0.1635261</float_array>
                    <technique_common>
                        <accessor count="10" source="#ID125" stride="2">
                            <param name="S" type="float" />
                            <param name="T" type="float" />
                        </accessor>
                    </technique_common>
                </source>
                <vertices id="ID121">
                    <input semantic="POSITION" source="#ID119" />
                    <input semantic="NORMAL" source="#ID120" />
                </vertices>
                <triangles count="8" material="Material2">
                    <input offset="0" semantic="VERTEX" source="#ID121" />
                    <input offset="1" semantic="TEXCOORD" source="#ID122" />
                    <p>0 0 1 1 2 2 1 1 0 0 3 3 3 3 0 0 4 4 3 3 4 4 5 5 5 5 4 4 6 6 5 5 6 6 7 7 7 7 6 6 8 8 7 7 8 8 9 9</p>
                </triangles>
            </mesh>
        </geometry>
        <geometry id="ID126">
            <mesh>
                <source id="ID127">
                    <float_array id="ID131" count="30">-4.052601 2.125984 13.00066 -3.876533 2.125984 12.94345 -3.973861 2.125984 12.94345 -3.797793 2.125984 13.00066 -4.082677 2.125984 13.09323 -3.767717 2.125984 13.09323 -4.052601 2.125984 13.18579 -3.797793 2.125984 13.18579 -3.973861 2.125984 13.243 -3.876533 2.125984 13.243</float_array>
                    <technique_common>
                        <accessor count="10" source="#ID131" stride="3">
                            <param name="X" type="float" />
                            <param name="Y" type="float" />
                            <param name="Z" type="float" />
                        </accessor>
                    </technique_common>
                </source>
                <source id="ID128">
                    <float_array id="ID132" count="30">-1.02357e-29 1 1.63906e-15 -1.02357e-29 1 1.63906e-15 -1.02357e-29 1 1.63906e-15 -1.02357e-29 1 1.63906e-15 -1.02357e-29 1 1.63906e-15 -1.02357e-29 1 1.63906e-15 -1.02357e-29 1 1.63906e-15 -1.02357e-29 1 1.63906e-15 -1.02357e-29 1 1.63906e-15 -1.02357e-29 1 1.63906e-15</float_array>
                    <technique_common>
                        <accessor count="10" source="#ID132" stride="3">
                            <param name="X" type="float" />
                            <param name="Y" type="float" />
                            <param name="Z" type="float" />
                        </accessor>
                    </technique_common>
                </source>
                <source id="ID130">
                    <float_array id="ID133" count="20">20.21288 0.7096559 20.60967 0.8385797 20.39033 0.8385797 20.78711 0.7096559 20.1451 0.5010529 20.85489 0.5010529 20.21288 0.2924499 20.78711 0.2924499 20.39033 0.1635261 20.60967 0.1635261</float_array>
                    <technique_common>
                        <accessor count="10" source="#ID133" stride="2">
                            <param name="S" type="float" />
                            <param name="T" type="float" />
                        </accessor>
                    </technique_common>
                </source>
                <vertices id="ID129">
                    <input semantic="POSITION" source="#ID127" />
                    <input semantic="NORMAL" source="#ID128" />
                </vertices>
                <triangles count="8" material="Material2">
                    <input offset="0" semantic="VERTEX" source="#ID129" />
                    <input offset="1" semantic="TEXCOORD" source="#ID130" />
                    <p>0 0 1 1 2 2 1 1 0 0 3 3 3 3 0 0 4 4 3 3 4 4 5 5 5 5 4 4 6 6 5 5 6 6 7 7 7 7 6 6 8 8 7 7 8 8 9 9</p>
                </triangles>
            </mesh>
        </geometry>
        <geometry id="ID136">
            <mesh>
                <source id="ID137">
                    <float_array id="ID141" count="426">1.176156 0.1574803 1.176156 1.033465 0.1968504 1.285647 1.033465 0.1574803 1.285647 1.176156 0.1968504 1.176156 0.8672966 0.1968504 1.354476 0.8672966 0.1574803 1.354476 1.033465 0.1574803 1.285647 0.6889764 0.1574803 1.377953 1.176156 0.1574803 1.176156 0.8672966 0.1574803 1.354476 0.3444882 0.1574803 1.285647 0.2017965 0.1574803 1.176156 0.5106562 0.1574803 1.354476 0.0234763 0.1574803 0.8672966 0 0.1574803 0.6889764 0.09230533 0.1574803 1.033465 0.09230533 0.1574803 0.3444882 0.2017965 0.1574803 0.2017965 0.0234763 0.1574803 0.5106562 0.5106562 0.1574803 0.0234763 0.6889764 0.1574803 0 0.3444882 0.1574803 0.09230533 1.285647 0.1574803 0.3444882 1.377953 0.1574803 0.6889764 1.176156 0.1574803 0.2017965 1.354476 0.1574803 0.5106562 0.8672966 0.1574803 0.0234763 1.033465 0.1574803 0.09230533 1.285647 0.1968504 1.033465 1.285647 0.1574803 1.033465 0.6889764 0.1968504 1.377953 0.6889764 0.1574803 1.377953 1.354476 0.1968504 0.5106562 1.377953 0.1574803 0.6889764 1.354476 0.1574803 0.5106562 1.377953 0.1968504 0.6889764 1.176156 0.1574803 0.2017965 1.277055 -0.03937008 0.4453864 1.176156 -0.03937008 0.2017965 1.377953 -0.03937008 0.6889764 1.377953 0.1574803 0.6889764 1.176156 0.1574803 0.2017965 0.6889764 -0.03937008 0 0.6889764 0.1574803 0 0.9325663 -0.03937008 0.1008983 1.176156 -0.03937008 0.2017965 0.6889764 0.1574803 0 0.2017965 -0.03937008 0.2017965 0.2017965 0.1574803 0.2017965 0.4453864 -0.03937008 0.1008983 0.6889764 -0.03937008 0 0 0.1574803 0.6889764 0.1008983 -0.03937008 0.4453864 0 -0.03937008 0.6889764 0.2017965 -0.03937008 0.2017965 0.2017965 0.1574803 0.2017965 0.2017965 0.1574803 1.176156 0.1008983 -0.03937008 0.9325663 0.2017965 -0.03937008 1.176156 0 -0.03937008 0.6889764 0 0.1574803 0.6889764 0.4453864 -0.03937008 1.277055 0.2017965 0.1574803 1.176156 0.2017965 -0.03937008 1.176156 0.6889764 0.1574803 1.377953 0.6889764 -0.03937008 1.377953 0.9325663 -0.03937008 1.277055 0.6889764 0.1574803 1.377953 0.6889764 -0.03937008 1.377953 1.176156 0.1574803 1.176156 1.176156 -0.03937008 1.176156 0.5106562 0.1968504 1.354476 0.5106562 0.1574803 1.354476 0.3444882 0.1968504 1.285647 0.3444882 0.1574803 1.285647 0.2017965 0.1968504 1.176156 0.2017965 0.1574803 1.176156 0.09230533 0.1574803 1.033465 0.09230533 0.1968504 1.033465 0.0234763 0.1574803 0.8672966 0.0234763 0.1968504 0.8672966 0 0.1574803 0.6889764 0 0.1968504 0.6889764 0.0234763 0.1574803 0.5106562 0.0234763 0.1968504 0.5106562 0.09230533 0.1574803 0.3444882 0.09230533 0.1968504 0.3444882 0.2017965 0.1574803 0.2017965 0.2017965 0.1968504 0.2017965 0.3444882 0.1968504 0.09230533 0.3444882 0.1574803 0.09230533 0.5106562 0.1968504 0.0234763 0.5106562 0.1574803 0.0234763 0.6889764 0.1968504 0 0.6889764 0.1574803 0 0.8672966 0.1968504 0.0234763 0.8672966 0.1574803 0.0234763 1.033465 0.1968504 0.09230533 1.033465 0.1574803 0.09230533 1.176156 0.1968504 0.2017965 1.176156 0.1574803 0.2017965 1.285647 0.1574803 0.3444882 1.285647 0.1968504 0.3444882 1.354476 0.1574803 0.8672966 1.285647 0.1574803 1.033465 1.354476 0.1968504 0.8672966 1.354476 0.1574803 0.8672966 1.377953 0.1574803 0.6889764 1.277055 -0.03937008 0.9325663 1.377953 -0.03937008 0.6889764 1.176156 -0.03937008 1.176156 1.176156 0.1574803 1.176156 0.9325663 -0.03937008 0.1008983 0.4453864 -0.03937008 0.1008983 0.6889764 -0.03937008 0 0.8203864 -0.03937008 0.1132315 1.176156 -0.03937008 0.2017965 1.057179 -0.03937008 0.2272649 1.277055 -0.03937008 0.4453864 1.221045 -0.03937008 0.4327458 1.279528 -0.03937008 0.6889764 1.377953 -0.03937008 0.6889764 1.277055 -0.03937008 0.9325663 1.221045 -0.03937008 0.9452069 1.176156 -0.03937008 1.176156 1.057179 -0.03937008 1.150688 0.8203864 -0.03937008 1.264721 0.9325663 -0.03937008 1.277055 0.5575664 -0.03937008 1.264721 0.5575664 -0.03937008 0.1132315 0.2017965 -0.03937008 0.2017965 0.3207737 -0.03937008 0.2272649 0.1008983 -0.03937008 0.4453864 0.1569081 -0.03937008 0.4327458 0.0984252 -0.03937008 0.6889764 0 -0.03937008 0.6889764 0.1569081 -0.03937008 0.9452069 0.1008983 -0.03937008 0.9325663 0.2017965 -0.03937008 1.176156 0.3207737 -0.03937008 1.150688 0.4453864 -0.03937008 1.277055 0.6889764 -0.03937008 1.377953</float_array>
                    <technique_common>
                        <accessor count="142" source="#ID141" stride="3">
                            <param name="X" type="float" />
                            <param name="Y" type="float" />
                            <param name="Z" type="float" />
                        </accessor>
                    </technique_common>
                </source>
                <source id="ID138">
                    <float_array id="ID142" count="426">0.7071068 2.79727e-31 0.7071068 0.5 -3.108078e-32 0.8660254 0.5 -3.108078e-32 0.8660254 0.7071068 2.79727e-31 0.7071068 0.258819 5.59454e-31 0.9659258 0.258819 5.59454e-31 0.9659258 0 -1 1.602374e-30 0 -1 1.602374e-30 0 -1 1.602374e-30 0 -1 1.602374e-30 0 -1 1.602374e-30 0 -1 1.602374e-30 0 -1 1.602374e-30 0 -1 1.602374e-30 0 -1 1.602374e-30 0 -1 1.602374e-30 0 -1 1.602374e-30 0 -1 1.602374e-30 0 -1 1.602374e-30 0 -1 1.602374e-30 0 -1 1.602374e-30 0 -1 1.602374e-30 0 -1 1.602374e-30 0 -1 1.602374e-30 0 -1 1.602374e-30 0 -1 1.602374e-30 0 -1 1.602374e-30 0 -1 1.602374e-30 0.8660254 9.790446e-31 0.5 0.8660254 9.790446e-31 0.5 -6.326888e-16 -9.20888e-18 1 -6.326888e-16 -9.20888e-18 1 0.9659258 -3.885097e-31 -0.258819 1 -1.20438e-30 4.90111e-16 0.9659258 -3.885097e-31 -0.258819 1 -1.20438e-30 4.90111e-16 0.9238795 1.664169e-16 -0.3826834 0.9238795 1.664169e-16 -0.3826834 0.9238795 1.664169e-16 -0.3826834 0.9238795 1.664169e-16 -0.3826834 0.9238795 1.664169e-16 -0.3826834 0.3826834 1.368497e-16 -0.9238795 0.3826834 1.368497e-16 -0.9238795 0.3826834 1.368497e-16 -0.9238795 0.3826834 1.368497e-16 -0.9238795 0.3826834 1.368497e-16 -0.9238795 -0.3826834 -1.998684e-16 -0.9238795 -0.3826834 -1.998684e-16 -0.9238795 -0.3826834 -1.998684e-16 -0.9238795 -0.3826834 -1.998684e-16 -0.9238795 -0.3826834 -1.998684e-16 -0.9238795 -0.9238795 5.609067e-17 -0.3826834 -0.9238795 5.609067e-17 -0.3826834 -0.9238795 5.609067e-17 -0.3826834 -0.9238795 5.609067e-17 -0.3826834 -0.9238795 5.609067e-17 -0.3826834 -0.9238795 5.913443e-17 0.3826834 -0.9238795 5.913443e-17 0.3826834 -0.9238795 5.913443e-17 0.3826834 -0.9238795 5.913443e-17 0.3826834 -0.9238795 5.913443e-17 0.3826834 -0.3826834 1.082971e-16 0.9238795 -0.3826834 1.082971e-16 0.9238795 -0.3826834 1.082971e-16 0.9238795 -0.3826834 1.082971e-16 0.9238795 -0.3826834 1.082971e-16 0.9238795 0.3826834 -4.529578e-16 0.9238795 0.3826834 -4.529578e-16 0.9238795 0.3826834 -4.529578e-16 0.9238795 0.3826834 -4.529578e-16 0.9238795 0.3826834 -4.529578e-16 0.9238795 -0.258819 -9.20888e-18 0.9659258 -0.258819 -9.20888e-18 0.9659258 -0.5 -7.148579e-31 0.8660254 -0.5 -7.148579e-31 0.8660254 -0.7071068 -2.175655e-31 0.7071068 -0.7071068 -2.175655e-31 0.7071068 -0.8660254 7.614791e-31 0.5 -0.8660254 7.614791e-31 0.5 -0.9659258 1.942549e-31 0.258819 -0.9659258 1.942549e-31 0.258819 -1 9.20888e-18 9.802221e-17 -1 9.20888e-18 9.802221e-17 -0.9659258 9.20888e-18 -0.258819 -0.9659258 9.20888e-18 -0.258819 -0.8660254 -5.905348e-31 -0.5 -0.8660254 -5.905348e-31 -0.5 -0.7071068 -7.148579e-31 -0.7071068 -0.7071068 -7.148579e-31 -0.7071068 -0.5 -1.149989e-30 -0.8660254 -0.5 -1.149989e-30 -0.8660254 -0.258819 -9.945849e-31 -0.9659258 -0.258819 -9.945849e-31 -0.9659258 5.346666e-17 -1.243231e-31 -1 5.346666e-17 -1.243231e-31 -1 0.258819 -2.79727e-31 -0.9659258 0.258819 -2.79727e-31 -0.9659258 0.5 -1.087827e-30 -0.8660254 0.5 -1.087827e-30 -0.8660254 0.7071068 -5.597264e-17 -0.7071068 0.7071068 -5.597264e-17 -0.7071068 0.8660254 -5.597264e-17 -0.5 0.8660254 -5.597264e-17 -0.5 0 -1 1.602374e-30 0 -1 1.602374e-30 0.9659258 -9.246532e-31 0.258819 0.9659258 -9.246532e-31 0.258819 0.9238795 -9.157133e-17 0.3826834 0.9238795 -9.157133e-17 0.3826834 0.9238795 -9.157133e-17 0.3826834 0.9238795 -9.157133e-17 0.3826834 0.9238795 -9.157133e-17 0.3826834 0 -1 1.602374e-30 0 -1 1.602374e-30 0 -1 1.602374e-30 0 -1 1.602374e-30 0 -1 1.602374e-30 0 -1 1.602374e-30 0 -1 1.602374e-30 0 -1 1.602374e-30 0 -1 1.602374e-30 0 -1 1.602374e-30 0 -1 1.602374e-30 0 -1 1.602374e-30 0 -1 1.602374e-30 0 -1 1.602374e-30 0 -1 1.602374e-30 0 -1 1.602374e-30 0 -1 1.602374e-30 0 -1 1.602374e-30 0 -1 1.602374e-30 0 -1 1.602374e-30 0 -1 1.602374e-30 0 -1 1.602374e-30 0 -1 1.602374e-30 0 -1 1.602374e-30 0 -1 1.602374e-30 0 -1 1.602374e-30 0 -1 1.602374e-30 0 -1 1.602374e-30 0 -1 1.602374e-30 0 -1 1.602374e-30</float_array>
                    <technique_common>
                        <accessor count="142" source="#ID142" stride="3">
                            <param name="X" type="float" />
                            <param name="Y" type="float" />
                            <param name="Z" type="float" />
                        </accessor>
                    </technique_common>
                </source>
                <source id="ID140">
                    <float_array id="ID143" count="376">0.01218244 -0.002666667 -6.028164e-17 0 -7.546047e-17 -0.002666667 0.01218244 0 0.01218244 -0.002666667 2.289835e-16 -3.469447e-18 2.185752e-16 -0.002666667 0.01218244 1.734723e-18 0.05488172 -0.01470551 0.03571712 1.665335e-16 0.06097294 -0.02525582 0.04626743 -0.006091222 0.01176734 0.003153049 7.632783e-17 1.665335e-16 0.02394978 0.003153049 -0.0191646 -0.01470551 -0.02525582 -0.02525582 -0.01055031 -0.006091222 -0.02840887 -0.0492056 -0.02525582 -0.06097294 -0.02840887 -0.03702316 -0.01055031 -0.08013753 -3.26128e-16 -0.08622876 -0.0191646 -0.07152324 0.04626743 -0.08013753 0.06097294 -0.06097294 0.03571712 -0.08622876 0.05488172 -0.07152324 0.01176734 -0.08938181 0.02394978 -0.08938181 0.01218244 -3.469447e-18 -2.654127e-16 -0.002666667 0.01218244 -0.002666667 -2.203099e-16 1.734723e-18 0.01218244 -0.002666667 1.228184e-15 0 1.221245e-15 -0.002666667 0.01218244 -1.734723e-18 0.01218244 0 2.775558e-16 -0.002666667 0.01218244 -0.002666667 2.775558e-16 0 0.03571712 -1.908196e-17 0.01785856 -0.01333333 0.03571712 -0.01333333 4.163336e-17 -0.01333333 6.938894e-17 -1.908196e-17 -3.608225e-16 -2.775558e-17 0.03571712 -0.01333333 0.03571712 -2.775558e-17 0.01785856 -0.01333333 -3.885781e-16 -0.01333333 -2.775558e-16 -2.428613e-17 0.03571712 -0.01333333 0.03571712 -2.428613e-17 0.01785856 -0.01333333 -2.775558e-16 -0.01333333 0.03571712 1.734723e-18 0.01785856 -0.01333333 -3.139849e-16 -0.01333333 -3.686287e-16 0 0.03571712 -1.734723e-18 0.01785856 -0.01333333 0.03571712 -0.01333333 -9.020562e-17 -0.01333333 -1.179612e-16 -1.734723e-18 0.01785856 -0.01333333 9.020562e-17 5.20417e-18 8.326673e-17 -0.01333333 0.03571712 0 0.03571712 -0.01333333 0.01785856 -0.01333333 -6.843484e-16 -6.765422e-17 -5.924081e-16 -0.01333333 0.03571712 -6.245005e-17 0.03571712 -0.01333333 0.01218244 -0.002666667 3.677614e-16 -6.938894e-18 3.677614e-16 -0.002666667 0.01218244 -5.20417e-18 0.01218244 -0.002666667 1.31839e-16 0 1.31839e-16 -0.002666667 0.01218244 -5.20417e-18 0.01218244 -0.002666667 -9.020562e-17 1.734723e-18 -9.020562e-17 -0.002666667 0.01218244 0 0.01218244 6.938894e-18 -2.844947e-16 -0.002666667 0.01218244 -0.002666667 -2.844947e-16 0 0.01218244 1.734723e-18 1.387779e-17 -0.002666667 0.01218244 -0.002666667 1.387779e-17 1.734723e-18 0.01218244 -3.469447e-18 -1.804112e-16 -0.002666667 0.01218244 -0.002666667 -1.804112e-16 0 0.01218244 1.734723e-18 1.040834e-16 -0.002666667 0.01218244 -0.002666667 1.040834e-16 1.734723e-18 0.01218244 1.040834e-17 1.179612e-16 -0.002666667 0.01218244 -0.002666667 9.020562e-17 1.734723e-18 0.01218244 -6.938894e-18 3.131176e-16 -0.002666667 0.01218244 -0.002666667 3.15286e-16 1.734723e-18 1.31839e-16 1.734723e-18 0.01218244 -0.002666667 0.01218244 1.040834e-17 1.856154e-16 -0.002666667 7.632783e-17 0 0.01218244 -0.002666667 0.01218244 -8.673617e-18 7.632783e-17 -0.002666667 -4.093947e-16 -1.196959e-16 0.01218244 -0.002666667 0.01218244 -1.144917e-16 -4.093947e-16 -0.002666667 -4.718448e-16 1.734723e-18 0.01218244 -0.002666667 0.01218244 -5.20417e-18 -4.718448e-16 -0.002666667 -1.110223e-16 0 0.01218244 -0.002666667 0.01218244 8.673617e-18 -1.110223e-16 -0.002666667 -1.387779e-17 -3.469447e-18 0.01218244 -0.002666667 0.01218244 -1.214306e-17 -1.387779e-17 -0.002666667 0.01218244 2.255141e-17 -2.63678e-16 -0.002666667 0.01218244 -0.002666667 -2.359224e-16 1.214306e-17 0.01218244 -6.938894e-18 1.387779e-16 -0.002666667 1.387779e-16 1.734723e-18 0.02394978 -0.003153049 2.775558e-17 -2.775558e-17 0.03450009 -0.009244271 0.01218244 5.551115e-17 0.01218244 0 4.510281e-16 -0.002666667 0.01218244 -0.002666667 4.510281e-16 0 0.01218244 5.20417e-18 -7.632783e-17 -0.002666667 0.03571712 6.938894e-18 0.01785856 -0.01333333 0.03571712 -0.01333333 -2.567391e-16 -0.01333333 -2.012279e-16 6.938894e-18 -0.03048647 -0.01262791 -1.734723e-17 3.122502e-17 -0.01785856 5.89806e-17 -0.02314685 -0.01049194 -0.04311438 -0.02525582 -0.03500894 -0.02376562 -0.04311438 -0.04311438 -0.03993707 -0.04087156 -0.03695518 -0.05842172 -0.04311438 -0.06097294 -0.03048647 -0.07360085 -0.02665386 -0.07294006 -0.01785856 -0.08622876 -0.01107342 -0.08155107 0.006700249 -0.08254922 1.977585e-16 -0.08622876 0.02314685 -0.07573681 -0.006700249 -0.003679537 0.01785856 3.469447e-17 0.01107342 -0.004677685 0.03048647 -0.01262791 0.02665386 -0.01328869 0.03695518 -0.02780704 0.04311438 -0.02525582 0.03993707 -0.0453572 0.04311438 -0.04311438 0.04311438 -0.06097294 0.03500894 -0.06246313 0.03048647 -0.07360085 0.01785856 -0.08622876</float_array>
                    <technique_common>
                        <accessor count="188" source="#ID143" stride="2">
                            <param name="S" type="float" />
                            <param name="T" type="float" />
                        </accessor>
                    </technique_common>
                </source>
                <vertices id="ID139">
                    <input semantic="POSITION" source="#ID137" />
                    <input semantic="NORMAL" source="#ID138" />
                </vertices>
                <triangles count="118" material="Material2">
                    <input offset="0" semantic="VERTEX" source="#ID139" />
                    <input offset="1" semantic="TEXCOORD" source="#ID140" />
                    <p>0 0 1 1 2 2 1 1 0 0 3 3 2 4 4 5 5 6 4 5 2 4 1 7 6 8 7 9 8 10 7 9 6 8 9 11 7 9 10 12 11 13 10 12 7 9 12 14 11 13 13 15 14 16 13 15 11 13 15 17 14 16 16 18 17 19 16 18 14 16 18 20 17 19 19 21 20 22 19 21 17 19 21 23 22 24 23 25 24 26 23 25 22 24 25 27 26 28 24 26 20 22 24 26 26 28 27 29 28 30 0 31 29 32 0 31 28 30 3 33 5 34 30 35 31 36 30 35 5 34 4 37 32 38 33 39 34 40 33 39 32 38 35 41 36 42 37 43 38 44 37 43 36 42 39 45 39 45 36 42 40 46 41 47 42 48 43 49 42 48 41 47 44 50 44 50 41 47 45 51 46 52 47 53 48 54 47 53 46 52 49 55 49 55 46 52 50 56 51 57 52 58 53 44 52 58 51 57 54 59 54 59 51 57 55 60 56 61 57 62 58 63 57 62 56 61 59 64 59 64 56 61 60 65 61 66 62 67 63 68 62 67 61 66 64 69 64 69 61 66 65 70 66 71 67 72 68 73 67 72 66 71 69 74 69 74 66 71 70 75 31 76 71 77 72 78 71 77 31 76 30 79 72 80 73 81 74 82 73 81 72 80 71 83 74 84 75 85 76 86 75 85 74 84 73 87 75 88 77 89 76 90 77 89 75 88 78 91 78 92 79 93 77 94 79 93 78 92 80 95 80 96 81 97 79 98 81 97 80 96 82 99 82 100 83 101 81 102 83 101 82 100 84 103 84 104 85 105 83 106 85 105 84 104 86 107 86 108 87 109 85 110 87 109 86 108 88 111 89 112 87 113 88 114 87 113 89 112 90 115 91 116 90 117 89 118 90 117 91 116 92 119 93 120 92 121 91 122 92 121 93 120 94 123 95 124 94 125 93 126 94 125 95 124 96 127 97 128 96 129 95 130 96 129 97 128 98 131 99 132 98 133 97 134 98 133 99 132 100 135 99 136 101 137 100 138 101 137 99 136 102 139 102 140 34 141 101 94 34 141 102 140 32 142 103 143 8 144 23 145 8 144 103 143 104 146 105 147 29 148 106 149 29 148 105 147 28 150 35 151 106 152 33 102 106 152 35 151 105 33 107 153 108 154 109 155 108 154 107 153 110 156 110 156 107 153 111 157 112 158 113 159 114 160 113 159 112 158 115 161 115 161 112 158 116 162 115 161 116 162 117 163 117 163 116 162 118 164 117 163 118 164 119 165 119 165 118 164 120 166 120 166 118 164 121 167 120 166 121 167 122 168 120 166 122 168 123 169 123 169 122 168 124 170 123 169 124 170 125 171 125 171 124 170 126 172 126 172 124 170 127 173 126 172 127 173 128 174 113 159 129 175 130 176 129 175 113 159 115 161 130 176 129 175 131 177 130 176 131 177 132 178 132 178 131 177 133 179 132 178 133 179 134 180 132 178 134 180 135 181 135 181 134 180 136 182 135 181 136 182 137 183 137 183 136 182 138 184 138 184 136 182 139 185 138 184 139 185 128 174 138 184 128 174 140 186 140 186 128 174 127 173 140 186 127 173 141 187</p>
                </triangles>
            </mesh>
        </geometry>
        <geometry id="ID144">
            <mesh>
                <source id="ID150">
                    <float_array id="ID154" count="126">1.057179 -13.09055 0.2272649 0.5575664 -13.09055 0.1132315 0.8203864 -13.09055 0.1132315 0.3207737 -13.09055 0.2272649 0.1569081 -13.09055 0.4327458 1.221045 -13.09055 0.4327458 0.0984252 -13.09055 0.6889764 1.279528 -13.09055 0.6889764 0.1569081 -13.09055 0.9452069 1.221045 -13.09055 0.9452069 0.3207737 -13.09055 1.150688 1.057179 -13.09055 1.150688 0.5575664 -13.09055 1.264721 0.8203864 -13.09055 1.264721 1.221045 -0.03937008 0.9452069 1.057179 -13.09055 1.150688 1.221045 -13.09055 0.9452069 1.057179 -0.03937008 1.150688 0.8203864 -0.03937008 1.264721 0.8203864 -13.09055 1.264721 0.5575664 -0.03937008 1.264721 0.5575664 -13.09055 1.264721 0.3207737 -0.03937008 1.150688 0.3207737 -13.09055 1.150688 0.1569081 -13.09055 0.9452069 0.1569081 -0.03937008 0.9452069 0.0984252 -13.09055 0.6889764 0.0984252 -0.03937008 0.6889764 0.1569081 -13.09055 0.4327458 0.1569081 -0.03937008 0.4327458 0.3207737 -13.09055 0.2272649 0.3207737 -0.03937008 0.2272649 0.5575664 -0.03937008 0.1132315 0.5575664 -13.09055 0.1132315 0.8203864 -0.03937008 0.1132315 0.8203864 -13.09055 0.1132315 1.057179 -0.03937008 0.2272649 1.057179 -13.09055 0.2272649 1.221045 -13.09055 0.4327458 1.221045 -0.03937008 0.4327458 1.279528 -13.09055 0.6889764 1.279528 -0.03937008 0.6889764</float_array>
                    <technique_common>
                        <accessor count="42" source="#ID154" stride="3">
                            <param name="X" type="float" />
                            <param name="Y" type="float" />
                            <param name="Z" type="float" />
                        </accessor>
                    </technique_common>
                </source>
                <source id="ID151">
                    <float_array id="ID155" count="126">0 -1 0 0 -1 0 0 -1 0 0 -1 0 0 -1 0 0 -1 0 0 -1 0 0 -1 0 0 -1 0 0 -1 0 0 -1 0 0 -1 0 0 -1 0 0 -1 0 0.9009689 0 0.4338837 0.6234898 0 0.7818315 0.9009689 0 0.4338837 0.6234898 0 0.7818315 0.2225209 0 0.9749279 0.2225209 0 0.9749279 -0.2225209 0 0.9749279 -0.2225209 0 0.9749279 -0.6234898 0 0.7818315 -0.6234898 0 0.7818315 -0.9009689 0 0.4338837 -0.9009689 0 0.4338837 -1 0 3.624832e-17 -1 0 3.624832e-17 -0.9009689 0 -0.4338837 -0.9009689 0 -0.4338837 -0.6234898 0 -0.7818315 -0.6234898 0 -0.7818315 -0.2225209 0 -0.9749279 -0.2225209 0 -0.9749279 0.2225209 0 -0.9749279 0.2225209 0 -0.9749279 0.6234898 0 -0.7818315 0.6234898 0 -0.7818315 0.9009689 0 -0.4338837 0.9009689 0 -0.4338837 1 0 1.812416e-17 1 0 1.812416e-17</float_array>
                    <technique_common>
                        <accessor count="42" source="#ID155" stride="3">
                            <param name="X" type="float" />
                            <param name="Y" type="float" />
                            <param name="Z" type="float" />
                        </accessor>
                    </technique_common>
                </source>
                <source id="ID153">
                    <float_array id="ID156" count="138">0.2685235 0.05772528 0.1416219 0.02876081 0.2083781 0.02876081 0.08147653 0.05772528 0.03985467 0.1099174 0.3101453 0.1099174 0.025 0.175 0.325 0.175 0.03985467 0.2400826 0.3101453 0.2400826 0.08147653 0.2922747 0.2685235 0.2922747 0.1416219 0.3212392 0.2083781 0.3212392 0.875158 -3.315 0.9424778 1.776357e-15 0.875158 1.776357e-15 0.9424778 -3.315 8.326673e-17 8.881784e-16 0.06731984 -3.315 0.06731984 8.881784e-16 8.326673e-17 -3.315 0.06731984 0 0.1346397 -3.315 0.1346397 0 0.06731984 -3.315 0.1346397 8.881784e-16 0.2019595 -3.315 0.2019595 8.881784e-16 0.1346397 -3.315 0.2019595 -3.315 0.2692794 4.440892e-16 0.2019595 4.440892e-16 0.2692794 -3.315 0.2692794 -3.315 0.3365992 0 0.2692794 0 0.3365992 -3.315 0.3365992 -3.315 0.4039191 8.881784e-16 0.3365992 8.881784e-16 0.4039191 -3.315 0.4039191 -3.315 0.4712389 0 0.4039191 0 0.4712389 -3.315 0.5385587 -3.315 0.4712389 -3.315 0.5385587 0 0.6058786 -3.315 0.5385587 -1.332268e-15 0.5385587 -3.315 0.6058786 -1.332268e-15 0.6731984 -3.315 0.6058786 8.881784e-16 0.6058786 -3.315 0.6731984 8.881784e-16 0.6731984 -3.315 0.7405183 1.776357e-15 0.6731984 1.776357e-15 0.7405183 -3.315 0.7405183 -3.315 0.8078381 4.440892e-16 0.7405183 4.440892e-16 0.8078381 -3.315 0.8078381 -3.315 0.875158 -4.440892e-16 0.8078381 -4.440892e-16 0.875158 -3.315</float_array>
                    <technique_common>
                        <accessor count="69" source="#ID156" stride="2">
                            <param name="S" type="float" />
                            <param name="T" type="float" />
                        </accessor>
                    </technique_common>
                </source>
                <vertices id="ID152">
                    <input semantic="POSITION" source="#ID150" />
                    <input semantic="NORMAL" source="#ID151" />
                </vertices>
                <triangles count="40" material="Material2">
                    <input offset="0" semantic="VERTEX" source="#ID152" />
                    <input offset="1" semantic="TEXCOORD" source="#ID153" />
                    <p>0 0 1 1 2 2 1 1 0 0 3 3 3 3 0 0 4 4 4 4 0 0 5 5 4 4 5 5 6 6 6 6 5 5 7 7 6 6 7 7 8 8 8 8 7 7 9 9 8 8 9 9 10 10 10 10 9 9 11 11 10 10 11 11 12 12 12 12 11 11 13 13 14 14 15 15 16 16 15 15 14 14 17 17 15 18 18 19 19 20 18 19 15 18 17 21 19 22 20 23 21 24 20 23 19 22 18 25 21 26 22 27 23 28 22 27 21 26 20 29 22 30 24 31 23 32 24 31 22 30 25 33 25 34 26 35 24 36 26 35 25 34 27 37 27 38 28 39 26 40 28 39 27 38 29 41 29 42 30 43 28 44 30 43 29 42 31 45 32 46 30 43 31 47 30 43 32 46 33 48 34 49 33 50 32 51 33 50 34 49 35 52 36 53 35 54 34 55 35 54 36 53 37 56 36 57 38 58 37 59 38 58 36 57 39 60 39 61 40 62 38 63 40 62 39 61 41 64 41 65 16 66 40 67 16 66 41 65 14 68</p>
                </triangles>
            </mesh>
        </geometry>
    </library_geometries>
    <library_materials>
        <material id="ID6" name="screw_normal">
            <instance_effect url="#ID7" />
        </material>
        <material id="ID19" name="metal">
            <instance_effect url="#ID20" />
        </material>
        <material id="ID82" name="mount">
            <instance_effect url="#ID83" />
        </material>
        <material id="ID145" name="metal_galvanized">
            <instance_effect url="#ID146" />
        </material>
    </library_materials>
    <library_effects>
        <effect id="ID7">
            <profile_COMMON>
                <newparam sid="ID9">
                    <surface type="2D">
                        <init_from>ID8</init_from>
                    </surface>
                </newparam>
                <newparam sid="ID10">
                    <sampler2D>
                        <source>ID9</source>
                    </sampler2D>
                </newparam>
                <technique sid="COMMON">
                    <lambert>
                        <diffuse>
                            <texture texture="ID10" texcoord="UVSET0" />
                        </diffuse>
                    </lambert>
                </technique>
            </profile_COMMON>
        </effect>
        <effect id="ID20">
            <profile_COMMON>
                <newparam sid="ID22">
                    <surface type="2D">
                        <init_from>ID21</init_from>
                    </surface>
                </newparam>
                <newparam sid="ID23">
                    <sampler2D>
                        <source>ID22</source>
                    </sampler2D>
                </newparam>
                <technique sid="COMMON">
                    <lambert>
                        <diffuse>
                            <texture texture="ID23" texcoord="UVSET0" />
                        </diffuse>
                    </lambert>
                </technique>
            </profile_COMMON>
        </effect>
        <effect id="ID83">
            <profile_COMMON>
                <newparam sid="ID85">
                    <surface type="2D">
                        <init_from>ID84</init_from>
                    </surface>
                </newparam>
                <newparam sid="ID86">
                    <sampler2D>
                        <source>ID85</source>
                    </sampler2D>
                </newparam>
                <technique sid="COMMON">
                    <lambert>
                        <diffuse>
                            <texture texture="ID86" texcoord="UVSET0" />
                        </diffuse>
                    </lambert>
                </technique>
            </profile_COMMON>
        </effect>
        <effect id="ID146">
            <profile_COMMON>
                <newparam sid="ID148">
                    <surface type="2D">
                        <init_from>ID147</init_from>
                    </surface>
                </newparam>
                <newparam sid="ID149">
                    <sampler2D>
                        <source>ID148</source>
                    </sampler2D>
                </newparam>
                <technique sid="COMMON">
                    <lambert>
                        <diffuse>
                            <texture texture="ID149" texcoord="UVSET0" />
                        </diffuse>
                    </lambert>
                </technique>
            </profile_COMMON>
        </effect>
    </library_effects>
    <library_images>
        <image id="ID8">
            <init_from>panel_3x1/screw_normal.png</init_from>
        </image>
        <image id="ID21">
            <init_from>panel_3x1/metal.jpg</init_from>
        </image>
        <image id="ID84">
            <init_from>panel_3x1/mount.jpg</init_from>
        </image>
        <image id="ID147">
            <init_from>panel_3x1/metal_galvanized.jpg</init_from>
        </image>
    </library_images>
    <scene>
        <instance_visual_scene url="#ID2" />
    </scene>
</COLLADA>
