<?xml version="1.0" encoding="UTF-8" standalone="no" ?>
<COLLADA xmlns="http://www.collada.org/2005/11/COLLADASchema" version="1.4.1">
    <asset>
        <contributor>
            <authoring_tool>SketchUp 17.2.2555</authoring_tool>
        </contributor>
        <created>2026-07-05T16:57:11Z</created>
        <modified>2026-07-05T16:57:11Z</modified>
        <unit meter="0.0254" name="inch" />
        <up_axis>Z_UP</up_axis>
    </asset>
    <library_cameras>
        <camera id="ID1" name="skp_camera_Last_Saved_SketchUp_View">
            <optics>
                <technique_common>
                    <perspective>
                        <yfov>35</yfov>
                        <aspect_ratio>0</aspect_ratio>
                        <znear>0.1</znear>
                        <zfar>2</zfar>
                    </perspective>
                </technique_common>
            </optics>
        </camera>
    </library_cameras>
    <library_visual_scenes>
        <visual_scene id="ID2">
            <node name="SketchUp">
                <node name="skp_camera_Last_Saved_SketchUp_View">
                    <matrix>0.8942572 0.09000558 -0.4384096 -15.18155 -0.4475533 0.1798403 -0.8759871 -37.83596 -4.163336e-17 0.9795695 0.2011058 8.862849 0 0 0 1</matrix>
                    <instance_camera url="#ID1" />
                </node>
                <node id="ID3" name="instance_0">
                    <matrix>1 0 0 0 0 1 0 0 0 0 1 0 0 0 0 1</matrix>
                    <instance_node url="#ID4" />
                </node>
                <node id="ID95" name="instance_1">
                    <matrix>1 0 0 4.517717 0 1 0 1.259843 0 0 1 -10.57087 0 0 0 1</matrix>
                    <instance_node url="#ID96" />
                </node>
                <node id="ID150" name="instance_2">
                    <matrix>0.8 0 0 3.966535 0 4.551914e-16 -0.8 2.57874 0 0.8 4.551914e-16 -0.0984252 0 0 0 1</matrix>
                    <instance_node url="#ID151" />
                </node>
            </node>
        </visual_scene>
    </library_visual_scenes>
    <library_nodes>
        <node id="ID4" name="panel">
            <instance_geometry url="#ID5">
                <bind_material>
                    <technique_common>
                        <instance_material symbol="Material2" target="#ID6">
                            <bind_vertex_input semantic="UVSET0" input_semantic="TEXCOORD" input_set="0" />
                        </instance_material>
                    </technique_common>
                </bind_material>
            </instance_geometry>
            <instance_geometry url="#ID18">
                <bind_material>
                    <technique_common>
                        <instance_material symbol="Material2" target="#ID19">
                            <bind_vertex_input semantic="UVSET0" input_semantic="TEXCOORD" input_set="0" />
                        </instance_material>
                    </technique_common>
                </bind_material>
            </instance_geometry>
            <instance_geometry url="#ID31">
                <bind_material>
                    <technique_common>
                        <instance_material symbol="Material2" target="#ID6">
                            <bind_vertex_input semantic="UVSET0" input_semantic="TEXCOORD" input_set="0" />
                        </instance_material>
                    </technique_common>
                </bind_material>
            </instance_geometry>
            <instance_geometry url="#ID39">
                <bind_material>
                    <technique_common>
                        <instance_material symbol="Material2" target="#ID19">
                            <bind_vertex_input semantic="UVSET0" input_semantic="TEXCOORD" input_set="0" />
                        </instance_material>
                    </technique_common>
                </bind_material>
            </instance_geometry>
            <instance_geometry url="#ID47">
                <bind_material>
                    <technique_common>
                        <instance_material symbol="Material2" target="#ID6">
                            <bind_vertex_input semantic="UVSET0" input_semantic="TEXCOORD" input_set="0" />
                        </instance_material>
                    </technique_common>
                </bind_material>
            </instance_geometry>
            <instance_geometry url="#ID55">
                <bind_material>
                    <technique_common>
                        <instance_material symbol="Material2" target="#ID6">
                            <bind_vertex_input semantic="UVSET0" input_semantic="TEXCOORD" input_set="0" />
                        </instance_material>
                    </technique_common>
                </bind_material>
            </instance_geometry>
            <instance_geometry url="#ID63">
                <bind_material>
                    <technique_common>
                        <instance_material symbol="Material2" target="#ID6">
                            <bind_vertex_input semantic="UVSET0" input_semantic="TEXCOORD" input_set="0" />
                        </instance_material>
                    </technique_common>
                </bind_material>
            </instance_geometry>
            <instance_geometry url="#ID71">
                <bind_material>
                    <technique_common>
                        <instance_material symbol="Material2" target="#ID6">
                            <bind_vertex_input semantic="UVSET0" input_semantic="TEXCOORD" input_set="0" />
                        </instance_material>
                    </technique_common>
                </bind_material>
            </instance_geometry>
            <instance_geometry url="#ID79">
                <bind_material>
                    <technique_common>
                        <instance_material symbol="Material2" target="#ID6">
                            <bind_vertex_input semantic="UVSET0" input_semantic="TEXCOORD" input_set="0" />
                        </instance_material>
                    </technique_common>
                </bind_material>
            </instance_geometry>
            <instance_geometry url="#ID87">
                <bind_material>
                    <technique_common>
                        <instance_material symbol="Material2" target="#ID6">
                            <bind_vertex_input semantic="UVSET0" input_semantic="TEXCOORD" input_set="0" />
                        </instance_material>
                    </technique_common>
                </bind_material>
            </instance_geometry>
        </node>
        <node id="ID96" name="mount">
            <instance_geometry url="#ID97">
                <bind_material>
                    <technique_common>
                        <instance_material symbol="Material2" target="#ID98">
                            <bind_vertex_input semantic="UVSET0" input_semantic="TEXCOORD" input_set="0" />
                        </instance_material>
                    </technique_common>
                </bind_material>
            </instance_geometry>
            <instance_geometry url="#ID110">
                <bind_material>
                    <technique_common>
                        <instance_material symbol="Material2" target="#ID6">
                            <bind_vertex_input semantic="UVSET0" input_semantic="TEXCOORD" input_set="0" />
                        </instance_material>
                    </technique_common>
                </bind_material>
            </instance_geometry>
            <instance_geometry url="#ID118">
                <bind_material>
                    <technique_common>
                        <instance_material symbol="Material2" target="#ID6">
                            <bind_vertex_input semantic="UVSET0" input_semantic="TEXCOORD" input_set="0" />
                        </instance_material>
                    </technique_common>
                </bind_material>
            </instance_geometry>
            <instance_geometry url="#ID126">
                <bind_material>
                    <technique_common>
                        <instance_material symbol="Material2" target="#ID98">
                            <bind_vertex_input semantic="UVSET0" input_semantic="TEXCOORD" input_set="0" />
                        </instance_material>
                    </technique_common>
                </bind_material>
            </instance_geometry>
            <instance_geometry url="#ID134">
                <bind_material>
                    <technique_common>
                        <instance_material symbol="Material2" target="#ID6">
                            <bind_vertex_input semantic="UVSET0" input_semantic="TEXCOORD" input_set="0" />
                        </instance_material>
                    </technique_common>
                </bind_material>
            </instance_geometry>
            <instance_geometry url="#ID142">
                <bind_material>
                    <technique_common>
                        <instance_material symbol="Material2" target="#ID6">
                            <bind_vertex_input semantic="UVSET0" input_semantic="TEXCOORD" input_set="0" />
                        </instance_material>
                    </technique_common>
                </bind_material>
            </instance_geometry>
        </node>
        <node id="ID151" name="pipe">
            <instance_geometry url="#ID152">
                <bind_material>
                    <technique_common>
                        <instance_material symbol="Material2" target="#ID19">
                            <bind_vertex_input semantic="UVSET0" input_semantic="TEXCOORD" input_set="0" />
                        </instance_material>
                    </technique_common>
                </bind_material>
            </instance_geometry>
            <instance_geometry url="#ID160">
                <bind_material>
                    <technique_common>
                        <instance_material symbol="Material2" target="#ID161">
                            <bind_vertex_input semantic="UVSET0" input_semantic="TEXCOORD" input_set="0" />
                        </instance_material>
                    </technique_common>
                </bind_material>
            </instance_geometry>
        </node>
    </library_nodes>
    <library_geometries>
        <geometry id="ID5">
            <mesh>
                <source id="ID11">
                    <float_array id="ID15" count="30">0.4976605 6.610048e-17 8.633132 0.2995836 8.170468e-17 8.568773 0.4090778 8.170468e-17 8.568773 0.2110009 6.610048e-17 8.633132 0.5314961 4.085234e-17 8.737267 0.1771654 4.085234e-17 8.737267 0.4976605 1.560421e-17 8.841402 0.2110009 1.560421e-17 8.841402 0.4090778 4.930381e-31 8.905761 0.2995836 4.930381e-31 8.905761</float_array>
                    <technique_common>
                        <accessor count="10" source="#ID15" stride="3">
                            <param name="X" type="float" />
                            <param name="Y" type="float" />
                            <param name="Z" type="float" />
                        </accessor>
                    </technique_common>
                </source>
                <source id="ID12">
                    <float_array id="ID16" count="30">0 -1 -2.424554e-16 0 -1 -2.424554e-16 0 -1 -2.424554e-16 0 -1 -2.424554e-16 0 -1 -2.424554e-16 0 -1 -2.424554e-16 0 -1 -2.424554e-16 0 -1 -2.424554e-16 0 -1 -2.424554e-16 0 -1 -2.424554e-16</float_array>
                    <technique_common>
                        <accessor count="10" source="#ID16" stride="3">
                            <param name="X" type="float" />
                            <param name="Y" type="float" />
                            <param name="Z" type="float" />
                        </accessor>
                    </technique_common>
                </source>
                <source id="ID14">
                    <float_array id="ID17" count="20">0.785765 0.2927911 0.3889748 0.1638662 0.608315 0.1638662 0.2115249 0.2927911 0.8535449 0.501396 0.1437451 0.501396 0.7857651 0.7100009 0.211525 0.7100009 0.6083152 0.8389258 0.388975 0.8389258</float_array>
                    <technique_common>
                        <accessor count="10" source="#ID17" stride="2">
                            <param name="S" type="float" />
                            <param name="T" type="float" />
                        </accessor>
                    </technique_common>
                </source>
                <vertices id="ID13">
                    <input semantic="POSITION" source="#ID11" />
                    <input semantic="NORMAL" source="#ID12" />
                </vertices>
                <triangles count="8" material="Material2">
                    <input offset="0" semantic="VERTEX" source="#ID13" />
                    <input offset="1" semantic="TEXCOORD" source="#ID14" />
                    <p>0 0 1 1 2 2 1 1 0 0 3 3 3 3 0 0 4 4 3 3 4 4 5 5 5 5 4 4 6 6 5 5 6 6 7 7 7 7 6 6 8 8 7 7 8 8 9 9</p>
                </triangles>
            </mesh>
        </geometry>
        <geometry id="ID18">
            <mesh>
                <source id="ID24">
                    <float_array id="ID28" count="72">0.1771654 0.7874016 8.976378 8.858268 3.267717 8.976378 0.1771654 3.267717 8.976378 8.858268 0.7874016 8.976378 8.917323 0.7874016 8.917323 8.917323 3.267717 8.917323 0.1181102 3.267717 0.1771654 8.858268 3.267717 0.1181102 0.1771654 3.267717 0.1181102 8.917323 3.267717 0.1771654 0.1181102 3.267717 8.917323 8.917323 3.267717 8.917323 0.1771654 3.267717 8.976378 8.858268 3.267717 8.976378 0.1181102 3.267717 8.917323 0.1181102 0.7874016 8.917323 8.917323 3.267717 0.1771654 8.917323 0.7874016 0.1771654 8.858268 3.267717 0.1181102 0.1771654 0.7874016 0.1181102 0.1771654 3.267717 0.1181102 8.858268 0.7874016 0.1181102 0.1181102 0.7874016 0.1771654 0.1181102 3.267717 0.1771654</float_array>
                    <technique_common>
                        <accessor count="24" source="#ID28" stride="3">
                            <param name="X" type="float" />
                            <param name="Y" type="float" />
                            <param name="Z" type="float" />
                        </accessor>
                    </technique_common>
                </source>
                <source id="ID25">
                    <float_array id="ID29" count="72">-0.3826834 -4.208437e-18 0.9238795 0.3826834 0 0.9238795 -0.3826834 -4.208437e-18 0.9238795 0.3826834 0 0.9238795 0.9238795 0 0.3826834 0.9238795 0 0.3826834 0 1 0 0 1 0 0 1 0 0 1 0 0 1 0 0 1 0 0 1 0 0 1 0 -0.9238795 -4.208437e-18 0.3826834 -0.9238795 -4.208437e-18 0.3826834 0.9238795 0 -0.3826834 0.9238795 0 -0.3826834 0.3826834 0 -0.9238795 -0.3826834 -4.208437e-18 -0.9238795 -0.3826834 -4.208437e-18 -0.9238795 0.3826834 0 -0.9238795 -0.9238795 -4.208437e-18 -0.3826834 -0.9238795 -4.208437e-18 -0.3826834</float_array>
                    <technique_common>
                        <accessor count="24" source="#ID29" stride="3">
                            <param name="X" type="float" />
                            <param name="Y" type="float" />
                            <param name="Z" type="float" />
                        </accessor>
                    </technique_common>
                </source>
                <source id="ID27">
                    <float_array id="ID30" count="80">0.762 -1.734723e-18 0.552 0.49 0.552 -1.908196e-17 0.762 0.49 1.342013 -0.1267157 1.132013 -0.1314298 1.342013 -0.1314298 1.132013 -0.1267157 0.7633333 0.003333333 0.27 -8.673617e-19 0.76 -8.673617e-19 0.2666667 0.003333333 0.7633333 0.4966667 0.2666667 0.4966667 0.76 0.5 0.27 0.5 1.299652 -0.1553261 1.509652 -0.150612 1.299652 -0.150612 1.509652 -0.1553261 0.2833333 0.4933333 0.4933333 -1.110223e-16 0.4933333 0.4933333 0.2833333 -1.110223e-16 1.36876 1.194835 1.15876 0.7048354 1.36876 0.7048354 1.15876 1.194835 0 -0.004714045 0.21 5.20417e-18 0 4.336809e-18 0.21 -0.004714045 2.337359 -0.2628595 2.127359 0.2304738 2.127359 -0.2628595 2.337359 0.2304738 0.8442078 -1.385769 1.054208 -1.381055 0.8442078 -1.381055 1.054208 -1.385769</float_array>
                    <technique_common>
                        <accessor count="40" source="#ID30" stride="2">
                            <param name="S" type="float" />
                            <param name="T" type="float" />
                        </accessor>
                    </technique_common>
                </source>
                <vertices id="ID26">
                    <input semantic="POSITION" source="#ID24" />
                    <input semantic="NORMAL" source="#ID25" />
                </vertices>
                <triangles count="22" material="Material2">
                    <input offset="0" semantic="VERTEX" source="#ID26" />
                    <input offset="1" semantic="TEXCOORD" source="#ID27" />
                    <p>0 0 1 1 2 2 1 1 0 0 3 3 4 4 1 5 3 6 1 5 4 4 5 7 6 8 7 9 8 10 7 9 6 8 9 11 9 11 6 8 10 12 9 11 10 12 11 13 11 13 10 12 12 14 11 13 12 14 13 15 0 16 14 17 15 18 14 17 0 16 2 19 16 20 4 21 17 22 4 21 16 20 5 23 18 24 19 25 20 26 19 25 18 24 21 27 20 28 22 29 23 30 22 29 20 28 19 31 14 32 22 33 15 34 22 33 14 32 23 35 16 36 21 37 18 38 21 37 16 36 17 39</p>
                </triangles>
            </mesh>
        </geometry>
        <geometry id="ID31">
            <mesh>
                <source id="ID32">
                    <float_array id="ID36" count="30">8.824432 6.610048e-17 8.633132 8.626355 8.170468e-17 8.568773 8.735849 8.170468e-17 8.568773 8.537773 6.610048e-17 8.633132 8.858268 4.085234e-17 8.737267 8.503937 4.085234e-17 8.737267 8.824432 1.560421e-17 8.841402 8.537773 1.560421e-17 8.841402 8.735849 1.232595e-30 8.905761 8.626355 1.232595e-30 8.905761</float_array>
                    <technique_common>
                        <accessor count="10" source="#ID36" stride="3">
                            <param name="X" type="float" />
                            <param name="Y" type="float" />
                            <param name="Z" type="float" />
                        </accessor>
                    </technique_common>
                </source>
                <source id="ID33">
                    <float_array id="ID37" count="30">0 -1 -2.424554e-16 0 -1 -2.424554e-16 0 -1 -2.424554e-16 0 -1 -2.424554e-16 0 -1 -2.424554e-16 0 -1 -2.424554e-16 0 -1 -2.424554e-16 0 -1 -2.424554e-16 0 -1 -2.424554e-16 0 -1 -2.424554e-16</float_array>
                    <technique_common>
                        <accessor count="10" source="#ID37" stride="3">
                            <param name="X" type="float" />
                            <param name="Y" type="float" />
                            <param name="Z" type="float" />
                        </accessor>
                    </technique_common>
                </source>
                <source id="ID35">
                    <float_array id="ID38" count="20">20.78728 0.2924522 20.39049 0.1635274 20.60983 0.1635274 20.21304 0.2924522 20.85506 0.5010568 20.14526 0.5010568 20.78728 0.7096615 20.21304 0.7096615 20.60983 0.8385863 20.39049 0.8385863</float_array>
                    <technique_common>
                        <accessor count="10" source="#ID38" stride="2">
                            <param name="S" type="float" />
                            <param name="T" type="float" />
                        </accessor>
                    </technique_common>
                </source>
                <vertices id="ID34">
                    <input semantic="POSITION" source="#ID32" />
                    <input semantic="NORMAL" source="#ID33" />
                </vertices>
                <triangles count="8" material="Material2">
                    <input offset="0" semantic="VERTEX" source="#ID34" />
                    <input offset="1" semantic="TEXCOORD" source="#ID35" />
                    <p>0 0 1 1 2 2 1 1 0 0 3 3 3 3 0 0 4 4 3 3 4 4 5 5 5 5 4 4 6 6 5 5 6 6 7 7 7 7 6 6 8 8 7 7 8 8 9 9</p>
                </triangles>
            </mesh>
        </geometry>
        <geometry id="ID39">
            <mesh>
                <source id="ID40">
                    <float_array id="ID44" count="348">0 0.7874016 0 9.035433 0.7480315 -0.05905512 0 0.7480315 -0.05905512 9.035433 0.7874016 0 0 0.03937008 -0.05905512 9.035433 0.03937008 -0.05905512 -0.05905512 0.7480315 0 0.1771654 0.7874016 0.1181102 0.1181102 0.7874016 0.1771654 0 0.7874016 9.094488 0.1181102 0.7874016 8.917323 0.1771654 0.7874016 8.976378 8.858268 0.7874016 8.976378 8.917323 0.7874016 0.1771654 9.035433 0.7874016 9.094488 8.858268 0.7874016 0.1181102 8.917323 0.7874016 8.917323 9.094488 0.7480315 0 9.035433 0 0 0 0 0 -0.05905512 0.03937008 0 9.094488 0.03937008 0 -0.05905512 0.7480315 9.094488 9.094488 0.7480315 9.094488 0 0.7480315 9.153543 9.035433 0.7480315 9.153543 8.537773 -1.560421e-17 0.2530859 4.571672 4.622232e-33 0.1887268 8.626355 9.244464e-33 0.1887268 4.660255 -1.560421e-17 0.2530859 8.503937 -4.085234e-17 0.3572211 4.69409 -4.085234e-17 0.3572211 4.660255 -6.610048e-17 0.4613563 8.537773 -6.610048e-17 0.4613563 4.571672 -8.170468e-17 0.5257153 8.626355 -8.170468e-17 0.5257153 4.462178 -8.170468e-17 0.5257153 0.4090778 -8.170468e-17 0.5257153 0.2995836 -8.170468e-17 0.5257153 9.035433 0 0 8.735849 9.244464e-33 0.1887268 0 0 0 8.824432 -1.560421e-17 0.2530859 8.858268 -4.085234e-17 0.3572211 9.035433 0 9.094488 8.824432 -6.610048e-17 0.4613563 8.735849 -8.170468e-17 0.5257153 8.858268 4.085234e-17 4.547244 8.824432 6.610048e-17 4.443109 8.735849 8.170468e-17 4.37875 8.824432 1.560421e-17 4.651379 8.735849 1.232595e-30 4.715738 8.626355 1.232595e-30 4.715738 8.824432 6.610048e-17 8.633132 8.735849 8.170468e-17 8.568773 0.4090778 4.930381e-31 4.715738 0.2995836 4.930381e-31 4.715738 8.858268 4.085234e-17 8.737267 8.824432 1.560421e-17 8.841402 8.735849 1.232595e-30 8.905761 8.626355 1.232595e-30 8.905761 4.571672 4.930381e-31 8.905761 4.462178 4.930381e-31 8.905761 0.4090778 4.930381e-31 8.905761 0.2995836 4.930381e-31 8.905761 0.1771654 -4.085234e-17 0.3572211 0 0 9.094488 0.2110009 -1.560421e-17 0.2530859 0.2995836 4.622232e-33 0.1887268 4.462178 4.622232e-33 0.1887268 0.4090778 4.622232e-33 0.1887268 0.2110009 -6.610048e-17 0.4613563 0.1771654 4.085234e-17 4.547244 0.2110009 6.610048e-17 4.443109 0.2995836 8.170468e-17 4.37875 8.626355 8.170468e-17 4.37875 0.4090778 8.170468e-17 4.37875 0.2110009 1.560421e-17 4.651379 0.2110009 6.610048e-17 8.633132 0.2995836 8.170468e-17 8.568773 8.626355 8.170468e-17 8.568773 4.571672 8.170468e-17 8.568773 4.462178 8.170468e-17 8.568773 0.4090778 8.170468e-17 8.568773 0.1771654 4.085234e-17 8.737267 0.2110009 1.560421e-17 8.841402 4.373595 6.610048e-17 8.633132 0.4976605 6.610048e-17 8.633132 4.33976 4.085234e-17 8.737267 0.5314961 4.085234e-17 8.737267 4.373595 1.560421e-17 8.841402 0.4976605 1.560421e-17 8.841402 8.537773 6.610048e-17 8.633132 4.660255 6.610048e-17 8.633132 8.503937 4.085234e-17 8.737267 4.69409 4.085234e-17 8.737267 8.537773 1.560421e-17 8.841402 4.660255 1.560421e-17 8.841402 8.537773 6.610048e-17 4.443109 0.4976605 6.610048e-17 4.443109 8.503937 4.085234e-17 4.547244 0.5314961 4.085234e-17 4.547244 8.537773 1.560421e-17 4.651379 0.4976605 1.560421e-17 4.651379 4.373595 -1.560421e-17 0.2530859 0.4976605 -1.560421e-17 0.2530859 4.33976 -4.085234e-17 0.3572211 0.5314961 -4.085234e-17 0.3572211 4.373595 -6.610048e-17 0.4613563 0.4976605 -6.610048e-17 0.4613563 -0.05905512 0.03937008 9.094488 9.094488 0.03937008 9.094488 9.035433 0.03937008 9.153543 0 0.03937008 9.153543 9.035433 0 9.094488 0 0 9.094488</float_array>
                    <technique_common>
                        <accessor count="116" source="#ID44" stride="3">
                            <param name="X" type="float" />
                            <param name="Y" type="float" />
                            <param name="Z" type="float" />
                        </accessor>
                    </technique_common>
                </source>
                <source id="ID41">
                    <float_array id="ID45" count="348">-0.2687032 0.9249849 -0.2687032 0.3304422 0.4199646 -0.8452441 -0.3304422 0.4199646 -0.8452441 0.2687032 0.9249849 -0.2687032 -0.3304422 -0.4199646 -0.8452441 0.3304422 -0.4199646 -0.8452441 -0.8452441 0.4199646 -0.3304422 0 1 0 0 1 0 -0.2687032 0.9249849 0.2687032 0 1 0 0 1 0 0 1 0 0 1 0 0.2687032 0.9249849 0.2687032 0 1 0 0 1 0 0.8452441 0.4199646 -0.3304422 0.3609678 -0.8598863 -0.3609678 -0.3609678 -0.8598863 -0.3609678 -0.8452441 -0.4199646 -0.3304422 0.8452441 -0.4199646 -0.3304422 -0.8452441 0.4199646 0.3304422 0.8452441 0.4199646 0.3304422 -0.3304422 0.4199646 0.8452441 0.3304422 0.4199646 0.8452441 0 -1 0 0 -1 0 0 -1 0 0 -1 0 0 -1 0 0 -1 0 0 -1 0 0 -1 0 0 -1 0 0 -1 0 0 -1 0 0 -1 0 0 -1 0 0 -1 0 0 -1 0 0 -1 0 0 -1 0 0 -1 0 0 -1 0 0 -1 0 0 -1 0 0 -1 0 0 -1 0 0 -1 0 0 -1 0 0 -1 0 0 -1 0 0 -1 0 0 -1 0 0 -1 0 0 -1 0 0 -1 0 0 -1 0 0 -1 0 0 -1 0 0 -1 0 0 -1 0 0 -1 0 0 -1 0 0 -1 0 0 -1 0 0 -1 0 0 -1 0 0 -1 0 0 -1 0 0 -1 0 0 -1 0 0 -1 0 0 -1 0 0 -1 0 0 -1 0 0 -1 0 0 -1 0 0 -1 0 0 -1 0 0 -1 0 0 -1 0 0 -1 0 0 -1 0 0 -1 0 0 -1 0 0 -1 0 0 -1 0 0 -1 0 0 -1 0 0 -1 0 0 -1 0 0 -1 0 0 -1 0 0 -1 0 0 -1 0 0 -1 0 0 -1 0 0 -1 0 0 -1 0 0 -1 0 0 -1 0 0 -1 0 0 -1 0 0 -1 0 0 -1 0 0 -1 0 0 -1 0 0 -1 0 -0.8452441 -0.4199646 0.3304422 0.8452441 -0.4199646 0.3304422 0.3304422 -0.4199646 0.8452441 -0.3304422 -0.4199646 0.8452441 0.3609678 -0.8598863 0.3609678 -0.3609678 -0.8598863 0.3609678</float_array>
                    <technique_common>
                        <accessor count="116" source="#ID45" stride="3">
                            <param name="X" type="float" />
                            <param name="Y" type="float" />
                            <param name="Z" type="float" />
                        </accessor>
                    </technique_common>
                </source>
                <source id="ID43">
                    <float_array id="ID46" count="336">-0.2469179 -2.566156 -0.2516319 -2.056156 -0.2516319 -2.566156 -0.2469179 -2.056156 -1.893471 -0.1027258 -1.953471 -0.6127258 -1.893471 -0.6127258 -1.953471 -0.1027258 -0.3612507 -0.5699563 -0.3659648 -0.5699563 -0.3636077 -0.5740388 2.473718 0.7751428 2.463718 0.7818095 1.963718 0.7751428 2.467051 0.7851428 2.473718 1.288476 2.467051 1.278476 2.463718 1.28181 1.973718 1.28181 1.970385 0.7851428 1.963718 1.288476 1.973718 0.7818095 1.970385 1.278476 -0.9289763 0.004082483 -0.9313333 1.415534e-14 -0.9266193 1.398881e-14 -1.782256 -2.42715 -1.272256 -2.423817 -1.782256 -2.423817 -1.272256 -2.42715 -1.006403 -1.56738 -0.9464031 -1.562666 -1.006403 -1.562666 -0.9464031 -1.56738 0.2923377 -0.7698718 0.3523377 -0.7745859 0.3523377 -0.7698718 0.2923377 -0.7745859 2.352645 -0.2628595 2.357359 0.2504738 2.352645 0.2504738 2.357359 -0.2628595 -1.439333 -0.5133333 -1.434619 -1.033988e-16 -1.439333 -1.033988e-16 -1.434619 -0.5133333 -1.424929 0.2031187 -1.429643 0.7131187 -1.429643 0.2031187 -1.424929 0.7131187 -2.052256 -2.42715 -2.052256 -2.423817 -2.055589 -2.42715 -1.754166 -2.441435 -1.530302 -2.437803 -1.759166 -2.437803 -1.535302 -2.441435 -1.752256 -2.447313 -1.537211 -2.447313 -1.535302 -2.453191 -1.754166 -2.453191 -1.530302 -2.456824 -1.759166 -2.456824 -1.524121 -2.456824 -1.295346 -2.456824 -1.289166 -2.456824 -1.765346 -2.437803 -1.770346 -2.441435 -1.772256 -2.447313 -1.782256 -2.940484 -1.770346 -2.453191 -1.765346 -2.456824 -1.772256 -2.683817 -1.770346 -2.677939 -1.765346 -2.674306 -1.770346 -2.689695 -1.765346 -2.693327 -1.759166 -2.693327 -1.770346 -2.914443 -1.765346 -2.91081 -1.295346 -2.693327 -1.289166 -2.693327 -1.772256 -2.92032 -1.770346 -2.926198 -1.765346 -2.929831 -1.759166 -2.929831 -1.530302 -2.929831 -1.524121 -2.929831 -1.295346 -2.929831 -1.289166 -2.929831 -1.282256 -2.447313 -1.272256 -2.940484 -1.284166 -2.441435 -1.289166 -2.437803 -1.524121 -2.437803 -1.295346 -2.437803 -1.284166 -2.453191 -1.282256 -2.683817 -1.284166 -2.677939 -1.289166 -2.674306 -1.759166 -2.674306 -1.295346 -2.674306 -1.284166 -2.689695 -1.284166 -2.914443 -1.289166 -2.91081 -1.759166 -2.91081 -1.530302 -2.91081 -1.524121 -2.91081 -1.295346 -2.91081 -1.282256 -2.92032 -1.284166 -2.926198 -1.519121 -2.914443 -1.300346 -2.914443 -1.517211 -2.92032 -1.302256 -2.92032 -1.519121 -2.926198 -1.300346 -2.926198 -1.754166 -2.914443 -1.535302 -2.914443 -1.752256 -2.92032 -1.537211 -2.92032 -1.754166 -2.926198 -1.535302 -2.926198 -1.754166 -2.677939 -1.300346 -2.677939 -1.752256 -2.683817 -1.302256 -2.683817 -1.754166 -2.689695 -1.300346 -2.689695 -1.519121 -2.441435 -1.300346 -2.441435 -1.517211 -2.447313 -1.302256 -2.447313 -1.519121 -2.453191 -1.300346 -2.453191 -1.268923 -2.42715 -0.4683681 1.272823 -0.5283681 1.786156 -0.5283681 1.272823 -0.4683681 1.786156 -1.27 0.5133333 -1.21 -1.110223e-16 -1.21 0.5133333 -1.27 -1.110223e-16 0.3171039 -0.6928846 0.3218179 -0.6928846 0.3194609 -0.6888022 1.508749 -0.2150669 1.511106 -0.2191494 1.513463 -0.2150669 0.06 0.002 2.775558e-17 -0.508 0.06 -0.508 -5.551115e-17 0.002 -2.055589 -2.940484 -2.052256 -2.940484 -1.782256 -2.943817 -1.272256 -2.943817 -1.268923 -2.940484 0.2813673 0.2563038 0.3413673 0.2610178 0.2813673 0.2610178 0.3413673 0.2563038 0.1438194 -0.01666221 0.08381936 -0.01194816 0.08381936 -0.01666221 0.1438194 -0.01194816 -2.052256 -2.943817</float_array>
                    <technique_common>
                        <accessor count="168" source="#ID46" stride="2">
                            <param name="S" type="float" />
                            <param name="T" type="float" />
                        </accessor>
                    </technique_common>
                </source>
                <vertices id="ID42">
                    <input semantic="POSITION" source="#ID40" />
                    <input semantic="NORMAL" source="#ID41" />
                </vertices>
                <triangles count="150" material="Material2">
                    <input offset="0" semantic="VERTEX" source="#ID42" />
                    <input offset="1" semantic="TEXCOORD" source="#ID43" />
                    <p>0 0 1 1 2 2 1 1 0 0 3 3 1 4 4 5 2 6 4 5 1 4 5 7 0 8 2 9 6 10 0 11 7 12 3 13 7 12 0 11 8 14 8 14 0 11 9 15 8 14 9 15 10 16 10 16 9 15 11 17 11 17 9 15 12 18 3 13 13 19 14 20 13 19 3 13 15 21 15 21 3 13 7 12 14 20 13 19 16 22 14 20 16 22 12 18 14 20 12 18 9 15 17 23 1 24 3 25 18 26 4 27 5 28 4 27 18 26 19 29 2 30 20 31 6 32 20 31 2 30 4 33 1 34 21 35 5 36 21 35 1 34 17 37 22 38 0 39 6 40 0 39 22 38 9 41 14 42 17 43 3 44 17 43 14 42 23 45 24 46 14 47 9 48 14 47 24 46 25 49 18 50 5 51 21 52 26 53 27 54 28 55 27 54 26 53 29 56 29 56 26 53 30 57 29 56 30 57 31 58 31 58 30 57 32 59 32 59 30 57 33 60 32 59 33 60 34 61 34 61 33 60 35 62 34 61 35 62 36 63 36 63 35 62 37 64 37 64 35 62 38 65 39 26 40 66 41 29 40 66 39 26 42 67 42 67 39 26 43 68 43 68 39 26 44 69 43 68 44 69 45 70 45 70 44 69 46 71 46 71 44 69 47 72 46 71 47 72 35 62 35 62 47 72 48 73 35 62 48 73 49 74 47 72 44 69 50 75 50 75 44 69 51 76 51 76 44 69 52 77 52 77 44 69 53 78 52 77 53 78 54 79 52 77 54 79 55 80 55 80 54 79 56 81 53 78 44 69 57 82 57 82 44 69 58 83 58 83 44 69 59 84 59 84 44 69 60 85 60 85 44 69 61 86 61 86 44 69 62 87 62 87 44 69 63 88 63 88 44 69 64 89 41 29 65 90 66 91 65 90 41 29 67 92 67 92 41 29 68 93 68 93 41 29 28 55 28 55 41 29 40 66 68 93 28 55 27 54 68 93 27 54 69 94 68 93 69 94 70 95 66 91 65 90 71 96 66 91 71 96 38 65 66 91 38 65 72 97 72 97 38 65 73 98 73 98 38 65 74 99 74 99 38 65 35 62 74 99 35 62 75 100 75 100 35 62 49 74 74 99 75 100 76 101 66 91 72 97 77 102 66 91 77 102 56 81 66 91 56 81 78 103 78 103 56 81 79 104 79 104 56 81 80 105 80 105 56 81 54 79 79 104 80 105 81 106 79 104 81 106 82 107 79 104 82 107 83 108 66 91 78 103 84 109 66 91 84 109 85 110 66 91 85 110 64 89 66 91 64 89 44 69 86 111 83 108 82 107 83 108 86 111 87 112 87 112 86 111 88 113 87 112 88 113 89 114 89 114 88 113 90 115 89 114 90 115 91 116 91 116 90 115 62 87 91 116 62 87 63 88 92 117 81 106 80 105 81 106 92 117 93 118 93 118 92 117 94 119 93 118 94 119 95 120 95 120 94 119 96 121 95 120 96 121 97 122 97 122 96 121 60 85 97 122 60 85 61 86 98 123 76 101 75 100 76 101 98 123 99 124 99 124 98 123 100 125 99 124 100 125 101 126 101 126 100 125 102 127 101 126 102 127 103 128 103 128 102 127 52 77 103 128 52 77 55 80 104 129 70 95 69 94 70 95 104 129 105 130 105 130 104 129 106 131 105 130 106 131 107 132 107 132 106 131 108 133 107 132 108 133 109 134 109 134 108 133 36 63 109 134 36 63 37 64 20 135 4 27 19 29 22 136 20 137 110 138 20 137 22 136 6 139 17 140 111 141 21 142 111 141 17 140 23 143 24 144 9 145 22 146 25 147 23 148 14 149 112 150 24 151 113 152 24 151 112 150 25 153 111 154 18 50 21 52 18 50 111 154 114 155 112 156 115 91 114 69 115 91 112 156 113 157 115 91 20 135 19 29 20 135 115 91 110 158 113 159 22 160 110 161 22 160 113 159 24 162 23 163 112 164 111 165 112 164 23 163 25 166 112 167 114 155 111 154 113 157 110 158 115 91</p>
                </triangles>
            </mesh>
        </geometry>
        <geometry id="ID47">
            <mesh>
                <source id="ID48">
                    <float_array id="ID52" count="30">8.824432 -1.560421e-17 0.2530859 8.626355 9.244464e-33 0.1887268 8.735849 9.244464e-33 0.1887268 8.537773 -1.560421e-17 0.2530859 8.858268 -4.085234e-17 0.3572211 8.503937 -4.085234e-17 0.3572211 8.824432 -6.610048e-17 0.4613563 8.537773 -6.610048e-17 0.4613563 8.735849 -8.170468e-17 0.5257153 8.626355 -8.170468e-17 0.5257153</float_array>
                    <technique_common>
                        <accessor count="10" source="#ID52" stride="3">
                            <param name="X" type="float" />
                            <param name="Y" type="float" />
                            <param name="Z" type="float" />
                        </accessor>
                    </technique_common>
                </source>
                <source id="ID49">
                    <float_array id="ID53" count="30">0 -1 -2.424554e-16 0 -1 -2.424554e-16 0 -1 -2.424554e-16 0 -1 -2.424554e-16 0 -1 -2.424554e-16 0 -1 -2.424554e-16 0 -1 -2.424554e-16 0 -1 -2.424554e-16 0 -1 -2.424554e-16 0 -1 -2.424554e-16</float_array>
                    <technique_common>
                        <accessor count="10" source="#ID53" stride="3">
                            <param name="X" type="float" />
                            <param name="Y" type="float" />
                            <param name="Z" type="float" />
                        </accessor>
                    </technique_common>
                </source>
                <source id="ID51">
                    <float_array id="ID54" count="20">20.78753 -11.70856 20.39074 -11.83748 20.61008 -11.83748 20.21329 -11.70856 20.85531 -11.49995 20.14551 -11.49995 20.78753 -11.29135 20.21329 -11.29135 20.61008 -11.16242 20.39074 -11.16242</float_array>
                    <technique_common>
                        <accessor count="10" source="#ID54" stride="2">
                            <param name="S" type="float" />
                            <param name="T" type="float" />
                        </accessor>
                    </technique_common>
                </source>
                <vertices id="ID50">
                    <input semantic="POSITION" source="#ID48" />
                    <input semantic="NORMAL" source="#ID49" />
                </vertices>
                <triangles count="8" material="Material2">
                    <input offset="0" semantic="VERTEX" source="#ID50" />
                    <input offset="1" semantic="TEXCOORD" source="#ID51" />
                    <p>0 0 1 1 2 2 1 1 0 0 3 3 3 3 0 0 4 4 3 3 4 4 5 5 5 5 4 4 6 6 5 5 6 6 7 7 7 7 6 6 8 8 7 7 8 8 9 9</p>
                </triangles>
            </mesh>
        </geometry>
        <geometry id="ID55">
            <mesh>
                <source id="ID56">
                    <float_array id="ID60" count="30">0.4976605 -1.560421e-17 0.2530859 0.2995836 4.622232e-33 0.1887268 0.4090778 4.622232e-33 0.1887268 0.2110009 -1.560421e-17 0.2530859 0.5314961 -4.085234e-17 0.3572211 0.1771654 -4.085234e-17 0.3572211 0.4976605 -6.610048e-17 0.4613563 0.2110009 -6.610048e-17 0.4613563 0.4090778 -8.170468e-17 0.5257153 0.2995836 -8.170468e-17 0.5257153</float_array>
                    <technique_common>
                        <accessor count="10" source="#ID60" stride="3">
                            <param name="X" type="float" />
                            <param name="Y" type="float" />
                            <param name="Z" type="float" />
                        </accessor>
                    </technique_common>
                </source>
                <source id="ID57">
                    <float_array id="ID61" count="30">0 -1 -2.424554e-16 0 -1 -2.424554e-16 0 -1 -2.424554e-16 0 -1 -2.424554e-16 0 -1 -2.424554e-16 0 -1 -2.424554e-16 0 -1 -2.424554e-16 0 -1 -2.424554e-16 0 -1 -2.424554e-16 0 -1 -2.424554e-16</float_array>
                    <technique_common>
                        <accessor count="10" source="#ID61" stride="3">
                            <param name="X" type="float" />
                            <param name="Y" type="float" />
                            <param name="Z" type="float" />
                        </accessor>
                    </technique_common>
                </source>
                <source id="ID59">
                    <float_array id="ID62" count="20">0.7888145 -11.70892 0.3920243 -11.83784 0.6113645 -11.83784 0.2145743 -11.70892 0.8565944 -11.50031 0.1467946 -11.50031 0.7888146 -11.29171 0.2145745 -11.29171 0.6113647 -11.16278 0.3920245 -11.16278</float_array>
                    <technique_common>
                        <accessor count="10" source="#ID62" stride="2">
                            <param name="S" type="float" />
                            <param name="T" type="float" />
                        </accessor>
                    </technique_common>
                </source>
                <vertices id="ID58">
                    <input semantic="POSITION" source="#ID56" />
                    <input semantic="NORMAL" source="#ID57" />
                </vertices>
                <triangles count="8" material="Material2">
                    <input offset="0" semantic="VERTEX" source="#ID58" />
                    <input offset="1" semantic="TEXCOORD" source="#ID59" />
                    <p>0 0 1 1 2 2 1 1 0 0 3 3 3 3 0 0 4 4 3 3 4 4 5 5 5 5 4 4 6 6 5 5 6 6 7 7 7 7 6 6 8 8 7 7 8 8 9 9</p>
                </triangles>
            </mesh>
        </geometry>
        <geometry id="ID63">
            <mesh>
                <source id="ID64">
                    <float_array id="ID68" count="30">0.4976605 6.610048e-17 4.443109 0.2995836 8.170468e-17 4.37875 0.4090778 8.170468e-17 4.37875 0.2110009 6.610048e-17 4.443109 0.5314961 4.085234e-17 4.547244 0.1771654 4.085234e-17 4.547244 0.4976605 1.560421e-17 4.651379 0.2110009 1.560421e-17 4.651379 0.4090778 4.930381e-31 4.715738 0.2995836 4.930381e-31 4.715738</float_array>
                    <technique_common>
                        <accessor count="10" source="#ID68" stride="3">
                            <param name="X" type="float" />
                            <param name="Y" type="float" />
                            <param name="Z" type="float" />
                        </accessor>
                    </technique_common>
                </source>
                <source id="ID65">
                    <float_array id="ID69" count="30">0 -1 -2.424554e-16 0 -1 -2.424554e-16 0 -1 -2.424554e-16 0 -1 -2.424554e-16 0 -1 -2.424554e-16 0 -1 -2.424554e-16 0 -1 -2.424554e-16 0 -1 -2.424554e-16 0 -1 -2.424554e-16 0 -1 -2.424554e-16</float_array>
                    <technique_common>
                        <accessor count="10" source="#ID69" stride="3">
                            <param name="X" type="float" />
                            <param name="Y" type="float" />
                            <param name="Z" type="float" />
                        </accessor>
                    </technique_common>
                </source>
                <source id="ID67">
                    <float_array id="ID70" count="20">0.785765 0.2927911 0.3889748 0.1638662 0.608315 0.1638662 0.2115249 0.2927911 0.8535449 0.501396 0.1437451 0.501396 0.7857651 0.7100009 0.211525 0.7100009 0.6083152 0.8389258 0.388975 0.8389258</float_array>
                    <technique_common>
                        <accessor count="10" source="#ID70" stride="2">
                            <param name="S" type="float" />
                            <param name="T" type="float" />
                        </accessor>
                    </technique_common>
                </source>
                <vertices id="ID66">
                    <input semantic="POSITION" source="#ID64" />
                    <input semantic="NORMAL" source="#ID65" />
                </vertices>
                <triangles count="8" material="Material2">
                    <input offset="0" semantic="VERTEX" source="#ID66" />
                    <input offset="1" semantic="TEXCOORD" source="#ID67" />
                    <p>0 0 1 1 2 2 1 1 0 0 3 3 3 3 0 0 4 4 3 3 4 4 5 5 5 5 4 4 6 6 5 5 6 6 7 7 7 7 6 6 8 8 7 7 8 8 9 9</p>
                </triangles>
            </mesh>
        </geometry>
        <geometry id="ID71">
            <mesh>
                <source id="ID72">
                    <float_array id="ID76" count="30">8.824432 6.610048e-17 4.443109 8.626355 8.170468e-17 4.37875 8.735849 8.170468e-17 4.37875 8.537773 6.610048e-17 4.443109 8.858268 4.085234e-17 4.547244 8.503937 4.085234e-17 4.547244 8.824432 1.560421e-17 4.651379 8.537773 1.560421e-17 4.651379 8.735849 1.232595e-30 4.715738 8.626355 1.232595e-30 4.715738</float_array>
                    <technique_common>
                        <accessor count="10" source="#ID76" stride="3">
                            <param name="X" type="float" />
                            <param name="Y" type="float" />
                            <param name="Z" type="float" />
                        </accessor>
                    </technique_common>
                </source>
                <source id="ID73">
                    <float_array id="ID77" count="30">0 -1 -2.424554e-16 0 -1 -2.424554e-16 0 -1 -2.424554e-16 0 -1 -2.424554e-16 0 -1 -2.424554e-16 0 -1 -2.424554e-16 0 -1 -2.424554e-16 0 -1 -2.424554e-16 0 -1 -2.424554e-16 0 -1 -2.424554e-16</float_array>
                    <technique_common>
                        <accessor count="10" source="#ID77" stride="3">
                            <param name="X" type="float" />
                            <param name="Y" type="float" />
                            <param name="Z" type="float" />
                        </accessor>
                    </technique_common>
                </source>
                <source id="ID75">
                    <float_array id="ID78" count="20">20.78728 0.2924522 20.39049 0.1635274 20.60983 0.1635274 20.21304 0.2924522 20.85506 0.5010568 20.14526 0.5010568 20.78728 0.7096615 20.21304 0.7096615 20.60983 0.8385863 20.39049 0.8385863</float_array>
                    <technique_common>
                        <accessor count="10" source="#ID78" stride="2">
                            <param name="S" type="float" />
                            <param name="T" type="float" />
                        </accessor>
                    </technique_common>
                </source>
                <vertices id="ID74">
                    <input semantic="POSITION" source="#ID72" />
                    <input semantic="NORMAL" source="#ID73" />
                </vertices>
                <triangles count="8" material="Material2">
                    <input offset="0" semantic="VERTEX" source="#ID74" />
                    <input offset="1" semantic="TEXCOORD" source="#ID75" />
                    <p>0 0 1 1 2 2 1 1 0 0 3 3 3 3 0 0 4 4 3 3 4 4 5 5 5 5 4 4 6 6 5 5 6 6 7 7 7 7 6 6 8 8 7 7 8 8 9 9</p>
                </triangles>
            </mesh>
        </geometry>
        <geometry id="ID79">
            <mesh>
                <source id="ID80">
                    <float_array id="ID84" count="30">4.660255 6.610048e-17 8.633132 4.462178 8.170468e-17 8.568773 4.571672 8.170468e-17 8.568773 4.373595 6.610048e-17 8.633132 4.69409 4.085234e-17 8.737267 4.33976 4.085234e-17 8.737267 4.660255 1.560421e-17 8.841402 4.373595 1.560421e-17 8.841402 4.571672 4.930381e-31 8.905761 4.462178 4.930381e-31 8.905761</float_array>
                    <technique_common>
                        <accessor count="10" source="#ID84" stride="3">
                            <param name="X" type="float" />
                            <param name="Y" type="float" />
                            <param name="Z" type="float" />
                        </accessor>
                    </technique_common>
                </source>
                <source id="ID81">
                    <float_array id="ID85" count="30">0 -1 -2.424554e-16 0 -1 -2.424554e-16 0 -1 -2.424554e-16 0 -1 -2.424554e-16 0 -1 -2.424554e-16 0 -1 -2.424554e-16 0 -1 -2.424554e-16 0 -1 -2.424554e-16 0 -1 -2.424554e-16 0 -1 -2.424554e-16</float_array>
                    <technique_common>
                        <accessor count="10" source="#ID85" stride="3">
                            <param name="X" type="float" />
                            <param name="Y" type="float" />
                            <param name="Z" type="float" />
                        </accessor>
                    </technique_common>
                </source>
                <source id="ID83">
                    <float_array id="ID86" count="20">0.7857669 0.2927919 0.3889758 0.1638666 0.6083165 0.1638666 0.2115254 0.2927919 0.853547 0.5013973 0.1437454 0.5013973 0.7857671 0.7100027 0.2115255 0.7100027 0.6083167 0.8389279 0.388976 0.8389279</float_array>
                    <technique_common>
                        <accessor count="10" source="#ID86" stride="2">
                            <param name="S" type="float" />
                            <param name="T" type="float" />
                        </accessor>
                    </technique_common>
                </source>
                <vertices id="ID82">
                    <input semantic="POSITION" source="#ID80" />
                    <input semantic="NORMAL" source="#ID81" />
                </vertices>
                <triangles count="8" material="Material2">
                    <input offset="0" semantic="VERTEX" source="#ID82" />
                    <input offset="1" semantic="TEXCOORD" source="#ID83" />
                    <p>0 0 1 1 2 2 1 1 0 0 3 3 3 3 0 0 4 4 3 3 4 4 5 5 5 5 4 4 6 6 5 5 6 6 7 7 7 7 6 6 8 8 7 7 8 8 9 9</p>
                </triangles>
            </mesh>
        </geometry>
        <geometry id="ID87">
            <mesh>
                <source id="ID88">
                    <float_array id="ID92" count="30">4.660255 -1.560421e-17 0.2530859 4.462178 4.622232e-33 0.1887268 4.571672 4.622232e-33 0.1887268 4.373595 -1.560421e-17 0.2530859 4.69409 -4.085234e-17 0.3572211 4.33976 -4.085234e-17 0.3572211 4.660255 -6.610048e-17 0.4613563 4.373595 -6.610048e-17 0.4613563 4.571672 -8.170468e-17 0.5257153 4.462178 -8.170468e-17 0.5257153</float_array>
                    <technique_common>
                        <accessor count="10" source="#ID92" stride="3">
                            <param name="X" type="float" />
                            <param name="Y" type="float" />
                            <param name="Z" type="float" />
                        </accessor>
                    </technique_common>
                </source>
                <source id="ID89">
                    <float_array id="ID93" count="30">0 -1 -2.424554e-16 0 -1 -2.424554e-16 0 -1 -2.424554e-16 0 -1 -2.424554e-16 0 -1 -2.424554e-16 0 -1 -2.424554e-16 0 -1 -2.424554e-16 0 -1 -2.424554e-16 0 -1 -2.424554e-16 0 -1 -2.424554e-16</float_array>
                    <technique_common>
                        <accessor count="10" source="#ID93" stride="3">
                            <param name="X" type="float" />
                            <param name="Y" type="float" />
                            <param name="Z" type="float" />
                        </accessor>
                    </technique_common>
                </source>
                <source id="ID91">
                    <float_array id="ID94" count="20">0.7888164 -11.70894 0.3920252 -11.83787 0.611366 -11.83787 0.2145749 -11.70894 0.8565965 -11.50034 0.1467949 -11.50034 0.7888166 -11.29173 0.214575 -11.29173 0.6113662 -11.16281 0.3920254 -11.16281</float_array>
                    <technique_common>
                        <accessor count="10" source="#ID94" stride="2">
                            <param name="S" type="float" />
                            <param name="T" type="float" />
                        </accessor>
                    </technique_common>
                </source>
                <vertices id="ID90">
                    <input semantic="POSITION" source="#ID88" />
                    <input semantic="NORMAL" source="#ID89" />
                </vertices>
                <triangles count="8" material="Material2">
                    <input offset="0" semantic="VERTEX" source="#ID90" />
                    <input offset="1" semantic="TEXCOORD" source="#ID91" />
                    <p>0 0 1 1 2 2 1 1 0 0 3 3 3 3 0 0 4 4 3 3 4 4 5 5 5 5 4 4 6 6 5 5 6 6 7 7 7 7 6 6 8 8 7 7 8 8 9 9</p>
                </triangles>
            </mesh>
        </geometry>
        <geometry id="ID97">
            <mesh>
                <source id="ID103">
                    <float_array id="ID107" count="492">3.777559 0.7874016 5.329071e-15 3.777559 0.7874016 9.84252 3.777559 0 0 3.777559 -7.638334e-14 10.62992 3.777559 2.007874 10.62992 3.777559 2.795276 9.84252 3.777559 2.007874 16.14173 3.777559 2.795276 16.14173 3.777559 2.007874 16.14173 2.793307 2.007874 10.62992 3.777559 2.007874 10.62992 2.793307 2.007874 16.14173 3.777559 -7.638334e-14 10.62992 2.793307 2.007874 10.62992 2.793307 -7.638334e-14 10.62992 3.777559 2.007874 10.62992 3.777559 -7.638334e-14 10.62992 2.793307 0 0 3.777559 0 0 2.793307 -7.638334e-14 10.62992 2.793307 0.7874016 5.329071e-15 2.911417 0.6692913 5.329071e-15 2.793307 0 0 3.029528 0.7874016 5.329071e-15 3.029528 0.6692913 5.329071e-15 3.777559 0.7874016 5.329071e-15 3.541339 0.6692913 5.329071e-15 3.541339 0.7874016 5.329071e-15 3.659449 0.6692913 5.329071e-15 3.659449 0.1181102 5.329071e-15 2.911417 0.1181102 5.329071e-15 3.777559 0 0 3.541339 0.7874016 9.84252 3.777559 0.7874016 5.329071e-15 3.541339 0.7874016 5.329071e-15 3.777559 0.7874016 9.84252 3.777559 2.795276 9.84252 3.541339 0.7874016 9.84252 3.541339 2.795276 9.84252 3.777559 0.7874016 9.84252 3.541339 2.795276 16.14173 3.777559 2.795276 9.84252 3.541339 2.795276 9.84252 3.777559 2.795276 16.14173 2.793307 2.007874 16.14173 2.911417 2.125984 16.14173 2.793307 2.795276 16.14173 3.777559 2.007874 16.14173 3.659449 2.125984 16.14173 3.659449 2.677165 16.14173 3.541339 2.795276 16.14173 3.541339 2.677165 16.14173 3.777559 2.795276 16.14173 2.911417 2.677165 16.14173 3.029528 2.795276 16.14173 3.029528 2.677165 16.14173 2.793307 2.795276 16.14173 2.793307 2.007874 10.62992 2.793307 2.007874 16.14173 2.793307 -7.638334e-14 10.62992 2.793307 0.7874016 9.84252 2.793307 0 0 2.793307 2.795276 9.84252 2.793307 0.7874016 5.329071e-15 2.793307 0.7874016 9.84252 3.029528 0.7874016 5.329071e-15 2.793307 0.7874016 5.329071e-15 3.029528 0.7874016 9.84252 3.029528 0.7874016 5.329071e-15 3.029528 0.6692913 9.96063 3.029528 0.6692913 5.329071e-15 3.029528 0.7874016 9.84252 3.029528 2.677165 9.96063 3.029528 2.795276 9.84252 3.029528 2.677165 16.14173 3.029528 2.795276 16.14173 3.029528 0.6692913 9.96063 2.911417 0.6692913 5.329071e-15 3.029528 0.6692913 5.329071e-15 2.911417 0.6692913 9.96063 2.911417 0.6692913 5.329071e-15 2.911417 0.1181102 10.51181 2.911417 0.1181102 5.329071e-15 2.911417 0.6692913 9.96063 2.911417 2.125984 10.51181 2.911417 2.677165 9.96063 2.911417 2.125984 16.14173 2.911417 2.677165 16.14173 2.911417 0.1181102 10.51181 3.659449 0.1181102 5.329071e-15 2.911417 0.1181102 5.329071e-15 3.659449 0.1181102 10.51181 3.659449 2.677165 16.14173 3.659449 2.125984 10.51181 3.659449 2.125984 16.14173 3.659449 0.1181102 10.51181 3.659449 0.6692913 9.96063 3.659449 0.1181102 5.329071e-15 3.659449 2.677165 9.96063 3.659449 0.6692913 5.329071e-15 3.659449 0.6692913 9.96063 3.541339 0.6692913 5.329071e-15 3.659449 0.6692913 5.329071e-15 3.541339 0.6692913 9.96063 3.541339 2.795276 16.14173 3.541339 2.677165 9.96063 3.541339 2.677165 16.14173 3.541339 0.6692913 9.96063 3.541339 0.7874016 9.84252 3.541339 0.6692913 5.329071e-15 3.541339 2.795276 9.84252 3.541339 0.7874016 5.329071e-15 3.659449 2.677165 16.14173 3.541339 2.677165 9.96063 3.659449 2.677165 9.96063 3.541339 2.677165 16.14173 2.911417 2.125984 10.51181 3.158029 2.125984 11.43041 3.659449 2.125984 10.51181 3.127953 2.125984 11.52298 2.911417 2.125984 16.14173 3.236769 2.125984 11.37321 3.158029 2.125984 11.61554 3.236769 2.125984 11.67275 3.334097 2.125984 11.67275 3.158029 2.125984 15.59909 3.236769 2.125984 15.54188 3.127953 2.125984 15.69165 3.158029 2.125984 15.78422 3.236769 2.125984 15.84142 3.334097 2.125984 15.84142 3.442913 2.125984 11.52298 3.659449 2.125984 16.14173 3.412837 2.125984 11.43041 3.334097 2.125984 11.37321 3.412837 2.125984 11.61554 3.412837 2.125984 15.59909 3.334097 2.125984 15.54188 3.442913 2.125984 15.69165 3.412837 2.125984 15.78422 3.029528 2.677165 16.14173 2.911417 2.677165 9.96063 3.029528 2.677165 9.96063 2.911417 2.677165 16.14173 2.793307 2.795276 16.14173 3.029528 2.795276 9.84252 2.793307 2.795276 9.84252 3.029528 2.795276 16.14173 3.029528 2.795276 9.84252 2.793307 0.7874016 9.84252 2.793307 2.795276 9.84252 3.029528 0.7874016 9.84252 3.029528 0.6692913 9.96063 2.911417 2.677165 9.96063 2.911417 0.6692913 9.96063 3.029528 2.677165 9.96063 3.659449 2.125984 10.51181 2.911417 0.1181102 10.51181 2.911417 2.125984 10.51181 3.659449 0.1181102 10.51181 3.659449 0.6692913 9.96063 3.541339 2.677165 9.96063 3.541339 0.6692913 9.96063 3.659449 2.677165 9.96063</float_array>
                    <technique_common>
                        <accessor count="164" source="#ID107" stride="3">
                            <param name="X" type="float" />
                            <param name="Y" type="float" />
                            <param name="Z" type="float" />
                        </accessor>
                    </technique_common>
                </source>
                <source id="ID104">
                    <float_array id="ID108" count="492">1 0 0 1 0 0 1 0 0 1 0 0 1 0 0 1 0 0 1 0 0 1 0 0 0 -1 0 0 -1 0 0 -1 0 0 -1 0 0 0 1 0 0 1 0 0 1 0 0 1 0 -1 -7.185692e-15 0 -1 -7.185692e-15 0 -1 -7.185692e-15 0 -1 -7.185692e-15 0 4.355452e-15 -1 0 4.355452e-15 -1 0 4.355452e-15 -1 0 4.355452e-15 -1 0 4.355452e-15 -1 0 4.355452e-15 -1 0 4.355452e-15 -1 0 4.355452e-15 -1 0 4.355452e-15 -1 0 4.355452e-15 -1 0 4.355452e-15 -1 0 4.355452e-15 -1 4.699944e-15 1 7.647749e-15 4.699944e-15 1 7.647749e-15 4.699944e-15 1 7.647749e-15 4.699944e-15 1 7.647749e-15 3.759955e-15 4.423477e-16 -1 3.759955e-15 4.423477e-16 -1 3.759955e-15 4.423477e-16 -1 3.759955e-15 4.423477e-16 -1 0 1 0 0 1 0 0 1 0 0 1 0 0 0 1 0 0 1 0 0 1 0 0 1 0 0 1 0 0 1 0 0 1 0 0 1 0 0 1 0 0 1 0 0 1 0 0 1 -1 0 0 -1 0 0 -1 0 0 -1 0 0 -1 0 0 -1 0 0 -1 0 0 -1 0 0 -4.699944e-15 1 7.647749e-15 -4.699944e-15 1 7.647749e-15 -4.699944e-15 1 7.647749e-15 -4.699944e-15 1 7.647749e-15 1 0 0 1 0 0 1 0 0 1 0 0 1 0 0 1 0 0 1 0 0 1 0 0 0 -1 0 0 -1 0 0 -1 0 0 -1 0 1 0 0 1 0 0 1 0 0 1 0 0 1 0 0 1 0 0 1 0 0 1 0 0 0 1 0 0 1 0 0 1 0 0 1 0 -1 3.015035e-16 -4.11268e-17 -1 3.015035e-16 -4.11268e-17 -1 3.015035e-16 -4.11268e-17 -1 3.015035e-16 -4.11268e-17 -1 3.015035e-16 -4.11268e-17 -1 3.015035e-16 -4.11268e-17 -1 3.015035e-16 -4.11268e-17 -1 3.015035e-16 -4.11268e-17 0 -1 0 0 -1 0 0 -1 0 0 -1 0 -1 0 0 -1 0 0 -1 0 0 -1 0 0 -1 0 0 -1 0 0 -1 0 0 -1 0 0 0 -1 0 0 -1 0 0 -1 0 0 -1 0 0 1 0 0 1 0 0 1 0 0 1 0 0 1 0 0 1 0 0 1 0 0 1 0 0 1 0 0 1 0 0 1 0 0 1 0 0 1 0 0 1 0 0 1 0 0 1 0 0 1 0 0 1 0 0 1 0 0 1 0 0 1 0 0 1 0 0 1 0 0 1 0 0 -1 0 0 -1 0 0 -1 0 0 -1 0 0 1 0 0 1 0 0 1 0 0 1 0 -3.759955e-15 4.423477e-16 -1 -3.759955e-15 4.423477e-16 -1 -3.759955e-15 4.423477e-16 -1 -3.759955e-15 4.423477e-16 -1 0 -1.769391e-15 1 0 -1.769391e-15 1 0 -1.769391e-15 1 0 -1.769391e-15 1 0 8.846954e-16 -1 0 8.846954e-16 -1 0 8.846954e-16 -1 0 8.846954e-16 -1 -6.930031e-33 -1.769391e-15 1 -6.930031e-33 -1.769391e-15 1 -6.930031e-33 -1.769391e-15 1 -6.930031e-33 -1.769391e-15 1</float_array>
                    <technique_common>
                        <accessor count="164" source="#ID108" stride="3">
                            <param name="X" type="float" />
                            <param name="Y" type="float" />
                            <param name="Z" type="float" />
                        </accessor>
                    </technique_common>
                </source>
                <source id="ID106">
                    <float_array id="ID109" count="304">0.1733333 -0.9 0.1733333 -0.06666667 0.1066667 -0.9 0.1066667 0 0.2766667 0 0.3433333 -0.06666667 0.2766667 0.4666667 0.3433333 0.4666667 0.655 0.4666667 0.5716667 0 0.655 0 0.5716667 0.4666667 0.655 0.1066667 0.5716667 0.2766667 0.5716667 0.1066667 0.655 0.2766667 0.655 -7.771561e-16 0.5716667 -0.9 0.655 -0.9 0.5716667 -7.771561e-16 -0.5716667 0.1733333 -0.5816667 0.1633333 -0.5716667 0.1066667 -0.5916667 0.1733333 -0.5916667 0.1633333 -0.655 0.1733333 -0.635 0.1633333 -0.635 0.1733333 -0.645 0.1633333 -0.645 0.1166667 -0.5816667 0.1166667 -0.655 0.1066667 -0.635 -0.06666667 -0.655 -0.9 -0.635 -0.9 -0.655 -0.06666667 -0.655 0.3433333 -0.635 0.1733333 -0.635 0.3433333 -0.655 0.1733333 -0.635 0.4666667 -0.655 -0.06666667 -0.635 -0.06666667 -0.655 0.4666667 0.5816667 0.2866667 0.5716667 0.3433333 0.645 0.2866667 0.645 0.3333333 0.635 0.3433333 0.635 0.3333333 0.655 0.3433333 0.5816667 0.3333333 0.5916667 0.3433333 0.5916667 0.3333333 -0.3433333 0.4666667 -0.2766667 0 -0.2766667 0.4666667 -0.1066667 0 -0.1733333 -0.06666667 -0.1066667 -0.9 -0.3433333 -0.06666667 -0.1733333 -0.9 -0.5716667 -0.06666667 -0.5916667 -0.9 -0.5716667 -0.9 -0.5916667 -0.06666667 0.1633333 -0.05666667 0.1633333 -0.9 0.1733333 -0.06666667 0.3333333 -0.05666667 0.3333333 0.4666667 0.5916667 -0.05666667 0.5816667 -0.9 0.5916667 -0.9 0.5816667 -0.05666667 0.1166667 -0.01 0.1166667 -0.9 0.2866667 -0.01 0.2866667 0.4666667 -0.5816667 -0.01 -0.645 -0.9 -0.5816667 -0.9 -0.645 -0.01 -0.3333333 0.4666667 -0.2866667 -0.01 -0.2866667 0.4666667 -0.1166667 -0.01 -0.1633333 -0.05666667 -0.1166667 -0.9 -0.3333333 -0.05666667 -0.1633333 -0.9 0.645 -0.05666667 0.635 -0.9 0.645 -0.9 0.635 -0.05666667 -0.3333333 -0.05666667 -0.3333333 0.4666667 -0.1633333 -0.05666667 -0.1733333 -0.06666667 -0.1633333 -0.9 0.645 0.4666667 0.635 -0.05666667 0.645 -0.05666667 0.635 0.4666667 -0.5816667 -0.01 -0.6025464 0.06777505 -0.645 -0.01 -0.6 0.07561218 -0.5816667 0.4666667 -0.6092131 0.06293143 -0.6025464 0.08344932 -0.6092131 0.08829294 -0.6174536 0.08829294 -0.6025464 0.4207227 -0.6092131 0.4158791 -0.6 0.4285598 -0.6025464 0.436397 -0.6092131 0.4412406 -0.6174536 0.4412406 -0.6266667 0.07561218 -0.645 0.4666667 -0.6241202 0.06777505 -0.6174536 0.06293143 -0.6241202 0.08344932 -0.6241202 0.4207227 -0.6174536 0.4158791 -0.6266667 0.4285598 -0.6241202 0.436397 0.5916667 0.4666667 0.5816667 -0.05666667 0.5916667 -0.05666667 0.5816667 0.4666667 -0.5716667 0.4666667 -0.5916667 -0.06666667 -0.5716667 -0.06666667 -0.5916667 0.4666667 -0.5916667 0.3433333 -0.5716667 0.1733333 -0.5716667 0.3433333 -0.5916667 0.1733333 0.5916667 0.1633333 0.5816667 0.3333333 0.5816667 0.1633333 0.5916667 0.3333333 -0.645 0.2866667 -0.5816667 0.1166667 -0.5816667 0.2866667 -0.645 0.1166667 0.645 0.1633333 0.635 0.3333333 0.635 0.1633333 0.645 0.3333333</float_array>
                    <technique_common>
                        <accessor count="152" source="#ID109" stride="2">
                            <param name="S" type="float" />
                            <param name="T" type="float" />
                        </accessor>
                    </technique_common>
                </source>
                <vertices id="ID105">
                    <input semantic="POSITION" source="#ID103" />
                    <input semantic="NORMAL" source="#ID104" />
                </vertices>
                <triangles count="116" material="Material2">
                    <input offset="0" semantic="VERTEX" source="#ID105" />
                    <input offset="1" semantic="TEXCOORD" source="#ID106" />
                    <p>0 0 1 1 2 2 3 3 1 1 4 4 1 1 3 3 2 2 4 4 1 1 5 5 4 4 5 5 6 6 6 6 5 5 7 7 8 8 9 9 10 10 9 9 8 8 11 11 12 12 13 13 14 14 13 13 12 12 15 15 16 16 17 17 18 18 17 17 16 16 19 19 20 20 21 21 22 22 21 21 20 20 23 23 21 21 23 23 24 24 25 25 26 26 27 27 26 26 25 25 28 28 28 28 25 25 29 29 22 22 30 30 31 31 30 30 22 22 21 21 31 31 30 30 29 29 31 31 29 29 25 25 32 32 33 33 34 34 33 33 32 32 35 35 36 36 37 37 38 38 37 37 36 36 39 39 40 40 41 41 42 42 41 41 40 40 43 43 44 13 45 44 46 45 45 44 44 13 47 15 45 44 47 15 48 46 48 46 47 15 49 47 49 47 50 48 51 49 50 48 49 47 52 50 52 50 49 47 47 15 46 45 53 51 54 52 53 51 46 45 45 44 54 52 53 51 55 53 56 54 57 55 58 56 59 57 60 58 61 59 60 58 59 57 57 55 60 58 57 55 62 60 62 60 57 55 56 54 63 61 61 59 60 58 64 62 65 63 66 64 65 63 64 62 67 65 68 0 69 66 70 67 69 66 68 0 71 68 71 68 72 69 69 66 72 69 71 68 73 5 72 69 73 5 74 70 74 70 73 5 75 7 76 71 77 72 78 73 77 72 76 71 79 74 80 67 81 75 82 76 81 75 80 67 83 66 81 75 83 66 84 77 84 77 83 66 85 69 84 77 85 69 86 78 86 78 85 69 87 70 88 79 89 80 90 81 89 80 88 79 91 82 92 83 93 84 94 85 95 86 96 87 97 88 96 87 95 86 93 84 96 87 93 84 98 89 98 89 93 84 92 83 99 90 97 88 96 87 100 91 101 92 102 93 101 92 100 91 103 94 104 54 105 95 106 96 107 97 108 98 109 99 108 98 107 97 105 95 108 98 105 95 110 60 110 60 105 95 104 54 111 61 109 99 108 98 112 100 113 101 114 102 113 101 112 100 115 103 116 104 117 105 118 106 117 105 116 104 119 107 119 107 116 104 120 108 118 106 117 105 121 109 119 107 120 108 122 110 122 110 120 108 123 111 123 111 120 108 124 112 124 112 120 108 125 113 124 112 125 113 126 114 125 113 120 108 127 115 127 115 120 108 128 116 128 116 120 108 129 117 129 117 120 108 130 118 118 106 131 119 132 120 131 119 118 106 133 121 133 121 118 106 134 122 134 122 118 106 121 109 132 120 131 119 135 123 132 120 135 123 124 112 132 120 124 112 136 124 136 124 124 112 137 125 137 125 124 112 126 114 132 120 136 124 138 126 132 120 138 126 139 127 132 120 139 127 130 118 132 120 130 118 120 108 140 128 141 129 142 130 141 129 140 128 143 131 144 132 145 133 146 134 145 133 144 132 147 135 148 136 149 137 150 138 149 137 148 136 151 139 152 140 153 141 154 142 153 141 152 140 155 143 156 144 157 145 158 146 157 145 156 144 159 147 160 148 161 149 162 150 161 149 160 148 163 151</p>
                </triangles>
            </mesh>
        </geometry>
        <geometry id="ID110">
            <mesh>
                <source id="ID111">
                    <float_array id="ID115" count="30">3.158029 2.125984 15.59909 3.334097 2.125984 15.54188 3.236769 2.125984 15.54188 3.412837 2.125984 15.59909 3.127953 2.125984 15.69165 3.442913 2.125984 15.69165 3.158029 2.125984 15.78422 3.412837 2.125984 15.78422 3.236769 2.125984 15.84142 3.334097 2.125984 15.84142</float_array>
                    <technique_common>
                        <accessor count="10" source="#ID115" stride="3">
                            <param name="X" type="float" />
                            <param name="Y" type="float" />
                            <param name="Z" type="float" />
                        </accessor>
                    </technique_common>
                </source>
                <source id="ID112">
                    <float_array id="ID116" count="30">-1.524784e-29 1 1.63906e-15 -1.524784e-29 1 1.63906e-15 -1.524784e-29 1 1.63906e-15 -1.524784e-29 1 1.63906e-15 -1.524784e-29 1 1.63906e-15 -1.524784e-29 1 1.63906e-15 -1.524784e-29 1 1.63906e-15 -1.524784e-29 1 1.63906e-15 -1.524784e-29 1 1.63906e-15 -1.524784e-29 1 1.63906e-15</float_array>
                    <technique_common>
                        <accessor count="10" source="#ID116" stride="3">
                            <param name="X" type="float" />
                            <param name="Y" type="float" />
                            <param name="Z" type="float" />
                        </accessor>
                    </technique_common>
                </source>
                <source id="ID114">
                    <float_array id="ID117" count="20">20.21298 0.7096594 20.60977 0.8385838 20.39043 0.8385838 20.78722 0.7096594 20.1452 0.5010553 20.85499 0.5010553 20.21298 0.2924513 20.78722 0.2924513 20.39043 0.1635269 20.60977 0.1635269</float_array>
                    <technique_common>
                        <accessor count="10" source="#ID117" stride="2">
                            <param name="S" type="float" />
                            <param name="T" type="float" />
                        </accessor>
                    </technique_common>
                </source>
                <vertices id="ID113">
                    <input semantic="POSITION" source="#ID111" />
                    <input semantic="NORMAL" source="#ID112" />
                </vertices>
                <triangles count="8" material="Material2">
                    <input offset="0" semantic="VERTEX" source="#ID113" />
                    <input offset="1" semantic="TEXCOORD" source="#ID114" />
                    <p>0 0 1 1 2 2 1 1 0 0 3 3 3 3 0 0 4 4 3 3 4 4 5 5 5 5 4 4 6 6 5 5 6 6 7 7 7 7 6 6 8 8 7 7 8 8 9 9</p>
                </triangles>
            </mesh>
        </geometry>
        <geometry id="ID118">
            <mesh>
                <source id="ID119">
                    <float_array id="ID123" count="30">3.158029 2.125984 11.43041 3.334097 2.125984 11.37321 3.236769 2.125984 11.37321 3.412837 2.125984 11.43041 3.127953 2.125984 11.52298 3.442913 2.125984 11.52298 3.158029 2.125984 11.61554 3.412837 2.125984 11.61554 3.236769 2.125984 11.67275 3.334097 2.125984 11.67275</float_array>
                    <technique_common>
                        <accessor count="10" source="#ID123" stride="3">
                            <param name="X" type="float" />
                            <param name="Y" type="float" />
                            <param name="Z" type="float" />
                        </accessor>
                    </technique_common>
                </source>
                <source id="ID120">
                    <float_array id="ID124" count="30">-1.52213e-29 1 1.63906e-15 -1.52213e-29 1 1.63906e-15 -1.52213e-29 1 1.63906e-15 -1.52213e-29 1 1.63906e-15 -1.52213e-29 1 1.63906e-15 -1.52213e-29 1 1.63906e-15 -1.52213e-29 1 1.63906e-15 -1.52213e-29 1 1.63906e-15 -1.52213e-29 1 1.63906e-15 -1.52213e-29 1 1.63906e-15</float_array>
                    <technique_common>
                        <accessor count="10" source="#ID124" stride="3">
                            <param name="X" type="float" />
                            <param name="Y" type="float" />
                            <param name="Z" type="float" />
                        </accessor>
                    </technique_common>
                </source>
                <source id="ID122">
                    <float_array id="ID125" count="20">20.21298 0.7096594 20.60977 0.8385838 20.39043 0.8385838 20.78722 0.7096594 20.1452 0.5010553 20.85499 0.5010553 20.21298 0.2924513 20.78722 0.2924513 20.39043 0.1635269 20.60977 0.1635269</float_array>
                    <technique_common>
                        <accessor count="10" source="#ID125" stride="2">
                            <param name="S" type="float" />
                            <param name="T" type="float" />
                        </accessor>
                    </technique_common>
                </source>
                <vertices id="ID121">
                    <input semantic="POSITION" source="#ID119" />
                    <input semantic="NORMAL" source="#ID120" />
                </vertices>
                <triangles count="8" material="Material2">
                    <input offset="0" semantic="VERTEX" source="#ID121" />
                    <input offset="1" semantic="TEXCOORD" source="#ID122" />
                    <p>0 0 1 1 2 2 1 1 0 0 3 3 3 3 0 0 4 4 3 3 4 4 5 5 5 5 4 4 6 6 5 5 6 6 7 7 7 7 6 6 8 8 7 7 8 8 9 9</p>
                </triangles>
            </mesh>
        </geometry>
        <geometry id="ID126">
            <mesh>
                <source id="ID127">
                    <float_array id="ID131" count="492">-2.911417 2.677165 16.14173 -3.029528 2.677165 9.96063 -2.911417 2.677165 9.96063 -3.029528 2.677165 16.14173 -3.777559 2.007874 16.14173 -3.659449 2.125984 16.14173 -3.777559 2.795276 16.14173 -2.793307 2.007874 16.14173 -2.911417 2.125984 16.14173 -2.911417 2.677165 16.14173 -3.029528 2.795276 16.14173 -3.029528 2.677165 16.14173 -2.793307 2.795276 16.14173 -3.659449 2.677165 16.14173 -3.541339 2.795276 16.14173 -3.541339 2.677165 16.14173 -3.029528 2.795276 16.14173 -3.029528 2.677165 9.96063 -3.029528 2.677165 16.14173 -3.029528 0.6692913 9.96063 -3.029528 0.7874016 9.84252 -3.029528 0.6692913 5.329071e-15 -3.029528 2.795276 9.84252 -3.029528 0.7874016 5.329071e-15 -2.911417 0.6692913 9.96063 -3.029528 2.677165 9.96063 -3.029528 0.6692913 9.96063 -2.911417 2.677165 9.96063 -2.911417 2.677165 16.14173 -2.911417 2.125984 10.51181 -2.911417 2.125984 16.14173 -2.911417 0.1181102 10.51181 -2.911417 0.6692913 9.96063 -2.911417 0.1181102 5.329071e-15 -2.911417 2.677165 9.96063 -2.911417 0.6692913 5.329071e-15 -3.029528 2.795276 16.14173 -2.793307 2.795276 9.84252 -3.029528 2.795276 9.84252 -2.793307 2.795276 16.14173 -3.659449 2.125984 10.51181 -3.412837 2.125984 11.43041 -2.911417 2.125984 10.51181 -3.442913 2.125984 11.52298 -3.659449 2.125984 16.14173 -3.334097 2.125984 11.37321 -3.412837 2.125984 11.61554 -3.334097 2.125984 11.67275 -3.236769 2.125984 11.67275 -3.412837 2.125984 15.59909 -3.334097 2.125984 15.54188 -3.442913 2.125984 15.69165 -3.412837 2.125984 15.78422 -3.334097 2.125984 15.84142 -3.236769 2.125984 15.84142 -3.127953 2.125984 11.52298 -2.911417 2.125984 16.14173 -3.158029 2.125984 11.43041 -3.236769 2.125984 11.37321 -3.158029 2.125984 11.61554 -3.158029 2.125984 15.59909 -3.236769 2.125984 15.54188 -3.127953 2.125984 15.69165 -3.158029 2.125984 15.78422 -3.659449 0.6692913 5.329071e-15 -3.659449 0.1181102 10.51181 -3.659449 0.1181102 5.329071e-15 -3.659449 0.6692913 9.96063 -3.659449 2.125984 10.51181 -3.659449 2.677165 9.96063 -3.659449 2.125984 16.14173 -3.659449 2.677165 16.14173 -3.541339 2.677165 16.14173 -3.659449 2.677165 9.96063 -3.541339 2.677165 9.96063 -3.659449 2.677165 16.14173 -3.541339 0.7874016 5.329071e-15 -3.541339 0.6692913 9.96063 -3.541339 0.6692913 5.329071e-15 -3.541339 0.7874016 9.84252 -3.541339 2.677165 9.96063 -3.541339 2.795276 9.84252 -3.541339 2.677165 16.14173 -3.541339 2.795276 16.14173 -3.777559 2.795276 16.14173 -3.541339 2.795276 9.84252 -3.777559 2.795276 9.84252 -3.541339 2.795276 16.14173 -3.777559 2.795276 16.14173 -3.777559 2.007874 10.62992 -3.777559 2.007874 16.14173 -3.777559 -7.638334e-14 10.62992 -3.777559 0.7874016 9.84252 -3.777559 0 0 -3.777559 2.795276 9.84252 -3.777559 0.7874016 5.329071e-15 -2.793307 2.007874 16.14173 -3.777559 2.007874 10.62992 -2.793307 2.007874 10.62992 -3.777559 2.007874 16.14173 -2.793307 0.7874016 5.329071e-15 -2.793307 0.7874016 9.84252 -2.793307 0 0 -2.793307 -7.638334e-14 10.62992 -2.793307 2.007874 10.62992 -2.793307 2.795276 9.84252 -2.793307 2.007874 16.14173 -2.793307 2.795276 16.14173 -2.911417 0.6692913 9.96063 -3.029528 0.6692913 5.329071e-15 -2.911417 0.6692913 5.329071e-15 -3.029528 0.6692913 9.96063 -2.793307 2.795276 9.84252 -3.029528 0.7874016 9.84252 -3.029528 2.795276 9.84252 -2.793307 0.7874016 9.84252 -3.029528 0.7874016 9.84252 -2.793307 0.7874016 5.329071e-15 -3.029528 0.7874016 5.329071e-15 -2.793307 0.7874016 9.84252 -3.777559 0.7874016 5.329071e-15 -3.659449 0.6692913 5.329071e-15 -3.777559 0 0 -3.541339 0.7874016 5.329071e-15 -3.541339 0.6692913 5.329071e-15 -2.793307 0.7874016 5.329071e-15 -3.029528 0.6692913 5.329071e-15 -3.029528 0.7874016 5.329071e-15 -2.911417 0.6692913 5.329071e-15 -2.911417 0.1181102 5.329071e-15 -3.659449 0.1181102 5.329071e-15 -2.793307 0 0 -3.659449 0.1181102 10.51181 -2.911417 0.1181102 5.329071e-15 -3.659449 0.1181102 5.329071e-15 -2.911417 0.1181102 10.51181 -2.911417 2.125984 10.51181 -3.659449 0.1181102 10.51181 -3.659449 2.125984 10.51181 -2.911417 0.1181102 10.51181 -3.541339 0.6692913 9.96063 -3.659449 0.6692913 5.329071e-15 -3.541339 0.6692913 5.329071e-15 -3.659449 0.6692913 9.96063 -3.541339 0.6692913 9.96063 -3.659449 2.677165 9.96063 -3.659449 0.6692913 9.96063 -3.541339 2.677165 9.96063 -3.777559 0.7874016 9.84252 -3.541339 0.7874016 5.329071e-15 -3.777559 0.7874016 5.329071e-15 -3.541339 0.7874016 9.84252 -3.541339 2.795276 9.84252 -3.777559 0.7874016 9.84252 -3.777559 2.795276 9.84252 -3.541339 0.7874016 9.84252 -2.793307 -7.638334e-14 10.62992 -3.777559 0 0 -2.793307 0 0 -3.777559 -7.638334e-14 10.62992 -2.793307 -7.638334e-14 10.62992 -3.777559 2.007874 10.62992 -3.777559 -7.638334e-14 10.62992 -2.793307 2.007874 10.62992</float_array>
                    <technique_common>
                        <accessor count="164" source="#ID131" stride="3">
                            <param name="X" type="float" />
                            <param name="Y" type="float" />
                            <param name="Z" type="float" />
                        </accessor>
                    </technique_common>
                </source>
                <source id="ID128">
                    <float_array id="ID132" count="492">0 -1 0 0 -1 0 0 -1 0 0 -1 0 0 0 1 0 0 1 0 0 1 0 0 1 0 0 1 0 0 1 0 0 1 0 0 1 0 0 1 0 0 1 0 0 1 0 0 1 -1 0 0 -1 0 0 -1 0 0 -1 0 0 -1 0 0 -1 0 0 -1 0 0 -1 0 0 -2.552562e-29 -1.652728e-15 1 -2.552562e-29 -1.652728e-15 1 -2.552562e-29 -1.652728e-15 1 -2.552562e-29 -1.652728e-15 1 -1 1.044996e-16 -1.384387e-17 -1 1.044996e-16 -1.384387e-17 -1 1.044996e-16 -1.384387e-17 -1 1.044996e-16 -1.384387e-17 -1 1.044996e-16 -1.384387e-17 -1 1.044996e-16 -1.384387e-17 -1 1.044996e-16 -1.384387e-17 -1 1.044996e-16 -1.384387e-17 0 1 0 0 1 0 0 1 0 0 1 0 0 1 0 0 1 0 0 1 0 0 1 0 0 1 0 0 1 0 0 1 0 0 1 0 0 1 0 0 1 0 0 1 0 0 1 0 0 1 0 0 1 0 0 1 0 0 1 0 0 1 0 0 1 0 0 1 0 0 1 0 0 1 0 0 1 0 0 1 0 0 1 0 1 0 0 1 0 0 1 0 0 1 0 0 1 0 0 1 0 0 1 0 0 1 0 0 0 -1 0 0 -1 0 0 -1 0 0 -1 0 1 0 0 1 0 0 1 0 0 1 0 0 1 0 0 1 0 0 1 0 0 1 0 0 0 1 0 0 1 0 0 1 0 0 1 0 -1 0 0 -1 0 0 -1 0 0 -1 0 0 -1 0 0 -1 0 0 -1 0 0 -1 0 0 0 -1 0 0 -1 0 0 -1 0 0 -1 0 1 0 0 1 0 0 1 0 0 1 0 0 1 0 0 1 0 0 1 0 0 1 0 0 0 -1 0 0 -1 0 0 -1 0 0 -1 0 4.699944e-15 5.529346e-16 -1 4.699944e-15 5.529346e-16 -1 4.699944e-15 5.529346e-16 -1 4.699944e-15 5.529346e-16 -1 4.699944e-15 1 7.647749e-15 4.699944e-15 1 7.647749e-15 4.699944e-15 1 7.647749e-15 4.699944e-15 1 7.647749e-15 6.752567e-32 4.355452e-15 -1 6.752567e-32 4.355452e-15 -1 6.752567e-32 4.355452e-15 -1 6.752567e-32 4.355452e-15 -1 6.752567e-32 4.355452e-15 -1 6.752567e-32 4.355452e-15 -1 6.752567e-32 4.355452e-15 -1 6.752567e-32 4.355452e-15 -1 6.752567e-32 4.355452e-15 -1 6.752567e-32 4.355452e-15 -1 6.752567e-32 4.355452e-15 -1 6.752567e-32 4.355452e-15 -1 0 1 0 0 1 0 0 1 0 0 1 0 5.834289e-16 1.519426e-15 -1 5.834289e-16 1.519426e-15 -1 5.834289e-16 1.519426e-15 -1 5.834289e-16 1.519426e-15 -1 0 -1 0 0 -1 0 0 -1 0 0 -1 0 0 -1.626904e-15 1 0 -1.626904e-15 1 0 -1.626904e-15 1 0 -1.626904e-15 1 -4.699944e-15 1 7.647749e-15 -4.699944e-15 1 7.647749e-15 -4.699944e-15 1 7.647749e-15 -4.699944e-15 1 7.647749e-15 -4.699944e-15 5.529346e-16 -1 -4.699944e-15 5.529346e-16 -1 -4.699944e-15 5.529346e-16 -1 -4.699944e-15 5.529346e-16 -1 0 -1 0 0 -1 0 0 -1 0 0 -1 0 0 0 1 0 0 1 0 0 1 0 0 1</float_array>
                    <technique_common>
                        <accessor count="164" source="#ID132" stride="3">
                            <param name="X" type="float" />
                            <param name="Y" type="float" />
                            <param name="Z" type="float" />
                        </accessor>
                    </technique_common>
                </source>
                <source id="ID130">
                    <float_array id="ID133" count="300">0.645 0.4666667 0.635 -0.05666667 0.645 -0.05666667 0.635 0.4666667 0.5716667 0.2766667 0.5816667 0.2866667 0.5716667 0.3433333 0.655 0.2766667 0.645 0.2866667 0.645 0.3333333 0.635 0.3433333 0.635 0.3333333 0.655 0.3433333 0.5816667 0.3333333 0.5916667 0.3433333 0.5916667 0.3333333 -0.3433333 0.4666667 -0.3333333 -0.05666667 -0.3333333 0.4666667 -0.1633333 -0.05666667 -0.1733333 -0.06666667 -0.1633333 -0.9 -0.3433333 -0.06666667 -0.1733333 -0.9 0.645 0.1633333 0.635 0.3333333 0.635 0.1633333 0.645 0.3333333 -0.3333333 0.4666667 -0.2866667 -0.01 -0.2866667 0.4666667 -0.1166667 -0.01 -0.1633333 -0.05666667 -0.1166667 -0.9 -0.3333333 -0.05666667 -0.1633333 -0.9 -0.635 0.4666667 -0.655 -0.06666667 -0.635 -0.06666667 -0.655 0.4666667 -0.5816667 -0.01 -0.6025464 0.06777505 -0.645 -0.01 -0.6 0.07561218 -0.5816667 0.4666667 -0.6092131 0.06293143 -0.6025464 0.08344932 -0.6092131 0.08829294 -0.6174536 0.08829294 -0.6025464 0.4207227 -0.6092131 0.4158791 -0.6 0.4285598 -0.6025464 0.436397 -0.6092131 0.4412406 -0.6174536 0.4412406 -0.6266667 0.07561218 -0.645 0.4666667 -0.6241202 0.06777505 -0.6174536 0.06293143 -0.6241202 0.08344932 -0.6241202 0.4207227 -0.6174536 0.4158791 -0.6266667 0.4285598 -0.6241202 0.436397 0.1633333 -0.9 0.1166667 -0.01 0.1166667 -0.9 0.1633333 -0.05666667 0.2866667 -0.01 0.3333333 -0.05666667 0.2866667 0.4666667 0.3333333 0.4666667 0.5916667 0.4666667 0.5816667 -0.05666667 0.5916667 -0.05666667 0.5816667 0.4666667 0.1733333 -0.9 0.1733333 -0.06666667 0.3433333 -0.06666667 0.3433333 0.4666667 -0.5716667 0.4666667 -0.5916667 -0.06666667 -0.5716667 -0.06666667 -0.5916667 0.4666667 -0.2766667 0 -0.2766667 0.4666667 -0.1066667 0 -0.1733333 -0.06666667 -0.1066667 -0.9 0.655 0.4666667 0.5716667 0 0.655 0 0.5716667 0.4666667 0.1733333 -0.06666667 0.1066667 -0.9 0.1066667 0 0.2766667 0 0.2766667 0.4666667 0.645 -0.05666667 0.635 -0.9 0.645 -0.9 0.635 -0.05666667 -0.655 0.3433333 -0.635 0.1733333 -0.635 0.3433333 -0.655 0.1733333 -0.635 -0.06666667 -0.655 -0.9 -0.635 -0.9 -0.655 -0.06666667 -0.5716667 0.1733333 -0.5816667 0.1633333 -0.5716667 0.1066667 -0.5916667 0.1733333 -0.5916667 0.1633333 -0.655 0.1733333 -0.635 0.1633333 -0.635 0.1733333 -0.645 0.1633333 -0.645 0.1166667 -0.5816667 0.1166667 -0.655 0.1066667 -0.5816667 -0.01 -0.645 -0.9 -0.5816667 -0.9 -0.645 -0.01 -0.645 0.2866667 -0.5816667 0.1166667 -0.5816667 0.2866667 -0.645 0.1166667 0.5916667 -0.05666667 0.5816667 -0.9 0.5916667 -0.9 0.5816667 -0.05666667 0.5916667 0.1633333 0.5816667 0.3333333 0.5816667 0.1633333 0.5916667 0.3333333 -0.5716667 -0.06666667 -0.5916667 -0.9 -0.5716667 -0.9 -0.5916667 -0.06666667 -0.5916667 0.3433333 -0.5716667 0.1733333 -0.5716667 0.3433333 -0.5916667 0.1733333 0.5716667 -0.9 0.655 -0.9 0.655 0.1066667 0.5716667 0.1066667</float_array>
                    <technique_common>
                        <accessor count="150" source="#ID133" stride="2">
                            <param name="S" type="float" />
                            <param name="T" type="float" />
                        </accessor>
                    </technique_common>
                </source>
                <vertices id="ID129">
                    <input semantic="POSITION" source="#ID127" />
                    <input semantic="NORMAL" source="#ID128" />
                </vertices>
                <triangles count="116" material="Material2">
                    <input offset="0" semantic="VERTEX" source="#ID129" />
                    <input offset="1" semantic="TEXCOORD" source="#ID130" />
                    <p>0 0 1 1 2 2 1 1 0 0 3 3 4 4 5 5 6 6 5 5 4 4 7 7 5 5 7 7 8 8 8 8 7 7 9 9 9 9 10 10 11 11 10 10 9 9 12 12 12 12 9 9 7 7 6 6 13 13 14 14 13 13 6 6 5 5 14 14 13 13 15 15 16 16 17 17 18 18 19 19 20 20 21 21 20 20 19 19 17 17 20 20 17 17 22 22 22 22 17 17 16 16 23 23 21 21 20 20 24 24 25 25 26 26 25 25 24 24 27 27 28 28 29 29 30 30 31 31 32 32 33 33 32 32 31 31 29 29 32 32 29 29 34 34 34 34 29 29 28 28 35 35 33 33 32 32 36 36 37 37 38 38 37 37 36 36 39 39 40 40 41 41 42 42 41 41 40 40 43 43 43 43 40 40 44 44 42 42 41 41 45 45 43 43 44 44 46 46 46 46 44 44 47 47 47 47 44 44 48 48 48 48 44 44 49 49 48 48 49 49 50 50 49 49 44 44 51 51 51 51 44 44 52 52 52 52 44 44 53 53 53 53 44 44 54 54 42 42 55 55 56 56 55 55 42 42 57 57 57 57 42 42 58 58 58 58 42 42 45 45 56 56 55 55 59 59 56 56 59 59 48 48 56 56 48 48 60 60 60 60 48 48 61 61 61 61 48 48 50 50 56 56 60 60 62 62 56 56 62 62 63 63 56 56 63 63 54 54 56 56 54 54 44 44 64 64 65 65 66 66 65 65 64 64 67 67 65 65 67 67 68 68 68 68 67 67 69 69 68 68 69 69 70 70 70 70 69 69 71 71 72 72 73 73 74 74 73 73 72 72 75 75 76 76 77 67 78 64 77 67 76 76 79 77 79 77 80 69 77 67 80 69 79 77 81 78 80 69 81 78 82 71 82 71 81 78 83 79 84 80 85 81 86 82 85 81 84 80 87 83 88 16 89 84 90 85 91 86 92 87 93 88 92 87 91 86 89 84 92 87 89 84 94 22 94 22 89 84 88 16 95 23 93 88 92 87 96 89 97 90 98 91 97 90 96 89 99 92 100 76 101 93 102 94 103 95 101 93 104 96 101 93 103 95 102 94 104 96 101 93 105 78 104 96 105 78 106 97 106 97 105 78 107 79 108 98 109 99 110 100 109 99 108 98 111 101 112 102 113 103 114 104 113 103 112 102 115 105 116 106 117 107 118 108 117 107 116 106 119 109 120 110 121 111 122 112 121 111 120 110 123 113 121 111 123 113 124 114 125 115 126 116 127 117 126 116 125 115 128 118 128 118 125 115 129 119 122 112 130 120 131 121 130 120 122 112 121 111 131 121 130 120 129 119 131 121 129 119 125 115 132 122 133 123 134 124 133 123 132 122 135 125 136 126 137 127 138 128 137 127 136 126 139 129 140 130 141 131 142 132 141 131 140 130 143 133 144 134 145 135 146 136 145 135 144 134 147 137 148 138 149 139 150 140 149 139 148 138 151 141 152 142 153 143 154 144 153 143 152 142 155 145 156 91 157 146 158 147 157 146 156 91 159 90 160 148 161 4 162 149 161 4 160 148 163 7</p>
                </triangles>
            </mesh>
        </geometry>
        <geometry id="ID134">
            <mesh>
                <source id="ID135">
                    <float_array id="ID139" count="30">-3.412837 2.125984 11.43041 -3.236769 2.125984 11.37321 -3.334097 2.125984 11.37321 -3.158029 2.125984 11.43041 -3.442913 2.125984 11.52298 -3.127953 2.125984 11.52298 -3.412837 2.125984 11.61554 -3.158029 2.125984 11.61554 -3.334097 2.125984 11.67275 -3.236769 2.125984 11.67275</float_array>
                    <technique_common>
                        <accessor count="10" source="#ID139" stride="3">
                            <param name="X" type="float" />
                            <param name="Y" type="float" />
                            <param name="Z" type="float" />
                        </accessor>
                    </technique_common>
                </source>
                <source id="ID136">
                    <float_array id="ID140" count="30">-1.020429e-29 1 1.63906e-15 -1.020429e-29 1 1.63906e-15 -1.020429e-29 1 1.63906e-15 -1.020429e-29 1 1.63906e-15 -1.020429e-29 1 1.63906e-15 -1.020429e-29 1 1.63906e-15 -1.020429e-29 1 1.63906e-15 -1.020429e-29 1 1.63906e-15 -1.020429e-29 1 1.63906e-15 -1.020429e-29 1 1.63906e-15</float_array>
                    <technique_common>
                        <accessor count="10" source="#ID140" stride="3">
                            <param name="X" type="float" />
                            <param name="Y" type="float" />
                            <param name="Z" type="float" />
                        </accessor>
                    </technique_common>
                </source>
                <source id="ID138">
                    <float_array id="ID141" count="20">20.21289 0.7096563 20.60967 0.8385801 20.39034 0.8385801 20.78712 0.7096563 20.14511 0.5010531 20.8549 0.5010531 20.21289 0.29245 20.78712 0.29245 20.39034 0.1635262 20.60967 0.1635262</float_array>
                    <technique_common>
                        <accessor count="10" source="#ID141" stride="2">
                            <param name="S" type="float" />
                            <param name="T" type="float" />
                        </accessor>
                    </technique_common>
                </source>
                <vertices id="ID137">
                    <input semantic="POSITION" source="#ID135" />
                    <input semantic="NORMAL" source="#ID136" />
                </vertices>
                <triangles count="8" material="Material2">
                    <input offset="0" semantic="VERTEX" source="#ID137" />
                    <input offset="1" semantic="TEXCOORD" source="#ID138" />
                    <p>0 0 1 1 2 2 1 1 0 0 3 3 3 3 0 0 4 4 3 3 4 4 5 5 5 5 4 4 6 6 5 5 6 6 7 7 7 7 6 6 8 8 7 7 8 8 9 9</p>
                </triangles>
            </mesh>
        </geometry>
        <geometry id="ID142">
            <mesh>
                <source id="ID143">
                    <float_array id="ID147" count="30">-3.412837 2.125984 15.59909 -3.236769 2.125984 15.54188 -3.334097 2.125984 15.54188 -3.158029 2.125984 15.59909 -3.442913 2.125984 15.69165 -3.127953 2.125984 15.69165 -3.412837 2.125984 15.78422 -3.158029 2.125984 15.78422 -3.334097 2.125984 15.84142 -3.236769 2.125984 15.84142</float_array>
                    <technique_common>
                        <accessor count="10" source="#ID147" stride="3">
                            <param name="X" type="float" />
                            <param name="Y" type="float" />
                            <param name="Z" type="float" />
                        </accessor>
                    </technique_common>
                </source>
                <source id="ID144">
                    <float_array id="ID148" count="30">-1.020429e-29 1 1.63906e-15 -1.020429e-29 1 1.63906e-15 -1.020429e-29 1 1.63906e-15 -1.020429e-29 1 1.63906e-15 -1.020429e-29 1 1.63906e-15 -1.020429e-29 1 1.63906e-15 -1.020429e-29 1 1.63906e-15 -1.020429e-29 1 1.63906e-15 -1.020429e-29 1 1.63906e-15 -1.020429e-29 1 1.63906e-15</float_array>
                    <technique_common>
                        <accessor count="10" source="#ID148" stride="3">
                            <param name="X" type="float" />
                            <param name="Y" type="float" />
                            <param name="Z" type="float" />
                        </accessor>
                    </technique_common>
                </source>
                <source id="ID146">
                    <float_array id="ID149" count="20">20.21289 0.7096563 20.60967 0.8385801 20.39034 0.8385801 20.78712 0.7096563 20.14511 0.5010531 20.8549 0.5010531 20.21289 0.29245 20.78712 0.29245 20.39034 0.1635262 20.60967 0.1635262</float_array>
                    <technique_common>
                        <accessor count="10" source="#ID149" stride="2">
                            <param name="S" type="float" />
                            <param name="T" type="float" />
                        </accessor>
                    </technique_common>
                </source>
                <vertices id="ID145">
                    <input semantic="POSITION" source="#ID143" />
                    <input semantic="NORMAL" source="#ID144" />
                </vertices>
                <triangles count="8" material="Material2">
                    <input offset="0" semantic="VERTEX" source="#ID145" />
                    <input offset="1" semantic="TEXCOORD" source="#ID146" />
                    <p>0 0 1 1 2 2 1 1 0 0 3 3 3 3 0 0 4 4 3 3 4 4 5 5 5 5 4 4 6 6 5 5 6 6 7 7 7 7 6 6 8 8 7 7 8 8 9 9</p>
                </triangles>
            </mesh>
        </geometry>
        <geometry id="ID152">
            <mesh>
                <source id="ID153">
                    <float_array id="ID157" count="426">1.176156 0.1574803 1.176156 1.033465 0.1968504 1.285647 1.033465 0.1574803 1.285647 1.176156 0.1968504 1.176156 0.8672966 0.1968504 1.354476 0.8672966 0.1574803 1.354476 1.033465 0.1574803 1.285647 0.6889764 0.1574803 1.377953 1.176156 0.1574803 1.176156 0.8672966 0.1574803 1.354476 0.3444882 0.1574803 1.285647 0.2017965 0.1574803 1.176156 0.5106562 0.1574803 1.354476 0.0234763 0.1574803 0.8672966 0 0.1574803 0.6889764 0.09230533 0.1574803 1.033465 0.09230533 0.1574803 0.3444882 0.2017965 0.1574803 0.2017965 0.0234763 0.1574803 0.5106562 0.5106562 0.1574803 0.0234763 0.6889764 0.1574803 0 0.3444882 0.1574803 0.09230533 1.285647 0.1574803 0.3444882 1.377953 0.1574803 0.6889764 1.176156 0.1574803 0.2017965 1.354476 0.1574803 0.5106562 0.8672966 0.1574803 0.0234763 1.033465 0.1574803 0.09230533 1.285647 0.1968504 1.033465 1.285647 0.1574803 1.033465 0.6889764 0.1968504 1.377953 0.6889764 0.1574803 1.377953 1.354476 0.1968504 0.5106562 1.377953 0.1574803 0.6889764 1.354476 0.1574803 0.5106562 1.377953 0.1968504 0.6889764 1.176156 0.1574803 0.2017965 1.277055 -0.03937008 0.4453864 1.176156 -0.03937008 0.2017965 1.377953 -0.03937008 0.6889764 1.377953 0.1574803 0.6889764 1.176156 0.1574803 0.2017965 0.6889764 -0.03937008 0 0.6889764 0.1574803 0 0.9325663 -0.03937008 0.1008983 1.176156 -0.03937008 0.2017965 0.6889764 0.1574803 0 0.2017965 -0.03937008 0.2017965 0.2017965 0.1574803 0.2017965 0.4453864 -0.03937008 0.1008983 0.6889764 -0.03937008 0 0 0.1574803 0.6889764 0.1008983 -0.03937008 0.4453864 0 -0.03937008 0.6889764 0.2017965 -0.03937008 0.2017965 0.2017965 0.1574803 0.2017965 0.2017965 0.1574803 1.176156 0.1008983 -0.03937008 0.9325663 0.2017965 -0.03937008 1.176156 0 -0.03937008 0.6889764 0 0.1574803 0.6889764 0.4453864 -0.03937008 1.277055 0.2017965 0.1574803 1.176156 0.2017965 -0.03937008 1.176156 0.6889764 0.1574803 1.377953 0.6889764 -0.03937008 1.377953 0.9325663 -0.03937008 1.277055 0.6889764 0.1574803 1.377953 0.6889764 -0.03937008 1.377953 1.176156 0.1574803 1.176156 1.176156 -0.03937008 1.176156 0.5106562 0.1968504 1.354476 0.5106562 0.1574803 1.354476 0.3444882 0.1968504 1.285647 0.3444882 0.1574803 1.285647 0.2017965 0.1968504 1.176156 0.2017965 0.1574803 1.176156 0.09230533 0.1574803 1.033465 0.09230533 0.1968504 1.033465 0.0234763 0.1574803 0.8672966 0.0234763 0.1968504 0.8672966 0 0.1574803 0.6889764 0 0.1968504 0.6889764 0.0234763 0.1574803 0.5106562 0.0234763 0.1968504 0.5106562 0.09230533 0.1574803 0.3444882 0.09230533 0.1968504 0.3444882 0.2017965 0.1574803 0.2017965 0.2017965 0.1968504 0.2017965 0.3444882 0.1968504 0.09230533 0.3444882 0.1574803 0.09230533 0.5106562 0.1968504 0.0234763 0.5106562 0.1574803 0.0234763 0.6889764 0.1968504 0 0.6889764 0.1574803 0 0.8672966 0.1968504 0.0234763 0.8672966 0.1574803 0.0234763 1.033465 0.1968504 0.09230533 1.033465 0.1574803 0.09230533 1.176156 0.1968504 0.2017965 1.176156 0.1574803 0.2017965 1.285647 0.1574803 0.3444882 1.285647 0.1968504 0.3444882 1.354476 0.1574803 0.8672966 1.285647 0.1574803 1.033465 1.354476 0.1968504 0.8672966 1.354476 0.1574803 0.8672966 1.377953 0.1574803 0.6889764 1.277055 -0.03937008 0.9325663 1.377953 -0.03937008 0.6889764 1.176156 -0.03937008 1.176156 1.176156 0.1574803 1.176156 0.9325663 -0.03937008 0.1008983 0.4453864 -0.03937008 0.1008983 0.6889764 -0.03937008 0 0.8203864 -0.03937008 0.1132315 1.176156 -0.03937008 0.2017965 1.057179 -0.03937008 0.2272649 1.277055 -0.03937008 0.4453864 1.221045 -0.03937008 0.4327458 1.279528 -0.03937008 0.6889764 1.377953 -0.03937008 0.6889764 1.277055 -0.03937008 0.9325663 1.221045 -0.03937008 0.9452069 1.176156 -0.03937008 1.176156 1.057179 -0.03937008 1.150688 0.8203864 -0.03937008 1.264721 0.9325663 -0.03937008 1.277055 0.5575664 -0.03937008 1.264721 0.5575664 -0.03937008 0.1132315 0.2017965 -0.03937008 0.2017965 0.3207737 -0.03937008 0.2272649 0.1008983 -0.03937008 0.4453864 0.1569081 -0.03937008 0.4327458 0.0984252 -0.03937008 0.6889764 0 -0.03937008 0.6889764 0.1569081 -0.03937008 0.9452069 0.1008983 -0.03937008 0.9325663 0.2017965 -0.03937008 1.176156 0.3207737 -0.03937008 1.150688 0.4453864 -0.03937008 1.277055 0.6889764 -0.03937008 1.377953</float_array>
                    <technique_common>
                        <accessor count="142" source="#ID157" stride="3">
                            <param name="X" type="float" />
                            <param name="Y" type="float" />
                            <param name="Z" type="float" />
                        </accessor>
                    </technique_common>
                </source>
                <source id="ID154">
                    <float_array id="ID158" count="426">0.7071068 2.79727e-31 0.7071068 0.5 -3.108078e-32 0.8660254 0.5 -3.108078e-32 0.8660254 0.7071068 2.79727e-31 0.7071068 0.258819 5.59454e-31 0.9659258 0.258819 5.59454e-31 0.9659258 0 -1 1.602374e-30 0 -1 1.602374e-30 0 -1 1.602374e-30 0 -1 1.602374e-30 0 -1 1.602374e-30 0 -1 1.602374e-30 0 -1 1.602374e-30 0 -1 1.602374e-30 0 -1 1.602374e-30 0 -1 1.602374e-30 0 -1 1.602374e-30 0 -1 1.602374e-30 0 -1 1.602374e-30 0 -1 1.602374e-30 0 -1 1.602374e-30 0 -1 1.602374e-30 0 -1 1.602374e-30 0 -1 1.602374e-30 0 -1 1.602374e-30 0 -1 1.602374e-30 0 -1 1.602374e-30 0 -1 1.602374e-30 0.8660254 9.790446e-31 0.5 0.8660254 9.790446e-31 0.5 -6.326888e-16 -9.20888e-18 1 -6.326888e-16 -9.20888e-18 1 0.9659258 -3.885097e-31 -0.258819 1 -1.20438e-30 4.90111e-16 0.9659258 -3.885097e-31 -0.258819 1 -1.20438e-30 4.90111e-16 0.9238795 1.664169e-16 -0.3826834 0.9238795 1.664169e-16 -0.3826834 0.9238795 1.664169e-16 -0.3826834 0.9238795 1.664169e-16 -0.3826834 0.9238795 1.664169e-16 -0.3826834 0.3826834 1.368497e-16 -0.9238795 0.3826834 1.368497e-16 -0.9238795 0.3826834 1.368497e-16 -0.9238795 0.3826834 1.368497e-16 -0.9238795 0.3826834 1.368497e-16 -0.9238795 -0.3826834 -1.998684e-16 -0.9238795 -0.3826834 -1.998684e-16 -0.9238795 -0.3826834 -1.998684e-16 -0.9238795 -0.3826834 -1.998684e-16 -0.9238795 -0.3826834 -1.998684e-16 -0.9238795 -0.9238795 5.609067e-17 -0.3826834 -0.9238795 5.609067e-17 -0.3826834 -0.9238795 5.609067e-17 -0.3826834 -0.9238795 5.609067e-17 -0.3826834 -0.9238795 5.609067e-17 -0.3826834 -0.9238795 5.913443e-17 0.3826834 -0.9238795 5.913443e-17 0.3826834 -0.9238795 5.913443e-17 0.3826834 -0.9238795 5.913443e-17 0.3826834 -0.9238795 5.913443e-17 0.3826834 -0.3826834 1.082971e-16 0.9238795 -0.3826834 1.082971e-16 0.9238795 -0.3826834 1.082971e-16 0.9238795 -0.3826834 1.082971e-16 0.9238795 -0.3826834 1.082971e-16 0.9238795 0.3826834 -4.529578e-16 0.9238795 0.3826834 -4.529578e-16 0.9238795 0.3826834 -4.529578e-16 0.9238795 0.3826834 -4.529578e-16 0.9238795 0.3826834 -4.529578e-16 0.9238795 -0.258819 -9.20888e-18 0.9659258 -0.258819 -9.20888e-18 0.9659258 -0.5 -7.148579e-31 0.8660254 -0.5 -7.148579e-31 0.8660254 -0.7071068 -2.175655e-31 0.7071068 -0.7071068 -2.175655e-31 0.7071068 -0.8660254 7.614791e-31 0.5 -0.8660254 7.614791e-31 0.5 -0.9659258 1.942549e-31 0.258819 -0.9659258 1.942549e-31 0.258819 -1 9.20888e-18 9.802221e-17 -1 9.20888e-18 9.802221e-17 -0.9659258 9.20888e-18 -0.258819 -0.9659258 9.20888e-18 -0.258819 -0.8660254 -5.905348e-31 -0.5 -0.8660254 -5.905348e-31 -0.5 -0.7071068 -7.148579e-31 -0.7071068 -0.7071068 -7.148579e-31 -0.7071068 -0.5 -1.149989e-30 -0.8660254 -0.5 -1.149989e-30 -0.8660254 -0.258819 -9.945849e-31 -0.9659258 -0.258819 -9.945849e-31 -0.9659258 5.346666e-17 -1.243231e-31 -1 5.346666e-17 -1.243231e-31 -1 0.258819 -2.79727e-31 -0.9659258 0.258819 -2.79727e-31 -0.9659258 0.5 -1.087827e-30 -0.8660254 0.5 -1.087827e-30 -0.8660254 0.7071068 -5.597264e-17 -0.7071068 0.7071068 -5.597264e-17 -0.7071068 0.8660254 -5.597264e-17 -0.5 0.8660254 -5.597264e-17 -0.5 0 -1 1.602374e-30 0 -1 1.602374e-30 0.9659258 -9.246532e-31 0.258819 0.9659258 -9.246532e-31 0.258819 0.9238795 -9.157133e-17 0.3826834 0.9238795 -9.157133e-17 0.3826834 0.9238795 -9.157133e-17 0.3826834 0.9238795 -9.157133e-17 0.3826834 0.9238795 -9.157133e-17 0.3826834 0 -1 1.602374e-30 0 -1 1.602374e-30 0 -1 1.602374e-30 0 -1 1.602374e-30 0 -1 1.602374e-30 0 -1 1.602374e-30 0 -1 1.602374e-30 0 -1 1.602374e-30 0 -1 1.602374e-30 0 -1 1.602374e-30 0 -1 1.602374e-30 0 -1 1.602374e-30 0 -1 1.602374e-30 0 -1 1.602374e-30 0 -1 1.602374e-30 0 -1 1.602374e-30 0 -1 1.602374e-30 0 -1 1.602374e-30 0 -1 1.602374e-30 0 -1 1.602374e-30 0 -1 1.602374e-30 0 -1 1.602374e-30 0 -1 1.602374e-30 0 -1 1.602374e-30 0 -1 1.602374e-30 0 -1 1.602374e-30 0 -1 1.602374e-30 0 -1 1.602374e-30 0 -1 1.602374e-30 0 -1 1.602374e-30</float_array>
                    <technique_common>
                        <accessor count="142" source="#ID158" stride="3">
                            <param name="X" type="float" />
                            <param name="Y" type="float" />
                            <param name="Z" type="float" />
                        </accessor>
                    </technique_common>
                </source>
                <source id="ID156">
                    <float_array id="ID159" count="376">0.01218244 -0.002666667 -6.028164e-17 0 -7.546047e-17 -0.002666667 0.01218244 0 0.01218244 -0.002666667 2.289835e-16 -3.469447e-18 2.185752e-16 -0.002666667 0.01218244 1.734723e-18 0.05488172 -0.01470551 0.03571712 1.665335e-16 0.06097294 -0.02525582 0.04626743 -0.006091222 0.01176734 0.003153049 7.632783e-17 1.665335e-16 0.02394978 0.003153049 -0.0191646 -0.01470551 -0.02525582 -0.02525582 -0.01055031 -0.006091222 -0.02840887 -0.0492056 -0.02525582 -0.06097294 -0.02840887 -0.03702316 -0.01055031 -0.08013753 -3.26128e-16 -0.08622876 -0.0191646 -0.07152324 0.04626743 -0.08013753 0.06097294 -0.06097294 0.03571712 -0.08622876 0.05488172 -0.07152324 0.01176734 -0.08938181 0.02394978 -0.08938181 0.01218244 -3.469447e-18 -2.498002e-16 -0.002666667 0.01218244 -0.002666667 -2.046974e-16 1.734723e-18 0.01218244 -0.002666667 1.228184e-15 0 1.221245e-15 -0.002666667 0.01218244 -1.734723e-18 0.01218244 0 2.775558e-16 -0.002666667 0.01218244 -0.002666667 2.775558e-16 0 0.03571712 -1.908196e-17 0.01785856 -0.01333333 0.03571712 -0.01333333 4.163336e-17 -0.01333333 6.938894e-17 -1.908196e-17 -3.608225e-16 -2.775558e-17 0.03571712 -0.01333333 0.03571712 -2.775558e-17 0.01785856 -0.01333333 -3.885781e-16 -0.01333333 -2.63678e-16 -2.602085e-17 0.03571712 -0.01333333 0.03571712 -2.428613e-17 0.01785856 -0.01333333 -2.63678e-16 -0.01333333 0.03571712 1.734723e-18 0.01785856 -0.01333333 -3.139849e-16 -0.01333333 -3.686287e-16 0 0.03571712 -1.734723e-18 0.01785856 -0.01333333 0.03571712 -0.01333333 -9.714451e-17 -0.01333333 -1.249001e-16 -1.734723e-18 0.01785856 -0.01333333 9.020562e-17 5.20417e-18 8.326673e-17 -0.01333333 0.03571712 0 0.03571712 -0.01333333 0.01785856 -0.01333333 -6.843484e-16 -6.765422e-17 -5.924081e-16 -0.01333333 0.03571712 -6.245005e-17 0.03571712 -0.01333333 0.01218244 -0.002666667 3.677614e-16 -6.938894e-18 3.677614e-16 -0.002666667 0.01218244 -5.20417e-18 0.01218244 -0.002666667 1.31839e-16 0 1.31839e-16 -0.002666667 0.01218244 -5.20417e-18 0.01218244 -0.002666667 -9.020562e-17 1.734723e-18 -9.020562e-17 -0.002666667 0.01218244 0 0.01218244 3.469447e-18 -2.63678e-16 -0.002666667 0.01218244 -0.002666667 -2.63678e-16 -3.469447e-18 0.01218244 1.734723e-18 1.387779e-17 -0.002666667 0.01218244 -0.002666667 1.387779e-17 1.734723e-18 0.01218244 -5.20417e-18 -1.665335e-16 -0.002666667 0.01218244 -0.002666667 0.01218244 1.734723e-18 1.110223e-16 -0.002666667 0.01218244 -0.002666667 1.110223e-16 1.734723e-18 0.01218244 8.673617e-18 1.249001e-16 -0.002666667 0.01218244 -0.002666667 9.367507e-17 0 0.01218244 -1.214306e-17 3.157197e-16 -0.002666667 0.01218244 -0.002666667 3.178881e-16 -3.469447e-18 1.31839e-16 1.734723e-18 0.01218244 -0.002666667 0.01218244 1.040834e-17 1.856154e-16 -0.002666667 7.632783e-17 0 0.01218244 -0.002666667 0.01218244 -8.673617e-18 7.632783e-17 -0.002666667 -4.093947e-16 -1.196959e-16 0.01218244 -0.002666667 0.01218244 -1.144917e-16 -4.093947e-16 -0.002666667 -4.510281e-16 1.734723e-18 0.01218244 -0.002666667 0.01218244 -5.20417e-18 -4.510281e-16 -0.002666667 -1.110223e-16 0 0.01218244 -0.002666667 0.01218244 8.673617e-18 -1.110223e-16 -0.002666667 -1.387779e-17 -3.469447e-18 0.01218244 -0.002666667 0.01218244 -1.214306e-17 -1.387779e-17 -0.002666667 0.01218244 1.734723e-17 -2.775558e-16 -0.002666667 0.01218244 -0.002666667 -2.498002e-16 6.938894e-18 0.01218244 -6.938894e-18 1.387779e-16 -0.002666667 1.387779e-16 1.734723e-18 0.02394978 -0.003153049 2.775558e-17 -2.775558e-17 0.03450009 -0.009244271 0.01218244 5.551115e-17 0.01218244 0 4.510281e-16 -0.002666667 0.01218244 -0.002666667 4.510281e-16 0 0.01218244 5.20417e-18 -7.632783e-17 -0.002666667 0.01218244 -0.002666667 -7.632783e-17 0 0.03571712 5.20417e-18 0.01785856 -0.01333333 0.03571712 -0.01333333 -2.775558e-16 -0.01333333 -0.03048647 -0.01262791 -1.734723e-17 3.122502e-17 -0.01785856 5.89806e-17 -0.02314685 -0.01049194 -0.04311438 -0.02525582 -0.03500894 -0.02376562 -0.04311438 -0.04311438 -0.03993707 -0.04087156 -0.03695518 -0.05842172 -0.04311438 -0.06097294 -0.03048647 -0.07360085 -0.02665386 -0.07294006 -0.01785856 -0.08622876 -0.01107342 -0.08155107 0.006700249 -0.08254922 1.977585e-16 -0.08622876 0.02314685 -0.07573681 -0.006700249 -0.003679537 0.01785856 3.469447e-17 0.01107342 -0.004677685 0.03048647 -0.01262791 0.02665386 -0.01328869 0.03695518 -0.02780704 0.04311438 -0.02525582 0.03993707 -0.0453572 0.04311438 -0.04311438 0.04311438 -0.06097294 0.03500894 -0.06246313 0.03048647 -0.07360085 0.01785856 -0.08622876</float_array>
                    <technique_common>
                        <accessor count="188" source="#ID159" stride="2">
                            <param name="S" type="float" />
                            <param name="T" type="float" />
                        </accessor>
                    </technique_common>
                </source>
                <vertices id="ID155">
                    <input semantic="POSITION" source="#ID153" />
                    <input semantic="NORMAL" source="#ID154" />
                </vertices>
                <triangles count="118" material="Material2">
                    <input offset="0" semantic="VERTEX" source="#ID155" />
                    <input offset="1" semantic="TEXCOORD" source="#ID156" />
                    <p>0 0 1 1 2 2 1 1 0 0 3 3 2 4 4 5 5 6 4 5 2 4 1 7 6 8 7 9 8 10 7 9 6 8 9 11 7 9 10 12 11 13 10 12 7 9 12 14 11 13 13 15 14 16 13 15 11 13 15 17 14 16 16 18 17 19 16 18 14 16 18 20 17 19 19 21 20 22 19 21 17 19 21 23 22 24 23 25 24 26 23 25 22 24 25 27 26 28 24 26 20 22 24 26 26 28 27 29 28 30 0 31 29 32 0 31 28 30 3 33 5 34 30 35 31 36 30 35 5 34 4 37 32 38 33 39 34 40 33 39 32 38 35 41 36 42 37 43 38 44 37 43 36 42 39 45 39 45 36 42 40 46 41 47 42 48 43 49 42 48 41 47 44 50 44 50 41 47 45 51 46 52 47 53 48 54 47 53 46 52 49 55 49 55 46 52 50 56 51 57 52 58 53 44 52 58 51 57 54 59 54 59 51 57 55 60 56 61 57 62 58 63 57 62 56 61 59 64 59 64 56 61 60 65 61 66 62 67 63 68 62 67 61 66 64 69 64 69 61 66 65 70 66 71 67 72 68 73 67 72 66 71 69 74 69 74 66 71 70 75 31 76 71 77 72 78 71 77 31 76 30 79 72 80 73 81 74 82 73 81 72 80 71 83 74 84 75 85 76 86 75 85 74 84 73 87 75 88 77 89 76 90 77 89 75 88 78 91 78 92 79 93 77 94 79 93 78 92 80 95 80 96 81 97 79 98 81 97 80 96 82 13 82 99 83 100 81 101 83 100 82 99 84 102 84 103 85 104 83 105 85 104 84 103 86 106 86 107 87 108 85 109 87 108 86 107 88 110 89 111 87 112 88 113 87 112 89 111 90 114 91 115 90 116 89 117 90 116 91 115 92 118 93 119 92 120 91 121 92 120 93 119 94 122 95 123 94 124 93 125 94 124 95 123 96 126 97 127 96 128 95 129 96 128 97 127 98 130 99 131 98 132 97 133 98 132 99 131 100 134 99 135 101 136 100 137 101 136 99 135 102 138 102 139 34 140 101 94 34 140 102 139 32 141 103 142 8 143 23 144 8 143 103 142 104 145 105 146 29 147 106 148 29 147 105 146 28 149 35 150 106 151 33 152 106 151 35 150 105 153 107 154 108 155 109 156 108 155 107 154 110 157 110 157 107 154 111 13 112 158 113 159 114 160 113 159 112 158 115 161 115 161 112 158 116 162 115 161 116 162 117 163 117 163 116 162 118 164 117 163 118 164 119 165 119 165 118 164 120 166 120 166 118 164 121 167 120 166 121 167 122 168 120 166 122 168 123 169 123 169 122 168 124 170 123 169 124 170 125 171 125 171 124 170 126 172 126 172 124 170 127 173 126 172 127 173 128 174 113 159 129 175 130 176 129 175 113 159 115 161 130 176 129 175 131 177 130 176 131 177 132 178 132 178 131 177 133 179 132 178 133 179 134 180 132 178 134 180 135 181 135 181 134 180 136 182 135 181 136 182 137 183 137 183 136 182 138 184 138 184 136 182 139 185 138 184 139 185 128 174 138 184 128 174 140 186 140 186 128 174 127 173 140 186 127 173 141 187</p>
                </triangles>
            </mesh>
        </geometry>
        <geometry id="ID160">
            <mesh>
                <source id="ID166">
                    <float_array id="ID170" count="126">1.057179 -13.09055 0.2272649 0.5575664 -13.09055 0.1132315 0.8203864 -13.09055 0.1132315 0.3207737 -13.09055 0.2272649 0.1569081 -13.09055 0.4327458 1.221045 -13.09055 0.4327458 0.0984252 -13.09055 0.6889764 1.279528 -13.09055 0.6889764 0.1569081 -13.09055 0.9452069 1.221045 -13.09055 0.9452069 0.3207737 -13.09055 1.150688 1.057179 -13.09055 1.150688 0.5575664 -13.09055 1.264721 0.8203864 -13.09055 1.264721 1.221045 -0.03937008 0.9452069 1.057179 -13.09055 1.150688 1.221045 -13.09055 0.9452069 1.057179 -0.03937008 1.150688 0.8203864 -0.03937008 1.264721 0.8203864 -13.09055 1.264721 0.5575664 -0.03937008 1.264721 0.5575664 -13.09055 1.264721 0.3207737 -0.03937008 1.150688 0.3207737 -13.09055 1.150688 0.1569081 -13.09055 0.9452069 0.1569081 -0.03937008 0.9452069 0.0984252 -13.09055 0.6889764 0.0984252 -0.03937008 0.6889764 0.1569081 -13.09055 0.4327458 0.1569081 -0.03937008 0.4327458 0.3207737 -13.09055 0.2272649 0.3207737 -0.03937008 0.2272649 0.5575664 -0.03937008 0.1132315 0.5575664 -13.09055 0.1132315 0.8203864 -0.03937008 0.1132315 0.8203864 -13.09055 0.1132315 1.057179 -0.03937008 0.2272649 1.057179 -13.09055 0.2272649 1.221045 -13.09055 0.4327458 1.221045 -0.03937008 0.4327458 1.279528 -13.09055 0.6889764 1.279528 -0.03937008 0.6889764</float_array>
                    <technique_common>
                        <accessor count="42" source="#ID170" stride="3">
                            <param name="X" type="float" />
                            <param name="Y" type="float" />
                            <param name="Z" type="float" />
                        </accessor>
                    </technique_common>
                </source>
                <source id="ID167">
                    <float_array id="ID171" count="126">0 -1 0 0 -1 0 0 -1 0 0 -1 0 0 -1 0 0 -1 0 0 -1 0 0 -1 0 0 -1 0 0 -1 0 0 -1 0 0 -1 0 0 -1 0 0 -1 0 0.9009689 0 0.4338837 0.6234898 0 0.7818315 0.9009689 0 0.4338837 0.6234898 0 0.7818315 0.2225209 0 0.9749279 0.2225209 0 0.9749279 -0.2225209 0 0.9749279 -0.2225209 0 0.9749279 -0.6234898 0 0.7818315 -0.6234898 0 0.7818315 -0.9009689 0 0.4338837 -0.9009689 0 0.4338837 -1 0 3.624832e-17 -1 0 3.624832e-17 -0.9009689 0 -0.4338837 -0.9009689 0 -0.4338837 -0.6234898 0 -0.7818315 -0.6234898 0 -0.7818315 -0.2225209 0 -0.9749279 -0.2225209 0 -0.9749279 0.2225209 0 -0.9749279 0.2225209 0 -0.9749279 0.6234898 0 -0.7818315 0.6234898 0 -0.7818315 0.9009689 0 -0.4338837 0.9009689 0 -0.4338837 1 0 1.812416e-17 1 0 1.812416e-17</float_array>
                    <technique_common>
                        <accessor count="42" source="#ID171" stride="3">
                            <param name="X" type="float" />
                            <param name="Y" type="float" />
                            <param name="Z" type="float" />
                        </accessor>
                    </technique_common>
                </source>
                <source id="ID169">
                    <float_array id="ID172" count="138">0.2685235 0.05772528 0.1416219 0.02876081 0.2083781 0.02876081 0.08147653 0.05772528 0.03985467 0.1099174 0.3101453 0.1099174 0.025 0.175 0.325 0.175 0.03985467 0.2400826 0.3101453 0.2400826 0.08147653 0.2922747 0.2685235 0.2922747 0.1416219 0.3212392 0.2083781 0.3212392 0.875158 -3.315 0.9424778 1.776357e-15 0.875158 1.776357e-15 0.9424778 -3.315 9.714451e-17 4.440892e-16 0.06731984 -3.315 0.06731984 4.440892e-16 9.714451e-17 -3.315 0.06731984 0 0.1346397 -3.315 0.1346397 0 0.06731984 -3.315 0.1346397 8.881784e-16 0.2019595 -3.315 0.2019595 8.881784e-16 0.1346397 -3.315 0.2019595 -3.315 0.2692794 4.440892e-16 0.2019595 4.440892e-16 0.2692794 -3.315 0.2692794 -3.315 0.3365992 0 0.2692794 0 0.3365992 -3.315 0.3365992 -3.315 0.4039191 8.881784e-16 0.3365992 8.881784e-16 0.4039191 -3.315 0.4039191 -3.315 0.4712389 0 0.4039191 0 0.4712389 -3.315 0.5385587 -3.315 0.4712389 -3.315 0.5385587 0 0.6058786 -3.315 0.5385587 -1.332268e-15 0.5385587 -3.315 0.6058786 -1.332268e-15 0.6731984 -3.315 0.6058786 4.440892e-16 0.6058786 -3.315 0.6731984 4.440892e-16 0.6731984 -3.315 0.7405183 1.776357e-15 0.6731984 1.776357e-15 0.7405183 -3.315 0.7405183 -3.315 0.8078381 4.440892e-16 0.7405183 4.440892e-16 0.8078381 -3.315 0.8078381 -3.315 0.875158 0 0.8078381 0 0.875158 -3.315</float_array>
                    <technique_common>
                        <accessor count="69" source="#ID172" stride="2">
                            <param name="S" type="float" />
                            <param name="T" type="float" />
                        </accessor>
                    </technique_common>
                </source>
                <vertices id="ID168">
                    <input semantic="POSITION" source="#ID166" />
                    <input semantic="NORMAL" source="#ID167" />
                </vertices>
                <triangles count="40" material="Material2">
                    <input offset="0" semantic="VERTEX" source="#ID168" />
                    <input offset="1" semantic="TEXCOORD" source="#ID169" />
                    <p>0 0 1 1 2 2 1 1 0 0 3 3 3 3 0 0 4 4 4 4 0 0 5 5 4 4 5 5 6 6 6 6 5 5 7 7 6 6 7 7 8 8 8 8 7 7 9 9 8 8 9 9 10 10 10 10 9 9 11 11 10 10 11 11 12 12 12 12 11 11 13 13 14 14 15 15 16 16 15 15 14 14 17 17 15 18 18 19 19 20 18 19 15 18 17 21 19 22 20 23 21 24 20 23 19 22 18 25 21 26 22 27 23 28 22 27 21 26 20 29 22 30 24 31 23 32 24 31 22 30 25 33 25 34 26 35 24 36 26 35 25 34 27 37 27 38 28 39 26 40 28 39 27 38 29 41 29 42 30 43 28 44 30 43 29 42 31 45 32 46 30 43 31 47 30 43 32 46 33 48 34 49 33 50 32 51 33 50 34 49 35 52 36 53 35 54 34 55 35 54 36 53 37 56 36 57 38 58 37 59 38 58 36 57 39 60 39 61 40 62 38 63 40 62 39 61 41 64 41 65 16 66 40 67 16 66 41 65 14 68</p>
                </triangles>
            </mesh>
        </geometry>
    </library_geometries>
    <library_materials>
        <material id="ID6" name="screw_normal">
            <instance_effect url="#ID7" />
        </material>
        <material id="ID19" name="metal">
            <instance_effect url="#ID20" />
        </material>
        <material id="ID98" name="mount">
            <instance_effect url="#ID99" />
        </material>
        <material id="ID161" name="metal_galvanized">
            <instance_effect url="#ID162" />
        </material>
    </library_materials>
    <library_effects>
        <effect id="ID7">
            <profile_COMMON>
                <newparam sid="ID9">
                    <surface type="2D">
                        <init_from>ID8</init_from>
                    </surface>
                </newparam>
                <newparam sid="ID10">
                    <sampler2D>
                        <source>ID9</source>
                    </sampler2D>
                </newparam>
                <technique sid="COMMON">
                    <lambert>
                        <diffuse>
                            <texture texture="ID10" texcoord="UVSET0" />
                        </diffuse>
                    </lambert>
                </technique>
            </profile_COMMON>
        </effect>
        <effect id="ID20">
            <profile_COMMON>
                <newparam sid="ID22">
                    <surface type="2D">
                        <init_from>ID21</init_from>
                    </surface>
                </newparam>
                <newparam sid="ID23">
                    <sampler2D>
                        <source>ID22</source>
                    </sampler2D>
                </newparam>
                <technique sid="COMMON">
                    <lambert>
                        <diffuse>
                            <texture texture="ID23" texcoord="UVSET0" />
                        </diffuse>
                    </lambert>
                </technique>
            </profile_COMMON>
        </effect>
        <effect id="ID99">
            <profile_COMMON>
                <newparam sid="ID101">
                    <surface type="2D">
                        <init_from>ID100</init_from>
                    </surface>
                </newparam>
                <newparam sid="ID102">
                    <sampler2D>
                        <source>ID101</source>
                    </sampler2D>
                </newparam>
                <technique sid="COMMON">
                    <lambert>
                        <diffuse>
                            <texture texture="ID102" texcoord="UVSET0" />
                        </diffuse>
                    </lambert>
                </technique>
            </profile_COMMON>
        </effect>
        <effect id="ID162">
            <profile_COMMON>
                <newparam sid="ID164">
                    <surface type="2D">
                        <init_from>ID163</init_from>
                    </surface>
                </newparam>
                <newparam sid="ID165">
                    <sampler2D>
                        <source>ID164</source>
                    </sampler2D>
                </newparam>
                <technique sid="COMMON">
                    <lambert>
                        <diffuse>
                            <texture texture="ID165" texcoord="UVSET0" />
                        </diffuse>
                    </lambert>
                </technique>
            </profile_COMMON>
        </effect>
    </library_effects>
    <library_images>
        <image id="ID8">
            <init_from>panel_3x3/screw_normal.png</init_from>
        </image>
        <image id="ID21">
            <init_from>panel_3x3/metal.jpg</init_from>
        </image>
        <image id="ID100">
            <init_from>panel_3x3/mount.jpg</init_from>
        </image>
        <image id="ID163">
            <init_from>panel_3x3/metal_galvanized.jpg</init_from>
        </image>
    </library_images>
    <scene>
        <instance_visual_scene url="#ID2" />
    </scene>
</COLLADA>
