<?xml version="1.0" encoding="UTF-8" standalone="no" ?>
<COLLADA xmlns="http://www.collada.org/2005/11/COLLADASchema" version="1.4.1">
    <asset>
        <contributor>
            <authoring_tool>SketchUp 17.2.2555</authoring_tool>
        </contributor>
        <created>2026-05-23T06:51:16Z</created>
        <modified>2026-05-23T06:51:16Z</modified>
        <unit meter="0.0254" name="inch" />
        <up_axis>Z_UP</up_axis>
    </asset>
    <library_cameras>
        <camera id="ID1" name="skp_camera_Last_Saved_SketchUp_View">
            <optics>
                <technique_common>
                    <perspective>
                        <yfov>35</yfov>
                        <aspect_ratio>0</aspect_ratio>
                        <znear>0.1</znear>
                        <zfar>2</zfar>
                    </perspective>
                </technique_common>
            </optics>
        </camera>
    </library_cameras>
    <library_visual_scenes>
        <visual_scene id="ID2">
            <node name="SketchUp">
                <node name="skp_camera_Last_Saved_SketchUp_View">
                    <matrix>0.8184007 0.1779697 -0.5463945 -4.674234 -0.5746479 0.2534605 -0.7781629 -7.952476 0 0.9508336 0.3097022 2.865201 0 0 0 1</matrix>
                    <instance_camera url="#ID1" />
                </node>
                <node id="ID3" name="instance_0">
                    <matrix>1 0 0 0.5905512 0 1 0 -0.03937008 0 0 1 0.5804409 0 0 0 1</matrix>
                    <instance_node url="#ID4" />
                </node>
                <node id="ID50" name="instance_1">
                    <matrix>1 0 0 0.5905512 0 1 0 -1.160819 0 0 1 0.5804409 0 0 0 1</matrix>
                    <instance_node url="#ID51" />
                </node>
                <node id="ID107" name="instance_2">
                    <matrix>1 0 0 0.5905512 0 1 0 -0.03937008 0 0 1 0.5804409 0 0 0 1</matrix>
                    <instance_node url="#ID108" />
                </node>
            </node>
        </visual_scene>
    </library_visual_scenes>
    <library_nodes>
        <node id="ID4" name="housing">
            <instance_geometry url="#ID5">
                <bind_material>
                    <technique_common>
                        <instance_material symbol="Material2" target="#ID6">
                            <bind_vertex_input semantic="UVSET0" input_semantic="TEXCOORD" input_set="0" />
                        </instance_material>
                    </technique_common>
                </bind_material>
            </instance_geometry>
            <instance_geometry url="#ID13">
                <bind_material>
                    <technique_common>
                        <instance_material symbol="Material2" target="#ID14">
                            <bind_vertex_input semantic="UVSET0" input_semantic="TEXCOORD" input_set="0" />
                        </instance_material>
                    </technique_common>
                </bind_material>
            </instance_geometry>
            <instance_geometry url="#ID26">
                <bind_material>
                    <technique_common>
                        <instance_material symbol="Material2" target="#ID14">
                            <bind_vertex_input semantic="UVSET0" input_semantic="TEXCOORD" input_set="0" />
                        </instance_material>
                    </technique_common>
                </bind_material>
            </instance_geometry>
            <instance_geometry url="#ID34">
                <bind_material>
                    <technique_common>
                        <instance_material symbol="Material2" target="#ID14">
                            <bind_vertex_input semantic="UVSET0" input_semantic="TEXCOORD" input_set="0" />
                        </instance_material>
                    </technique_common>
                </bind_material>
            </instance_geometry>
            <instance_geometry url="#ID42">
                <bind_material>
                    <technique_common>
                        <instance_material symbol="Material2" target="#ID14">
                            <bind_vertex_input semantic="UVSET0" input_semantic="TEXCOORD" input_set="0" />
                        </instance_material>
                    </technique_common>
                </bind_material>
            </instance_geometry>
        </node>
        <node id="ID51" name="estop_button">
            <instance_geometry url="#ID52">
                <bind_material>
                    <technique_common>
                        <instance_material symbol="Material2" target="#ID53">
                            <bind_vertex_input semantic="UVSET0" input_semantic="TEXCOORD" input_set="0" />
                        </instance_material>
                    </technique_common>
                </bind_material>
            </instance_geometry>
            <instance_geometry url="#ID65">
                <bind_material>
                    <technique_common>
                        <instance_material symbol="Material2" target="#ID66">
                            <bind_vertex_input semantic="UVSET0" input_semantic="TEXCOORD" input_set="0" />
                        </instance_material>
                    </technique_common>
                </bind_material>
            </instance_geometry>
            <instance_geometry url="#ID78">
                <bind_material>
                    <technique_common>
                        <instance_material symbol="Material2" target="#ID79">
                            <bind_vertex_input semantic="UVSET0" input_semantic="TEXCOORD" input_set="0" />
                        </instance_material>
                    </technique_common>
                </bind_material>
            </instance_geometry>
            <instance_geometry url="#ID91">
                <bind_material>
                    <technique_common>
                        <instance_material symbol="Material2" target="#ID79">
                            <bind_vertex_input semantic="UVSET0" input_semantic="TEXCOORD" input_set="0" />
                        </instance_material>
                    </technique_common>
                </bind_material>
            </instance_geometry>
            <instance_geometry url="#ID99">
                <bind_material>
                    <technique_common>
                        <instance_material symbol="Material2" target="#ID79">
                            <bind_vertex_input semantic="UVSET0" input_semantic="TEXCOORD" input_set="0" />
                        </instance_material>
                    </technique_common>
                </bind_material>
            </instance_geometry>
        </node>
        <node id="ID108" name="placard">
            <instance_geometry url="#ID109">
                <bind_material>
                    <technique_common>
                        <instance_material symbol="Material2" target="#ID110">
                            <bind_vertex_input semantic="UVSET0" input_semantic="TEXCOORD" input_set="0" />
                        </instance_material>
                    </technique_common>
                </bind_material>
            </instance_geometry>
            <instance_geometry url="#ID122">
                <bind_material>
                    <technique_common>
                        <instance_material symbol="Material2" target="#ID6">
                            <bind_vertex_input semantic="UVSET0" input_semantic="TEXCOORD" input_set="0" />
                        </instance_material>
                    </technique_common>
                </bind_material>
            </instance_geometry>
        </node>
    </library_nodes>
    <library_geometries>
        <geometry id="ID5">
            <mesh>
                <source id="ID8">
                    <float_array id="ID11" count="432">-0.5317155 -0.007874016 0.1424728 -0.4658126 -0.0177126 0.268937 -0.5195464 -0.0177126 0.139212 -0.4767231 -0.007874016 0.2752362 -0.4767231 -0.007874016 0.2752362 -0.5317155 -0.04335433 0.1424728 -0.4767231 -0.04335433 0.2752362 -0.5317155 -0.007874016 0.1424728 -0.3803344 -0.0177126 0.3803344 -0.3892428 -0.007874016 0.3892428 -0.537874 -0.0177126 -1.110223e-16 -0.5504724 -0.007874016 -1.110223e-16 -0.3892428 -0.007874016 0.3892428 -0.3892428 -0.04335433 0.3892428 -0.5504724 -0.04335433 -1.110223e-16 -0.5504724 -0.007874016 -1.110223e-16 -0.4659059 -0.03351575 0.2689909 -0.5317155 -0.04335433 0.1424728 -0.5196505 -0.03351575 0.1392399 -0.4767231 -0.04335433 0.2752362 -0.268937 -0.0177126 0.4658126 -0.2752362 -0.007874016 0.4767231 -0.5195464 -0.0177126 -0.139212 -0.5317155 -0.007874016 -0.1424728 -0.2752362 -0.04335433 0.4767231 -0.2752362 -0.007874016 0.4767231 -0.3804106 -0.03351575 0.3804106 -0.3892428 -0.04335433 0.3892428 -0.5317155 -0.04335433 -0.1424728 -0.5317155 -0.007874016 -0.1424728 -0.5504724 -0.04335433 -1.110223e-16 -0.5379818 -0.03351575 -2.220446e-16 -0.139212 -0.0177126 0.5195464 -0.1424728 -0.007874016 0.5317155 -0.4658126 -0.0177126 -0.268937 -0.4767231 -0.007874016 -0.2752362 -0.2689909 -0.03351575 0.4659059 -0.2752362 -0.04335433 0.4767231 -0.1424728 -0.04335433 0.5317155 -0.1424728 -0.007874016 0.5317155 -0.4767231 -0.04335433 -0.2752362 -0.4767231 -0.007874016 -0.2752362 -0.5196505 -0.03351575 -0.1392399 -0.5317155 -0.04335433 -0.1424728 0 -0.0177126 0.537874 0 -0.007874016 0.5504724 -0.3803344 -0.0177126 -0.3803344 -0.3892428 -0.007874016 -0.3892428 -0.1392399 -0.03351575 0.5196505 -0.1424728 -0.04335433 0.5317155 0 -0.04335433 0.5504724 0 -0.007874016 0.5504724 -0.3892428 -0.04335433 -0.3892428 -0.3892428 -0.007874016 -0.3892428 -0.4659059 -0.03351575 -0.2689909 -0.4767231 -0.04335433 -0.2752362 0.1424728 -0.007874016 0.5317155 0.139212 -0.0177126 0.5195464 -0.268937 -0.0177126 -0.4658126 -0.2752362 -0.007874016 -0.4767231 -8.881784e-16 -0.03351575 0.5379818 0 -0.04335433 0.5504724 0.1424728 -0.04335433 0.5317155 0.1424728 -0.007874016 0.5317155 -0.2752362 -0.007874016 -0.4767231 -0.2752362 -0.04335433 -0.4767231 -0.3804106 -0.03351575 -0.3804106 -0.3892428 -0.04335433 -0.3892428 0.2752362 -0.007874016 0.4767231 0.268937 -0.0177126 0.4658126 -0.139212 -0.0177126 -0.5195464 -0.1424728 -0.007874016 -0.5317155 0.1424728 -0.04335433 0.5317155 0.1392399 -0.03351575 0.5196505 0.2752362 -0.04335433 0.4767231 0.2752362 -0.007874016 0.4767231 -0.1424728 -0.007874016 -0.5317155 -0.1424728 -0.04335433 -0.5317155 -0.2689909 -0.03351575 -0.4659059 -0.2752362 -0.04335433 -0.4767231 0.3892428 -0.007874016 0.3892428 0.3803344 -0.0177126 0.3803344 0 -0.0177126 -0.537874 0 -0.007874016 -0.5504724 0.2752362 -0.04335433 0.4767231 0.2689909 -0.03351575 0.4659059 0.3892428 -0.04335433 0.3892428 0.3892428 -0.007874016 0.3892428 0 -0.007874016 -0.5504724 0 -0.04335433 -0.5504724 -0.1392399 -0.03351575 -0.5196505 -0.1424728 -0.04335433 -0.5317155 0.4767231 -0.007874016 0.2752362 0.4658126 -0.0177126 0.268937 0.1424728 -0.007874016 -0.5317155 0.139212 -0.0177126 -0.5195464 0.3892428 -0.04335433 0.3892428 0.3804106 -0.03351575 0.3804106 0.4767231 -0.007874016 0.2752362 0.4767231 -0.04335433 0.2752362 0.1424728 -0.007874016 -0.5317155 0.1424728 -0.04335433 -0.5317155 6.661338e-16 -0.03351575 -0.5379818 0 -0.04335433 -0.5504724 0.5317155 -0.007874016 0.1424728 0.5195464 -0.0177126 0.139212 0.2752362 -0.007874016 -0.4767231 0.268937 -0.0177126 -0.4658126 0.4767231 -0.04335433 0.2752362 0.4659059 -0.03351575 0.2689909 0.5317155 -0.007874016 0.1424728 0.5317155 -0.04335433 0.1424728 0.2752362 -0.007874016 -0.4767231 0.2752362 -0.04335433 -0.4767231 0.1424728 -0.04335433 -0.5317155 0.1392399 -0.03351575 -0.5196505 0.5504724 -0.007874016 0 0.537874 -0.0177126 0 0.3892428 -0.007874016 -0.3892428 0.3803344 -0.0177126 -0.3803344 0.5317155 -0.04335433 0.1424728 0.5196505 -0.03351575 0.1392399 0.5504724 -0.007874016 0 0.5504724 -0.04335433 0 0.3892428 -0.007874016 -0.3892428 0.3892428 -0.04335433 -0.3892428 0.2752362 -0.04335433 -0.4767231 0.2689909 -0.03351575 -0.4659059 0.5195464 -0.0177126 -0.139212 0.5317155 -0.007874016 -0.1424728 0.4767231 -0.007874016 -0.2752362 0.4658126 -0.0177126 -0.268937 0.5379818 -0.03351575 5.551115e-16 0.5504724 -0.04335433 0 0.5317155 -0.007874016 -0.1424728 0.5317155 -0.04335433 -0.1424728 0.4767231 -0.04335433 -0.2752362 0.4767231 -0.007874016 -0.2752362 0.3892428 -0.04335433 -0.3892428 0.3804106 -0.03351575 -0.3804106 0.5196505 -0.03351575 -0.1392399 0.5317155 -0.04335433 -0.1424728 0.4767231 -0.04335433 -0.2752362 0.4659059 -0.03351575 -0.2689909</float_array>
                    <technique_common>
                        <accessor count="144" source="#ID11" stride="3">
                            <param name="X" type="float" />
                            <param name="Y" type="float" />
                            <param name="Z" type="float" />
                        </accessor>
                    </technique_common>
                </source>
                <source id="ID9">
                    <float_array id="ID12" count="432">0.5945187 0.7881438 -0.1593008 0.5330309 0.7881438 -0.3077455 0.5945187 0.7881438 -0.1593008 0.5330309 0.7881438 -0.3077455 -0.8660254 7.748474e-32 0.5 -0.9659258 8.548474e-32 0.258819 -0.8660254 7.748474e-32 0.5 -0.9659258 8.548474e-32 0.258819 0.4352179 0.7881438 -0.4352179 0.4352179 0.7881438 -0.4352179 0.6154911 0.7881438 1.58044e-16 0.6154911 0.7881438 1.660084e-16 -0.7071068 -5.148425e-32 0.7071068 -0.7071068 -5.148425e-32 0.7071068 -1 -1.043899e-31 -2.762444e-16 -1 -1.043899e-31 -2.762444e-16 0.535874 -0.785569 -0.309387 0.5976898 -0.785569 -0.1601505 0.5976898 -0.785569 -0.1601505 0.535874 -0.785569 -0.309387 0.3077455 0.7881438 -0.5330309 0.3077455 0.7881438 -0.5330309 0.5945187 0.7881438 0.1593008 0.5945187 0.7881438 0.1593008 -0.5 5.550954e-32 0.8660254 -0.5 5.550954e-32 0.8660254 0.4375393 -0.785569 -0.4375393 0.4375393 -0.785569 -0.4375393 -0.9659258 -1.02672e-31 -0.258819 -0.9659258 -1.02672e-31 -0.258819 0.618774 -0.785569 -1.138121e-16 0.618774 -0.785569 6.406456e-16 0.1593008 0.7881438 -0.5945187 0.1593008 0.7881438 -0.5945187 0.5330309 0.7881438 0.3077455 0.5330309 0.7881438 0.3077455 0.309387 -0.785569 -0.535874 0.309387 -0.785569 -0.535874 -0.258819 9.899379e-32 0.9659258 -0.258819 9.899379e-32 0.9659258 -0.8660254 4.176635e-32 -0.5 -0.8660254 4.176635e-32 -0.5 0.5976898 -0.785569 0.1601505 0.5976898 -0.785569 0.1601505 4.075871e-16 0.7881438 -0.6154911 3.699616e-16 0.7881438 -0.6154911 0.4352179 0.7881438 0.4352179 0.4352179 0.7881438 0.4352179 0.1601505 -0.785569 -0.5976898 0.1601505 -0.785569 -0.5976898 -5.524888e-16 1.427893e-47 1 -5.524888e-16 1.427893e-47 1 -0.7071068 8.35327e-32 -0.7071068 -0.7071068 8.35327e-32 -0.7071068 0.535874 -0.785569 0.309387 0.535874 -0.785569 0.309387 -0.1593008 0.7881438 -0.5945187 -0.1593008 0.7881438 -0.5945187 0.3077455 0.7881438 0.5330309 0.3077455 0.7881438 0.5330309 3.46115e-15 -0.785569 -0.618774 -2.385312e-15 -0.785569 -0.618774 0.258819 -1.179115e-32 0.9659258 0.258819 -1.179115e-32 0.9659258 -0.5 1.32749e-32 -0.8660254 -0.5 1.32749e-32 -0.8660254 0.4375393 -0.785569 0.4375393 0.4375393 -0.785569 0.4375393 -0.3077455 0.7881438 -0.5330309 -0.3077455 0.7881438 -0.5330309 0.1593008 0.7881438 0.5945187 0.1593008 0.7881438 0.5945187 -0.1601505 -0.785569 -0.5976898 -0.1601505 -0.785569 -0.5976898 0.5 -5.18396e-32 0.8660254 0.5 -5.18396e-32 0.8660254 -0.258819 -1.328813e-31 -0.9659258 -0.258819 -1.328813e-31 -0.9659258 0.309387 -0.785569 0.535874 0.309387 -0.785569 0.535874 -0.4352179 0.7881438 -0.4352179 -0.4352179 0.7881438 -0.4352179 3.327241e-17 0.7881438 0.6154911 2.845859e-17 0.7881438 0.6154911 -0.309387 -0.785569 -0.535874 -0.309387 -0.785569 -0.535874 0.7071068 -8.35327e-32 0.7071068 0.7071068 -8.35327e-32 0.7071068 -5.346666e-17 -2.122156e-31 -1 -5.346666e-17 -2.122156e-31 -1 0.1601505 -0.785569 0.5976898 0.1601505 -0.785569 0.5976898 -0.5330309 0.7881438 -0.3077455 -0.5330309 0.7881438 -0.3077455 -0.1593008 0.7881438 0.5945187 -0.1593008 0.7881438 0.5945187 -0.4375393 -0.785569 -0.4375393 -0.4375393 -0.785569 -0.4375393 0.8660254 1.694484e-32 0.5 0.8660254 1.694484e-32 0.5 0.258819 -6.926099e-32 -0.9659258 0.258819 -6.926099e-32 -0.9659258 -2.429461e-15 -0.785569 0.618774 1.958517e-15 -0.785569 0.618774 -0.5945187 0.7881438 -0.1593008 -0.5945187 0.7881438 -0.1593008 -0.3077455 0.7881438 0.5330309 -0.3077455 0.7881438 0.5330309 -0.535874 -0.785569 -0.309387 -0.535874 -0.785569 -0.309387 0.9659258 5.871119e-32 0.258819 0.9659258 5.871119e-32 0.258819 0.5 -3.201653e-33 -0.8660254 0.5 -3.201653e-33 -0.8660254 -0.1601505 -0.785569 0.5976898 -0.1601505 -0.785569 0.5976898 -0.6154911 0.7881438 -1.138343e-16 -0.6154911 0.7881438 -1.663621e-16 -0.4352179 0.7881438 0.4352179 -0.4352179 0.7881438 0.4352179 -0.5976898 -0.785569 -0.1601505 -0.5976898 -0.785569 -0.1601505 1 -1.043899e-31 1.871333e-16 1 -1.043899e-31 1.871333e-16 0.7071068 -8.35327e-32 -0.7071068 0.7071068 -8.35327e-32 -0.7071068 -0.309387 -0.785569 0.535874 -0.309387 -0.785569 0.535874 -0.5945187 0.7881438 0.1593008 -0.5945187 0.7881438 0.1593008 -0.5330309 0.7881438 0.3077455 -0.5330309 0.7881438 0.3077455 -0.618774 -0.785569 -2.104978e-15 -0.618774 -0.785569 1.517495e-15 0.9659258 -1.731743e-31 -0.258819 0.9659258 -1.731743e-31 -0.258819 0.8660254 -1.105508e-31 -0.5 0.8660254 -1.105508e-31 -0.5 -0.4375393 -0.785569 0.4375393 -0.4375393 -0.785569 0.4375393 -0.5976898 -0.785569 0.1601505 -0.5976898 -0.785569 0.1601505 -0.535874 -0.785569 0.309387 -0.535874 -0.785569 0.309387</float_array>
                    <technique_common>
                        <accessor count="144" source="#ID12" stride="3">
                            <param name="X" type="float" />
                            <param name="Y" type="float" />
                            <param name="Z" type="float" />
                        </accessor>
                    </technique_common>
                </source>
                <vertices id="ID10">
                    <input semantic="POSITION" source="#ID8" />
                    <input semantic="NORMAL" source="#ID9" />
                </vertices>
                <triangles count="144" material="Material2">
                    <input offset="0" semantic="VERTEX" source="#ID10" />
                    <p>0 1 2 1 0 3 4 5 6 5 4 7 3 8 1 8 3 9 0 10 11 10 0 2 12 6 13 6 12 4 7 14 5 14 7 15 16 17 18 17 16 19 9 20 8 20 9 21 11 22 23 22 11 10 24 12 13 12 24 25 26 19 16 19 26 27 15 28 14 28 15 29 18 30 31 30 18 17 21 32 20 32 21 33 23 34 35 34 23 22 36 27 26 27 36 37 38 25 24 25 38 39 29 40 28 40 29 41 42 30 43 30 42 31 33 44 32 44 33 45 35 46 47 46 35 34 48 37 36 37 48 49 50 39 38 39 50 51 41 52 40 52 41 53 54 43 55 43 54 42 44 56 57 56 44 45 47 58 59 58 47 46 60 49 48 49 60 61 62 51 50 51 62 63 64 52 53 52 64 65 66 55 67 55 66 54 57 68 69 68 57 56 59 70 71 70 59 58 72 60 73 60 72 61 74 63 62 63 74 75 76 65 64 65 76 77 78 67 79 67 78 66 69 80 81 80 69 68 71 82 83 82 71 70 84 73 85 73 84 72 86 75 74 75 86 87 88 77 76 77 88 89 90 79 91 79 90 78 81 92 93 92 81 80 82 94 83 94 82 95 96 85 97 85 96 84 98 86 99 86 98 87 100 89 88 89 100 101 102 91 103 91 102 90 93 104 105 104 93 92 95 106 94 106 95 107 108 97 109 97 108 96 110 99 111 99 110 98 112 101 100 101 112 113 114 102 103 102 114 115 105 116 117 116 105 104 107 118 106 118 107 119 120 109 121 109 120 108 122 111 123 111 122 110 124 113 112 113 124 125 126 115 114 115 126 127 128 116 129 116 128 117 119 130 118 130 119 131 120 132 133 132 120 121 134 123 135 123 134 122 124 136 125 136 124 137 138 127 126 127 138 139 131 129 130 129 131 128 133 140 141 140 133 132 137 135 136 135 137 134 142 139 138 139 142 143 141 143 142 143 141 140</p>
                </triangles>
            </mesh>
        </geometry>
        <geometry id="ID13">
            <mesh>
                <source id="ID19">
                    <float_array id="ID23" count="432">0 -0.4843268 0.5580709 -0.1444394 -0.05125591 0.5390551 -0.1444394 -0.4843268 0.5390551 0 -0.05125591 0.5580709 -0.1444394 -0.05125591 -0.5390551 0.1444394 -0.05125591 -0.5390551 0 -0.05125591 -0.5580709 6.661338e-16 -0.05125591 -0.5379818 -0.1392399 -0.05125591 -0.5196505 -0.2790354 -0.05125591 -0.4833035 -0.2689909 -0.05125591 -0.4659059 -0.3946157 -0.05125591 -0.3946157 -0.3804106 -0.05125591 -0.3804106 -0.4833035 -0.05125591 -0.2790354 -0.4659059 -0.05125591 -0.2689909 -0.5390551 -0.05125591 -0.1444394 -0.5196505 -0.05125591 -0.1392399 -0.5580709 -0.05125591 -1.110223e-16 -0.5379818 -0.05125591 -2.220446e-16 -0.5196505 -0.05125591 0.1392399 -0.5390551 -0.05125591 0.1444394 -0.4659059 -0.05125591 0.2689909 -0.4833035 -0.05125591 0.2790354 -0.3804106 -0.05125591 0.3804106 -0.3946157 -0.05125591 0.3946157 -0.2689909 -0.05125591 0.4659059 -0.2790354 -0.05125591 0.4833035 -0.1392399 -0.05125591 0.5196505 -0.1444394 -0.05125591 0.5390551 -8.881784e-16 -0.05125591 0.5379818 0.1392399 -0.05125591 -0.5196505 0.2790354 -0.05125591 -0.4833035 0.2689909 -0.05125591 -0.4659059 0.3946157 -0.05125591 -0.3946157 0.3804106 -0.05125591 -0.3804106 0.4833035 -0.05125591 -0.2790354 0.4659059 -0.05125591 -0.2689909 0.5390551 -0.05125591 -0.1444394 0.5196505 -0.05125591 -0.1392399 0.5580709 -0.05125591 0 0.5379818 -0.05125591 5.551115e-16 0.5390551 -0.05125591 0.1444394 0.5196505 -0.05125591 0.1392399 0.4659059 -0.05125591 0.2689909 0.4833035 -0.05125591 0.2790354 0.3804106 -0.05125591 0.3804106 0.3946157 -0.05125591 0.3946157 0.2689909 -0.05125591 0.4659059 0.2790354 -0.05125591 0.4833035 0.1392399 -0.05125591 0.5196505 0.1444394 -0.05125591 0.5390551 0 -0.05125591 0.5580709 -0.2790354 -0.05125591 0.4833035 -0.2790354 -0.4843268 0.4833035 0.1444394 -0.4843268 -0.5390551 0 -0.4843268 -0.5511811 0 -0.4843268 -0.5580709 0.1426562 -0.4843268 -0.5324001 0.2790354 -0.4843268 -0.4833035 0.2755906 -0.4843268 -0.4773368 0.3946157 -0.4843268 -0.3946157 0.3897439 -0.4843268 -0.3897439 0.4833035 -0.4843268 -0.2790354 0.4773368 -0.4843268 -0.2755906 0.5390551 -0.4843268 -0.1444394 0.5324001 -0.4843268 -0.1426562 0.5580709 -0.4843268 0 0.5511811 -0.4843268 0 0.5390551 -0.4843268 0.1444394 0.5324001 -0.4843268 0.1426562 0.4773368 -0.4843268 0.2755906 0.4833035 -0.4843268 0.2790354 0.3897439 -0.4843268 0.3897439 0.3946157 -0.4843268 0.3946157 0.2755906 -0.4843268 0.4773368 0.2790354 -0.4843268 0.4833035 0.1426562 -0.4843268 0.5324001 0.1444394 -0.4843268 0.5390551 -1.110223e-16 -0.4843268 0.5511811 0 -0.4843268 0.5580709 -0.1444394 -0.4843268 -0.5390551 -0.1426562 -0.4843268 -0.5324001 -0.2790354 -0.4843268 -0.4833035 -0.2755906 -0.4843268 -0.4773368 -0.3946157 -0.4843268 -0.3946157 -0.3897439 -0.4843268 -0.3897439 -0.4833035 -0.4843268 -0.2790354 -0.4773368 -0.4843268 -0.2755906 -0.5390551 -0.4843268 -0.1444394 -0.5324001 -0.4843268 -0.1426562 -0.5580709 -0.4843268 -1.110223e-16 -0.5511811 -0.4843268 -1.110223e-16 -0.5324001 -0.4843268 0.1426562 -0.5390551 -0.4843268 0.1444394 -0.4773368 -0.4843268 0.2755906 -0.4833035 -0.4843268 0.2790354 -0.3897439 -0.4843268 0.3897439 -0.3946157 -0.4843268 0.3946157 -0.2755906 -0.4843268 0.4773368 -0.2790354 -0.4843268 0.4833035 -0.1426562 -0.4843268 0.5324001 -0.1444394 -0.4843268 0.5390551 0.1444394 -0.4843268 0.5390551 0.1444394 -0.05125591 0.5390551 0.1444394 -0.05125591 -0.5390551 0 -0.4843268 -0.5580709 0 -0.05125591 -0.5580709 0.1444394 -0.4843268 -0.5390551 -0.1444394 -0.4843268 -0.5390551 -0.1444394 -0.05125591 -0.5390551 -0.2790354 -0.4843268 -0.4833035 -0.2790354 -0.05125591 -0.4833035 -0.3946157 -0.4843268 -0.3946157 -0.3946157 -0.05125591 -0.3946157 -0.4833035 -0.05125591 -0.2790354 -0.4833035 -0.4843268 -0.2790354 -0.5390551 -0.05125591 -0.1444394 -0.5390551 -0.4843268 -0.1444394 -0.5580709 -0.05125591 -1.110223e-16 -0.5580709 -0.4843268 -1.110223e-16 -0.5390551 -0.05125591 0.1444394 -0.5390551 -0.4843268 0.1444394 -0.4833035 -0.05125591 0.2790354 -0.4833035 -0.4843268 0.2790354 -0.3946157 -0.05125591 0.3946157 -0.3946157 -0.4843268 0.3946157 0.2790354 -0.4843268 0.4833035 0.2790354 -0.05125591 0.4833035 0.3946157 -0.4843268 0.3946157 0.3946157 -0.05125591 0.3946157 0.4833035 -0.05125591 0.2790354 0.4833035 -0.4843268 0.2790354 0.5390551 -0.05125591 0.1444394 0.5390551 -0.4843268 0.1444394 0.5580709 -0.05125591 0 0.5580709 -0.4843268 0 0.5390551 -0.05125591 -0.1444394 0.5390551 -0.4843268 -0.1444394 0.4833035 -0.05125591 -0.2790354 0.4833035 -0.4843268 -0.2790354 0.3946157 -0.05125591 -0.3946157 0.3946157 -0.4843268 -0.3946157 0.2790354 -0.4843268 -0.4833035 0.2790354 -0.05125591 -0.4833035</float_array>
                    <technique_common>
                        <accessor count="144" source="#ID23" stride="3">
                            <param name="X" type="float" />
                            <param name="Y" type="float" />
                            <param name="Z" type="float" />
                        </accessor>
                    </technique_common>
                </source>
                <source id="ID20">
                    <float_array id="ID24" count="432">-1.782222e-16 0 1 -0.258819 0 0.9659258 -0.258819 0 0.9659258 -1.782222e-16 0 1 0 1 0 0 1 0 0 1 0 0 1 0 0 1 0 0 1 0 0 1 0 0 1 0 0 1 0 0 1 0 0 1 0 0 1 0 0 1 0 0 1 0 0 1 0 0 1 0 0 1 0 0 1 0 0 1 0 0 1 0 0 1 0 0 1 0 0 1 0 0 1 0 0 1 0 0 1 0 0 1 0 0 1 0 0 1 0 0 1 0 0 1 0 0 1 0 0 1 0 0 1 0 0 1 0 0 1 0 0 1 0 0 1 0 0 1 0 0 1 0 0 1 0 0 1 0 0 1 0 0 1 0 0 1 0 0 1 0 0 1 0 0 1 0 -0.5 0 0.8660254 -0.5 0 0.8660254 0 -1 0 0 -1 0 0 -1 0 0 -1 0 0 -1 0 0 -1 0 0 -1 0 0 -1 0 0 -1 0 0 -1 0 0 -1 0 0 -1 0 0 -1 0 0 -1 0 0 -1 0 0 -1 0 0 -1 0 0 -1 0 0 -1 0 0 -1 0 0 -1 0 0 -1 0 0 -1 0 0 -1 0 0 -1 0 0 -1 0 0 -1 0 0 -1 0 0 -1 0 0 -1 0 0 -1 0 0 -1 0 0 -1 0 0 -1 0 0 -1 0 0 -1 0 0 -1 0 0 -1 0 0 -1 0 0 -1 0 0 -1 0 0 -1 0 0 -1 0 0 -1 0 0 -1 0 0 -1 0 0 -1 0 0 -1 0 0.258819 0 0.9659258 0.258819 0 0.9659258 0.258819 0 -0.9659258 3.208e-16 0 -1 3.208e-16 0 -1 0.258819 0 -0.9659258 -0.258819 0 -0.9659258 -0.258819 0 -0.9659258 -0.5 0 -0.8660254 -0.5 0 -0.8660254 -0.7071068 0 -0.7071068 -0.7071068 0 -0.7071068 -0.8660254 0 -0.5 -0.8660254 0 -0.5 -0.9659258 0 -0.258819 -0.9659258 0 -0.258819 -1 0 -2.584222e-16 -1 0 -2.584222e-16 -0.9659258 0 0.258819 -0.9659258 0 0.258819 -0.8660254 0 0.5 -0.8660254 0 0.5 -0.7071068 0 0.7071068 -0.7071068 0 0.7071068 0.5 0 0.8660254 0.5 0 0.8660254 0.7071068 0 0.7071068 0.7071068 0 0.7071068 0.8660254 0 0.5 0.8660254 0 0.5 0.9659258 0 0.258819 0.9659258 0 0.258819 1 0 1.693111e-16 1 0 1.693111e-16 0.9659258 0 -0.258819 0.9659258 0 -0.258819 0.8660254 0 -0.5 0.8660254 0 -0.5 0.7071068 0 -0.7071068 0.7071068 0 -0.7071068 0.5 0 -0.8660254 0.5 0 -0.8660254</float_array>
                    <technique_common>
                        <accessor count="144" source="#ID24" stride="3">
                            <param name="X" type="float" />
                            <param name="Y" type="float" />
                            <param name="Z" type="float" />
                        </accessor>
                    </technique_common>
                </source>
                <source id="ID22">
                    <float_array id="ID25" count="212">0 -0.246038 -0.0733752 -0.026038 -0.0733752 -0.246038 0 -0.026038 0.0733752 -0.27384 -0.0733752 -0.27384 0 -0.2835 -3.38396e-16 -0.2732948 0.07073389 -0.2639825 0.14175 -0.2455182 0.1366474 -0.2366802 0.2004648 -0.2004648 0.1932486 -0.1932486 0.2455182 -0.14175 0.2366802 -0.1366474 0.27384 -0.0733752 0.2639825 -0.07073389 0.2835 -5.639933e-17 0.2732948 -1.127987e-16 0.2639825 0.07073389 0.27384 0.0733752 0.2366802 0.1366474 0.2455182 0.14175 0.1932486 0.1932486 0.2004648 0.2004648 0.1366474 0.2366802 0.14175 0.2455182 0.07073389 0.2639825 0.0733752 0.27384 4.511946e-16 0.2732948 -0.07073389 -0.2639825 -0.14175 -0.2455182 -0.1366474 -0.2366802 -0.2004648 -0.2004648 -0.1932486 -0.1932486 -0.2455182 -0.14175 -0.2366802 -0.1366474 -0.27384 -0.0733752 -0.2639825 -0.07073389 -0.2835 0 -0.2732948 2.819966e-16 -0.27384 0.0733752 -0.2639825 0.07073389 -0.2366802 0.1366474 -0.2455182 0.14175 -0.1932486 0.1932486 -0.2004648 0.2004648 -0.1366474 0.2366802 -0.14175 0.2455182 -0.07073389 0.2639825 -0.0733752 0.27384 0 0.2835 -0.14175 -0.026038 -0.14175 -0.246038 0.0733752 -0.246038 0.07246933 -0.246038 0.14175 -0.246038 0.14 -0.246038 0.2004648 -0.246038 0.1979899 -0.246038 0.2455182 -0.246038 0.2424871 -0.246038 0.27384 -0.246038 0.2704592 -0.246038 0.2835 -0.246038 0.28 -0.246038 0.2004648 -0.246038 0.14 -0.246038 0.14175 -0.246038 0.07246933 -0.246038 -5.639933e-17 -0.246038 -0.0733752 -0.246038 -0.07246933 -0.246038 -0.14175 -0.246038 -0.14 -0.246038 -0.2004648 -0.246038 -0.1979899 -0.246038 -0.2455182 -0.246038 -0.2424871 -0.246038 -0.27384 -0.246038 -0.2704592 -0.246038 -0.2835 -0.246038 -0.28 -0.246038 -0.2704592 -0.246038 -0.2424871 -0.246038 -0.2455182 -0.246038 -0.1979899 -0.246038 -0.2004648 -0.246038 -0.14 -0.246038 -0.07246933 -0.246038 0.0733752 -0.026038 -0.0733752 -0.026038 -0.14175 -0.026038 -0.2004648 -0.026038 -0.2455182 -0.026038 -0.27384 -0.026038 -0.2835 -0.026038 -0.2455182 -0.026038 -0.2004648 -0.026038 0.14175 -0.026038 0.2004648 -0.026038 0.2455182 -0.026038 0.27384 -0.026038 0.2835 -0.026038 0.2004648 -0.026038 0.14175 -0.026038</float_array>
                    <technique_common>
                        <accessor count="106" source="#ID25" stride="2">
                            <param name="S" type="float" />
                            <param name="T" type="float" />
                        </accessor>
                    </technique_common>
                </source>
                <vertices id="ID21">
                    <input semantic="POSITION" source="#ID19" />
                    <input semantic="NORMAL" source="#ID20" />
                </vertices>
                <triangles count="144" material="Material2">
                    <input offset="0" semantic="VERTEX" source="#ID21" />
                    <input offset="1" semantic="TEXCOORD" source="#ID22" />
                    <p>0 0 1 1 2 2 1 1 0 0 3 3 4 4 5 5 6 6 5 5 4 4 7 7 7 7 4 4 8 8 8 8 4 4 9 9 8 8 9 9 10 10 10 10 9 9 11 11 10 10 11 11 12 12 12 12 11 11 13 13 12 12 13 13 14 14 14 14 13 13 15 15 14 14 15 15 16 16 16 16 15 15 17 17 16 16 17 17 18 18 18 18 17 17 19 19 19 19 17 17 20 20 19 19 20 20 21 21 21 21 20 20 22 22 21 21 22 22 23 23 23 23 22 22 24 24 23 23 24 24 25 25 25 25 24 24 26 26 25 25 26 26 27 27 27 27 26 26 28 28 27 27 28 28 29 29 5 5 30 30 31 31 30 30 5 5 7 7 31 31 30 30 32 32 31 31 32 32 33 33 33 33 32 32 34 34 33 33 34 34 35 35 35 35 34 34 36 36 35 35 36 36 37 37 37 37 36 36 38 38 37 37 38 38 39 39 39 39 38 38 40 40 39 39 40 40 41 41 41 41 40 40 42 42 41 41 42 42 43 43 41 41 43 43 44 44 44 44 43 43 45 45 44 44 45 45 46 46 46 46 45 45 47 47 46 46 47 47 48 48 48 48 47 47 49 49 48 48 49 49 50 50 50 50 49 49 29 29 50 50 29 29 28 28 50 50 28 28 51 51 2 2 52 52 53 53 52 52 2 2 1 1 54 54 55 0 56 0 55 0 54 54 57 55 57 55 54 54 58 56 57 55 58 56 59 57 59 57 58 56 60 58 59 57 60 58 61 59 61 59 60 58 62 60 61 59 62 60 63 61 63 61 62 60 64 62 63 61 64 62 65 63 65 63 64 62 66 64 65 63 66 64 67 65 67 65 66 64 68 62 67 65 68 62 69 63 69 63 68 62 70 61 70 61 68 62 71 60 70 61 71 60 72 59 72 59 71 60 73 66 72 59 73 66 74 67 74 67 73 66 75 68 74 67 75 68 76 69 76 69 75 68 77 54 76 69 77 54 78 70 78 70 77 54 79 0 55 0 80 71 56 0 80 71 55 0 81 72 80 71 81 72 82 73 82 73 81 72 83 74 82 73 83 74 84 75 84 75 83 74 85 76 84 75 85 76 86 77 86 77 85 76 87 78 86 77 87 78 88 79 88 79 87 78 89 80 88 79 89 80 90 81 90 81 89 80 91 82 90 81 91 82 92 83 90 81 92 83 93 79 93 79 92 83 94 84 93 79 94 84 95 85 95 85 94 84 96 86 95 85 96 86 97 87 97 87 96 86 98 88 97 87 98 88 99 53 99 53 98 88 100 89 99 53 100 89 101 2 101 2 100 89 78 70 101 2 78 70 79 0 102 54 3 3 0 0 3 3 102 54 103 90 104 90 105 0 106 3 105 0 104 90 107 54 106 3 108 71 109 91 108 71 106 3 105 0 109 91 110 73 111 92 110 73 109 91 108 71 111 92 112 75 113 93 112 75 111 92 110 73 114 94 112 75 115 77 112 75 114 94 113 93 116 95 115 77 117 79 115 77 116 95 114 94 118 96 117 79 119 81 117 79 118 96 116 95 120 95 119 81 121 79 119 81 120 95 118 96 122 97 121 79 123 85 121 79 122 97 120 95 124 98 123 85 125 87 123 85 124 98 122 97 53 53 124 98 125 87 124 98 53 53 52 52 126 68 103 90 102 54 103 90 126 68 127 99 128 66 127 99 126 68 127 99 128 66 129 100 130 101 128 66 131 60 128 66 130 101 129 100 132 102 131 60 133 62 131 60 132 102 130 101 134 103 133 62 135 64 133 62 134 103 132 102 136 102 135 64 137 62 135 64 136 102 134 103 138 101 137 62 139 60 137 62 138 101 136 102 140 104 139 60 141 58 139 60 140 104 138 101 140 104 142 56 143 105 142 56 140 104 141 58 143 105 107 54 104 90 107 54 143 105 142 56</p>
                </triangles>
            </mesh>
        </geometry>
        <geometry id="ID26">
            <mesh>
                <source id="ID27">
                    <float_array id="ID31" count="144">-0.268937 -0.0177126 0.4658126 -0.3803344 0 0.3803344 -0.3803344 -0.0177126 0.3803344 -0.268937 0 0.4658126 -0.4658126 -0.0177126 0.268937 -0.4658126 0 0.268937 -0.139212 -0.0177126 0.5195464 -0.139212 0 0.5195464 -0.5195464 -0.0177126 0.139212 -0.5195464 0 0.139212 0 -0.0177126 0.537874 0 0 0.537874 -0.537874 -0.0177126 -1.110223e-16 -0.537874 0 -1.110223e-16 0.139212 -0.0177126 0.5195464 0.139212 0 0.5195464 -0.5195464 -0.0177126 -0.139212 -0.5195464 0 -0.139212 0.268937 -0.0177126 0.4658126 0.268937 0 0.4658126 -0.4658126 -0.0177126 -0.268937 -0.4658126 0 -0.268937 0.3803344 -0.0177126 0.3803344 0.3803344 0 0.3803344 -0.3803344 -0.0177126 -0.3803344 -0.3803344 0 -0.3803344 0.4658126 0 0.268937 0.4658126 -0.0177126 0.268937 -0.268937 0 -0.4658126 -0.268937 -0.0177126 -0.4658126 0.5195464 0 0.139212 0.5195464 -0.0177126 0.139212 -0.139212 0 -0.5195464 -0.139212 -0.0177126 -0.5195464 0.537874 0 0 0.537874 -0.0177126 0 0 0 -0.537874 0 -0.0177126 -0.537874 0.5195464 0 -0.139212 0.5195464 -0.0177126 -0.139212 0.139212 0 -0.5195464 0.139212 -0.0177126 -0.5195464 0.4658126 0 -0.268937 0.4658126 -0.0177126 -0.268937 0.268937 0 -0.4658126 0.268937 -0.0177126 -0.4658126 0.3803344 0 -0.3803344 0.3803344 -0.0177126 -0.3803344</float_array>
                    <technique_common>
                        <accessor count="48" source="#ID31" stride="3">
                            <param name="X" type="float" />
                            <param name="Y" type="float" />
                            <param name="Z" type="float" />
                        </accessor>
                    </technique_common>
                </source>
                <source id="ID28">
                    <float_array id="ID32" count="144">-0.5 0 0.8660254 -0.7071068 0 0.7071068 -0.7071068 0 0.7071068 -0.5 0 0.8660254 -0.8660254 0 0.5 -0.8660254 0 0.5 -0.258819 0 0.9659258 -0.258819 0 0.9659258 -0.9659258 0 0.258819 -0.9659258 0 0.258819 -6.059555e-16 0 1 -6.059555e-16 0 1 -1 0 -2.762444e-16 -1 0 -2.762444e-16 0.258819 0 0.9659258 0.258819 0 0.9659258 -0.9659258 0 -0.258819 -0.9659258 0 -0.258819 0.5 0 0.8660254 0.5 0 0.8660254 -0.8660254 0 -0.5 -0.8660254 0 -0.5 0.7071068 0 0.7071068 0.7071068 0 0.7071068 -0.7071068 0 -0.7071068 -0.7071068 0 -0.7071068 0.8660254 0 0.5 0.8660254 0 0.5 -0.5 0 -0.8660254 -0.5 0 -0.8660254 0.9659258 0 0.258819 0.9659258 0 0.258819 -0.258819 0 -0.9659258 -0.258819 0 -0.9659258 1 0 1.782222e-16 1 0 1.782222e-16 -7.128888e-17 0 -1 -7.128888e-17 0 -1 0.9659258 0 -0.258819 0.9659258 0 -0.258819 0.258819 0 -0.9659258 0.258819 0 -0.9659258 0.8660254 0 -0.5 0.8660254 0 -0.5 0.5 0 -0.8660254 0.5 0 -0.8660254 0.7071068 0 -0.7071068 0.7071068 0 -0.7071068</float_array>
                    <technique_common>
                        <accessor count="48" source="#ID32" stride="3">
                            <param name="X" type="float" />
                            <param name="Y" type="float" />
                            <param name="Z" type="float" />
                        </accessor>
                    </technique_common>
                </source>
                <source id="ID30">
                    <float_array id="ID33" count="88">-0.13662 -0.008998 -0.1932099 0 -0.1932099 -0.008998 -0.13662 0 -0.2366328 -0.008998 -0.2366328 0 -0.07071972 -0.008998 -0.07071972 0 -0.2639296 -0.008998 -0.2639296 0 0 -0.008998 0 0 -0.27324 -0.008998 -0.27324 0 0.07071972 -0.008998 0.07071972 0 0.13662 -0.008998 0.13662 0 -0.2366328 -0.008998 -0.2366328 0 0.1932099 -0.008998 0.1932099 0 -0.1932099 -0.008998 -0.1932099 0 0.2366328 0 0.2366328 -0.008998 -0.13662 0 -0.13662 -0.008998 0.2639296 0 0.2639296 -0.008998 -0.07071972 0 -0.07071972 -0.008998 0.27324 0 0.27324 -0.008998 0.2639296 0 0.2639296 -0.008998 0.07071972 0 0.07071972 -0.008998 0.2366328 0 0.2366328 -0.008998 0.13662 0 0.13662 -0.008998 0.1932099 0 0.1932099 -0.008998</float_array>
                    <technique_common>
                        <accessor count="44" source="#ID33" stride="2">
                            <param name="S" type="float" />
                            <param name="T" type="float" />
                        </accessor>
                    </technique_common>
                </source>
                <vertices id="ID29">
                    <input semantic="POSITION" source="#ID27" />
                    <input semantic="NORMAL" source="#ID28" />
                </vertices>
                <triangles count="48" material="Material2">
                    <input offset="0" semantic="VERTEX" source="#ID29" />
                    <input offset="1" semantic="TEXCOORD" source="#ID30" />
                    <p>0 0 1 1 2 2 1 1 0 0 3 3 1 1 4 4 2 2 4 4 1 1 5 5 6 6 3 3 0 0 3 3 6 6 7 7 5 5 8 8 4 4 8 8 5 5 9 9 10 10 7 7 6 6 7 7 10 10 11 11 9 9 12 12 8 8 12 12 9 9 13 13 14 14 11 11 10 10 11 11 14 14 15 15 13 13 16 8 12 12 16 8 13 13 17 9 18 16 15 15 14 14 15 15 18 16 19 17 17 9 20 18 16 8 20 18 17 9 21 19 22 20 19 17 18 16 19 17 22 20 23 21 21 19 24 22 20 18 24 22 21 19 25 23 26 24 22 20 27 25 22 20 26 24 23 21 28 26 24 22 25 23 24 22 28 26 29 27 30 28 27 25 31 29 27 25 30 28 26 24 32 30 29 27 28 26 29 27 32 30 33 31 34 32 31 29 35 33 31 29 34 32 30 28 36 11 33 31 32 30 33 31 36 11 37 10 38 34 35 33 39 35 35 33 38 34 34 32 40 36 37 10 36 11 37 10 40 36 41 37 42 38 39 35 43 39 39 35 42 38 38 34 44 40 41 37 40 36 41 37 44 40 45 41 46 42 43 39 47 43 43 39 46 42 42 38 46 42 45 41 44 40 45 41 46 42 47 43</p>
                </triangles>
            </mesh>
        </geometry>
        <geometry id="ID34">
            <mesh>
                <source id="ID35">
                    <float_array id="ID39" count="144">6.661338e-16 -0.03351575 -0.5379818 -0.1392399 -0.05125591 -0.5196505 -0.1392399 -0.03351575 -0.5196505 6.661338e-16 -0.05125591 -0.5379818 0.1392399 -0.03351575 -0.5196505 0.1392399 -0.05125591 -0.5196505 -0.2689909 -0.05125591 -0.4659059 -0.2689909 -0.03351575 -0.4659059 0.2689909 -0.03351575 -0.4659059 0.2689909 -0.05125591 -0.4659059 -0.3804106 -0.05125591 -0.3804106 -0.3804106 -0.03351575 -0.3804106 0.3804106 -0.03351575 -0.3804106 0.3804106 -0.05125591 -0.3804106 -0.4659059 -0.03351575 -0.2689909 -0.4659059 -0.05125591 -0.2689909 0.4659059 -0.05125591 -0.2689909 0.4659059 -0.03351575 -0.2689909 -0.5196505 -0.03351575 -0.1392399 -0.5196505 -0.05125591 -0.1392399 0.5196505 -0.05125591 -0.1392399 0.5196505 -0.03351575 -0.1392399 -0.5379818 -0.03351575 -2.220446e-16 -0.5379818 -0.05125591 -2.220446e-16 0.5379818 -0.05125591 5.551115e-16 0.5379818 -0.03351575 5.551115e-16 -0.5196505 -0.03351575 0.1392399 -0.5196505 -0.05125591 0.1392399 0.5196505 -0.05125591 0.1392399 0.5196505 -0.03351575 0.1392399 -0.4659059 -0.03351575 0.2689909 -0.4659059 -0.05125591 0.2689909 0.4659059 -0.05125591 0.2689909 0.4659059 -0.03351575 0.2689909 -0.3804106 -0.03351575 0.3804106 -0.3804106 -0.05125591 0.3804106 0.3804106 -0.05125591 0.3804106 0.3804106 -0.03351575 0.3804106 -0.2689909 -0.05125591 0.4659059 -0.2689909 -0.03351575 0.4659059 0.2689909 -0.03351575 0.4659059 0.2689909 -0.05125591 0.4659059 -0.1392399 -0.05125591 0.5196505 -0.1392399 -0.03351575 0.5196505 0.1392399 -0.03351575 0.5196505 0.1392399 -0.05125591 0.5196505 -8.881784e-16 -0.05125591 0.5379818 -8.881784e-16 -0.03351575 0.5379818</float_array>
                    <technique_common>
                        <accessor count="48" source="#ID39" stride="3">
                            <param name="X" type="float" />
                            <param name="Y" type="float" />
                            <param name="Z" type="float" />
                        </accessor>
                    </technique_common>
                </source>
                <source id="ID36">
                    <float_array id="ID40" count="144">8.643777e-16 0 -1 -0.258819 0 -0.9659258 -0.258819 0 -0.9659258 8.643777e-16 0 -1 0.258819 0 -0.9659258 0.258819 0 -0.9659258 -0.5 0 -0.8660254 -0.5 0 -0.8660254 0.5 0 -0.8660254 0.5 0 -0.8660254 -0.7071068 0 -0.7071068 -0.7071068 0 -0.7071068 0.7071068 0 -0.7071068 0.7071068 0 -0.7071068 -0.8660254 0 -0.5 -0.8660254 0 -0.5 0.8660254 0 -0.5 0.8660254 0 -0.5 -0.9659258 0 -0.258819 -0.9659258 0 -0.258819 0.9659258 0 -0.258819 0.9659258 0 -0.258819 -1 0 -8.287332e-16 -1 0 -8.287332e-16 1 0 8.019999e-16 1 0 8.019999e-16 -0.9659258 0 0.258819 -0.9659258 0 0.258819 0.9659258 0 0.258819 0.9659258 0 0.258819 -0.8660254 0 0.5 -0.8660254 0 0.5 0.8660254 0 0.5 0.8660254 0 0.5 -0.7071068 0 0.7071068 -0.7071068 0 0.7071068 0.7071068 0 0.7071068 0.7071068 0 0.7071068 -0.5 0 0.8660254 -0.5 0 0.8660254 0.5 0 0.8660254 0.5 0 0.8660254 -0.258819 0 0.9659258 -0.258819 0 0.9659258 0.258819 0 0.9659258 0.258819 0 0.9659258 -1.211911e-15 0 1 -1.211911e-15 0 1</float_array>
                    <technique_common>
                        <accessor count="48" source="#ID40" stride="3">
                            <param name="X" type="float" />
                            <param name="Y" type="float" />
                            <param name="Z" type="float" />
                        </accessor>
                    </technique_common>
                </source>
                <source id="ID38">
                    <float_array id="ID41" count="92">3.38396e-16 -0.017026 -0.07073389 -0.026038 -0.07073389 -0.017026 3.38396e-16 -0.026038 0.07073389 -0.017026 0.07073389 -0.026038 -0.1366474 -0.026038 -0.1366474 -0.017026 0.1366474 -0.017026 0.1366474 -0.026038 -0.1932486 -0.026038 -0.1932486 -0.017026 0.1932486 -0.017026 0.1932486 -0.026038 -0.2366802 -0.017026 -0.2366802 -0.026038 0.2366802 -0.026038 0.2366802 -0.017026 -0.2639825 -0.017026 -0.2639825 -0.026038 0.2639825 -0.026038 0.2639825 -0.017026 -0.2732948 -0.017026 -0.2732948 -0.026038 0.2732948 -0.026038 0.2732948 -0.017026 -0.2639825 -0.017026 -0.2639825 -0.026038 -0.2366802 -0.017026 -0.2366802 -0.026038 0.2366802 -0.026038 0.2366802 -0.017026 -0.1932486 -0.017026 -0.1932486 -0.026038 0.1932486 -0.026038 0.1932486 -0.017026 -0.1366474 -0.026038 -0.1366474 -0.017026 0.1366474 -0.017026 0.1366474 -0.026038 -0.07073389 -0.026038 -0.07073389 -0.017026 0.07073389 -0.017026 0.07073389 -0.026038 -4.511946e-16 -0.026038 -4.511946e-16 -0.017026</float_array>
                    <technique_common>
                        <accessor count="46" source="#ID41" stride="2">
                            <param name="S" type="float" />
                            <param name="T" type="float" />
                        </accessor>
                    </technique_common>
                </source>
                <vertices id="ID37">
                    <input semantic="POSITION" source="#ID35" />
                    <input semantic="NORMAL" source="#ID36" />
                </vertices>
                <triangles count="48" material="Material2">
                    <input offset="0" semantic="VERTEX" source="#ID37" />
                    <input offset="1" semantic="TEXCOORD" source="#ID38" />
                    <p>0 0 1 1 2 2 1 1 0 0 3 3 4 4 3 3 0 0 3 3 4 4 5 5 2 2 6 6 7 7 6 6 2 2 1 1 8 8 5 5 4 4 5 5 8 8 9 9 7 7 10 10 11 11 10 10 7 7 6 6 12 12 9 9 8 8 9 9 12 12 13 13 14 14 10 10 15 15 10 10 14 14 11 11 12 12 16 16 13 13 16 16 12 12 17 17 18 18 15 15 19 19 15 15 18 18 14 14 17 17 20 20 16 16 20 20 17 17 21 21 22 22 19 19 23 23 19 19 22 22 18 18 21 21 24 24 20 20 24 24 21 21 25 25 26 26 23 23 27 27 23 23 26 26 22 22 25 25 28 20 24 24 28 20 25 25 29 21 30 28 27 27 31 29 27 27 30 28 26 26 29 21 32 30 28 20 32 30 29 21 33 31 34 32 31 29 35 33 31 29 34 32 30 28 33 31 36 34 32 30 36 34 33 31 37 35 38 36 34 32 35 33 34 32 38 36 39 37 36 34 40 38 41 39 40 38 36 34 37 35 42 40 39 37 38 36 39 37 42 40 43 41 41 39 44 42 45 43 44 42 41 39 40 38 46 44 43 41 42 40 43 41 46 44 47 45 45 43 47 45 46 44 47 45 45 43 44 42</p>
                </triangles>
            </mesh>
        </geometry>
        <geometry id="ID42">
            <mesh>
                <source id="ID43">
                    <float_array id="ID47" count="144">0.3897439 -0.6418071 0.3897439 0.2755906 -0.4843268 0.4773368 0.2755906 -0.6418071 0.4773368 0.3897439 -0.4843268 0.3897439 0.1426562 -0.4843268 0.5324001 0.1426562 -0.6418071 0.5324001 0.4773368 -0.4843268 0.2755906 0.4773368 -0.6418071 0.2755906 -1.110223e-16 -0.4843268 0.5511811 -1.110223e-16 -0.6418071 0.5511811 0.5324001 -0.4843268 0.1426562 0.5324001 -0.6418071 0.1426562 -0.1426562 -0.4843268 0.5324001 -0.1426562 -0.6418071 0.5324001 0.5511811 -0.4843268 0 0.5511811 -0.6418071 0 -0.2755906 -0.4843268 0.4773368 -0.2755906 -0.6418071 0.4773368 0.5324001 -0.4843268 -0.1426562 0.5324001 -0.6418071 -0.1426562 -0.3897439 -0.4843268 0.3897439 -0.3897439 -0.6418071 0.3897439 0.4773368 -0.4843268 -0.2755906 0.4773368 -0.6418071 -0.2755906 -0.4773368 -0.6418071 0.2755906 -0.4773368 -0.4843268 0.2755906 0.3897439 -0.4843268 -0.3897439 0.3897439 -0.6418071 -0.3897439 -0.5324001 -0.6418071 0.1426562 -0.5324001 -0.4843268 0.1426562 0.2755906 -0.6418071 -0.4773368 0.2755906 -0.4843268 -0.4773368 -0.5511811 -0.6418071 -1.110223e-16 -0.5511811 -0.4843268 -1.110223e-16 0.1426562 -0.6418071 -0.5324001 0.1426562 -0.4843268 -0.5324001 -0.5324001 -0.6418071 -0.1426562 -0.5324001 -0.4843268 -0.1426562 0 -0.6418071 -0.5511811 0 -0.4843268 -0.5511811 -0.4773368 -0.6418071 -0.2755906 -0.4773368 -0.4843268 -0.2755906 -0.1426562 -0.6418071 -0.5324001 -0.1426562 -0.4843268 -0.5324001 -0.3897439 -0.6418071 -0.3897439 -0.3897439 -0.4843268 -0.3897439 -0.2755906 -0.6418071 -0.4773368 -0.2755906 -0.4843268 -0.4773368</float_array>
                    <technique_common>
                        <accessor count="48" source="#ID47" stride="3">
                            <param name="X" type="float" />
                            <param name="Y" type="float" />
                            <param name="Z" type="float" />
                        </accessor>
                    </technique_common>
                </source>
                <source id="ID44">
                    <float_array id="ID48" count="144">0.7071068 0 0.7071068 0.5 0 0.8660254 0.5 0 0.8660254 0.7071068 0 0.7071068 0.258819 0 0.9659258 0.258819 0 0.9659258 0.8660254 0 0.5 0.8660254 0 0.5 1.693111e-16 0 1 1.693111e-16 0 1 0.9659258 0 0.258819 0.9659258 0 0.258819 -0.258819 0 0.9659258 -0.258819 0 0.9659258 1 0 -2.138666e-16 1 0 -2.138666e-16 -0.5 0 0.8660254 -0.5 0 0.8660254 0.9659258 0 -0.258819 0.9659258 0 -0.258819 -0.7071068 0 0.7071068 -0.7071068 0 0.7071068 0.8660254 0 -0.5 0.8660254 0 -0.5 -0.8660254 0 0.5 -0.8660254 0 0.5 0.7071068 0 -0.7071068 0.7071068 0 -0.7071068 -0.9659258 0 0.258819 -0.9659258 0 0.258819 0.5 0 -0.8660254 0.5 0 -0.8660254 -1 0 -3.564444e-16 -1 0 -3.564444e-16 0.258819 0 -0.9659258 0.258819 0 -0.9659258 -0.9659258 0 -0.258819 -0.9659258 0 -0.258819 -9.802221e-17 0 -1 -9.802221e-17 0 -1 -0.8660254 0 -0.5 -0.8660254 0 -0.5 -0.258819 0 -0.9659258 -0.258819 0 -0.9659258 -0.7071068 0 -0.7071068 -0.7071068 0 -0.7071068 -0.5 0 -0.8660254 -0.5 0 -0.8660254</float_array>
                    <technique_common>
                        <accessor count="48" source="#ID48" stride="3">
                            <param name="X" type="float" />
                            <param name="Y" type="float" />
                            <param name="Z" type="float" />
                        </accessor>
                    </technique_common>
                </source>
                <source id="ID46">
                    <float_array id="ID49" count="84">0.1979899 -0.326038 0.14 -0.246038 0.14 -0.326038 0.1979899 -0.246038 0.07246933 -0.246038 0.07246933 -0.326038 0.2424871 -0.246038 0.2424871 -0.326038 -5.639933e-17 -0.246038 -5.639933e-17 -0.326038 0.2704592 -0.246038 0.2704592 -0.326038 -0.07246933 -0.246038 -0.07246933 -0.326038 0.28 -0.246038 0.28 -0.326038 -0.14 -0.246038 -0.14 -0.326038 -0.1979899 -0.246038 -0.1979899 -0.326038 -0.2424871 -0.326038 -0.2424871 -0.246038 -0.2704592 -0.326038 -0.2704592 -0.246038 0.14 -0.326038 0.14 -0.246038 -0.28 -0.326038 -0.28 -0.246038 0.07246933 -0.326038 0.07246933 -0.246038 -0.2704592 -0.326038 -0.2704592 -0.246038 0 -0.326038 0 -0.246038 -0.2424871 -0.326038 -0.2424871 -0.246038 -0.07246933 -0.326038 -0.07246933 -0.246038 -0.1979899 -0.326038 -0.1979899 -0.246038 -0.14 -0.326038 -0.14 -0.246038</float_array>
                    <technique_common>
                        <accessor count="42" source="#ID49" stride="2">
                            <param name="S" type="float" />
                            <param name="T" type="float" />
                        </accessor>
                    </technique_common>
                </source>
                <vertices id="ID45">
                    <input semantic="POSITION" source="#ID43" />
                    <input semantic="NORMAL" source="#ID44" />
                </vertices>
                <triangles count="48" material="Material2">
                    <input offset="0" semantic="VERTEX" source="#ID45" />
                    <input offset="1" semantic="TEXCOORD" source="#ID46" />
                    <p>0 0 1 1 2 2 1 1 0 0 3 3 2 2 4 4 5 5 4 4 2 2 1 1 6 6 0 0 7 7 0 0 6 6 3 3 5 5 8 8 9 9 8 8 5 5 4 4 10 10 7 7 11 11 7 7 10 10 6 6 9 9 12 12 13 13 12 12 9 9 8 8 14 14 11 11 15 15 11 11 14 14 10 10 13 13 16 16 17 17 16 16 13 13 12 12 18 10 15 15 19 11 15 15 18 10 14 14 17 17 20 18 21 19 20 18 17 17 16 16 22 6 19 11 23 7 19 11 22 6 18 10 20 18 24 20 21 19 24 20 20 18 25 21 26 3 23 7 27 0 23 7 26 3 22 6 25 21 28 22 24 20 28 22 25 21 29 23 26 3 30 24 31 25 30 24 26 3 27 0 29 23 32 26 28 22 32 26 29 23 33 27 31 25 34 28 35 29 34 28 31 25 30 24 33 27 36 30 32 26 36 30 33 27 37 31 35 29 38 32 39 33 38 32 35 29 34 28 37 31 40 34 36 30 40 34 37 31 41 35 39 33 42 36 43 37 42 36 39 33 38 32 41 35 44 38 40 34 44 38 41 35 45 39 43 37 46 40 47 41 46 40 43 37 42 36 47 41 44 38 45 39 44 38 47 41 46 40</p>
                </triangles>
            </mesh>
        </geometry>
        <geometry id="ID52">
            <mesh>
                <source id="ID58">
                    <float_array id="ID62" count="3924">-0.03479856 -0.1620425 0.7148838 -0.05407066 -0.3148219 0.7593443 -0.04175827 -0.3189588 0.7299089 -0.04528966 -0.1585175 0.7399651 -0.04972607 -0.3371507 0.7628499 -0.03857962 -0.3408959 0.7362018 1.110223e-16 -0.321366 0.7127804 2.220446e-16 -0.1640485 0.7006101 -0.03131869 -0.1236564 0.7130103 -0.03855072 -0.3543307 0.7665782 -0.1930973 -0.1585348 0.7205039 -0.1997186 -0.3543307 0.7453601 -0.04972607 -0.3371507 0.7628499 -0.05407066 -0.3148219 0.7593443 -0.04528966 -0.1585175 0.7399651 -0.03770492 -0.3558609 0.767382 -0.02952756 -0.3586085 0.7478322 -0.03855072 -0.3543307 0.7665782 2.220446e-16 -0.3431199 0.7203772 2.094541e-08 -0.1250796 0.700116 0.04175827 -0.3189588 0.7299089 0.03479856 -0.1620425 0.7148838 -0.0379627 -0.1218984 0.7289537 -0.04528966 -0.1585175 0.7399651 -0.1795133 0 0.6699526 -0.1930973 -0.1585348 0.7205039 -0.0379627 -0.1218984 0.7289537 -1.554312e-15 0 0.6935859 -0.02660662 -0.09433631 0.7213901 -0.0196403 -0.08597617 0.7195006 -6.661338e-16 -0.07572728 0.7180151 -0.3383609 -0.3371507 0.6855104 -0.3499032 -0.3543307 0.6831516 -0.3328456 -0.3148219 0.6846468 -0.3307606 -0.1585175 0.6634734 -6.661338e-16 -0.3767367 0.7817913 -0.1997186 -0.3543307 0.7453601 -0.2023425 -0.3767367 0.7551525 -0.02096772 -0.3677242 0.7749531 -0.03770492 -0.3558609 0.767382 -0.03855072 -0.3543307 0.7665782 -5.551115e-16 -0.3716276 0.7794796 -0.0159802 -0.3694 0.7630293 -0.02096772 -0.3677242 0.7749531 2.220446e-16 -0.3603107 0.7357205 0.03857962 -0.3408959 0.7362018 0.03131872 -0.1236595 0.7130107 0.05407066 -0.3148219 0.7593443 0.04528966 -0.1585175 0.7399651 -0.02435899 -0.0950915 0.7160167 -0.0379627 -0.1218984 0.7289537 -0.03131869 -0.1236564 0.7130103 -0.02660662 -0.09433631 0.7213901 2.094541e-08 -0.1250796 0.700116 -0.02435899 -0.0950915 0.7160167 -0.03131869 -0.1236564 0.7130103 -0.0196403 -0.08597617 0.7195006 -0.02660662 -0.09433631 0.7213901 -0.02435899 -0.0950915 0.7160167 -6.661338e-16 -0.07572728 0.7180151 -6.661338e-16 -0.07572728 0.7180151 0.1795133 0 0.6699526 -1.554312e-15 0 0.6935859 0.0200481 -0.08676394 0.7191995 0.02642264 -0.09439813 0.7209503 0.03791156 -0.1219155 0.7288314 0.04528966 -0.1585175 0.7399651 0.1931574 -0.1584789 0.7204822 -1.554312e-15 0 0.6935859 -0.1633571 0.4875157 0.6096568 -0.1795133 0 0.6699526 -1.998401e-15 0.4875157 0.6311632 -0.3422376 -0.08676394 0.6328691 -0.346793 0 0.600663 -0.3590075 -0.07572728 0.6218193 -0.3375924 -0.09439813 0.6375726 -0.3315833 -0.1219155 0.6501423 -0.3307606 -0.1585175 0.6634734 -0.3328456 -0.3148219 0.6846468 -0.3273055 -0.1620425 0.6365068 -0.3287907 -0.3189588 0.6529988 -0.3307606 -0.1585175 0.6634734 -0.3383609 -0.3371507 0.6855104 -0.33469 -0.3408959 0.6568593 -0.3510376 -0.3558609 0.6834247 -0.3483445 -0.3586085 0.6624055 -0.3499032 -0.3543307 0.6831516 -0.3897398 -0.3716276 0.6750492 -0.3908957 -0.3767367 0.6770512 -0.369318 -0.3677242 0.6816129 -0.3510376 -0.3558609 0.6834247 -0.3499032 -0.3543307 0.6831516 0.2023425 -0.3767367 0.7551525 0.02096772 -0.3677242 0.7749531 0.03770492 -0.3558609 0.767382 0.03855072 -0.3543307 0.7665782 0.1997186 -0.3543307 0.7453601 -5.551115e-16 -0.3716276 0.7794796 -6.661338e-16 -0.4012198 0.7841119 -0.2029431 -0.4012198 0.757394 2.220446e-16 -0.3703212 0.7564745 0.02952756 -0.3586085 0.7478322 0.04972607 -0.3371507 0.7628499 2.094541e-08 -0.1250796 0.700116 0.02435863 -0.09490565 0.7159942 -9.390175e-07 -0.09601048 0.7059665 0.03131872 -0.1236595 0.7130107 0.03791156 -0.1219155 0.7288314 0.1997186 -0.3543307 0.7453601 0.04972607 -0.3371507 0.7628499 0.03855072 -0.3543307 0.7665782 0.05407066 -0.3148219 0.7593443 0.1931574 -0.1584789 0.7204822 0.04528966 -0.1585175 0.7399651 -0.02435899 -0.0950915 0.7160167 -6.661338e-16 -0.07572728 0.7180151 -0.02435899 -0.0950915 0.7160167 -9.390175e-07 -0.09601048 0.7059665 0.346793 0 0.600663 0.3316002 -0.1218984 0.6502737 0.3307606 -0.1585175 0.6634734 0.337653 -0.09433631 0.6380455 0.3427413 -0.08597617 0.632926 0.3590075 -0.07572728 0.6218193 0.1633571 0.4875157 0.6096568 0.1795133 0 0.6699526 0.02435863 -0.09490565 0.7159942 0.0200481 -0.08676394 0.7191995 -6.661338e-16 -0.07572728 0.7180151 0.02642264 -0.09439813 0.7209503 0.03791156 -0.1219155 0.7288314 0.02642264 -0.09439813 0.7209503 -0.1633571 0.4875157 -0.6096568 0.1633571 0.4875157 -0.6096568 -8.881784e-16 0.4875157 -0.6311632 0.3155816 0.4875157 -0.5466034 -0.3155816 0.4875157 -0.5466034 0.4462998 0.4875157 -0.4462998 -0.4462998 0.4875157 -0.4462998 0.5466034 0.4875157 -0.3155816 -0.5466034 0.4875157 -0.3155816 0.6096568 0.4875157 -0.1633571 -0.6096568 0.4875157 -0.1633571 0.6311632 0.4875157 -2.220446e-15 -0.6311632 0.4875157 -4.440892e-16 0.6096568 0.4875157 0.1633571 -0.6096568 0.4875157 0.1633571 0.5466034 0.4875157 0.3155816 -0.5466034 0.4875157 0.3155816 0.4462998 0.4875157 0.4462998 -0.4462998 0.4875157 0.4462998 0.3155816 0.4875157 0.5466034 -0.3155816 0.4875157 0.5466034 0.1633571 0.4875157 0.6096568 -0.1633571 0.4875157 0.6096568 -1.998401e-15 0.4875157 0.6311632 -0.3155816 0.4875157 0.5466034 -0.346793 0 0.600663 -0.3315833 -0.1219155 0.6501423 -0.4092046 -0.1585175 0.6181837 -0.4904393 0 0.4904393 -0.5274792 -0.1585348 0.527426 -0.3973535 -0.1218984 0.612311 -0.346793 0 0.600663 -0.3837371 -0.09433631 0.6114388 -0.3767593 -0.08597617 0.6132857 -0.3590075 -0.07572728 0.6218193 -0.3590075 -0.07572728 0.6218193 -0.3369019 -0.09490565 0.6322485 -0.3422376 -0.08676394 0.6328691 -0.3375924 -0.09439813 0.6375726 -0.3315833 -0.1219155 0.6501423 -0.3369019 -0.09490565 0.6322485 -0.3293825 -0.1236595 0.6331447 -0.3375924 -0.09439813 0.6375726 -0.350305 -0.1640485 0.6067461 -0.3563902 -0.321366 0.6172859 -0.3601886 -0.3431199 0.6238649 -0.3678603 -0.3603107 0.6371526 -0.3676754 -0.3694 0.6687929 -0.369318 -0.3677242 0.6816129 -0.3897398 -0.3716276 0.6750492 -0.5456415 -0.3543307 0.5456415 -0.55281 -0.3767367 0.55281 -0.4056351 -0.3677242 0.6606452 -0.4163444 -0.3558609 0.6457198 -0.416675 -0.3543307 0.6446009 -0.392056 -0.4012198 0.6790609 0.03770492 -0.3558609 0.767382 0.03855072 -0.3543307 0.7665782 0.0159802 -0.3694 0.7630293 0.02096772 -0.3677242 0.7749531 0.2029431 -0.4012198 0.757394 0.3499032 -0.3543307 0.6831516 0.3510376 -0.3558609 0.6834247 0.369318 -0.3677242 0.6816129 0.3908957 -0.3767367 0.6770512 0.3897398 -0.3716276 0.6750492 -0.2014555 -0.4251315 0.7518422 -6.661338e-16 -0.4251315 0.7783643 0.02435863 -0.09490565 0.7159942 -6.661338e-16 -0.07572728 0.7180151 -9.390175e-07 -0.09601048 0.7059665 0.3307606 -0.1585175 0.6634734 0.3328456 -0.3148219 0.6846468 0.3383609 -0.3371507 0.6855104 0.3499032 -0.3543307 0.6831516 0.3316002 -0.1218984 0.6502737 0.3307606 -0.1585175 0.6634734 0.3293824 -0.1236564 0.6331444 0.3369128 -0.0950915 0.6322681 0.3316002 -0.1218984 0.6502737 0.3293824 -0.1236564 0.6331444 0.337653 -0.09433631 0.6380455 0.3427413 -0.08597617 0.632926 0.337653 -0.09433631 0.6380455 0.3369128 -0.0950915 0.6322681 0.3590075 -0.07572728 0.6218193 0.3590075 -0.07572728 0.6218193 0.4904393 0 0.4904393 0.346793 0 0.600663 0.3769619 -0.08676394 0.612821 0.3833578 -0.09439813 0.6111499 0.3972481 -0.1219155 0.6122307 0.4092046 -0.1585175 0.6181837 0.527426 -0.1585348 0.5274792 0.3155816 0.4875157 0.5466034 0.346793 0 0.600663 -0.4462998 0.4875157 0.4462998 -0.4904393 0 0.4904393 0.4462998 0.4875157 0.4462998 0.4904393 0 0.4904393 0.5466034 0.4875157 0.3155816 0.600663 0 0.346793 0.6096568 0.4875157 0.1633571 0.6699526 0 0.1795133 0.6311632 0.4875157 -2.220446e-15 0.6935859 0 -3.108624e-15 0.6096568 0.4875157 -0.1633571 0.6699526 0 -0.1795133 0.5466034 0.4875157 -0.3155816 0.600663 0 -0.346793 0.4462998 0.4875157 -0.4462998 0.4904393 0 -0.4904393 0.346793 0 -0.600663 0.3155816 0.4875157 -0.5466034 0.1795133 0 -0.6699526 0.1633571 0.4875157 -0.6096568 -8.881784e-16 0.4875157 -0.6311632 -1.554312e-15 0 -0.6935859 -0.1633571 0.4875157 -0.6096568 -0.1795133 0 -0.6699526 -0.3155816 0.4875157 -0.5466034 -0.346793 0 -0.600663 -0.4462998 0.4875157 -0.4462998 -0.4904393 0 -0.4904393 -0.5466034 0.4875157 -0.3155816 -0.600663 0 -0.346793 -0.6096568 0.4875157 -0.1633571 -0.6699526 0 -0.1795133 -0.6311632 0.4875157 -4.440892e-16 -0.6935859 0 2.220446e-16 -0.6096568 0.4875157 0.1633571 -0.6699526 0 0.1795133 -0.5466034 0.4875157 0.3155816 -0.600663 0 0.346793 -0.3293825 -0.1236595 0.6331447 -0.416675 -0.3543307 0.6446009 -0.5274792 -0.1585348 0.527426 -0.5456415 -0.3543307 0.5456415 -0.424489 -0.3371507 0.6357843 -0.4264987 -0.3148219 0.6305762 -0.4092046 -0.1585175 0.6181837 -0.3836279 -0.1236564 0.6018257 -0.3973535 -0.1218984 0.612311 -0.4092046 -0.1585175 0.6181837 -0.3836279 -0.1236564 0.6018257 -0.3837371 -0.09433631 0.6114388 -0.3973535 -0.1218984 0.612311 -0.3791038 -0.0950915 0.6079091 -0.3767593 -0.08597617 0.6132857 -0.3837371 -0.09433631 0.6114388 -0.3791038 -0.0950915 0.6079091 -0.3590075 -0.07572728 0.6218193 -0.6181837 -0.1585175 0.4092046 -0.6122307 -0.1219155 0.3972481 -0.6111499 -0.09439813 0.3833578 -0.612821 -0.08676394 0.3769619 -0.6218193 -0.07572728 0.3590075 -0.600663 0 0.346793 -0.3590075 -0.07572728 0.6218193 -0.3529841 -0.09601048 0.6113844 -0.3369019 -0.09490565 0.6322485 -0.3529841 -0.09601048 0.6113844 -0.350058 -0.1250796 0.6063182 -0.3875784 -0.1620425 0.6017083 -0.4011182 -0.3189588 0.6112405 -0.4015118 -0.3408959 0.6182797 -0.3994877 -0.3586085 0.6328779 -0.3782373 -0.3703212 0.6551262 -0.3953539 -0.3694 0.6528127 -0.4056351 -0.3677242 0.6606452 -0.4163444 -0.3558609 0.6457198 -0.416675 -0.3543307 0.6446009 -0.424489 -0.3371507 0.6357843 -0.6770512 -0.3767367 0.3908957 -0.6750492 -0.3716276 0.3897398 -0.6606452 -0.3677242 0.4056351 -0.6457198 -0.3558609 0.4163444 -0.6446009 -0.3543307 0.416675 -0.5544509 -0.4012198 0.5544509 -0.3891821 -0.4251315 0.6740832 0.2014555 -0.4251315 0.7518422 0.392056 -0.4012198 0.6790609 0.4056351 -0.3677242 0.6606452 0.55281 -0.3767367 0.55281 0.4163444 -0.3558609 0.6457198 0.416675 -0.3543307 0.6446009 0.5456415 -0.3543307 0.5456415 0.369318 -0.3677242 0.6816129 0.3897398 -0.3716276 0.6750492 0.3676754 -0.3694 0.6687929 0.3510376 -0.3558609 0.6834247 0.3483445 -0.3586085 0.6624055 0.33469 -0.3408959 0.6568593 0.3499032 -0.3543307 0.6831516 0.3383609 -0.3371507 0.6855104 -0.1980406 -0.4458853 0.7390976 -6.661338e-16 -0.4458853 0.7651701 0.3287907 -0.3189588 0.6529988 0.3328456 -0.3148219 0.6846468 0.3273055 -0.1620425 0.6365068 0.3369128 -0.0950915 0.6322681 0.3293824 -0.1236564 0.6331444 0.350058 -0.1250796 0.6063182 0.3590075 -0.07572728 0.6218193 0.3369128 -0.0950915 0.6322681 0.3529824 -0.09601048 0.6113854 0.4092046 -0.1585175 0.6181837 0.3972481 -0.1219155 0.6122307 0.3875784 -0.1620425 0.6017083 0.5456415 -0.3543307 0.5456415 0.424489 -0.3371507 0.6357843 0.416675 -0.3543307 0.6446009 0.4264987 -0.3148219 0.6305762 0.527426 -0.1585348 0.5274792 0.4092046 -0.1585175 0.6181837 0.6181837 -0.1585175 0.4092046 0.612311 -0.1218984 0.3973535 0.6114388 -0.09433631 0.3837371 0.6132857 -0.08597617 0.3767593 0.6218193 -0.07572728 0.3590075 0.600663 0 0.346793 0.3790923 -0.09490565 0.6078899 0.3769619 -0.08676394 0.612821 0.3590075 -0.07572728 0.6218193 0.3833578 -0.09439813 0.6111499 0.3836281 -0.1236595 0.601826 0.3833578 -0.09439813 0.6111499 0.3790923 -0.09490565 0.6078899 0.3972481 -0.1219155 0.6122307 0.6699526 0 0.1795133 0.6634734 -0.1585175 0.3307606 0.7205039 -0.1585348 0.1930973 0.6501423 -0.1219155 0.3315833 0.6375726 -0.09439813 0.3375924 0.6328691 -0.08676394 0.3422376 0.6218193 -0.07572728 0.3590075 0.600663 0 0.346793 0.7399651 -0.1585175 0.04528966 0.7289537 -0.1218984 0.0379627 0.7213901 -0.09433631 0.02660662 0.7195006 -0.08597617 0.0196403 0.7180151 -0.07572728 -4.107825e-15 0.6935859 0 -3.108624e-15 0.6699526 0 -0.1795133 0.7399651 -0.1585175 -0.04528966 0.7205234 -0.1585348 -0.1930248 0.7288314 -0.1219155 -0.03791156 0.7209503 -0.09439813 -0.02642264 0.7191995 -0.08676394 -0.0200481 0.7180151 -0.07572728 -4.107825e-15 0.6935859 0 -3.108624e-15 0.6634734 -0.1585175 -0.3307606 0.6502737 -0.1218984 -0.3316002 0.6380455 -0.09433631 -0.337653 0.632926 -0.08597617 -0.3427413 0.6218193 -0.07572728 -0.3590075 0.600663 0 -0.346793 0.4904393 0 -0.4904393 0.6181837 -0.1585175 -0.4092046 0.5274792 -0.1585348 -0.527426 0.6122307 -0.1219155 -0.3972481 0.6111499 -0.09439813 -0.3833578 0.612821 -0.08676394 -0.3769619 0.6218193 -0.07572728 -0.3590075 0.600663 0 -0.346793 0.3590075 -0.07572728 -0.6218193 0.346793 0 -0.600663 0.3767593 -0.08597617 -0.6132857 0.3837371 -0.09433631 -0.6114388 0.3973535 -0.1218984 -0.612311 0.4092046 -0.1585175 -0.6181837 0.346793 0 -0.600663 0.1930973 -0.1585348 -0.7205039 0.1795133 0 -0.6699526 0.3315833 -0.1219155 -0.6501423 0.3307606 -0.1585175 -0.6634734 0.3375924 -0.09439813 -0.6375726 0.3422376 -0.08676394 -0.6328691 0.3590075 -0.07572728 -0.6218193 -1.554312e-15 0 -0.6935859 0.0196403 -0.08597617 -0.7195006 -2.664535e-15 -0.07572728 -0.7180151 0.02660662 -0.09433631 -0.7213901 0.0379627 -0.1218984 -0.7289537 0.04528966 -0.1585175 -0.7399651 -0.1795133 0 -0.6699526 -0.04528966 -0.1585175 -0.7399651 -0.1930248 -0.1585348 -0.7205234 -0.03791156 -0.1219155 -0.7288314 -1.554312e-15 0 -0.6935859 -0.02642264 -0.09439813 -0.7209503 -0.0200481 -0.08676394 -0.7191995 -2.664535e-15 -0.07572728 -0.7180151 -0.346793 0 -0.600663 -0.3427413 -0.08597617 -0.632926 -0.3590075 -0.07572728 -0.6218193 -0.337653 -0.09433631 -0.6380455 -0.3316002 -0.1218984 -0.6502737 -0.3307606 -0.1585175 -0.6634734 -0.4904393 0 -0.4904393 -0.4092046 -0.1585175 -0.6181837 -0.527426 -0.1585348 -0.5274792 -0.3972481 -0.1219155 -0.6122307 -0.346793 0 -0.600663 -0.3833578 -0.09439813 -0.6111499 -0.3769619 -0.08676394 -0.612821 -0.3590075 -0.07572728 -0.6218193 -0.6181837 -0.1585175 -0.4092046 -0.612311 -0.1218984 -0.3973535 -0.6114388 -0.09433631 -0.3837371 -0.6132857 -0.08597617 -0.3767593 -0.6218193 -0.07572728 -0.3590075 -0.600663 0 -0.346793 -0.6699526 0 -0.1795133 -0.6634734 -0.1585175 -0.3307606 -0.7205039 -0.1585348 -0.1930973 -0.6501423 -0.1219155 -0.3315833 -0.6375726 -0.09439813 -0.3375924 -0.6328691 -0.08676394 -0.3422376 -0.6218193 -0.07572728 -0.3590075 -0.600663 0 -0.346793 -0.7399651 -0.1585175 -0.04528966 -0.7289537 -0.1218984 -0.0379627 -0.7213901 -0.09433631 -0.02660662 -0.7195006 -0.08597617 -0.0196403 -0.7180151 -0.07572728 1.110223e-15 -0.6935859 0 2.220446e-16 -0.6699526 0 0.1795133 -0.7399651 -0.1585175 0.04528966 -0.7205234 -0.1585348 0.1930248 -0.7288314 -0.1219155 0.03791156 -0.7209503 -0.09439813 0.02642264 -0.7191995 -0.08676394 0.0200481 -0.7180151 -0.07572728 1.110223e-15 -0.6935859 0 2.220446e-16 -0.6634734 -0.1585175 0.3307606 -0.6502737 -0.1218984 0.3316002 -0.6380455 -0.09433631 0.337653 -0.632926 -0.08597617 0.3427413 -0.6218193 -0.07572728 0.3590075 -0.600663 0 0.346793 -0.4264987 -0.3148219 0.6305762 -0.6446009 -0.3543307 0.416675 -0.6357843 -0.3371507 0.424489 -0.6305762 -0.3148219 0.4264987 -0.6181837 -0.1585175 0.4092046 -0.350058 -0.1250796 0.6063182 -0.3791038 -0.0950915 0.6079091 -0.3836279 -0.1236564 0.6018257 -0.3529841 -0.09601048 0.6113844 -0.3590075 -0.07572728 0.6218193 -0.3791038 -0.0950915 0.6079091 -0.6122307 -0.1219155 0.3972481 -0.6017083 -0.1620425 0.3875784 -0.6181837 -0.1585175 0.4092046 -0.6218193 -0.07572728 0.3590075 -0.6078899 -0.09490565 0.3790923 -0.612821 -0.08676394 0.3769619 -0.6111499 -0.09439813 0.3833578 -0.6122307 -0.1219155 0.3972481 -0.6078899 -0.09490565 0.3790923 -0.601826 -0.1236595 0.3836281 -0.6111499 -0.09439813 0.3833578 -0.3791038 -0.0950915 0.6079091 -0.350058 -0.1250796 0.6063182 -0.6457198 -0.3558609 0.4163444 -0.6182797 -0.3408959 0.4015118 -0.6328779 -0.3586085 0.3994877 -0.6446009 -0.3543307 0.416675 -0.6357843 -0.3371507 0.424489 -0.6606452 -0.3677242 0.4056351 -0.6528127 -0.3694 0.3953539 -0.6750492 -0.3716276 0.3897398 -0.7551525 -0.3767367 0.2023425 -0.7453601 -0.3543307 0.1997186 -0.6816129 -0.3677242 0.369318 -0.6834247 -0.3558609 0.3510376 -0.6831516 -0.3543307 0.3499032 -0.6790609 -0.4012198 0.392056 -0.5503867 -0.4251315 0.5503867 -0.3825851 -0.4458853 0.6626568 0.1980406 -0.4458853 0.7390976 0.3891821 -0.4251315 0.6740832 0.5544509 -0.4012198 0.5544509 0.4163444 -0.3558609 0.6457198 0.4015118 -0.3408959 0.6182797 0.3994877 -0.3586085 0.6328779 0.416675 -0.3543307 0.6446009 0.424489 -0.3371507 0.6357843 0.3953539 -0.3694 0.6528127 0.4056351 -0.3677242 0.6606452 0.6750492 -0.3716276 0.3897398 0.6770512 -0.3767367 0.3908957 0.6606452 -0.3677242 0.4056351 0.6457198 -0.3558609 0.4163444 0.6446009 -0.3543307 0.416675 0.3782373 -0.3703212 0.6551262 0.3678603 -0.3603107 0.6371526 0.3601886 -0.3431199 0.6238649 -5.551115e-16 -0.4612362 0.7459567 -0.1930678 -0.4612362 0.7205388 0.3563902 -0.321366 0.6172859 0.350305 -0.1640485 0.6067461 0.350058 -0.1250796 0.6063182 0.3369128 -0.0950915 0.6322681 0.350058 -0.1250796 0.6063182 0.3529824 -0.09601048 0.6113854 0.3790923 -0.09490565 0.6078899 0.3590075 -0.07572728 0.6218193 0.3529824 -0.09601048 0.6113854 0.3836281 -0.1236595 0.601826 0.4011182 -0.3189588 0.6112405 0.4264987 -0.3148219 0.6305762 0.6357843 -0.3371507 0.424489 0.6446009 -0.3543307 0.416675 0.6305762 -0.3148219 0.4264987 0.6181837 -0.1585175 0.4092046 0.612311 -0.1218984 0.3973535 0.6181837 -0.1585175 0.4092046 0.6018257 -0.1236564 0.3836279 0.6079091 -0.0950915 0.3791038 0.612311 -0.1218984 0.3973535 0.6018257 -0.1236564 0.3836279 0.6114388 -0.09433631 0.3837371 0.6132857 -0.08597617 0.3767593 0.6114388 -0.09433631 0.3837371 0.6079091 -0.0950915 0.3791038 0.6218193 -0.07572728 0.3590075 0.6634734 -0.1585175 0.3307606 0.6501423 -0.1219155 0.3315833 0.6365068 -0.1620425 0.3273055 0.7205039 -0.1585348 0.1930973 0.6831516 -0.3543307 0.3499032 0.7453601 -0.3543307 0.1997186 0.6855104 -0.3371507 0.3383609 0.6846468 -0.3148219 0.3328456 0.6634734 -0.1585175 0.3307606 0.6328691 -0.08676394 0.3422376 0.6218193 -0.07572728 0.3590075 0.6322485 -0.09490565 0.3369019 0.6375726 -0.09439813 0.3375924 0.6331447 -0.1236595 0.3293825 0.6375726 -0.09439813 0.3375924 0.6322485 -0.09490565 0.3369019 0.6501423 -0.1219155 0.3315833 0.7628499 -0.3371507 0.04972607 0.7665782 -0.3543307 0.03855072 0.7593443 -0.3148219 0.05407066 0.7399651 -0.1585175 0.04528966 0.7399651 -0.1585175 0.04528966 0.7130103 -0.1236564 0.03131869 0.7289537 -0.1218984 0.0379627 0.7160167 -0.0950915 0.02435899 0.7289537 -0.1218984 0.0379627 0.7130103 -0.1236564 0.03131869 0.7213901 -0.09433631 0.02660662 0.7213901 -0.09433631 0.02660662 0.7160167 -0.0950915 0.02435899 0.7195006 -0.08597617 0.0196403 0.7180151 -0.07572728 -4.107825e-15 0.7399651 -0.1585175 -0.04528966 0.7288314 -0.1219155 -0.03791156 0.7148838 -0.1620425 -0.03479856 0.7205234 -0.1585348 -0.1930248 0.7665782 -0.3543307 -0.03855072 0.7453601 -0.3543307 -0.1997186 0.7628499 -0.3371507 -0.04972607 0.7593443 -0.3148219 -0.05407066 0.7399651 -0.1585175 -0.04528966 0.7180151 -0.07572728 -4.107825e-15 0.7159942 -0.09490565 -0.02435863 0.7191995 -0.08676394 -0.0200481 0.7209503 -0.09439813 -0.02642264 0.7288314 -0.1219155 -0.03791156 0.7159942 -0.09490565 -0.02435863 0.7130107 -0.1236595 -0.03131872 0.7209503 -0.09439813 -0.02642264 0.6855104 -0.3371507 -0.3383609 0.6831516 -0.3543307 -0.3499032 0.6846468 -0.3148219 -0.3328456 0.6634734 -0.1585175 -0.3307606 0.6634734 -0.1585175 -0.3307606 0.6331444 -0.1236564 -0.3293824 0.6502737 -0.1218984 -0.3316002 0.6380455 -0.09433631 -0.337653 0.6331444 -0.1236564 -0.3293824 0.6322681 -0.0950915 -0.3369128 0.6502737 -0.1218984 -0.3316002 0.6380455 -0.09433631 -0.337653 0.6322681 -0.0950915 -0.3369128 0.632926 -0.08597617 -0.3427413 0.6218193 -0.07572728 -0.3590075 0.6122307 -0.1219155 -0.3972481 0.6017083 -0.1620425 -0.3875784 0.6181837 -0.1585175 -0.4092046 0.5274792 -0.1585348 -0.527426 0.6446009 -0.3543307 -0.416675 0.5456415 -0.3543307 -0.5456415 0.6357843 -0.3371507 -0.424489 0.6305762 -0.3148219 -0.4264987 0.6181837 -0.1585175 -0.4092046 0.6218193 -0.07572728 -0.3590075 0.6078899 -0.09490565 -0.3790923 0.612821 -0.08676394 -0.3769619 0.6111499 -0.09439813 -0.3833578 0.6122307 -0.1219155 -0.3972481 0.6078899 -0.09490565 -0.3790923 0.601826 -0.1236595 -0.3836281 0.6111499 -0.09439813 -0.3833578 0.4264987 -0.3148219 -0.6305762 0.4092046 -0.1585175 -0.6181837 0.424489 -0.3371507 -0.6357843 0.416675 -0.3543307 -0.6446009 0.4092046 -0.1585175 -0.6181837 0.3836279 -0.1236564 -0.6018257 0.3973535 -0.1218984 -0.612311 0.3837371 -0.09433631 -0.6114388 0.3836279 -0.1236564 -0.6018257 0.3791038 -0.0950915 -0.6079091 0.3973535 -0.1218984 -0.612311 0.3837371 -0.09433631 -0.6114388 0.3791038 -0.0950915 -0.6079091 0.3767593 -0.08597617 -0.6132857 0.3590075 -0.07572728 -0.6218193 0.3315833 -0.1219155 -0.6501423 0.3273055 -0.1620425 -0.6365068 0.3307606 -0.1585175 -0.6634734 0.3307606 -0.1585175 -0.6634734 0.1997186 -0.3543307 -0.7453601 0.1930973 -0.1585348 -0.7205039 0.3328456 -0.3148219 -0.6846468 0.3383609 -0.3371507 -0.6855104 0.3499032 -0.3543307 -0.6831516 0.3590075 -0.07572728 -0.6218193 0.3369019 -0.09490565 -0.6322485 0.3422376 -0.08676394 -0.6328691 0.3375924 -0.09439813 -0.6375726 0.3315833 -0.1219155 -0.6501423 0.3369019 -0.09490565 -0.6322485 0.3293825 -0.1236595 -0.6331447 0.3375924 -0.09439813 -0.6375726 0.05407066 -0.3148219 -0.7593443 0.04528966 -0.1585175 -0.7399651 0.04972607 -0.3371507 -0.7628499 0.03855072 -0.3543307 -0.7665782 0.0379627 -0.1218984 -0.7289537 0.04528966 -0.1585175 -0.7399651 0.03131869 -0.1236564 -0.7130103 0.02435899 -0.0950915 -0.7160167 0.0379627 -0.1218984 -0.7289537 0.03131869 -0.1236564 -0.7130103 0.02660662 -0.09433631 -0.7213901 0.0196403 -0.08597617 -0.7195006 0.02660662 -0.09433631 -0.7213901 0.02435899 -0.0950915 -0.7160167 -2.664535e-15 -0.07572728 -0.7180151 -0.03791156 -0.1219155 -0.7288314 -0.03479856 -0.1620425 -0.7148838 -0.04528966 -0.1585175 -0.7399651 -0.04528966 -0.1585175 -0.7399651 -0.05407066 -0.3148219 -0.7593443 -0.1930248 -0.1585348 -0.7205234 -0.03855072 -0.3543307 -0.7665782 -0.1997186 -0.3543307 -0.7453601 -0.04972607 -0.3371507 -0.7628499 -2.664535e-15 -0.07572728 -0.7180151 -0.02435863 -0.09490565 -0.7159942 -0.0200481 -0.08676394 -0.7191995 -0.02642264 -0.09439813 -0.7209503 -0.03791156 -0.1219155 -0.7288314 -0.02435863 -0.09490565 -0.7159942 -0.03131872 -0.1236595 -0.7130107 -0.02642264 -0.09439813 -0.7209503 -0.3383609 -0.3371507 -0.6855104 -0.3499032 -0.3543307 -0.6831516 -0.3328456 -0.3148219 -0.6846468 -0.3307606 -0.1585175 -0.6634734 -0.3316002 -0.1218984 -0.6502737 -0.3307606 -0.1585175 -0.6634734 -0.3293824 -0.1236564 -0.6331444 -0.3369128 -0.0950915 -0.6322681 -0.3316002 -0.1218984 -0.6502737 -0.3293824 -0.1236564 -0.6331444 -0.337653 -0.09433631 -0.6380455 -0.3427413 -0.08597617 -0.632926 -0.337653 -0.09433631 -0.6380455 -0.3369128 -0.0950915 -0.6322681 -0.3590075 -0.07572728 -0.6218193 -0.3875784 -0.1620425 -0.6017083 -0.4092046 -0.1585175 -0.6181837 -0.3972481 -0.1219155 -0.6122307 -0.4092046 -0.1585175 -0.6181837 -0.4264987 -0.3148219 -0.6305762 -0.527426 -0.1585348 -0.5274792 -0.416675 -0.3543307 -0.6446009 -0.5456415 -0.3543307 -0.5456415 -0.424489 -0.3371507 -0.6357843 -0.3590075 -0.07572728 -0.6218193 -0.3790923 -0.09490565 -0.6078899 -0.3769619 -0.08676394 -0.612821 -0.3833578 -0.09439813 -0.6111499 -0.3833578 -0.09439813 -0.6111499 -0.3836281 -0.1236595 -0.601826 -0.3972481 -0.1219155 -0.6122307 -0.3790923 -0.09490565 -0.6078899 -0.6357843 -0.3371507 -0.424489 -0.6446009 -0.3543307 -0.416675 -0.6305762 -0.3148219 -0.4264987 -0.6181837 -0.1585175 -0.4092046 -0.612311 -0.1218984 -0.3973535 -0.6181837 -0.1585175 -0.4092046 -0.6018257 -0.1236564 -0.3836279 -0.6079091 -0.0950915 -0.3791038 -0.612311 -0.1218984 -0.3973535 -0.6018257 -0.1236564 -0.3836279 -0.6114388 -0.09433631 -0.3837371 -0.6132857 -0.08597617 -0.3767593 -0.6114388 -0.09433631 -0.3837371 -0.6079091 -0.0950915 -0.3791038 -0.6218193 -0.07572728 -0.3590075 -0.6365068 -0.1620425 -0.3273055 -0.6634734 -0.1585175 -0.3307606 -0.6501423 -0.1219155 -0.3315833 -0.7205039 -0.1585348 -0.1930973 -0.6831516 -0.3543307 -0.3499032 -0.7453601 -0.3543307 -0.1997186 -0.6855104 -0.3371507 -0.3383609 -0.6846468 -0.3148219 -0.3328456 -0.6634734 -0.1585175 -0.3307606 -0.6218193 -0.07572728 -0.3590075 -0.6322485 -0.09490565 -0.3369019 -0.6328691 -0.08676394 -0.3422376 -0.6375726 -0.09439813 -0.3375924 -0.6375726 -0.09439813 -0.3375924 -0.6331447 -0.1236595 -0.3293825 -0.6501423 -0.1219155 -0.3315833 -0.6322485 -0.09490565 -0.3369019 -0.7628499 -0.3371507 -0.04972607 -0.7665782 -0.3543307 -0.03855072 -0.7593443 -0.3148219 -0.05407066 -0.7399651 -0.1585175 -0.04528966 -0.7130103 -0.1236564 -0.03131869 -0.7289537 -0.1218984 -0.0379627 -0.7399651 -0.1585175 -0.04528966 -0.7130103 -0.1236564 -0.03131869 -0.7213901 -0.09433631 -0.02660662 -0.7289537 -0.1218984 -0.0379627 -0.7160167 -0.0950915 -0.02435899 -0.7160167 -0.0950915 -0.02435899 -0.7195006 -0.08597617 -0.0196403 -0.7213901 -0.09433631 -0.02660662 -0.7180151 -0.07572728 1.110223e-15 -0.7148838 -0.1620425 0.03479856 -0.7399651 -0.1585175 0.04528966 -0.7288314 -0.1219155 0.03791156 -0.7205234 -0.1585348 0.1930248 -0.7665782 -0.3543307 0.03855072 -0.7453601 -0.3543307 0.1997186 -0.7628499 -0.3371507 0.04972607 -0.7593443 -0.3148219 0.05407066 -0.7399651 -0.1585175 0.04528966 -0.7180151 -0.07572728 1.110223e-15 -0.7159942 -0.09490565 0.02435863 -0.7191995 -0.08676394 0.0200481 -0.7209503 -0.09439813 0.02642264 -0.7209503 -0.09439813 0.02642264 -0.7130107 -0.1236595 0.03131872 -0.7288314 -0.1219155 0.03791156 -0.7159942 -0.09490565 0.02435863 -0.6855104 -0.3371507 0.3383609 -0.6831516 -0.3543307 0.3499032 -0.6846468 -0.3148219 0.3328456 -0.6634734 -0.1585175 0.3307606 -0.6331444 -0.1236564 0.3293824 -0.6502737 -0.1218984 0.3316002 -0.6634734 -0.1585175 0.3307606 -0.6331444 -0.1236564 0.3293824 -0.6380455 -0.09433631 0.337653 -0.6502737 -0.1218984 0.3316002 -0.6322681 -0.0950915 0.3369128 -0.6322681 -0.0950915 0.3369128 -0.632926 -0.08597617 0.3427413 -0.6380455 -0.09433631 0.337653 -0.6218193 -0.07572728 0.3590075 -0.6305762 -0.3148219 0.4264987 -0.6112405 -0.3189588 0.4011182 -0.601826 -0.1236595 0.3836281 -0.6218193 -0.07572728 0.3590075 -0.6113854 -0.09601048 0.3529824 -0.6078899 -0.09490565 0.3790923 -0.6113854 -0.09601048 0.3529824 -0.6063182 -0.1250796 0.350058 -0.6238649 -0.3431199 0.3601886 -0.6371526 -0.3603107 0.3678603 -0.6551262 -0.3703212 0.3782373 -0.6687929 -0.3694 0.3676754 -0.6816129 -0.3677242 0.369318 -0.6834247 -0.3558609 0.3510376 -0.6624055 -0.3586085 0.3483445 -0.6831516 -0.3543307 0.3499032 -0.6568593 -0.3408959 0.33469 -0.6855104 -0.3371507 0.3383609 -0.7817913 -0.3767367 1.332268e-15 -0.7794796 -0.3716276 1.44329e-15 -0.7749531 -0.3677242 0.02096772 -0.767382 -0.3558609 0.03770492 -0.7665782 -0.3543307 0.03855072 -0.757394 -0.4012198 0.2029431 -0.6740832 -0.4251315 0.3891821 -0.541057 -0.4458853 0.541057 -0.3729783 -0.4612362 0.6460174 0.1930678 -0.4612362 0.7205388 0.3825851 -0.4458853 0.6626568 0.5503867 -0.4251315 0.5503867 0.6790609 -0.4012198 0.392056 0.7453601 -0.3543307 0.1997186 0.7551525 -0.3767367 0.2023425 0.6816129 -0.3677242 0.369318 0.6834247 -0.3558609 0.3510376 0.6831516 -0.3543307 0.3499032 0.6606452 -0.3677242 0.4056351 0.6750492 -0.3716276 0.3897398 0.6528127 -0.3694 0.3953539 0.6328779 -0.3586085 0.3994877 0.6457198 -0.3558609 0.4163444 0.6182797 -0.3408959 0.4015118 0.6446009 -0.3543307 0.416675 0.6357843 -0.3371507 0.424489 0.6112405 -0.3189588 0.4011182 0.6305762 -0.3148219 0.4264987 0.6017083 -0.1620425 0.3875784 0.6079091 -0.0950915 0.3791038 0.6018257 -0.1236564 0.3836279 0.6063182 -0.1250796 0.350058 0.6218193 -0.07572728 0.3590075 0.6079091 -0.0950915 0.3791038 0.6113844 -0.09601048 0.3529841 0.6331447 -0.1236595 0.3293825 0.6529988 -0.3189588 0.3287907 0.6846468 -0.3148219 0.3328456 0.6568593 -0.3408959 0.33469 0.6855104 -0.3371507 0.3383609 0.6834247 -0.3558609 0.3510376 0.6831516 -0.3543307 0.3499032 0.6624055 -0.3586085 0.3483445 0.6322485 -0.09490565 0.3369019 0.6218193 -0.07572728 0.3590075 0.6113844 -0.09601048 0.3529841 0.6113844 -0.09601048 0.3529841 0.6063182 -0.1250796 0.350058 0.7628499 -0.3371507 0.04972607 0.7478322 -0.3586085 0.02952756 0.7362018 -0.3408959 0.03857962 0.7665782 -0.3543307 0.03855072 0.767382 -0.3558609 0.03770492 0.7593443 -0.3148219 0.05407066 0.7299089 -0.3189588 0.04175827 0.7148838 -0.1620425 0.03479856 0.7794796 -0.3716276 -4.662937e-15 0.7817913 -0.3767367 -4.551914e-15 0.7749531 -0.3677242 0.02096772 0.767382 -0.3558609 0.03770492 0.7665782 -0.3543307 0.03855072 0.7160167 -0.0950915 0.02435899 0.7130103 -0.1236564 0.03131869 0.700116 -0.1250796 -2.094541e-08 0.7180151 -0.07572728 -4.107825e-15 0.7160167 -0.0950915 0.02435899 0.7059665 -0.09601048 9.390175e-07 0.7130107 -0.1236595 -0.03131872 0.7299089 -0.3189588 -0.04175827 0.7593443 -0.3148219 -0.05407066 0.7362018 -0.3408959 -0.03857962 0.7628499 -0.3371507 -0.04972607 0.7478322 -0.3586085 -0.02952756 0.7665782 -0.3543307 -0.03855072 0.767382 -0.3558609 -0.03770492 0.7453601 -0.3543307 -0.1997186 0.7551525 -0.3767367 -0.2023425 0.7749531 -0.3677242 -0.02096772 0.767382 -0.3558609 -0.03770492 0.7665782 -0.3543307 -0.03855072 0.7180151 -0.07572728 -4.107825e-15 0.7059665 -0.09601048 9.390175e-07 0.7159942 -0.09490565 -0.02435863 0.7059665 -0.09601048 9.390175e-07 0.700116 -0.1250796 -2.094541e-08 0.6855104 -0.3371507 -0.3383609 0.6624055 -0.3586085 -0.3483445 0.6568593 -0.3408959 -0.33469 0.6831516 -0.3543307 -0.3499032 0.6834247 -0.3558609 -0.3510376 0.6846468 -0.3148219 -0.3328456 0.6529988 -0.3189588 -0.3287907 0.6365068 -0.1620425 -0.3273055 0.6750492 -0.3716276 -0.3897398 0.6770512 -0.3767367 -0.3908957 0.6816129 -0.3677242 -0.369318 0.6834247 -0.3558609 -0.3510376 0.6831516 -0.3543307 -0.3499032 0.6331444 -0.1236564 -0.3293824 0.6063182 -0.1250796 -0.350058 0.6322681 -0.0950915 -0.3369128 0.6322681 -0.0950915 -0.3369128 0.6113854 -0.09601048 -0.3529824 0.6218193 -0.07572728 -0.3590075 0.601826 -0.1236595 -0.3836281 0.6305762 -0.3148219 -0.4264987 0.6112405 -0.3189588 -0.4011182 0.6357843 -0.3371507 -0.424489 0.6182797 -0.3408959 -0.4015118 0.6457198 -0.3558609 -0.4163444 0.6328779 -0.3586085 -0.3994877 0.6446009 -0.3543307 -0.416675 0.5456415 -0.3543307 -0.5456415 0.55281 -0.3767367 -0.55281 0.6606452 -0.3677242 -0.4056351 0.6457198 -0.3558609 -0.4163444 0.6446009 -0.3543307 -0.416675 0.6218193 -0.07572728 -0.3590075 0.6113854 -0.09601048 -0.3529824 0.6078899 -0.09490565 -0.3790923 0.6113854 -0.09601048 -0.3529824 0.6063182 -0.1250796 -0.350058 0.4015118 -0.3408959 -0.6182797 0.4163444 -0.3558609 -0.6457198 0.3994877 -0.3586085 -0.6328779 0.416675 -0.3543307 -0.6446009 0.424489 -0.3371507 -0.6357843 0.4264987 -0.3148219 -0.6305762 0.4011182 -0.3189588 -0.6112405 0.3875784 -0.1620425 -0.6017083 0.4056351 -0.3677242 -0.6606452 0.3908957 -0.3767367 -0.6770512 0.3897398 -0.3716276 -0.6750492 0.4163444 -0.3558609 -0.6457198 0.416675 -0.3543307 -0.6446009 0.3836279 -0.1236564 -0.6018257 0.350058 -0.1250796 -0.6063182 0.3791038 -0.0950915 -0.6079091 0.3791038 -0.0950915 -0.6079091 0.3529841 -0.09601048 -0.6113844 0.3590075 -0.07572728 -0.6218193 0.3293825 -0.1236595 -0.6331447 0.3328456 -0.3148219 -0.6846468 0.3287907 -0.3189588 -0.6529988 0.3383609 -0.3371507 -0.6855104 0.33469 -0.3408959 -0.6568593 0.3510376 -0.3558609 -0.6834247 0.3483445 -0.3586085 -0.6624055 0.3499032 -0.3543307 -0.6831516 0.3499032 -0.3543307 -0.6831516 0.2023425 -0.3767367 -0.7551525 0.1997186 -0.3543307 -0.7453601 0.3510376 -0.3558609 -0.6834247 0.369318 -0.3677242 -0.6816129 0.3590075 -0.07572728 -0.6218193 0.3529841 -0.09601048 -0.6113844 0.3369019 -0.09490565 -0.6322485 0.3529841 -0.09601048 -0.6113844 0.350058 -0.1250796 -0.6063182 0.03857962 -0.3408959 -0.7362018 0.03770492 -0.3558609 -0.767382 0.02952756 -0.3586085 -0.7478322 0.03855072 -0.3543307 -0.7665782 0.04972607 -0.3371507 -0.7628499 0.04175827 -0.3189588 -0.7299089 0.05407066 -0.3148219 -0.7593443 0.03479856 -0.1620425 -0.7148838 0.02096772 -0.3677242 -0.7749531 -2.88658e-15 -0.3767367 -0.7817913 -2.997602e-15 -0.3716276 -0.7794796 0.03770492 -0.3558609 -0.767382 0.03855072 -0.3543307 -0.7665782 0.03131869 -0.1236564 -0.7130103 -2.094541e-08 -0.1250796 -0.700116 0.02435899 -0.0950915 -0.7160167 0.02435899 -0.0950915 -0.7160167 9.390175e-07 -0.09601048 -0.7059665 -2.664535e-15 -0.07572728 -0.7180151 -0.03131872 -0.1236595 -0.7130107 -0.05407066 -0.3148219 -0.7593443 -0.04175827 -0.3189588 -0.7299089 -0.04972607 -0.3371507 -0.7628499 -0.03857962 -0.3408959 -0.7362018 -0.03770492 -0.3558609 -0.767382 -0.02952756 -0.3586085 -0.7478322 -0.03855072 -0.3543307 -0.7665782 -0.1997186 -0.3543307 -0.7453601 -0.2023425 -0.3767367 -0.7551525 -0.02096772 -0.3677242 -0.7749531 -0.03770492 -0.3558609 -0.767382 -0.03855072 -0.3543307 -0.7665782 9.390175e-07 -0.09601048 -0.7059665 -0.02435863 -0.09490565 -0.7159942 -2.664535e-15 -0.07572728 -0.7180151 -2.094541e-08 -0.1250796 -0.700116 9.390175e-07 -0.09601048 -0.7059665 -0.33469 -0.3408959 -0.6568593 -0.3510376 -0.3558609 -0.6834247 -0.3483445 -0.3586085 -0.6624055 -0.3499032 -0.3543307 -0.6831516 -0.3383609 -0.3371507 -0.6855104 -0.3287907 -0.3189588 -0.6529988 -0.3328456 -0.3148219 -0.6846468 -0.3273055 -0.1620425 -0.6365068 -0.3897398 -0.3716276 -0.6750492 -0.3908957 -0.3767367 -0.6770512 -0.369318 -0.3677242 -0.6816129 -0.3510376 -0.3558609 -0.6834247 -0.3499032 -0.3543307 -0.6831516 -0.3369128 -0.0950915 -0.6322681 -0.3293824 -0.1236564 -0.6331444 -0.350058 -0.1250796 -0.6063182 -0.3590075 -0.07572728 -0.6218193 -0.3369128 -0.0950915 -0.6322681 -0.3529824 -0.09601048 -0.6113854 -0.3836281 -0.1236595 -0.601826 -0.4011182 -0.3189588 -0.6112405 -0.4264987 -0.3148219 -0.6305762 -0.424489 -0.3371507 -0.6357843 -0.4015118 -0.3408959 -0.6182797 -0.416675 -0.3543307 -0.6446009 -0.4163444 -0.3558609 -0.6457198 -0.3994877 -0.3586085 -0.6328779 -0.5456415 -0.3543307 -0.5456415 -0.55281 -0.3767367 -0.55281 -0.4056351 -0.3677242 -0.6606452 -0.4163444 -0.3558609 -0.6457198 -0.416675 -0.3543307 -0.6446009 -0.3529824 -0.09601048 -0.6113854 -0.3790923 -0.09490565 -0.6078899 -0.3590075 -0.07572728 -0.6218193 -0.350058 -0.1250796 -0.6063182 -0.3529824 -0.09601048 -0.6113854 -0.6182797 -0.3408959 -0.4015118 -0.6457198 -0.3558609 -0.4163444 -0.6328779 -0.3586085 -0.3994877 -0.6446009 -0.3543307 -0.416675 -0.6357843 -0.3371507 -0.424489 -0.6112405 -0.3189588 -0.4011182 -0.6305762 -0.3148219 -0.4264987 -0.6017083 -0.1620425 -0.3875784 -0.6750492 -0.3716276 -0.3897398 -0.6770512 -0.3767367 -0.3908957 -0.6606452 -0.3677242 -0.4056351 -0.6457198 -0.3558609 -0.4163444 -0.6446009 -0.3543307 -0.416675 -0.6079091 -0.0950915 -0.3791038 -0.6018257 -0.1236564 -0.3836279 -0.6063182 -0.1250796 -0.350058 -0.6218193 -0.07572728 -0.3590075 -0.6079091 -0.0950915 -0.3791038 -0.6113844 -0.09601048 -0.3529841 -0.6331447 -0.1236595 -0.3293825 -0.6529988 -0.3189588 -0.3287907 -0.6846468 -0.3148219 -0.3328456 -0.6568593 -0.3408959 -0.33469 -0.6855104 -0.3371507 -0.3383609 -0.6831516 -0.3543307 -0.3499032 -0.6624055 -0.3586085 -0.3483445 -0.6834247 -0.3558609 -0.3510376 -0.7453601 -0.3543307 -0.1997186 -0.7551525 -0.3767367 -0.2023425 -0.6816129 -0.3677242 -0.369318 -0.6834247 -0.3558609 -0.3510376 -0.6831516 -0.3543307 -0.3499032 -0.6113844 -0.09601048 -0.3529841 -0.6322485 -0.09490565 -0.3369019 -0.6218193 -0.07572728 -0.3590075 -0.6063182 -0.1250796 -0.350058 -0.6113844 -0.09601048 -0.3529841 -0.7478322 -0.3586085 -0.02952756 -0.7665782 -0.3543307 -0.03855072 -0.767382 -0.3558609 -0.03770492 -0.7628499 -0.3371507 -0.04972607 -0.7362018 -0.3408959 -0.03857962 -0.7593443 -0.3148219 -0.05407066 -0.7299089 -0.3189588 -0.04175827 -0.7148838 -0.1620425 -0.03479856 -0.7749531 -0.3677242 -0.02096772 -0.767382 -0.3558609 -0.03770492 -0.7665782 -0.3543307 -0.03855072 -0.7160167 -0.0950915 -0.02435899 -0.7130103 -0.1236564 -0.03131869 -0.700116 -0.1250796 2.094541e-08 -0.7180151 -0.07572728 1.110223e-15 -0.7160167 -0.0950915 -0.02435899 -0.7059665 -0.09601048 -9.390175e-07 -0.7130107 -0.1236595 0.03131872 -0.7299089 -0.3189588 0.04175827 -0.7593443 -0.3148219 0.05407066 -0.7362018 -0.3408959 0.03857962 -0.7628499 -0.3371507 0.04972607 -0.7665782 -0.3543307 0.03855072 -0.7478322 -0.3586085 0.02952756 -0.767382 -0.3558609 0.03770492 -0.7180151 -0.07572728 1.110223e-15 -0.7059665 -0.09601048 -9.390175e-07 -0.7159942 -0.09490565 0.02435863 -0.7059665 -0.09601048 -9.390175e-07 -0.700116 -0.1250796 2.094541e-08 -0.6846468 -0.3148219 0.3328456 -0.6529988 -0.3189588 0.3287907 -0.6365068 -0.1620425 0.3273055 -0.6063182 -0.1250796 0.350058 -0.6322681 -0.0950915 0.3369128 -0.6331444 -0.1236564 0.3293824 -0.6113854 -0.09601048 0.3529824 -0.6218193 -0.07572728 0.3590075 -0.6322681 -0.0950915 0.3369128 -0.6067461 -0.1640485 0.350305 -0.6172859 -0.321366 0.3563902 -0.6322681 -0.0950915 0.3369128 -0.6063182 -0.1250796 0.350058 -0.7749531 -0.3677242 0.02096772 -0.7630293 -0.3694 0.0159802 -0.7794796 -0.3716276 1.44329e-15 -0.7841119 -0.4012198 1.332268e-15 -0.7518422 -0.4251315 0.2014555 -0.6626568 -0.4458853 0.3825851 -0.527471 -0.4612362 0.527471 0.3729783 -0.4612362 0.6460174 0.541057 -0.4458853 0.541057 0.6740832 -0.4251315 0.3891821 0.757394 -0.4012198 0.2029431 0.6687929 -0.3694 0.3676754 0.6816129 -0.3677242 0.369318 0.6551262 -0.3703212 0.3782373 0.6371526 -0.3603107 0.3678603 0.6238649 -0.3431199 0.3601886 0.6172859 -0.321366 0.3563902 0.6067461 -0.1640485 0.350305 0.6063182 -0.1250796 0.350058 0.6079091 -0.0950915 0.3791038 0.7749531 -0.3677242 0.02096772 0.7630293 -0.3694 0.0159802 0.7203772 -0.3431199 -5.107026e-15 0.7357205 -0.3603107 -5.107026e-15 0.7127804 -0.321366 -4.884981e-15 0.7006101 -0.1640485 -4.884981e-15 0.7794796 -0.3716276 -4.662937e-15 0.7841119 -0.4012198 -4.551914e-15 0.700116 -0.1250796 -2.094541e-08 0.7160167 -0.0950915 0.02435899 0.7749531 -0.3677242 -0.02096772 0.7630293 -0.3694 -0.0159802 0.757394 -0.4012198 -0.2029431 0.6687929 -0.3694 -0.3676754 0.6816129 -0.3677242 -0.369318 0.6371526 -0.3603107 -0.3678603 0.6238649 -0.3431199 -0.3601886 0.6172859 -0.321366 -0.3563902 0.6067461 -0.1640485 -0.350305 0.6750492 -0.3716276 -0.3897398 0.6790609 -0.4012198 -0.392056 0.6063182 -0.1250796 -0.350058 0.6322681 -0.0950915 -0.3369128 0.6606452 -0.3677242 -0.4056351 0.6528127 -0.3694 -0.3953539 0.5544509 -0.4012198 -0.5544509 0.3953539 -0.3694 -0.6528127 0.4056351 -0.3677242 -0.6606452 0.3678603 -0.3603107 -0.6371526 0.3601886 -0.3431199 -0.6238649 0.3563902 -0.321366 -0.6172859 0.350305 -0.1640485 -0.6067461 0.3897398 -0.3716276 -0.6750492 0.392056 -0.4012198 -0.6790609 0.350058 -0.1250796 -0.6063182 0.3791038 -0.0950915 -0.6079091 0.369318 -0.3677242 -0.6816129 0.3676754 -0.3694 -0.6687929 0.2029431 -0.4012198 -0.757394 0.0159802 -0.3694 -0.7630293 0.02096772 -0.3677242 -0.7749531 -3.552714e-15 -0.3603107 -0.7357205 -3.552714e-15 -0.3431199 -0.7203772 -3.330669e-15 -0.321366 -0.7127804 -3.441691e-15 -0.1640485 -0.7006101 -2.997602e-15 -0.3716276 -0.7794796 -2.88658e-15 -0.4012198 -0.7841119 -2.094541e-08 -0.1250796 -0.700116 0.02435899 -0.0950915 -0.7160167 -0.0159802 -0.3694 -0.7630293 -0.02096772 -0.3677242 -0.7749531 -0.2029431 -0.4012198 -0.757394 -0.369318 -0.3677242 -0.6816129 -0.3676754 -0.3694 -0.6687929 -0.3601886 -0.3431199 -0.6238649 -0.3678603 -0.3603107 -0.6371526 -0.3563902 -0.321366 -0.6172859 -0.350305 -0.1640485 -0.6067461 -0.3897398 -0.3716276 -0.6750492 -0.392056 -0.4012198 -0.6790609 -0.350058 -0.1250796 -0.6063182 -0.3369128 -0.0950915 -0.6322681 -0.3953539 -0.3694 -0.6528127 -0.4056351 -0.3677242 -0.6606452 -0.5544509 -0.4012198 -0.5544509 -0.6606452 -0.3677242 -0.4056351 -0.6528127 -0.3694 -0.3953539 -0.6238649 -0.3431199 -0.3601886 -0.6371526 -0.3603107 -0.3678603 -0.6172859 -0.321366 -0.3563902 -0.6067461 -0.1640485 -0.350305 -0.6750492 -0.3716276 -0.3897398 -0.6790609 -0.4012198 -0.392056 -0.6063182 -0.1250796 -0.350058 -0.6079091 -0.0950915 -0.3791038 -0.6687929 -0.3694 -0.3676754 -0.6816129 -0.3677242 -0.369318 -0.757394 -0.4012198 -0.2029431 -0.7749531 -0.3677242 -0.02096772 -0.7630293 -0.3694 -0.0159802 -0.7203772 -0.3431199 1.998401e-15 -0.7357205 -0.3603107 2.109424e-15 -0.7127804 -0.321366 1.887379e-15 -0.7006101 -0.1640485 1.998401e-15 -0.700116 -0.1250796 2.094541e-08 -0.7160167 -0.0950915 -0.02435899 -0.7564745 -0.3703212 2.109424e-15 -0.7783643 -0.4251315 1.332268e-15 -0.7390976 -0.4458853 0.1980406 -0.6460174 -0.4612362 0.3729783 0.527471 -0.4612362 0.527471 0.6626568 -0.4458853 0.3825851 0.7518422 -0.4251315 0.2014555 0.7564745 -0.3703212 -5.329071e-15 0.7783643 -0.4251315 -4.551914e-15 0.7518422 -0.4251315 -0.2014555 0.6551262 -0.3703212 -0.3782373 0.6740832 -0.4251315 -0.3891821 0.5503867 -0.4251315 -0.5503867 0.3782373 -0.3703212 -0.6551262 0.3891821 -0.4251315 -0.6740832 0.2014555 -0.4251315 -0.7518422 -3.663736e-15 -0.3703212 -0.7564745 -2.88658e-15 -0.4251315 -0.7783643 -0.2014555 -0.4251315 -0.7518422 -0.3782373 -0.3703212 -0.6551262 -0.3891821 -0.4251315 -0.6740832 -0.5503867 -0.4251315 -0.5503867 -0.6551262 -0.3703212 -0.3782373 -0.6740832 -0.4251315 -0.3891821 -0.7518422 -0.4251315 -0.2014555 -0.7651701 -0.4458853 1.332268e-15 -0.7205388 -0.4612362 0.1930678 0.6460174 -0.4612362 0.3729783 0.7390976 -0.4458853 0.1980406 0.7651701 -0.4458853 -4.440892e-15 0.7390976 -0.4458853 -0.1980406 0.6626568 -0.4458853 -0.3825851 0.541057 -0.4458853 -0.541057 0.3825851 -0.4458853 -0.6626568 0.1980406 -0.4458853 -0.7390976 -2.88658e-15 -0.4458853 -0.7651701 -0.1980406 -0.4458853 -0.7390976 -0.3825851 -0.4458853 -0.6626568 -0.541057 -0.4458853 -0.541057 -0.6626568 -0.4458853 -0.3825851 -0.7390976 -0.4458853 -0.1980406 -0.7459567 -0.4612362 1.332268e-15 0.7205388 -0.4612362 0.1930678 0.7459567 -0.4612362 -4.440892e-15 0.7205388 -0.4612362 -0.1930678 0.6460174 -0.4612362 -0.3729783 0.527471 -0.4612362 -0.527471 0.3729783 -0.4612362 -0.6460174 0.1930678 -0.4612362 -0.7205388 -2.88658e-15 -0.4612362 -0.7459567 -0.1930678 -0.4612362 -0.7205388 -0.3729783 -0.4612362 -0.6460174 -0.527471 -0.4612362 -0.527471 -0.6460174 -0.4612362 -0.3729783 -0.7205388 -0.4612362 -0.1930678</float_array>
                    <technique_common>
                        <accessor count="1308" source="#ID62" stride="3">
                            <param name="X" type="float" />
                            <param name="Y" type="float" />
                            <param name="Z" type="float" />
                        </accessor>
                    </technique_common>
                </source>
                <source id="ID59">
                    <float_array id="ID63" count="3924">0.7040426 0.004700972 0.7101422 0.9222157 0.1125681 0.3699279 0.7056156 0.1624796 0.6897151 0.9206176 -0.03205914 0.3891472 0.8663586 0.3939016 0.3070249 0.6578232 0.4547748 0.6003736 -1.24458e-14 0.2031565 0.9791463 -0.0001264952 0.04551533 0.9989636 0.6988563 -0.0291965 0.7146659 -0.1294437 0.1291741 0.983137 -0.2566421 0.130259 0.9576886 -0.2566115 0.130259 0.9576968 -0.1294437 0.1291741 0.983137 -0.1294437 0.1291741 0.983137 -0.1294437 0.1291741 0.983137 0.6739497 0.7161992 0.1812473 0.5159187 0.7490004 0.4157238 0.786151 0.5654968 0.2493592 -1.333549e-14 0.4926966 0.8702012 -0.0002938649 0.01236335 0.9999235 -0.7056156 0.1624796 0.6897151 -0.7040636 0.004279446 0.710124 0.9183927 -0.06646929 0.3900469 -0.1235843 0.3114431 0.9421943 -0.2462157 0.3137561 0.9170251 -0.2462495 0.3137561 0.917016 -0.1235843 0.3114431 0.9421943 -0.1235843 0.3114431 0.9421943 -0.1235843 0.3114431 0.9421943 -0.1235843 0.3114431 0.9421943 -0.1235843 0.3114431 0.9421943 -0.3794924 0.1291525 0.916136 -0.3794924 0.1291525 0.916136 -0.3794924 0.1291525 0.916136 -0.3794924 0.1291525 0.916136 -9.10244e-16 0.2534604 0.9673458 -0.2358052 0.4122265 0.8800371 -0.2503675 0.2534604 0.9343843 -0.1190925 0.4092927 0.9045974 -0.1190925 0.4092927 0.9045974 -0.1190925 0.4092927 0.9045974 1.357742e-15 0.4122265 0.9110814 0.2988113 0.9390904 0.1697673 0.3906586 0.919903 0.03412242 -1.313401e-14 0.7787418 0.6273446 -0.6578232 0.4547748 0.6003736 -0.6991612 -0.02819691 0.7144078 -0.9222157 0.1125681 0.3699279 -0.9204364 -0.03235387 0.3895511 0.8817326 -0.2555316 0.396549 0.8817326 -0.2555316 0.396549 0.8817326 -0.2555316 0.396549 0.8817326 -0.2555316 0.396549 0.3669 -0.1853376 0.9116109 0.3669 -0.1853376 0.9116109 0.3669 -0.1853376 0.9116109 0.4024594 -0.5011447 0.7660812 0.7491268 -0.5363745 0.3887305 0.6566985 -0.5408363 0.5255884 0.3102985 -0.4753014 0.8232882 0.1226292 0.3111371 0.9424202 0.2452617 0.3137849 0.9172708 0.1226292 0.3111371 0.9424202 0.1226292 0.3111371 0.9424202 0.1226292 0.3111371 0.9424202 0.1226292 0.3111371 0.9424202 0.1226292 0.3111371 0.9424202 0.2453528 0.313785 0.9172464 -8.464629e-16 0.1270056 0.991902 -0.2567231 0.1270056 0.9581038 -0.2567231 0.1270056 0.9581038 -1.022752e-15 0.1270056 0.991902 -0.3650194 0.3111488 0.8774664 -0.3650194 0.3111488 0.8774664 -0.3650194 0.3111488 0.8774664 -0.3650194 0.3111488 0.8774664 -0.3650194 0.3111488 0.8774664 -0.3650194 0.3111488 0.8774664 -0.9836262 0.1125681 -0.1407409 -0.964799 0.004279446 0.2629536 -0.9559386 0.1624796 0.244503 -0.9918969 -0.03235387 -0.122857 -0.903801 0.3939016 -0.1672879 -0.8698784 0.4547748 0.1910272 -0.6742812 0.7161992 -0.1800101 -0.6546606 0.7490004 0.102068 -0.8055063 0.5654968 -0.1771241 -0.4555407 0.4122265 0.7890196 -0.4836729 0.2534604 0.837746 -0.3491616 0.4092927 0.8429506 -0.3491616 0.4092927 0.8429506 -0.3491616 0.4092927 0.8429506 0.2503675 0.2534604 0.9343843 0.1190925 0.4092927 0.9045974 0.1190925 0.4092927 0.9045974 0.1190925 0.4092927 0.9045974 0.2358052 0.4122265 0.8800371 -2.313157e-15 0.9999698 0.007775897 -4.211984e-16 -0.0696939 0.9975684 -0.2581897 -0.0696939 0.9635771 -1.088498e-14 0.9563161 0.2923345 -0.5159187 0.7490004 0.4157238 -0.8663586 0.3939016 0.3070249 -0.14162 -0.1953009 0.9704645 -0.6677982 -0.2350664 0.7062503 0.000241385 -0.1972905 0.980345 -0.674996 -0.2360631 0.6990384 -0.9181115 -0.06468304 0.3910081 0.2566076 0.130255 0.9576984 0.1294607 0.1291883 0.9831329 0.1294607 0.1291883 0.9831329 0.1294607 0.1291883 0.9831329 0.25669 0.130255 0.9576763 0.1294607 0.1291883 0.9831329 0.3690241 -0.1833686 0.9111516 0.3180452 -0.4842017 0.8151048 0.3180452 -0.4842017 0.8151048 0.3180452 -0.4842017 0.8151048 0.3641362 0.3115095 0.8777053 0.3641362 0.3115095 0.8777053 0.3641362 0.3115095 0.8777053 0.3641362 0.3115095 0.8777053 0.3641362 0.3115095 0.8777053 0.3641362 0.3115095 0.8777053 0.2567231 0.1270056 0.9581038 0.2567231 0.1270056 0.9581038 -0.6634687 -0.5506775 0.506521 -0.4086414 -0.5134249 0.7545907 -0.3166479 -0.4878912 0.8134471 -0.7532245 -0.5442236 0.3694232 -0.8823573 -0.2548579 0.395592 -0.8823573 -0.2548579 0.395592 0 1 0 0 1 0 0 1 0 0 1 0 0 1 0 0 1 0 0 1 0 0 1 0 0 1 0 0 1 0 0 1 0 0 1 0 0 1 0 0 1 0 0 1 0 0 1 0 0 1 0 0 1 0 0 1 0 0 1 0 0 1 0 0 1 0 0 1 0 0 1 0 -0.495951 0.1270056 0.8590123 -0.495951 0.1270056 0.8590123 -0.9906119 -0.06468304 -0.1204328 -0.5781204 0.3114428 0.7541752 -0.6717423 0.313756 0.6710584 -0.6717671 0.3137559 0.6710337 -0.5781204 0.3114428 0.7541752 -0.5781204 0.3114428 0.7541752 -0.5781204 0.3114428 0.7541752 -0.5781204 0.3114428 0.7541752 -0.5781204 0.3114428 0.7541752 -0.6809487 -0.4878912 0.5461419 -0.8278413 -0.5506775 0.1069256 -0.7311892 -0.5134249 0.449174 -0.8370232 -0.5442236 -0.05668234 -0.9619398 -0.2548579 -0.09858597 -0.9314553 -0.2350664 0.2777316 -0.9340829 -0.2360631 0.267887 -0.9619398 -0.2548579 -0.09858597 -0.4995914 0.04551533 0.8650646 -0.4895731 0.2031565 0.8479656 -0.4351006 0.4926966 0.7536163 -0.3136723 0.7787418 0.5432964 -0.3436618 0.9390904 -0.002382825 -0.3553815 0.919903 -0.1657784 -0.003887948 0.9999698 0.006734124 -0.6442318 0.4122265 0.6442318 -0.6840167 0.2534604 0.6840167 -0.5554358 0.4092927 0.7238581 -0.5554358 0.4092927 0.7238581 -0.5554358 0.4092927 0.7238581 -0.4987842 -0.0696939 0.8639196 -0.6739497 0.7161992 0.1812473 -0.786151 0.5654968 0.2493592 -0.2988113 0.9390904 0.1697673 -0.3906586 0.919903 0.03412242 0.2581897 -0.0696939 0.9635771 0.3491616 0.4092927 0.8429506 0.3491616 0.4092927 0.8429506 0.3491616 0.4092927 0.8429506 0.4836729 0.2534604 0.837746 0.4555407 0.4122265 0.7890196 -0.2388042 -0.3855943 0.8912293 -1.872912e-16 -0.3855943 0.9226684 -0.3140298 -0.4848632 0.8162677 -0.3140298 -0.4848632 0.8162677 -0.3140298 -0.4848632 0.8162677 0.3795187 0.1291301 0.9161283 0.3795187 0.1291301 0.9161283 0.3795187 0.1291301 0.9161283 0.3795187 0.1291301 0.9161283 0.9903749 -0.06646929 -0.1214058 0.9918518 -0.03205914 -0.1232974 0.9625603 -0.0291965 0.2694907 0.9618774 -0.2555316 -0.09744479 0.9618774 -0.2555316 -0.09744479 0.9618774 -0.2555316 -0.09744479 0.9618774 -0.2555316 -0.09744479 0.7315807 -0.5011447 0.4622161 0.8431281 -0.5363745 -0.03791294 0.8315118 -0.5408363 0.1268236 0.6803705 -0.4753014 0.5578392 0.5773929 0.3111484 0.7548537 0.6710584 0.313756 0.6717423 0.5773929 0.3111484 0.7548537 0.5773929 0.3111484 0.7548537 0.5773929 0.3111484 0.7548537 0.5773929 0.3111484 0.7548537 0.5773929 0.3111484 0.7548537 0.6710337 0.3137559 0.6717671 0.495951 0.1270056 0.8590123 0.495951 0.1270056 0.8590123 -0.7013806 0.1270056 0.7013806 -0.7013806 0.1270056 0.7013806 0.7013806 0.1270056 0.7013806 0.7013806 0.1270056 0.7013806 0.8590123 0.1270056 0.495951 0.8590123 0.1270056 0.495951 0.9581038 0.1270056 0.2567231 0.9581038 0.1270056 0.2567231 0.991902 0.1270056 -3.941124e-15 0.991902 0.1270056 -4.15127e-15 0.9581038 0.1270056 -0.2567231 0.9581038 0.1270056 -0.2567231 0.8590123 0.1270056 -0.495951 0.8590123 0.1270056 -0.495951 0.7013806 0.1270056 -0.7013806 0.7013806 0.1270056 -0.7013806 0.495951 0.1270056 -0.8590123 0.495951 0.1270056 -0.8590123 0.2567231 0.1270056 -0.9581038 0.2567231 0.1270056 -0.9581038 -1.913252e-15 0.1270056 -0.991902 -2.107152e-15 0.1270056 -0.991902 -0.2567231 0.1270056 -0.9581038 -0.2567231 0.1270056 -0.9581038 -0.495951 0.1270056 -0.8590123 -0.495951 0.1270056 -0.8590123 -0.7013806 0.1270056 -0.7013806 -0.7013806 0.1270056 -0.7013806 -0.8590123 0.1270056 -0.495951 -0.8590123 0.1270056 -0.495951 -0.9581038 0.1270056 -0.2567231 -0.9581038 0.1270056 -0.2567231 -0.991902 0.1270056 -1.05802e-16 -0.991902 0.1270056 1.080591e-16 -0.9581038 0.1270056 0.2567231 -0.9581038 0.1270056 0.2567231 -0.8590123 0.1270056 0.495951 -0.8590123 0.1270056 0.495951 -0.9626953 -0.02819691 0.2691147 -0.6036701 0.1291741 0.7866998 -0.7011029 0.130259 0.7010616 -0.7010805 0.130259 0.701084 -0.6036701 0.1291741 0.7866998 -0.6036701 0.1291741 0.7866998 -0.6036701 0.1291741 0.7866998 0.2478944 -0.0291965 0.968347 0.600328 -0.06646929 0.7969869 0.6027046 -0.03205914 0.7973201 0.5653284 -0.2555316 0.7842879 0.5653284 -0.2555316 0.7842879 0.5653284 -0.2555316 0.7842879 0.5653284 -0.2555316 0.7842879 -0.03450053 -0.5011447 0.8646755 0.4543976 -0.5363745 0.7112139 0.3059234 -0.5408363 0.7835222 -0.1429177 -0.4753014 0.8681377 -0.7548537 0.3111484 0.5773929 -0.7548537 0.3111484 0.5773929 -0.7548537 0.3111484 0.5773929 -0.7548537 0.3111484 0.5773929 -0.7548537 0.3111484 0.5773929 -0.7548537 0.3111484 0.5773929 -0.6800917 -0.4848632 0.5498936 -0.6800917 -0.4848632 0.5498936 -0.6800917 -0.4848632 0.5498936 -0.4899635 -0.1972905 0.8491244 -0.6078788 -0.1953009 0.7696369 0.2546477 0.004700972 0.9670225 0.2662235 0.1624796 0.9501186 0.2695048 0.4547748 0.8488504 0.2389368 0.7490004 0.6179867 -0.1461672 0.9563161 0.2531691 0.1738945 0.9390904 0.2964285 0.3212591 0.919903 0.2248802 0.4930339 0.7161992 0.4939396 0.5561471 0.5654968 0.6090269 0.5967761 0.3939016 0.6990707 -0.837746 0.2534604 0.4836729 -0.7890196 0.4122265 0.4555407 -0.7238581 0.4092927 0.5554358 -0.7238581 0.4092927 0.5554358 -0.7238581 0.4092927 0.5554358 -0.7053874 -0.0696939 0.7053874 -0.4613342 -0.3855943 0.7990543 0.2388042 -0.3855943 0.8912293 0.4987842 -0.0696939 0.8639196 0.5554358 0.4092927 0.7238581 0.6840167 0.2534604 0.6840167 0.5554358 0.4092927 0.7238581 0.5554358 0.4092927 0.7238581 0.6442318 0.4122265 0.6442318 0.3553815 0.919903 -0.1657784 0.003887948 0.9999698 0.006734124 0.3436618 0.9390904 -0.002382825 0.6742812 0.7161992 -0.1800101 0.6546606 0.7490004 0.102068 0.8698784 0.4547748 0.1910272 0.8055063 0.5654968 -0.1771241 0.903801 0.3939016 -0.1672879 -0.1941572 -0.6612499 0.7246044 -5.000921e-16 -0.6612499 0.7501657 0.9559386 0.1624796 0.244503 0.9836262 0.1125681 -0.1407409 0.9647899 0.004700972 0.2629798 0.7735502 -0.1853376 0.6060282 0.7735502 -0.1853376 0.6060282 0.7735502 -0.1853376 0.6060282 0.6829877 -0.4842017 0.5468789 0.6829877 -0.4842017 0.5468789 0.6829877 -0.4842017 0.5468789 -0.6023457 -0.03235387 0.7975794 -0.5996039 -0.06468304 0.7976787 -0.254675 0.004279446 0.9670172 0.701084 0.130259 0.7010805 0.6036509 0.1291525 0.786718 0.6036509 0.1291525 0.786718 0.6036509 0.1291525 0.786718 0.7010616 0.130259 0.7011029 0.6036509 0.1291525 0.786718 0.7541752 0.3114428 0.5781204 0.7541752 0.3114428 0.5781204 0.7541752 0.3114428 0.5781204 0.7541752 0.3114428 0.5781204 0.7541752 0.3114428 0.5781204 0.7541752 0.3114428 0.5781204 -0.3213203 -0.5506775 0.7703944 0.02340151 -0.5134249 0.8578154 0.1324984 -0.4878912 0.8627898 -0.4675999 -0.5442236 0.6965421 -0.2350445 -0.2360631 0.942883 -0.5663479 -0.2548579 0.7837714 -0.225205 -0.2350664 0.9455297 -0.5663479 -0.2548579 0.7837714 0.9170251 0.3137561 0.2462157 0.8774664 0.3111488 0.3650194 0.917016 0.3137561 0.2462495 0.8774664 0.3111488 0.3650194 0.8774664 0.3111488 0.3650194 0.8774664 0.3111488 0.3650194 0.8774664 0.3111488 0.3650194 0.8774664 0.3111488 0.3650194 0.9421943 0.3114431 0.1235843 0.9421943 0.3114431 0.1235843 0.9421943 0.3114431 0.1235843 0.9421943 0.3114431 0.1235843 0.9421943 0.3114431 0.1235843 0.9421943 0.3114431 0.1235843 0.9172758 0.3137561 -0.2452798 0.9424184 0.3111486 -0.1226138 0.9172849 0.3137561 -0.245246 0.9424184 0.3111486 -0.1226138 0.9424184 0.3111486 -0.1226138 0.9424184 0.3111486 -0.1226138 0.9424184 0.3111486 -0.1226138 0.9424184 0.3111486 -0.1226138 0.8777579 0.3114434 -0.364066 0.8777579 0.3114434 -0.364066 0.8777579 0.3114434 -0.364066 0.8777579 0.3114434 -0.364066 0.8777579 0.3114434 -0.364066 0.8777579 0.3114434 -0.364066 0.6717423 0.313756 -0.6710584 0.7548537 0.3111484 -0.5773929 0.6717671 0.3137559 -0.6710337 0.7548537 0.3111484 -0.5773929 0.7548537 0.3111484 -0.5773929 0.7548537 0.3111484 -0.5773929 0.7548537 0.3111484 -0.5773929 0.7548537 0.3111484 -0.5773929 0.5781204 0.3114428 -0.7541752 0.5781204 0.3114428 -0.7541752 0.5781204 0.3114428 -0.7541752 0.5781204 0.3114428 -0.7541752 0.5781204 0.3114428 -0.7541752 0.5781204 0.3114428 -0.7541752 0.3650194 0.3111488 -0.8774664 0.2462495 0.3137561 -0.917016 0.2462157 0.3137561 -0.9170251 0.3650194 0.3111488 -0.8774664 0.3650194 0.3111488 -0.8774664 0.3650194 0.3111488 -0.8774664 0.3650194 0.3111488 -0.8774664 0.3650194 0.3111488 -0.8774664 0.1235843 0.3114431 -0.9421943 0.1235843 0.3114431 -0.9421943 0.1235843 0.3114431 -0.9421943 0.1235843 0.3114431 -0.9421943 0.1235843 0.3114431 -0.9421943 0.1235843 0.3114431 -0.9421943 -0.2452798 0.3137561 -0.9172758 -0.1226138 0.3111486 -0.9424184 -0.245246 0.3137561 -0.9172849 -0.1226138 0.3111486 -0.9424184 -0.1226138 0.3111486 -0.9424184 -0.1226138 0.3111486 -0.9424184 -0.1226138 0.3111486 -0.9424184 -0.1226138 0.3111486 -0.9424184 -0.364066 0.3114434 -0.8777579 -0.364066 0.3114434 -0.8777579 -0.364066 0.3114434 -0.8777579 -0.364066 0.3114434 -0.8777579 -0.364066 0.3114434 -0.8777579 -0.364066 0.3114434 -0.8777579 -0.6710584 0.313756 -0.6717423 -0.5773929 0.3111484 -0.7548537 -0.6710337 0.3137559 -0.6717671 -0.5773929 0.3111484 -0.7548537 -0.5773929 0.3111484 -0.7548537 -0.5773929 0.3111484 -0.7548537 -0.5773929 0.3111484 -0.7548537 -0.5773929 0.3111484 -0.7548537 -0.7541752 0.3114428 -0.5781204 -0.7541752 0.3114428 -0.5781204 -0.7541752 0.3114428 -0.5781204 -0.7541752 0.3114428 -0.5781204 -0.7541752 0.3114428 -0.5781204 -0.7541752 0.3114428 -0.5781204 -0.9170251 0.3137561 -0.2462157 -0.8774664 0.3111488 -0.3650194 -0.917016 0.3137561 -0.2462495 -0.8774664 0.3111488 -0.3650194 -0.8774664 0.3111488 -0.3650194 -0.8774664 0.3111488 -0.3650194 -0.8774664 0.3111488 -0.3650194 -0.8774664 0.3111488 -0.3650194 -0.9421943 0.3114431 -0.1235843 -0.9421943 0.3114431 -0.1235843 -0.9421943 0.3114431 -0.1235843 -0.9421943 0.3114431 -0.1235843 -0.9421943 0.3114431 -0.1235843 -0.9421943 0.3114431 -0.1235843 -0.9172758 0.3137561 0.2452798 -0.9424184 0.3111486 0.1226138 -0.9172849 0.3137561 0.245246 -0.9424184 0.3111486 0.1226138 -0.9424184 0.3111486 0.1226138 -0.9424184 0.3111486 0.1226138 -0.9424184 0.3111486 0.1226138 -0.9424184 0.3111486 0.1226138 -0.8777579 0.3114434 0.364066 -0.8777579 0.3114434 0.364066 -0.8777579 0.3114434 0.364066 -0.8777579 0.3114434 0.364066 -0.8777579 0.3114434 0.364066 -0.8777579 0.3114434 0.364066 0.6136983 0.1125681 0.7814748 -0.786718 0.1291525 0.6036509 -0.786718 0.1291525 0.6036509 -0.786718 0.1291525 0.6036509 -0.786718 0.1291525 0.6036509 -0.1380607 -0.1853376 0.9729282 -0.1380607 -0.1853376 0.9729282 -0.1380607 -0.1853376 0.9729282 -0.1321172 -0.4842017 0.8649241 -0.1321172 -0.4842017 0.8649241 -0.1321172 -0.4842017 0.8649241 -0.7976787 -0.06468304 -0.5996039 -0.9670172 0.004279446 -0.254675 -0.7975794 -0.03235387 -0.6023457 -0.8627898 -0.4878912 0.1324984 -0.7703944 -0.5506775 -0.3213203 -0.8578154 -0.5134249 0.02340151 -0.6965421 -0.5442236 -0.4675999 -0.7837714 -0.2548579 -0.5663479 -0.9455297 -0.2350664 -0.225205 -0.942883 -0.2360631 -0.2350445 -0.7837714 -0.2548579 -0.5663479 -0.1359915 -0.1833686 0.9735924 -0.5002163 0.01236335 0.8658122 -0.4939396 0.7161992 -0.4930339 -0.8488504 0.4547748 -0.2695048 -0.6179867 0.7490004 -0.2389368 -0.6090269 0.5654968 -0.5561471 -0.6990707 0.3939016 -0.5967761 -0.2248802 0.919903 -0.3212591 -0.2964285 0.9390904 -0.1738945 -0.006734124 0.9999698 0.003887948 -0.9343843 0.2534604 0.2503675 -0.8800371 0.4122265 0.2358052 -0.8429506 0.4092927 0.3491616 -0.8429506 0.4092927 0.3491616 -0.8429506 0.4092927 0.3491616 -0.8639196 -0.0696939 0.4987842 -0.6524251 -0.3855943 0.6524251 -0.3750829 -0.6612499 0.6496626 0.1941572 -0.6612499 0.7246044 0.4613342 -0.3855943 0.7990543 0.7053874 -0.0696939 0.7053874 -0.4930339 0.7161992 0.4939396 -0.2695048 0.4547748 0.8488504 -0.2389368 0.7490004 0.6179867 -0.5561471 0.5654968 0.6090269 -0.5967761 0.3939016 0.6990707 -0.1738945 0.9390904 0.2964285 -0.3212591 0.919903 0.2248802 0.7890196 0.4122265 0.4555407 0.837746 0.2534604 0.4836729 0.7238581 0.4092927 0.5554358 0.7238581 0.4092927 0.5554358 0.7238581 0.4092927 0.5554358 0.1461672 0.9563161 0.2531691 0.3136723 0.7787418 0.5432964 0.4351006 0.4926966 0.7536163 -5.659889e-16 -0.7812624 0.6242028 -0.1615556 -0.7812624 0.6029336 0.4895731 0.2031565 0.8479656 0.4993723 0.04551533 0.8651911 0.4997073 0.01236335 0.8661061 0.77516 -0.1833686 0.6045683 0.3625858 -0.1953009 0.9112569 0.4903816 -0.1972905 0.848883 0.136176 -0.4848632 0.8639235 0.136176 -0.4848632 0.8639235 0.136176 -0.4848632 0.8639235 -0.2482875 -0.02819691 0.9682759 -0.2662235 0.1624796 0.9501186 -0.6136983 0.1125681 0.7814748 0.7866998 0.1291741 0.6036701 0.7866998 0.1291741 0.6036701 0.7866998 0.1291741 0.6036701 0.7866998 0.1291741 0.6036701 0.7969869 -0.06646929 -0.600328 0.7973201 -0.03205914 -0.6027046 0.968347 -0.0291965 -0.2478944 0.7842879 -0.2555316 -0.5653284 0.7842879 -0.2555316 -0.5653284 0.7842879 -0.2555316 -0.5653284 0.7842879 -0.2555316 -0.5653284 0.8646755 -0.5011447 0.03450053 0.7112139 -0.5363745 -0.4543976 0.7835222 -0.5408363 -0.3059234 0.8681377 -0.4753014 0.1429177 -0.122857 -0.03235387 0.9918969 -0.1204328 -0.06468304 0.9906119 0.2629536 0.004279446 0.964799 0.9576886 0.130259 0.2566421 0.916136 0.1291525 0.3794924 0.9576968 0.130259 0.2566115 0.916136 0.1291525 0.3794924 0.916136 0.1291525 0.3794924 0.916136 0.1291525 0.3794924 0.449174 -0.5134249 0.7311892 0.5461419 -0.4878912 0.6809487 0.1069256 -0.5506775 0.8278413 -0.05668234 -0.5442236 0.8370232 0.267887 -0.2360631 0.9340829 -0.09858597 -0.2548579 0.9619398 0.2777316 -0.2350664 0.9314553 -0.09858597 -0.2548579 0.9619398 0.983137 0.1291741 0.1294437 0.983137 0.1291741 0.1294437 0.983137 0.1291741 0.1294437 0.983137 0.1291741 0.1294437 0.3891472 -0.03205914 -0.9206176 0.7146659 -0.0291965 -0.6988563 0.3900469 -0.06646929 -0.9183927 0.396549 -0.2555316 -0.8817326 0.396549 -0.2555316 -0.8817326 0.396549 -0.2555316 -0.8817326 0.396549 -0.2555316 -0.8817326 0.3887305 -0.5363745 -0.7491268 0.5255884 -0.5408363 -0.6566985 0.7660812 -0.5011447 -0.4024594 0.8232882 -0.4753014 -0.3102985 0.3895511 -0.03235387 0.9204364 0.3910081 -0.06468304 0.9181115 0.710124 0.004279446 0.7040636 0.9577037 0.130259 -0.2565857 0.9831432 0.1291525 -0.129418 0.9576955 0.130259 -0.2566163 0.9831432 0.1291525 -0.129418 0.9831432 0.1291525 -0.129418 0.9831432 0.1291525 -0.129418 0.8134471 -0.4878912 0.3166479 0.506521 -0.5506775 0.6634687 0.7545907 -0.5134249 0.4086414 0.3694232 -0.5442236 0.7532245 0.395592 -0.2548579 0.8823573 0.7062503 -0.2350664 0.6677982 0.6990384 -0.2360631 0.674996 0.395592 -0.2548579 0.8823573 0.9161435 0.1291741 -0.3794669 0.9161435 0.1291741 -0.3794669 0.9161435 0.1291741 -0.3794669 0.9161435 0.1291741 -0.3794669 -0.1232974 -0.03205914 -0.9918518 0.2694907 -0.0291965 -0.9625603 -0.1214058 -0.06646929 -0.9903749 -0.09744479 -0.2555316 -0.9618774 -0.09744479 -0.2555316 -0.9618774 -0.09744479 -0.2555316 -0.9618774 -0.09744479 -0.2555316 -0.9618774 -0.03791294 -0.5363745 -0.8431281 0.1268236 -0.5408363 -0.8315118 0.4622161 -0.5011447 -0.7315807 0.5578392 -0.4753014 -0.6803705 0.7976787 -0.06468304 0.5996039 0.9670172 0.004279446 0.254675 0.7975794 -0.03235387 0.6023457 0.7011029 0.130259 -0.7010616 0.786718 0.1291525 -0.6036509 0.7010805 0.130259 -0.701084 0.786718 0.1291525 -0.6036509 0.786718 0.1291525 -0.6036509 0.786718 0.1291525 -0.6036509 0.8627898 -0.4878912 -0.1324984 0.7703944 -0.5506775 0.3213203 0.8578154 -0.5134249 -0.02340151 0.6965421 -0.5442236 0.4675999 0.7837714 -0.2548579 0.5663479 0.9455297 -0.2350664 0.225205 0.942883 -0.2360631 0.2350445 0.7837714 -0.2548579 0.5663479 0.6036701 0.1291741 -0.7866998 0.6036701 0.1291741 -0.7866998 0.6036701 0.1291741 -0.7866998 0.6036701 0.1291741 -0.7866998 -0.6027046 -0.03205914 -0.7973201 -0.2478944 -0.0291965 -0.968347 -0.600328 -0.06646929 -0.7969869 -0.5653284 -0.2555316 -0.7842879 -0.5653284 -0.2555316 -0.7842879 -0.5653284 -0.2555316 -0.7842879 -0.5653284 -0.2555316 -0.7842879 -0.4543976 -0.5363745 -0.7112139 -0.3059234 -0.5408363 -0.7835222 0.03450053 -0.5011447 -0.8646755 0.1429177 -0.4753014 -0.8681377 0.9906119 -0.06468304 0.1204328 0.964799 0.004279446 -0.2629536 0.9918969 -0.03235387 0.122857 0.3794924 0.1291525 -0.916136 0.2566115 0.130259 -0.9576968 0.2566421 0.130259 -0.9576886 0.3794924 0.1291525 -0.916136 0.3794924 0.1291525 -0.916136 0.3794924 0.1291525 -0.916136 0.6809487 -0.4878912 -0.5461419 0.8278413 -0.5506775 -0.1069256 0.7311892 -0.5134249 -0.449174 0.8370232 -0.5442236 0.05668234 0.9619398 -0.2548579 0.09858597 0.9314553 -0.2350664 -0.2777316 0.9340829 -0.2360631 -0.267887 0.9619398 -0.2548579 0.09858597 0.1294437 0.1291741 -0.983137 0.1294437 0.1291741 -0.983137 0.1294437 0.1291741 -0.983137 0.1294437 0.1291741 -0.983137 -0.9183927 -0.06646929 -0.3900469 -0.9206176 -0.03205914 -0.3891472 -0.6988563 -0.0291965 -0.7146659 -0.8817326 -0.2555316 -0.396549 -0.8817326 -0.2555316 -0.396549 -0.8817326 -0.2555316 -0.396549 -0.8817326 -0.2555316 -0.396549 -0.4024594 -0.5011447 -0.7660812 -0.7491268 -0.5363745 -0.3887305 -0.6566985 -0.5408363 -0.5255884 -0.3102985 -0.4753014 -0.8232882 0.9181115 -0.06468304 -0.3910081 0.7040636 0.004279446 -0.710124 0.9204364 -0.03235387 -0.3895511 -0.129418 0.1291525 -0.9831432 -0.129418 0.1291525 -0.9831432 -0.2565857 0.130259 -0.9577037 -0.129418 0.1291525 -0.9831432 -0.2566163 0.130259 -0.9576955 -0.129418 0.1291525 -0.9831432 0.3166479 -0.4878912 -0.8134471 0.6634687 -0.5506775 -0.506521 0.4086414 -0.5134249 -0.7545907 0.7532245 -0.5442236 -0.3694232 0.8823573 -0.2548579 -0.395592 0.6677982 -0.2350664 -0.7062503 0.674996 -0.2360631 -0.6990384 0.8823573 -0.2548579 -0.395592 -0.3794669 0.1291741 -0.9161435 -0.3794669 0.1291741 -0.9161435 -0.3794669 0.1291741 -0.9161435 -0.3794669 0.1291741 -0.9161435 -0.9903749 -0.06646929 0.1214058 -0.9918518 -0.03205914 0.1232974 -0.9625603 -0.0291965 -0.2694907 -0.9618774 -0.2555316 0.09744479 -0.9618774 -0.2555316 0.09744479 -0.9618774 -0.2555316 0.09744479 -0.9618774 -0.2555316 0.09744479 -0.7315807 -0.5011447 -0.4622161 -0.8431281 -0.5363745 0.03791294 -0.8315118 -0.5408363 -0.1268236 -0.6803705 -0.4753014 -0.5578392 0.254675 0.004279446 -0.9670172 0.6023457 -0.03235387 -0.7975794 0.5996039 -0.06468304 -0.7976787 -0.6036509 0.1291525 -0.786718 -0.6036509 0.1291525 -0.786718 -0.7010616 0.130259 -0.7011029 -0.6036509 0.1291525 -0.786718 -0.701084 0.130259 -0.7010805 -0.6036509 0.1291525 -0.786718 -0.1324984 -0.4878912 -0.8627898 0.3213203 -0.5506775 -0.7703944 -0.02340151 -0.5134249 -0.8578154 0.4675999 -0.5442236 -0.6965421 0.5663479 -0.2548579 -0.7837714 0.2350445 -0.2360631 -0.942883 0.5663479 -0.2548579 -0.7837714 0.225205 -0.2350664 -0.9455297 -0.7866998 0.1291741 -0.6036701 -0.7866998 0.1291741 -0.6036701 -0.7866998 0.1291741 -0.6036701 -0.7866998 0.1291741 -0.6036701 -0.7969869 -0.06646929 0.600328 -0.7973201 -0.03205914 0.6027046 -0.968347 -0.0291965 0.2478944 -0.7842879 -0.2555316 0.5653284 -0.7842879 -0.2555316 0.5653284 -0.7842879 -0.2555316 0.5653284 -0.7842879 -0.2555316 0.5653284 -0.8646755 -0.5011447 -0.03450053 -0.7112139 -0.5363745 0.4543976 -0.7835222 -0.5408363 0.3059234 -0.8681377 -0.4753014 -0.1429177 -0.2629536 0.004279446 -0.964799 0.122857 -0.03235387 -0.9918969 0.1204328 -0.06468304 -0.9906119 -0.9576886 0.130259 -0.2566421 -0.916136 0.1291525 -0.3794924 -0.9576968 0.130259 -0.2566115 -0.916136 0.1291525 -0.3794924 -0.916136 0.1291525 -0.3794924 -0.916136 0.1291525 -0.3794924 -0.5461419 -0.4878912 -0.6809487 -0.1069256 -0.5506775 -0.8278413 -0.449174 -0.5134249 -0.7311892 0.05668234 -0.5442236 -0.8370232 0.09858597 -0.2548579 -0.9619398 -0.267887 -0.2360631 -0.9340829 0.09858597 -0.2548579 -0.9619398 -0.2777316 -0.2350664 -0.9314553 -0.983137 0.1291741 -0.1294437 -0.983137 0.1291741 -0.1294437 -0.983137 0.1291741 -0.1294437 -0.983137 0.1291741 -0.1294437 -0.7146659 -0.0291965 0.6988563 -0.3900469 -0.06646929 0.9183927 -0.3891472 -0.03205914 0.9206176 -0.396549 -0.2555316 0.8817326 -0.396549 -0.2555316 0.8817326 -0.396549 -0.2555316 0.8817326 -0.396549 -0.2555316 0.8817326 -0.5255884 -0.5408363 0.6566985 -0.7660812 -0.5011447 0.4024594 -0.3887305 -0.5363745 0.7491268 -0.8232882 -0.4753014 0.3102985 -0.710124 0.004279446 -0.7040636 -0.3895511 -0.03235387 -0.9204364 -0.3910081 -0.06468304 -0.9181115 -0.9577037 0.130259 0.2565857 -0.9831432 0.1291525 0.129418 -0.9576955 0.130259 0.2566163 -0.9831432 0.1291525 0.129418 -0.9831432 0.1291525 0.129418 -0.9831432 0.1291525 0.129418 -0.8134471 -0.4878912 -0.3166479 -0.506521 -0.5506775 -0.6634687 -0.7545907 -0.5134249 -0.4086414 -0.3694232 -0.5442236 -0.7532245 -0.395592 -0.2548579 -0.8823573 -0.6990384 -0.2360631 -0.674996 -0.395592 -0.2548579 -0.8823573 -0.7062503 -0.2350664 -0.6677982 -0.9161435 0.1291741 0.3794669 -0.9161435 0.1291741 0.3794669 -0.9161435 0.1291741 0.3794669 -0.9161435 0.1291741 0.3794669 -0.2694907 -0.0291965 0.9625603 0.1214058 -0.06646929 0.9903749 0.1232974 -0.03205914 0.9918518 0.09744479 -0.2555316 0.9618774 0.09744479 -0.2555316 0.9618774 0.09744479 -0.2555316 0.9618774 0.09744479 -0.2555316 0.9618774 -0.1268236 -0.5408363 0.8315118 -0.4622161 -0.5011447 0.7315807 0.03791294 -0.5363745 0.8431281 -0.5578392 -0.4753014 0.6803705 -0.7814748 0.1125681 -0.6136983 -0.9501186 0.1624796 -0.2662235 -0.9682759 -0.02819691 -0.2482875 -0.8639235 -0.4848632 0.136176 -0.8639235 -0.4848632 0.136176 -0.8639235 -0.4848632 0.136176 -0.848883 -0.1972905 0.4903816 -0.9112569 -0.1953009 0.3625858 -0.7536163 0.4926966 0.4351006 -0.5432964 0.7787418 0.3136723 -0.2531691 0.9563161 0.1461672 0.002382825 0.9390904 0.3436618 0.1657784 0.919903 0.3553815 0.1800101 0.7161992 0.6742812 -0.102068 0.7490004 0.6546606 0.1771241 0.5654968 0.8055063 -0.1910272 0.4547748 0.8698784 0.1672879 0.3939016 0.903801 -0.9673458 0.2534604 6.0378e-16 -0.9110814 0.4122265 2.730826e-15 -0.9045974 0.4092927 0.1190925 -0.9045974 0.4092927 0.1190925 -0.9045974 0.4092927 0.1190925 -0.9635771 -0.0696939 0.2581897 -0.7990543 -0.3855943 0.4613342 -0.5304473 -0.6612499 0.5304473 -0.3121014 -0.7812624 0.5405755 0.1615556 -0.7812624 0.6029336 0.3750829 -0.6612499 0.6496626 0.6524251 -0.3855943 0.6524251 0.8639196 -0.0696939 0.4987842 0.8800371 0.4122265 0.2358052 0.9343843 0.2534604 0.2503675 0.8429506 0.4092927 0.3491616 0.8429506 0.4092927 0.3491616 0.8429506 0.4092927 0.3491616 0.2248802 0.919903 -0.3212591 0.006734124 0.9999698 0.003887948 0.2964285 0.9390904 -0.1738945 0.6179867 0.7490004 -0.2389368 0.4939396 0.7161992 -0.4930339 0.8488504 0.4547748 -0.2695048 0.6090269 0.5654968 -0.5561471 0.6990707 0.3939016 -0.5967761 0.9501186 0.1624796 -0.2662235 0.7814748 0.1125681 -0.6136983 0.9670225 0.004700972 -0.2546477 0.9729282 -0.1853376 0.1380607 0.9729282 -0.1853376 0.1380607 0.9729282 -0.1853376 0.1380607 0.8649241 -0.4842017 0.1321172 0.8649241 -0.4842017 0.1321172 0.8649241 -0.4842017 0.1321172 0.2691147 -0.02819691 0.9626953 0.244503 0.1624796 0.9559386 -0.1407409 0.1125681 0.9836262 0.1910272 0.4547748 0.8698784 -0.1672879 0.3939016 0.903801 -0.1800101 0.7161992 0.6742812 -0.1771241 0.5654968 0.8055063 0.102068 0.7490004 0.6546606 0.5498936 -0.4848632 0.6800917 0.5498936 -0.4848632 0.6800917 0.5498936 -0.4848632 0.6800917 0.8491244 -0.1972905 0.4899635 0.7696369 -0.1953009 0.6078788 0.3070249 0.3939016 -0.8663586 0.4157238 0.7490004 -0.5159187 0.6003736 0.4547748 -0.6578232 0.2493592 0.5654968 -0.786151 0.1812473 0.7161992 -0.6739497 0.3699279 0.1125681 -0.9222157 0.6897151 0.1624796 -0.7056156 0.7101422 0.004700972 -0.7040426 0.9110814 0.4122265 -6.320789e-15 0.9673458 0.2534604 -4.089237e-15 0.9045974 0.4092927 0.1190925 0.9045974 0.4092927 0.1190925 0.9045974 0.4092927 0.1190925 0.9116109 -0.1853376 -0.3669 0.9116109 -0.1853376 -0.3669 0.9116109 -0.1853376 -0.3669 0.8151048 -0.4842017 -0.3180452 0.8151048 -0.4842017 -0.3180452 0.8151048 -0.4842017 -0.3180452 0.7144078 -0.02819691 0.6991612 0.6897151 0.1624796 0.7056156 0.3699279 0.1125681 0.9222157 0.6003736 0.4547748 0.6578232 0.3070249 0.3939016 0.8663586 0.4157238 0.7490004 0.5159187 0.2493592 0.5654968 0.786151 0.1812473 0.7161992 0.6739497 0.8800371 0.4122265 -0.2358052 0.9343843 0.2534604 -0.2503675 0.9045974 0.4092927 -0.1190925 0.9045974 0.4092927 -0.1190925 0.9045974 0.4092927 -0.1190925 0.8162677 -0.4848632 0.3140298 0.8162677 -0.4848632 0.3140298 0.8162677 -0.4848632 0.3140298 0.980345 -0.1972905 -0.000241385 0.9704645 -0.1953009 0.14162 -0.1672879 0.3939016 -0.903801 0.102068 0.7490004 -0.6546606 0.1910272 0.4547748 -0.8698784 -0.1771241 0.5654968 -0.8055063 -0.1800101 0.7161992 -0.6742812 -0.1407409 0.1125681 -0.9836262 0.244503 0.1624796 -0.9559386 0.2629798 0.004700972 -0.9647899 0.7890196 0.4122265 -0.4555407 0.837746 0.2534604 -0.4836729 0.8429506 0.4092927 -0.3491616 0.8429506 0.4092927 -0.3491616 0.8429506 0.4092927 -0.3491616 0.6060282 -0.1853376 -0.7735502 0.6060282 -0.1853376 -0.7735502 0.6060282 -0.1853376 -0.7735502 0.5468789 -0.4842017 -0.6829877 0.5468789 -0.4842017 -0.6829877 0.5468789 -0.4842017 -0.6829877 0.9682759 -0.02819691 0.2482875 0.7814748 0.1125681 0.6136983 0.9501186 0.1624796 0.2662235 0.6990707 0.3939016 0.5967761 0.8488504 0.4547748 0.2695048 0.4939396 0.7161992 0.4930339 0.6179867 0.7490004 0.2389368 0.6090269 0.5654968 0.5561471 0.6442318 0.4122265 -0.6442318 0.6840167 0.2534604 -0.6840167 0.7238581 0.4092927 -0.5554358 0.7238581 0.4092927 -0.5554358 0.7238581 0.4092927 -0.5554358 0.8639235 -0.4848632 -0.136176 0.8639235 -0.4848632 -0.136176 0.8639235 -0.4848632 -0.136176 0.848883 -0.1972905 -0.4903816 0.9112569 -0.1953009 -0.3625858 -0.2695048 0.4547748 -0.8488504 -0.4930339 0.7161992 -0.4939396 -0.2389368 0.7490004 -0.6179867 -0.5561471 0.5654968 -0.6090269 -0.5967761 0.3939016 -0.6990707 -0.6136983 0.1125681 -0.7814748 -0.2662235 0.1624796 -0.9501186 -0.2546477 0.004700972 -0.9670225 0.5554358 0.4092927 -0.7238581 0.4836729 0.2534604 -0.837746 0.4555407 0.4122265 -0.7890196 0.5554358 0.4092927 -0.7238581 0.5554358 0.4092927 -0.7238581 0.1380607 -0.1853376 -0.9729282 0.1380607 -0.1853376 -0.9729282 0.1380607 -0.1853376 -0.9729282 0.1321172 -0.4842017 -0.8649241 0.1321172 -0.4842017 -0.8649241 0.1321172 -0.4842017 -0.8649241 0.9626953 -0.02819691 -0.2691147 0.9836262 0.1125681 0.1407409 0.9559386 0.1624796 -0.244503 0.903801 0.3939016 0.1672879 0.8698784 0.4547748 -0.1910272 0.6742812 0.7161992 0.1800101 0.6546606 0.7490004 -0.102068 0.8055063 0.5654968 0.1771241 0.3491616 0.4092927 -0.8429506 0.2503675 0.2534604 -0.9343843 0.2358052 0.4122265 -0.8800371 0.3491616 0.4092927 -0.8429506 0.3491616 0.4092927 -0.8429506 0.6800917 -0.4848632 -0.5498936 0.6800917 -0.4848632 -0.5498936 0.6800917 -0.4848632 -0.5498936 0.4899635 -0.1972905 -0.8491244 0.6078788 -0.1953009 -0.7696369 -0.6578232 0.4547748 -0.6003736 -0.6739497 0.7161992 -0.1812473 -0.5159187 0.7490004 -0.4157238 -0.786151 0.5654968 -0.2493592 -0.8663586 0.3939016 -0.3070249 -0.7056156 0.1624796 -0.6897151 -0.9222157 0.1125681 -0.3699279 -0.7040426 0.004700972 -0.7101422 0.1190925 0.4092927 -0.9045974 -2.506602e-15 0.2534604 -0.9673458 -4.525808e-15 0.4122265 -0.9110814 0.1190925 0.4092927 -0.9045974 0.1190925 0.4092927 -0.9045974 -0.3669 -0.1853376 -0.9116109 -0.3669 -0.1853376 -0.9116109 -0.3669 -0.1853376 -0.9116109 -0.3180452 -0.4842017 -0.8151048 -0.3180452 -0.4842017 -0.8151048 -0.3180452 -0.4842017 -0.8151048 0.6991612 -0.02819691 -0.7144078 0.9222157 0.1125681 -0.3699279 0.7056156 0.1624796 -0.6897151 0.8663586 0.3939016 -0.3070249 0.6578232 0.4547748 -0.6003736 0.6739497 0.7161992 -0.1812473 0.5159187 0.7490004 -0.4157238 0.786151 0.5654968 -0.2493592 -0.2358052 0.4122265 -0.8800371 -0.2503675 0.2534604 -0.9343843 -0.1190925 0.4092927 -0.9045974 -0.1190925 0.4092927 -0.9045974 -0.1190925 0.4092927 -0.9045974 0.3140298 -0.4848632 -0.8162677 0.3140298 -0.4848632 -0.8162677 0.3140298 -0.4848632 -0.8162677 0.14162 -0.1953009 -0.9704645 -0.000241385 -0.1972905 -0.980345 -0.8698784 0.4547748 -0.1910272 -0.6742812 0.7161992 0.1800101 -0.6546606 0.7490004 -0.102068 -0.8055063 0.5654968 0.1771241 -0.903801 0.3939016 0.1672879 -0.9559386 0.1624796 -0.244503 -0.9836262 0.1125681 0.1407409 -0.9647899 0.004700972 -0.2629798 -0.4555407 0.4122265 -0.7890196 -0.4836729 0.2534604 -0.837746 -0.3491616 0.4092927 -0.8429506 -0.3491616 0.4092927 -0.8429506 -0.3491616 0.4092927 -0.8429506 -0.7735502 -0.1853376 -0.6060282 -0.7735502 -0.1853376 -0.6060282 -0.7735502 -0.1853376 -0.6060282 -0.6829877 -0.4842017 -0.5468789 -0.6829877 -0.4842017 -0.5468789 -0.6829877 -0.4842017 -0.5468789 0.2482875 -0.02819691 -0.9682759 0.2662235 0.1624796 -0.9501186 0.6136983 0.1125681 -0.7814748 0.5967761 0.3939016 -0.6990707 0.2695048 0.4547748 -0.8488504 0.5561471 0.5654968 -0.6090269 0.4930339 0.7161992 -0.4939396 0.2389368 0.7490004 -0.6179867 -0.6442318 0.4122265 -0.6442318 -0.6840167 0.2534604 -0.6840167 -0.5554358 0.4092927 -0.7238581 -0.5554358 0.4092927 -0.7238581 -0.5554358 0.4092927 -0.7238581 -0.136176 -0.4848632 -0.8639235 -0.136176 -0.4848632 -0.8639235 -0.136176 -0.4848632 -0.8639235 -0.3625858 -0.1953009 -0.9112569 -0.4903816 -0.1972905 -0.848883 -0.8488504 0.4547748 0.2695048 -0.4939396 0.7161992 0.4930339 -0.6179867 0.7490004 0.2389368 -0.6090269 0.5654968 0.5561471 -0.6990707 0.3939016 0.5967761 -0.9501186 0.1624796 0.2662235 -0.7814748 0.1125681 0.6136983 -0.9670225 0.004700972 0.2546477 -0.7890196 0.4122265 -0.4555407 -0.837746 0.2534604 -0.4836729 -0.7238581 0.4092927 -0.5554358 -0.7238581 0.4092927 -0.5554358 -0.7238581 0.4092927 -0.5554358 -0.9729282 -0.1853376 -0.1380607 -0.9729282 -0.1853376 -0.1380607 -0.9729282 -0.1853376 -0.1380607 -0.8649241 -0.4842017 -0.1321172 -0.8649241 -0.4842017 -0.1321172 -0.8649241 -0.4842017 -0.1321172 -0.2691147 -0.02819691 -0.9626953 -0.244503 0.1624796 -0.9559386 0.1407409 0.1125681 -0.9836262 -0.1910272 0.4547748 -0.8698784 0.1672879 0.3939016 -0.903801 0.1771241 0.5654968 -0.8055063 -0.102068 0.7490004 -0.6546606 0.1800101 0.7161992 -0.6742812 -0.8800371 0.4122265 -0.2358052 -0.9343843 0.2534604 -0.2503675 -0.8429506 0.4092927 -0.3491616 -0.8429506 0.4092927 -0.3491616 -0.8429506 0.4092927 -0.3491616 -0.5498936 -0.4848632 -0.6800917 -0.5498936 -0.4848632 -0.6800917 -0.5498936 -0.4848632 -0.6800917 -0.7696369 -0.1953009 -0.6078788 -0.8491244 -0.1972905 -0.4899635 -0.4157238 0.7490004 0.5159187 -0.2493592 0.5654968 0.786151 -0.1812473 0.7161992 0.6739497 -0.3070249 0.3939016 0.8663586 -0.6003736 0.4547748 0.6578232 -0.3699279 0.1125681 0.9222157 -0.6897151 0.1624796 0.7056156 -0.7101422 0.004700972 0.7040426 -0.9045974 0.4092927 -0.1190925 -0.9045974 0.4092927 -0.1190925 -0.9045974 0.4092927 -0.1190925 -0.9116109 -0.1853376 0.3669 -0.9116109 -0.1853376 0.3669 -0.9116109 -0.1853376 0.3669 -0.8151048 -0.4842017 0.3180452 -0.8151048 -0.4842017 0.3180452 -0.8151048 -0.4842017 0.3180452 -0.7144078 -0.02819691 -0.6991612 -0.6897151 0.1624796 -0.7056156 -0.3699279 0.1125681 -0.9222157 -0.6003736 0.4547748 -0.6578232 -0.3070249 0.3939016 -0.8663586 -0.2493592 0.5654968 -0.786151 -0.4157238 0.7490004 -0.5159187 -0.1812473 0.7161992 -0.6739497 -0.8162677 -0.4848632 -0.3140298 -0.8162677 -0.4848632 -0.3140298 -0.8162677 -0.4848632 -0.3140298 -0.980345 -0.1972905 0.000241385 -0.9704645 -0.1953009 -0.14162 0.1407409 0.1125681 0.9836262 -0.244503 0.1624796 0.9559386 -0.2629798 0.004700972 0.9647899 -0.6060282 -0.1853376 0.7735502 -0.6060282 -0.1853376 0.7735502 -0.6060282 -0.1853376 0.7735502 -0.5468789 -0.4842017 0.6829877 -0.5468789 -0.4842017 0.6829877 -0.5468789 -0.4842017 0.6829877 -0.8651911 0.04551533 0.4993723 -0.8479656 0.2031565 0.4895731 -0.6045683 -0.1833686 0.77516 -0.8661061 0.01236335 0.4997073 -0.03412242 0.919903 -0.3906586 -0.1697673 0.9390904 -0.2988113 -0.007775897 0.9999698 -2.504626e-15 -0.9975684 -0.0696939 1.181187e-15 -0.8912293 -0.3855943 0.2388042 -0.6496626 -0.6612499 0.3750829 -0.441378 -0.7812624 0.441378 0.3121014 -0.7812624 0.5405755 0.5304473 -0.6612499 0.5304473 0.7990543 -0.3855943 0.4613342 0.9635771 -0.0696939 0.2581897 -0.002382825 0.9390904 0.3436618 -0.1657784 0.919903 0.3553815 0.2531691 0.9563161 0.1461672 0.5432964 0.7787418 0.3136723 0.7536163 0.4926966 0.4351006 0.8479656 0.2031565 0.4895731 0.8650646 0.04551533 0.4995914 0.8658122 0.01236335 0.5002163 0.9735924 -0.1833686 0.1359915 0.03412242 0.919903 -0.3906586 0.1697673 0.9390904 -0.2988113 0.8702012 0.4926966 8.527455e-15 0.6273446 0.7787418 8.379265e-15 0.9791463 0.2031565 5.825271e-15 0.9989636 0.04551533 0.0001264952 0.007775897 0.9999698 1.562804e-15 0.9975684 -0.0696939 -4.793421e-15 0.9999235 0.01236335 0.0002938649 0.9111516 -0.1833686 -0.3690241 0.03412242 0.919903 0.3906586 0.1697673 0.9390904 0.2988113 0.9635771 -0.0696939 -0.2581897 -0.002382825 0.9390904 -0.3436618 -0.1657784 0.919903 -0.3553815 0.5432964 0.7787418 -0.3136723 0.7536163 0.4926966 -0.4351006 0.8479656 0.2031565 -0.4895731 0.8651911 0.04551533 -0.4993723 0.006734124 0.9999698 -0.003887948 0.8639196 -0.0696939 -0.4987842 0.8661061 0.01236335 -0.4997073 0.6045683 -0.1833686 -0.77516 0.2248802 0.919903 0.3212591 0.2964285 0.9390904 0.1738945 0.7053874 -0.0696939 -0.7053874 -0.1738945 0.9390904 -0.2964285 -0.3212591 0.919903 -0.2248802 0.3136723 0.7787418 -0.5432964 0.4351006 0.4926966 -0.7536163 0.4895731 0.2031565 -0.8479656 0.4995914 0.04551533 -0.8650646 0.003887948 0.9999698 -0.006734124 0.4987842 -0.0696939 -0.8639196 0.5002163 0.01236335 -0.8658122 0.1359915 -0.1833686 -0.9735924 0.3553815 0.919903 0.1657784 0.3436618 0.9390904 0.002382825 0.2581897 -0.0696939 -0.9635771 -0.2988113 0.9390904 -0.1697673 -0.3906586 0.919903 -0.03412242 9.899225e-15 0.7787418 -0.6273446 1.014021e-14 0.4926966 -0.8702012 7.515196e-15 0.2031565 -0.9791463 0.0001264952 0.04551533 -0.9989636 2.665046e-15 0.9999698 -0.007775897 -3.15441e-15 -0.0696939 -0.9975684 0.0002938649 0.01236335 -0.9999235 -0.3690241 -0.1833686 -0.9111516 0.2988113 0.9390904 -0.1697673 0.3906586 0.919903 -0.03412242 -0.2581897 -0.0696939 -0.9635771 -0.3553815 0.919903 0.1657784 -0.3436618 0.9390904 0.002382825 -0.4351006 0.4926966 -0.7536163 -0.3136723 0.7787418 -0.5432964 -0.4895731 0.2031565 -0.8479656 -0.4993723 0.04551533 -0.8651911 -0.003887948 0.9999698 -0.006734124 -0.4987842 -0.0696939 -0.8639196 -0.4997073 0.01236335 -0.8661061 -0.77516 -0.1833686 -0.6045683 0.1738945 0.9390904 -0.2964285 0.3212591 0.919903 -0.2248802 -0.7053874 -0.0696939 -0.7053874 -0.2248802 0.919903 0.3212591 -0.2964285 0.9390904 0.1738945 -0.7536163 0.4926966 -0.4351006 -0.5432964 0.7787418 -0.3136723 -0.8479656 0.2031565 -0.4895731 -0.8650646 0.04551533 -0.4995914 -0.006734124 0.9999698 -0.003887948 -0.8639196 -0.0696939 -0.4987842 -0.8658122 0.01236335 -0.5002163 -0.9735924 -0.1833686 -0.1359915 0.002382825 0.9390904 -0.3436618 0.1657784 0.919903 -0.3553815 -0.9635771 -0.0696939 -0.2581897 -0.03412242 0.919903 0.3906586 -0.1697673 0.9390904 0.2988113 -0.8702012 0.4926966 -1.078532e-14 -0.6273446 0.7787418 -1.208173e-14 -0.9791463 0.2031565 -1.007991e-14 -0.9989636 0.04551533 -0.0001264952 -0.9999235 0.01236335 -0.0002938649 -0.9111516 -0.1833686 0.3690241 -0.2923345 0.9563161 -9.867433e-15 -0.9226684 -0.3855943 1.078067e-15 -0.7246044 -0.6612499 0.1941572 -0.5405755 -0.7812624 0.3121014 0.441378 -0.7812624 0.441378 0.6496626 -0.6612499 0.3750829 0.8912293 -0.3855943 0.2388042 0.2923345 0.9563161 9.353991e-15 0.9226684 -0.3855943 -4.650304e-15 0.8912293 -0.3855943 -0.2388042 0.2531691 0.9563161 -0.1461672 0.7990543 -0.3855943 -0.4613342 0.6524251 -0.3855943 -0.6524251 0.1461672 0.9563161 -0.2531691 0.4613342 -0.3855943 -0.7990543 0.2388042 -0.3855943 -0.8912293 9.643385e-15 0.9563161 -0.2923345 -2.92357e-15 -0.3855943 -0.9226684 -0.2388042 -0.3855943 -0.8912293 -0.1461672 0.9563161 -0.2531691 -0.4613342 -0.3855943 -0.7990543 -0.6524251 -0.3855943 -0.6524251 -0.2531691 0.9563161 -0.1461672 -0.7990543 -0.3855943 -0.4613342 -0.8912293 -0.3855943 -0.2388042 -0.7501657 -0.6612499 9.001658e-16 -0.6029336 -0.7812624 0.1615556 0.5405755 -0.7812624 0.3121014 0.7246044 -0.6612499 0.1941572 0.7501657 -0.6612499 -3.600663e-15 0.7246044 -0.6612499 -0.1941572 0.6496626 -0.6612499 -0.3750829 0.5304473 -0.6612499 -0.5304473 0.3750829 -0.6612499 -0.6496626 0.1941572 -0.6612499 -0.7246044 -2.418627e-15 -0.6612499 -0.7501657 -0.1941572 -0.6612499 -0.7246044 -0.3750829 -0.6612499 -0.6496626 -0.5304473 -0.6612499 -0.5304473 -0.6496626 -0.6612499 -0.3750829 -0.7246044 -0.6612499 -0.1941572 -0.6242028 -0.7812624 8.739535e-16 0.6029336 -0.7812624 0.1615556 0.6242028 -0.7812624 -3.43755e-15 0.6029336 -0.7812624 -0.1615556 0.5405755 -0.7812624 -0.3121014 0.441378 -0.7812624 -0.441378 0.3121014 -0.7812624 -0.5405755 0.1615556 -0.7812624 -0.6029336 -2.180722e-15 -0.7812624 -0.6242028 -0.1615556 -0.7812624 -0.6029336 -0.3121014 -0.7812624 -0.5405755 -0.441378 -0.7812624 -0.441378 -0.5405755 -0.7812624 -0.3121014 -0.6029336 -0.7812624 -0.1615556</float_array>
                    <technique_common>
                        <accessor count="1308" source="#ID63" stride="3">
                            <param name="X" type="float" />
                            <param name="Y" type="float" />
                            <param name="Z" type="float" />
                        </accessor>
                    </technique_common>
                </source>
                <source id="ID61">
                    <float_array id="ID64" count="5320">-0.1373198 0.569428 -0.2667411 0.6102403 -0.2701994 0.5832202 -0.134373 0.5924512 -0.2529775 0.6145302 -0.2662392 0.6442746 -0.2716407 0.6202125 -0.247011 0.6411093 -0.2674744 0.2805199 -0.1294649 0.2851024 -0.2589863 0.317835 -0.1365383 0.2540064 -0.1062873 0.5627039 -0.1365546 0.5875196 -0.1389137 0.5644288 0.183318 2.569291 0.2604735 2.368863 0.3143398 2.527147 0.1881489 2.552328 0.1861517 2.532944 0.1403084 2.4075 -0.2152304 0.6522669 -0.2259487 0.6795272 -0.23188 0.6624352 -0.2244787 0.6788245 -0.2071455 0.6755649 -0.2035286 0.4834026 -0.2112723 0.4424927 -0.1874109 0.4724108 -0.2255737 0.4557619 -0.1058503 0.2284085 -0.136222 0.2612923 -0.1388283 0.2295087 0.2589863 0.317835 0.1365383 0.2540064 0.2674744 0.2805199 0.1294649 0.2851024 -0.1052582 0.5778951 -0.1366294 0.5880201 -0.1063368 0.5632352 -0.10586 0.2287038 -0.1039201 0.2573394 -0.136326 0.2615002 -2.130072 0.1888712 -1.959587 0.2621925 -2.0928 0.3094669 -2.10039 0.1745305 -2.004868 0.1157334 -2.079511 0.1589722 -2.074049 0.1513814 -2.069976 0.133037 0.3143398 2.527147 0.429674 2.470083 0.4438529 2.480572 0.4194262 2.453508 0.3791861 2.326156 0.2604735 2.368863 1.559279 1.900956 1.641779 1.748975 1.659376 1.760106 1.563095 1.881149 1.562745 1.862638 1.562051 1.861164 1.555562 1.898002 -0.1373382 0.6753445 -0.1590076 0.671637 -0.1444116 0.6586926 -0.1546934 0.6817934 -0.1172802 0.6471324 -0.1334614 0.6143379 -0.1035832 0.6332402 -0.140148 0.6326653 0.2255737 0.4557619 0.1874109 0.4724108 0.2112723 0.4424927 0.2035286 0.4834026 0.1038338 0.2576768 0.1058507 0.2290465 0.1388288 0.2301436 0.2667411 0.6102403 0.1373198 0.569428 0.2701994 0.5832202 0.134373 0.5924512 0.1363135 0.2609022 0.1039115 0.2567304 0.1388395 0.2291122 -0.08306966 0.5554934 -0.1080752 0.5674303 -0.107939 0.5527314 -0.08298524 0.5604653 -0.09452514 0.2001301 -0.08116156 0.2328815 -0.1054055 0.2266891 -0.06886684 0.5500488 -0.07805565 0.5517851 -0.07746768 0.5468472 -0.03504968 0.3008691 -0.05371745 0.303085 -0.06128176 0.2978883 -2.069091 0.1360786 -2.04527 -0.03214633 -2.004868 0.1157334 -2.083021 0.1225745 -2.090959 0.1193965 -2.116997 0.1174151 -2.149765 0.1212227 -2.183011 -0.0005989345 -2.004868 0.1157334 -1.564114 0.1327011 -1.959587 0.2621925 -1.60532 -0.0005767218 -1.987003 0.4190748 -1.909475 0.40707 -1.972208 0.4316262 -1.959587 0.2621925 -1.995133 0.4164298 -2.021245 0.4161782 -2.053689 0.4221488 -2.094944 0.3029241 0.4194262 2.453508 0.4012741 2.319024 0.4453487 2.445137 0.3791861 2.326156 0.426473 2.471676 0.4453487 2.445137 0.4499408 2.464098 0.4194262 2.453508 1.523851 1.915964 1.499952 1.899028 1.519452 1.898415 1.522237 1.916181 1.505949 1.922948 1.455743 2.039298 1.55533 1.89832 1.559279 1.900956 1.541584 1.910642 1.523851 1.915964 1.522236 1.915753 1.439769 2.025943 -0.5065577 -1.940873 -0.6542498 -1.851545 -0.6568132 -1.855542 -0.6367211 -1.857335 -0.6183403 -1.855113 -0.6169444 -1.854273 -0.4972643 -1.92224 -0.06128186 0.6415399 -0.04764373 0.6275899 -0.04322549 0.6377013 1.576102 1.913226 1.676495 1.771958 1.559279 1.900956 -0.05093786 0.7007836 -0.07761462 0.7088604 -0.07551653 0.6894645 -0.06431274 0.7149862 0.1172802 0.6471324 0.1334614 0.6143379 0.140148 0.6326653 0.1035832 0.6332402 0.2662392 0.6442746 0.2529775 0.6145302 0.2716407 0.6202125 0.247011 0.6411093 0.0947246 0.2001013 0.08109501 0.2328574 0.07270979 0.2121689 0.1055056 0.2267008 0.1052431 0.5771556 0.1389438 0.5643141 0.1365986 0.5874063 -1.274519 2.274416 -1.148328 2.299598 -1.143497 2.31656 -1.146331 2.280213 -1.220688 2.11607 -1.100488 2.154769 0.10521 0.5779187 0.1062934 0.5633727 0.1389174 0.5650949 -0.09483771 0.2013234 -0.07279733 0.2133442 -0.08127769 0.2339939 -0.03519979 0.3084951 -0.06143863 0.3055744 -0.04462856 0.2908861 -2.183011 -0.0005989345 -2.07344 -0.1828354 -2.04527 -0.03214633 -2.17508 -0.135392 -2.206211 -0.1245533 -2.152552 -0.1484507 -2.146256 -0.1553644 -2.140103 -0.17312 -2.004868 0.1157334 -1.642086 -0.1351473 -1.60532 -0.0005767218 -2.04527 -0.03214633 0.06104449 0.3068994 0.05423037 0.3115652 0.03490503 0.309841 0.06948493 0.5550373 0.07720978 0.5521168 0.07788492 0.5566324 0.1080752 0.5676081 0.0829207 0.5557752 0.1079447 0.5530224 0.0829928 0.5603403 -0.5433086 0.4193485 -0.4646515 0.1541494 -0.4865229 0.2919267 -0.4791846 0.01540608 -0.6311384 0.5277314 -0.529132 -0.1148483 -0.7440271 0.6096891 -0.6110897 -0.227737 -0.8742815 0.6596365 -0.7194726 -0.3155668 -1.013025 0.6741696 -0.8468944 -0.3723524 -1.150802 0.6522981 -0.9846716 -0.3942239 -1.278224 0.5955125 -1.123415 -0.3796908 -1.386607 0.5076826 -1.253669 -0.3297434 -1.468565 0.3947939 -1.366558 -0.2477857 -1.518512 0.2645396 -1.454388 -0.1394028 -1.533045 0.1257962 -1.511174 -0.011981 -1.959587 0.2621925 -1.518512 0.2645396 -1.909475 0.40707 -1.564114 0.1327011 -2.021245 0.4161782 -2.04472 0.4435568 -2.053689 0.4221488 -2.029556 0.4883436 -1.854587 0.5502066 -1.984376 0.6062045 -2.00089 0.4720676 -1.909475 0.40707 -1.981088 0.4551599 -1.976141 0.4472239 -1.973292 0.42865 -1.972208 0.4316262 -1.99526 0.418958 -1.987003 0.4190748 -1.987003 0.4190748 -1.995035 0.4209944 -1.995133 0.4164298 -2.021245 0.4161782 -1.993836 0.420807 -2.017195 0.4301905 -1.995133 0.4164298 -1.925779 -0.9572596 -1.835157 -0.853071 -1.947326 -0.9256337 -1.817201 -0.8794259 -1.942677 -0.9670097 -1.947326 -0.9256337 -1.962584 -0.9377912 -1.925779 -0.9572596 1.519452 1.898415 1.50638 1.864262 1.524371 1.871806 1.499952 1.899028 1.538901 1.899938 1.523851 1.915964 1.519452 1.898415 1.541584 1.910642 1.541584 1.910642 1.536022 1.901112 1.55533 1.89832 1.559279 1.900956 1.641779 1.748975 1.659376 1.760106 1.563095 1.881149 1.562745 1.862638 1.562051 1.861164 1.555562 1.898002 1.472259 2.051979 1.559279 1.900956 1.576102 1.913226 1.455743 2.039298 0.2259487 0.6795272 0.2152304 0.6522669 0.23188 0.6624352 0.2244787 0.6788245 0.2071455 0.6755649 0.1590076 0.671637 0.1373382 0.6753445 0.1444116 0.6586926 0.1546934 0.6817934 0.06128186 0.6415399 0.04322549 0.6377013 0.04764373 0.6275899 -0.5166163 -1.959104 -0.6568132 -1.855542 -0.6673178 -1.87352 -0.5065577 -1.940873 1.659376 1.760106 1.562051 1.861164 1.641779 1.748975 1.562745 1.862638 1.563095 1.881149 1.559279 1.900956 1.555562 1.898002 -0.02538409 0.6766271 -0.02529486 0.6571182 -0.01174613 0.6626768 1.693092 1.784532 1.576102 1.913226 1.676495 1.771958 1.593434 1.924765 0.07761462 0.7088604 0.05093786 0.7007836 0.07551653 0.6894645 0.06431274 0.7149862 0.06099121 0.3042901 0.03485403 0.3072519 0.04418886 0.2895929 -1.274519 2.274416 -1.339366 2.073426 -1.220688 2.11607 -1.379606 2.200778 -1.389853 2.217353 -1.404032 2.227842 -0.08417497 0.5813404 -0.1151572 0.5925994 -0.08578588 0.5667294 -0.004572146 0.5616516 -0.02766265 0.5769681 -0.02958338 0.5623946 -0.003793276 0.5665629 0.09434312 0.5462561 0.08605855 0.5505937 0.08518267 0.5456987 0.1215135 0.277462 0.1065129 0.2887924 0.09736008 0.2881213 -2.330752 -0.02828919 -2.210321 -0.1481366 -2.267249 -0.005799337 -2.333724 -0.04746198 -2.33814 -0.05478305 -2.357718 -0.0720626 -2.386156 -0.08878162 -2.339321 -0.2059269 -2.319427 0.1383469 -1.878364 0.1423064 -1.925846 0.2734795 -2.267249 -0.005799337 -1.909475 0.40707 -1.468565 0.3947939 -1.854587 0.5502066 -1.518512 0.2645396 -2.267249 -0.005799337 -1.826559 0.01277953 -1.878364 0.1423064 -2.210321 -0.1481366 -1.770489 -0.1149588 -2.210321 -0.1481366 -2.148705 -0.2885084 -1.826559 0.01277953 -1.710215 -0.2407682 -2.148705 -0.2885084 -2.08247 -0.4267604 -1.770489 -0.1149588 -1.645804 -0.3645103 -2.08247 -0.4267604 -2.011689 -0.5627408 -1.710215 -0.2407682 -1.577326 -0.4860492 -2.011689 -0.5627408 -1.936438 -0.6963 -1.645804 -0.3645103 1.591038 -0.6772214 2.006637 -0.8249708 2.007134 -0.6716722 1.590585 -0.8167231 1.586865 -0.5377814 2.007134 -0.6716722 2.002549 -0.5184414 1.591038 -0.6772214 1.586865 -0.5377814 1.992886 -0.3654469 1.578073 -0.3985564 2.002549 -0.5184414 1.578073 -0.3985564 1.978158 -0.2128567 1.564669 -0.2596993 1.992886 -0.3654469 1.54667 -0.1213629 1.978158 -0.2128567 1.958378 -0.06083868 1.564669 -0.2596993 1.524095 0.01630076 1.958378 -0.06083868 1.933571 0.0904401 1.54667 -0.1213629 1.496969 0.1531404 1.933571 0.0904401 1.903761 0.2408133 1.524095 0.01630076 1.465321 0.2890056 1.903761 0.2408133 1.868984 0.3901158 1.496969 0.1531404 1.429187 0.423747 1.868984 0.3901158 1.829276 0.5381832 1.465321 0.2890056 1.281956 0.9649091 1.720446 1.012649 1.654211 1.150901 1.34223 0.8390997 1.217545 1.088651 1.654211 1.150901 1.583429 1.286882 1.281956 0.9649091 1.149066 1.21019 1.583429 1.286882 1.508178 1.420441 1.217545 1.088651 1.075576 1.314662 1.505894 1.411505 1.424503 1.541414 1.149641 1.196445 0.9976319 1.430359 1.424503 1.541414 1.338851 1.668553 1.075576 1.314662 -2.021245 0.4161782 -2.015242 0.4294721 -2.04472 0.4435568 0.183318 2.569291 0.2604735 2.368863 0.3143398 2.527147 0.1881489 2.552328 0.1861517 2.532944 0.1403084 2.4075 -1.823187 -0.8101804 -1.829974 -0.7971415 -1.861984 -0.805015 -2.006973 0.4586859 -1.981088 0.4551599 -2.00089 0.4720676 -1.983264 0.4506886 -1.976141 0.4472239 -1.981088 0.4551599 -1.984322 0.4513828 1.280603 -0.7467037 1.276669 -0.7650862 1.281143 -0.7730991 1.338851 1.668553 1.523247 1.647596 1.452771 1.752237 1.498973 1.625258 1.483477 1.60424 1.480703 1.596152 1.481839 1.576784 1.424503 1.541414 -1.972208 0.4316262 -1.990023 0.4406578 -1.99526 0.418958 1.604035 1.468713 1.590987 1.435299 1.615115 1.442236 1.582369 1.455892 -2.015242 0.4294721 -2.029585 0.4716269 -2.04472 0.4435568 -1.947326 -0.9256337 -1.851835 -0.8258892 -1.967339 -0.8930154 -1.835157 -0.853071 -1.96467 -0.9345662 -1.967339 -0.8930154 -1.98316 -0.9044309 -1.947326 -0.9256337 -0.9451958 1.599893 -0.9681582 1.571432 -0.9348691 1.583341 -0.9706742 1.590778 1.54143 1.881273 1.519452 1.898415 1.524371 1.871806 1.538767 1.895674 1.55533 1.89832 1.536022 1.901112 1.53952 1.886891 1.555562 1.898002 1.552322 1.878764 1.563095 1.881149 -0.9352872 1.61503 -0.9572707 1.615216 -0.9451958 1.599893 -0.9512272 1.624449 0.188364 2.569964 0.1638042 2.556265 0.1881489 2.552328 0.1888021 2.571533 0.1709422 2.574422 1.642762 1.747554 1.755973 1.616833 1.659376 1.760106 1.751899 1.614395 1.738776 1.627378 1.721327 1.633567 1.719703 1.633436 1.576102 1.913226 1.659376 1.760106 1.676495 1.771958 1.559279 1.900956 1.592384 1.926205 1.472259 2.051979 1.576102 1.913226 1.489302 2.063941 0.02538409 0.6766271 0.01174613 0.6626768 0.02529486 0.6571182 -0.5274463 -1.976888 -0.6673178 -1.87352 -0.6770431 -1.891931 -0.5166163 -1.959104 1.676495 1.771958 1.559279 1.900956 1.659376 1.760106 1.576102 1.913226 -2.143557 1.099875 -2.147374 1.080068 -2.139841 1.096921 -2.243654 0.9590252 -2.147024 1.061557 -2.146329 1.060083 -2.226057 0.9478942 -0.3536713 0.5323984 -0.3712557 0.5267809 -0.3524958 0.5214265 -0.4119338 0.5525057 -0.4299596 0.5399208 -0.4112401 0.534427 -0.4303827 0.5509473 -0.3990442 0.5590528 -0.417367 0.5819062 -0.4179608 0.563824 -0.4157548 0.5816712 -0.3982348 0.5837004 1.416035 -1.530938 1.554106 -1.42864 1.40451 -1.513597 1.563096 -1.447421 -0.3277233 0.5781371 -0.3445948 0.605993 -0.3469499 0.5814448 -0.3251219 0.6052531 -0.1361012 0.5697205 -0.265435 0.6108095 -0.2689511 0.5837969 -0.1331052 0.5927374 -0.08650321 0.5660829 -0.1158823 0.591944 -0.1190491 0.5689501 -0.01183123 0.2463351 -0.03683613 0.2472678 -0.03392914 0.2187142 0.1234903 0.2848831 0.09929632 0.2954499 0.1065304 0.2743313 0.1710828 0.5783045 0.1391762 0.5699251 0.1720589 0.555114 0.3143398 2.527147 0.429674 2.470083 0.4438529 2.480572 0.4194262 2.453508 0.2604735 2.368863 0.3791861 2.326156 0.1403084 2.4075 0.2116907 2.236194 0.2604735 2.368863 0.1256318 2.377983 0.1098377 2.357282 0.1021854 2.351907 0.083796 2.348042 0.06575479 2.283135 0.2886867 0.1207214 0.2887526 0.1289796 0.2765315 0.144049 0.2982713 0.4763821 0.2899517 0.478354 0.2958121 0.4725352 0.2287657 0.5149292 0.2060793 0.5276366 0.2049892 0.523203 0.2321514 0.5291171 -2.08247 -0.4267604 -2.261853 -0.3791876 -2.207358 -0.4929719 -2.234585 -0.3606209 -2.216195 -0.342082 -2.212273 -0.3344844 -2.210578 -0.3151568 -2.148705 -0.2885084 -2.182898 -0.7917684 -2.109052 -0.6215102 -2.238442 -0.678422 -2.151458 -0.7818596 -2.125592 -0.7788717 -2.116412 -0.7806536 -2.10087 -0.7912157 -2.041608 -0.7591769 -1.936438 -0.6963 -2.118578 -0.6607184 -2.056663 -0.7706415 -2.092601 -0.6403857 -2.07548 -0.6206689 -2.07207 -0.6128281 -2.07166 -0.5934307 -2.011689 -0.5627408 -1.985907 -0.8751689 -1.936438 -0.6963 -2.056663 -0.7706415 -1.956149 -0.8609869 -1.930948 -0.8544332 -1.92161 -0.854922 -1.904751 -0.8632217 -1.850517 -0.823258 -1.854123 -1.018381 -2.03965 -1.022951 -1.955469 -1.116919 -2.018674 -0.9974906 -2.006212 -0.9745431 -2.004575 -0.9661513 -2.008361 -0.9471225 -1.956427 -0.904212 2.002549 -0.5184414 2.059896 -0.3585096 1.992886 -0.3654469 2.070216 -0.374213 2.078017 -0.3793704 2.10306 -0.3865029 2.135899 -0.3893722 2.143868 -0.5153443 1.992886 -0.3654469 2.118188 -0.1935603 1.978158 -0.2128567 2.098308 -0.3272125 2.130293 -0.319139 2.07467 -0.3383084 2.068377 -0.3440973 2.060148 -0.3616673 -0.1894072 -2.045267 -0.1954865 -2.122855 -0.1801505 -2.111996 -0.3419747 -2.060229 -0.2003704 -2.13083 -0.2066302 -2.156105 -0.2083591 -2.189024 -0.3339791 -2.201356 1.933571 0.0904401 2.092415 -0.005527391 2.072014 0.1189731 2.061035 -0.01570257 1.958378 -0.06083868 2.038183 -0.02834051 2.032289 -0.0345336 2.025242 -0.05261038 1.900447 -0.5589142 1.974231 -0.5836649 1.967425 -0.5661499 1.877887 -0.7105444 1.98078 -0.5903402 2.003777 -0.6025541 2.035289 -0.6122305 2.016726 -0.737082 1.868984 0.3901158 2.033838 0.3048849 2.005233 0.42776 2.003201 0.2926527 1.903761 0.2408133 1.981238 0.2785283 1.975766 0.2719583 1.969933 0.2534543 1.974196 0.5429933 1.868984 0.3901158 2.006904 0.4210808 1.941437 0.539316 1.915479 0.5413586 1.906813 0.5448727 1.893593 0.5582267 1.829276 0.5381832 1.777836 0.6825939 1.951271 0.6165547 1.908952 0.7354058 1.922214 0.6009361 1.901989 0.5844184 1.897296 0.5772717 1.893593 0.5582267 1.829276 0.5381832 1.857003 0.8504436 1.777836 0.6825939 1.908952 0.7354058 1.825267 0.8415291 1.799319 0.8393566 1.7902 0.8414265 1.774998 0.8524724 1.714758 0.8223143 1.508178 1.420441 1.690319 1.384859 1.628404 1.494782 1.664342 1.364527 1.64722 1.34481 1.643811 1.336969 1.6434 1.317572 1.583429 1.286882 1.406089 1.696032 1.361985 1.515765 1.479936 1.593664 1.376768 1.680967 1.351775 1.673664 1.342426 1.673874 1.325327 1.681666 1.272311 1.640101 0.1881489 2.552328 0.1592605 2.537293 0.1861517 2.532944 0.1638042 2.556265 -1.967339 -0.8930154 -1.863015 -0.8055483 -1.98046 -0.8691434 -1.851835 -0.8258892 0.2604735 2.368863 0.4438529 2.480572 0.3143398 2.527147 0.429674 2.470083 0.4194262 2.453508 0.3791861 2.326156 -1.823187 -0.8101804 -1.861984 -0.805015 -1.851835 -0.8258892 1.615122 1.442238 1.594779 1.4133 1.619793 1.413919 1.297289 -0.7576837 1.280603 -0.7467037 1.281143 -0.7730991 1.498973 1.625258 1.534964 1.627559 1.523247 1.647596 1.501295 1.497094 1.509529 1.522076 1.503566 1.516362 1.480703 1.596152 1.487065 1.601417 1.483477 1.60424 1.498973 1.625258 1.486195 1.600572 1.507736 1.613598 1.483477 1.60424 1.615122 1.442238 1.590994 1.4353 1.594779 1.4133 -2.015242 0.4294721 -2.001334 0.4545783 -2.029585 0.4716269 -1.807902 -0.8344728 -1.851835 -0.8258892 -1.835157 -0.853071 -0.9572707 1.615216 -0.9706742 1.590778 -0.9451958 1.599893 -0.9710595 1.610283 1.55533 1.89832 1.53952 1.886891 1.551926 1.87911 0.4346349 2.489073 0.4499408 2.464098 0.4518515 2.483514 0.4343105 2.487476 0.426473 2.471676 -0.08338947 1.682802 -0.09684147 1.661391 -0.08055825 1.672136 -0.1014835 1.678878 1.738776 1.627378 1.732751 1.618134 1.751899 1.614395 1.555562 1.898002 1.659376 1.760106 1.559279 1.900956 1.641779 1.748975 1.563095 1.881149 1.562745 1.862638 1.562051 1.861164 1.659376 1.760106 1.773379 1.62826 1.676495 1.771958 1.755973 1.616833 1.693092 1.784532 1.576102 1.913226 1.676495 1.771958 1.593434 1.924765 1.608139 1.939818 1.489302 2.063941 1.592384 1.926205 1.506805 2.075219 -0.5389714 -1.994229 -0.6770431 -1.891931 -0.6860324 -1.910712 -0.5274463 -1.976888 1.593434 1.924765 1.676495 1.771958 1.693092 1.784532 1.576102 1.913226 -2.16038 1.112145 -2.243654 0.9590252 -2.143557 1.099875 -2.260774 0.970877 -0.04006271 0.714986 -0.03999333 0.6856944 -0.02825597 0.7012776 -0.04117075 0.7137916 -0.05608694 0.7043802 -0.1605887 0.6712608 -0.1816051 0.6648094 -0.1677888 0.653129 -0.1690155 0.6783848 -0.2616113 0.5889724 -0.2754565 0.5767626 -0.2666428 0.5701233 1.555562 1.898002 1.659376 1.760106 1.559279 1.900956 1.641779 1.748975 1.563095 1.881149 1.562745 1.862638 1.562051 1.861164 -0.3592303 0.5739531 -0.3494299 0.5570843 -0.3404542 0.5686559 -0.3951337 0.5810005 -0.422268 0.5746275 -0.410736 0.5588917 -0.4138241 0.5865927 -0.4210145 0.4668723 -0.4232626 0.5033724 -0.4359222 0.4794566 -0.404474 0.4981199 1.571478 -1.466482 1.416035 -1.530938 1.42811 -1.547901 1.563096 -1.447421 -0.3647206 0.3277417 -0.3732462 0.368496 -0.3830153 0.3345171 -0.3541466 0.3645202 -0.1649352 0.2365552 -0.2939303 0.2858286 -0.298056 0.2477833 -0.1614971 0.2682596 -0.108408 0.2554813 -0.1408818 0.2590743 -0.1098464 0.2268161 -0.01268255 0.247383 -0.03482849 0.2198006 -0.01030768 0.2251865 0.2872819 0.1173945 0.2753008 0.140812 0.2657461 0.123271 0.138415 0.570877 0.1386564 0.5562926 0.1713254 0.5561276 0.2722414 0.5822698 0.1364483 0.5919767 0.1393143 0.5689434 0.2688779 0.6093018 0.1500222 0.6602618 0.1218988 0.6761481 0.1327624 0.6511675 0.1401873 0.6828768 0.1881489 2.552328 0.3143398 2.527147 0.183318 2.569291 0.2604735 2.368863 0.1861517 2.532944 0.1403084 2.4075 -0.0597629 0.5843547 -0.0902466 0.596901 -0.0619841 0.569824 0.08289537 0.5555194 0.06246998 0.5742429 0.05830454 0.5601459 0.08442911 0.5602496 0.2545357 0.4924509 0.2479429 0.4990829 0.245633 0.4946793 0.1965904 0.2304407 0.1855094 0.2456264 0.1765538 0.247632 0.1966444 -0.1544527 0.1899796 -0.1192061 0.1732068 -0.1378864 0.2082088 -0.132091 0.3890755 0.460788 0.3564916 0.4659383 0.3806492 0.4391605 0.2604735 2.368863 0.4438529 2.480572 0.3143398 2.527147 0.429674 2.470083 0.4194262 2.453508 0.3791861 2.326156 0.3021949 -0.09323118 0.3029307 -0.07384303 0.2967041 -0.0993999 0.5451866 0.1366644 0.5405563 0.1438522 0.5407477 0.1355959 0.5377327 0.1683131 0.5322911 0.1937402 0.528242 0.1916306 0.5506221 0.1751413 0.1881489 2.552328 0.3143398 2.527147 0.183318 2.569291 0.2604735 2.368863 0.1861517 2.532944 0.1403084 2.4075 -0.02705668 0.603078 -0.001794309 0.5731825 0.001940725 0.5873996 0.2606973 0.4975041 0.2475519 0.521896 0.2389888 0.5099482 0.2636991 0.5014685 0.4476824 0.3318734 0.4436234 0.3290006 0.4505408 0.3229695 0.2484215 0.1733132 0.2415354 0.1908054 0.2333768 0.195008 -0.02952 -0.602357 -0.0004987425 -0.5866723 -0.03595074 -0.5800546 -1.220593 2.116153 -1.143497 2.31656 -1.274519 2.274416 -1.148328 2.299598 -1.146331 2.280213 -1.100488 2.154769 0.2577044 -0.1755227 0.2428994 -0.1972652 0.2502068 -0.1934176 0.4601515 -0.3227479 0.4625553 -0.3145427 0.4564384 -0.3200912 0.247425 -0.5221495 0.2607629 -0.4977596 0.2389294 -0.5102926 0.2633967 -0.5014891 -1.389853 2.217352 -1.274519 2.274416 -1.404032 2.227842 -1.220593 2.116153 -1.379605 2.200777 -1.339365 2.073426 0.3874884 -0.4629124 0.3492673 -0.4544819 0.3549264 -0.4680484 0.5332152 -0.1915449 0.5381832 -0.1658968 0.5288726 -0.1891224 0.5512038 -0.1727187 0.5444989 -0.1186609 0.5396647 -0.1174953 0.5396761 -0.1266727 0.2921348 0.0969707 0.2858991 0.1037042 0.2926411 0.0781787 -0.06058654 -0.5835357 -0.09517426 -0.5733216 -0.09106168 -0.5961654 0.2604735 2.368863 0.4438529 2.480572 0.3143398 2.527147 0.429674 2.470083 0.4194262 2.453508 0.3791861 2.326156 0.2033362 -0.2363772 0.1833967 -0.2535336 0.1914522 -0.2517138 0.261562 -0.494449 0.2535596 -0.4964896 0.2555976 -0.5005752 0.06212901 -0.5744556 0.08274003 -0.5558021 0.05800073 -0.5604656 0.0840022 -0.5601899 0.2604735 2.368863 0.1861517 2.532944 0.1403084 2.4075 0.1881489 2.552328 0.3143398 2.527147 0.183318 2.569291 0.1715239 -0.5788046 0.1398044 -0.5558743 0.1396038 -0.5705724 0.2066018 -0.5275638 0.2291846 -0.5144291 0.2055687 -0.5226997 0.2326147 -0.5287228 0.2995268 -0.4699395 0.296947 -0.4656883 0.2904438 -0.4721639 0.2841963 -0.1082837 0.2726231 -0.1320127 0.2845176 -0.1174554 -0.08450854 -0.580554 -0.1186474 -0.5689276 -0.1154768 -0.591921 0.3791861 2.326156 0.3143398 2.527147 0.2604735 2.368863 0.4194262 2.453508 0.429674 2.470083 0.4438529 2.480572 0.1249142 -0.2856856 0.1008142 -0.2962265 0.1090488 -0.2968538 0.09636197 -0.5510072 0.0881203 -0.5504809 0.08879924 -0.5549958 -0.02788006 -0.5771325 -0.004621115 -0.561908 -0.02978455 -0.562671 -0.00405601 -0.5664386 0.2604735 2.368863 0.1861517 2.532944 0.1403084 2.4075 0.1881489 2.552328 0.3143398 2.527147 0.183318 2.569291 0.1052582 -0.5778951 0.1366294 -0.5880201 0.1063368 -0.5632352 0.08306966 -0.5554934 0.1080752 -0.5674303 0.107939 -0.5527314 0.08298524 -0.5604653 0.06886684 -0.5500488 0.07805565 -0.5517851 0.07746768 -0.5468472 0.06128176 -0.2978883 0.03504968 -0.3008691 0.05371745 -0.303085 -0.1052431 -0.5771556 -0.1389438 -0.5643141 -0.1365986 -0.5874063 0.3791861 2.326156 0.4194262 2.453508 0.2604735 2.368863 0.4438529 2.480572 0.3143398 2.527147 0.429674 2.470083 -0.03490503 -0.309841 -0.06104449 -0.3068994 -0.05423037 -0.3115652 -0.06948493 -0.5550373 -0.07720978 -0.5521168 -0.07788492 -0.5566324 -0.1080752 -0.5676081 -0.0829207 -0.5557752 -0.1079447 -0.5530224 -0.0829928 -0.5603403 0.1881489 2.552328 0.3143398 2.527147 0.183318 2.569291 0.1861517 2.532944 0.1403084 2.4075 0.2604735 2.368863 0.08417497 -0.5813404 0.1151572 -0.5925994 0.08578588 -0.5667294 0.004572146 -0.5616516 0.02766265 -0.5769681 0.02958338 -0.5623946 0.003793276 -0.5665629 -0.09434312 -0.5462561 -0.08605855 -0.5505937 -0.08518267 -0.5456987 -0.1215135 -0.277462 -0.1065129 -0.2887924 -0.09736008 -0.2881213 -0.1720589 -0.555114 -0.1710828 -0.5783045 -0.1391762 -0.5699251 0.3791861 2.326156 0.4194262 2.453508 0.2604735 2.368863 0.4438529 2.480572 0.3143398 2.527147 0.429674 2.470083 -0.2765315 -0.144049 -0.2886867 -0.1207214 -0.2887526 -0.1289796 -0.2899517 -0.478354 -0.2958121 -0.4725352 -0.2982713 -0.4763821 -0.2060793 -0.5276366 -0.2287657 -0.5149292 -0.2321514 -0.5291171 -0.2049892 -0.523203 0.1881489 2.552328 0.3143398 2.527147 0.183318 2.569291 0.2604735 2.368863 0.1861517 2.532944 0.1403084 2.4075 0.0597629 -0.5843547 0.0902466 -0.596901 0.0619841 -0.569824 -0.08289537 -0.5555194 -0.06246998 -0.5742429 -0.05830454 -0.5601459 -0.08442911 -0.5602496 -0.2545357 -0.4924509 -0.2479429 -0.4990829 -0.245633 -0.4946793 -0.1965904 -0.2304407 -0.1855094 -0.2456264 -0.1765538 -0.247632 -0.3806492 -0.4391605 -0.3890755 -0.460788 -0.3564916 -0.4659383 0.2604735 2.368863 0.4438529 2.480572 0.3143398 2.527147 0.429674 2.470083 0.4194262 2.453508 0.3791861 2.326156 -0.3029307 0.07384303 -0.2967041 0.0993999 -0.3021949 0.09323118 -0.5407477 -0.1355959 -0.5451866 -0.1366644 -0.5405563 -0.1438522 -0.5322911 -0.1937402 -0.5377327 -0.1683131 -0.5506221 -0.1751413 -0.528242 -0.1916306 0.1881489 2.552328 0.3143398 2.527147 0.183318 2.569291 0.2604735 2.368863 0.1861517 2.532944 0.1403084 2.4075 0.001794309 -0.5731825 -0.001940725 -0.5873996 0.02705668 -0.603078 -0.2389888 -0.5099482 -0.2636991 -0.5014685 -0.2475519 -0.521896 -0.2606973 -0.4975041 -0.4436234 -0.3290006 -0.4505408 -0.3229695 -0.4476824 -0.3318734 -0.2484215 -0.1733132 -0.2415354 -0.1908054 -0.2333768 -0.195008 0.03595074 0.5800546 0.02952 0.602357 0.0004987425 0.5866723 -1.220593 2.116153 -1.143497 2.31656 -1.274519 2.274416 -1.148328 2.299598 -1.146331 2.280213 -1.100488 2.154769 -0.2577044 0.1755227 -0.2428994 0.1972652 -0.2502068 0.1934176 -0.4564384 0.3200912 -0.4601515 0.3227479 -0.4625553 0.3145427 -0.2633967 0.5014891 -0.2389294 0.5102926 -0.247425 0.5221495 -0.2607629 0.4977596 -1.389853 2.217352 -1.274519 2.274416 -1.404032 2.227842 -1.220593 2.116153 -1.379605 2.200777 -1.339365 2.073426 -1.111087 -1.703656 -1.12247 -1.694355 -1.148773 -1.714225 1.368906 1.693388 1.351775 1.673664 1.376768 1.680967 1.349226 1.677934 1.350387 1.678439 1.342426 1.673874 1.351775 1.673664 1.501295 1.497094 1.5127 1.48215 1.521697 1.480338 0.4194262 2.453508 0.4012741 2.319024 0.4453487 2.445137 0.3791861 2.326156 0.426473 2.471676 0.4453487 2.445137 0.4499408 2.464098 0.4194262 2.453508 -1.807902 -0.8344728 -1.823187 -0.8101804 -1.851835 -0.8258892 1.498973 1.625258 1.505988 1.612469 1.534964 1.627559 1.501295 1.497094 1.520487 1.502628 1.509529 1.522076 1.529547 1.537322 1.520482 1.502615 1.543637 1.512317 1.509523 1.522063 -0.09684147 1.661391 -0.08400148 1.62715 -0.07552562 1.644722 -0.111852 1.64893 -0.06902219 1.663115 -0.09684147 1.661391 -0.07552562 1.644722 -0.08055825 1.672136 1.732751 1.618134 1.735544 1.603758 1.751899 1.614395 1.751899 1.614395 1.747553 1.595376 1.758446 1.597135 -0.03263595 1.645668 -0.05093753 1.657849 -0.0492108 1.638416 -0.04082823 1.662272 -1.416967 2.224353 -1.400446 2.231454 -1.401056 2.232965 -1.411541 2.205614 -1.389853 2.217352 -0.4972643 -1.92224 -0.6568132 -1.855542 -0.5065577 -1.940873 -0.6542498 -1.851545 -0.6367211 -1.857335 -0.6183403 -1.855113 -0.6169444 -1.854273 1.533876 -1.392251 1.39368 -1.495813 1.544381 -1.410229 1.383621 -1.477582 -2.260774 0.970877 -2.177713 1.123684 -2.27737 0.9834508 -2.16038 1.112145 1.416035 -1.530938 1.554106 -1.42864 1.40451 -1.513597 1.563096 -1.447421 0.1722951 -1.446559 0.01513072 -1.38642 0.01222712 -1.407039 0.1793215 -1.426959 0.1793215 -1.426959 0.01222712 -1.407039 0.1722951 -1.446559 0.01513072 -1.38642 1.563096 -1.447421 1.40451 -1.513597 1.416035 -1.530938 1.554106 -1.42864 -2.27737 0.9834508 -2.16038 1.112145 -2.177713 1.123684 -2.260774 0.970877 1.559279 1.900956 1.676495 1.771958 1.576102 1.913226 1.659376 1.760106 -0.3435484 0.5494372 -0.3700281 0.5242155 -0.3354696 0.5316795 -0.3699983 0.5437245 -0.3174645 0.6166687 -0.3408911 0.6317711 -0.3442085 0.6125462 -0.3264173 0.6340022 -0.3165828 0.5985348 -0.3214105 0.5796325 -0.3068985 0.5815991 -0.4972643 -1.92224 -0.6568132 -1.855542 -0.5065577 -1.940873 -0.6542498 -1.851545 -0.6367211 -1.857335 -0.6183403 -1.855113 -0.6169444 -1.854273 -0.5740554 0.2810549 -0.5863992 0.2673292 -0.5675021 0.272177 -0.6126505 0.2817623 -0.6372809 0.2874808 -0.6317768 0.277917 -0.6216749 0.2974429 -0.5676984 0.3866456 -0.5927916 0.4017563 -0.5870981 0.3845835 -0.5911976 0.4020931 -0.5754591 0.4100536 -0.3860274 0.3310366 -0.4115764 0.2981605 -0.3766964 0.3139038 -0.4182523 0.3164917 -0.1102794 0.2263033 -0.1412858 0.2585893 -0.1432726 0.226761 -0.3837245 -0.05467596 -0.2781871 -0.1437235 -0.2644884 -0.1149253 -0.4001629 -0.08923381 -0.1629679 -0.2451383 -0.130307 -0.2443935 -0.1621403 -0.2132588 -0.4097805 0.5231873 -0.4305938 0.5482354 -0.429285 0.5236092 -0.4112263 0.5503894 -0.1346881 0.5700563 -0.2639195 0.6114659 -0.2675026 0.584462 -0.131635 0.5930656 -0.06366871 0.5691037 -0.09198408 0.5961253 -0.096073 0.5732773 0.01722631 0.2460167 -0.00749529 0.2498842 -0.007967138 0.2211868 0.2012281 0.2364645 0.1811693 0.2536299 0.1819277 0.2313195 -0.1329888 -0.2439114 -0.131675 -0.2152402 -0.1645582 -0.2125091 0.3483559 0.4729771 0.3429402 0.4594335 0.3730052 0.4466513 0.2870132 0.5751321 0.151512 0.5883015 0.1537892 0.5652025 0.2843406 0.6022412 -0.304135 0.6049414 -0.3359414 0.5993154 -0.3116709 0.5869466 -0.3261072 0.616139 -0.4621233 0.5470394 -0.4622899 0.5454186 -0.4444453 0.5431916 -0.4685434 0.5289274 -0.4444467 0.5236825 0.2937598 -0.1000878 0.3000992 -0.07455872 0.2813752 -0.08151506 0.05511835 -0.2438988 0.07218528 -0.2123479 0.0473864 -0.2162586 0.07819902 -0.2338458 -0.7061474 0.0255527 -0.7018434 -0.002117936 -0.6867827 0.01028279 -0.7149046 0.0102432 -0.7160499 0.009084513 -0.5781422 0.371197 -0.5856611 0.3397842 -0.5672476 0.3462299 -0.595524 0.362387 -0.1278568 0.5938916 -0.2637764 0.5861532 -0.1310562 0.5709022 -0.2600215 0.6131336 1.555562 1.898002 1.659376 1.760106 1.559279 1.900956 1.641779 1.748975 1.563095 1.881149 1.562745 1.862638 1.562051 1.861164 -0.03169966 0.6023467 -0.03806069 0.5800243 -0.006238782 0.5726201 0.04188311 0.2430366 0.01767585 0.2493709 0.01432004 0.2208665 0.2553537 0.176643 0.240394 0.1983964 0.2353792 0.1766438 -0.001504978 -0.5874155 -0.005139987 -0.5732893 -0.03694717 -0.5807454 -0.2637764 -0.5861532 -0.1278568 -0.5938916 -0.1310562 -0.5709022 -0.2600215 -0.6131336 -0.5856611 -0.3397842 -0.5781422 -0.371197 -0.5672476 -0.3462299 -0.595524 -0.362387 -0.7018434 0.002117936 -0.7061474 -0.0255527 -0.6867827 -0.01028279 -0.7149046 -0.0102432 -0.7160499 -0.009084513 -2.226057 0.9478942 -2.143557 1.099875 -2.243654 0.9590252 -2.139841 1.096921 -2.147374 1.080068 -2.147024 1.061557 -2.146329 1.060083 0.255339 -0.1744149 0.2353645 -0.1744141 0.2405046 -0.1961374 0.01645829 -0.2495071 0.03823102 -0.2209994 0.01312567 -0.221 0.04082306 -0.2431716 -0.4685434 -0.5289274 -0.4444453 -0.5431916 -0.4444467 -0.5236825 -0.4622899 -0.5454186 -0.4621233 -0.5470394 -0.3359414 -0.5993154 -0.304135 -0.6049414 -0.3116709 -0.5869466 -0.3261072 -0.616139 0.151512 -0.5883015 0.2870132 -0.5751321 0.1537892 -0.5652025 0.2843406 -0.6022412 1.531313 -1.388254 1.383621 -1.477582 1.533876 -1.392251 1.374328 -1.458949 1.513784 -1.394044 1.495404 -1.391822 1.494008 -1.390982 0.3848944 -0.4644166 0.3766774 -0.4427087 0.3467244 -0.4557575 0.05665439 0.2434924 0.04885973 0.2158699 0.07956503 0.2334318 0.2945846 0.1018348 0.2822815 0.08320799 0.3009952 0.07622408 -0.06123063 -0.5842174 -0.06341033 -0.5697949 -0.09581083 -0.5739779 -0.2639195 -0.6114659 -0.1346881 -0.5700563 -0.2675026 -0.584462 -0.131635 -0.5930656 -0.4305938 -0.5482354 -0.4097805 -0.5231873 -0.429285 -0.5236092 -0.4112263 -0.5503894 -0.5927916 -0.4017563 -0.5676984 -0.3866456 -0.5870981 -0.3845835 -0.5911976 -0.4020931 -0.5754591 -0.4100536 -0.4972643 -1.92224 -0.6568132 -1.855542 -0.5065577 -1.940873 -0.6542498 -1.851545 -0.6367211 -1.857335 -0.6183403 -1.855113 -0.6169444 -1.854273 0.201756 -0.2343353 0.1824567 -0.2291861 0.181824 -0.2515003 -0.008473683 -0.2499057 0.01603007 -0.2237082 -0.008950507 -0.2212084 0.01640094 -0.2460284 -0.03999333 -0.6856944 -0.04006271 -0.714986 -0.02825597 -0.7012776 -0.04117075 -0.7137916 -0.05608694 -0.7043802 0.1218988 -0.6761481 0.1500222 -0.6602618 0.1327624 -0.6511675 0.1401873 -0.6828768 0.1364483 -0.5919767 0.2722414 -0.5822698 0.1393143 -0.5689434 0.2688779 -0.6093018 1.563095 1.881149 1.559279 1.900956 1.555562 1.898002 1.659376 1.760106 1.562745 1.862638 1.562051 1.861164 1.641779 1.748975 0.1703097 -0.5786372 0.1713292 -0.5554486 0.1386577 -0.5556138 0.1979345 0.1527096 0.1744211 0.136251 0.2093105 0.1304228 0.2884615 -0.1180693 0.2669219 -0.1239319 0.2763624 -0.1415346 -0.08483125 -0.5812597 -0.08642529 -0.5667607 -0.1189686 -0.5696287 -0.265435 -0.6108095 -0.1361012 -0.5697205 -0.2689511 -0.5837969 -0.1331052 -0.5927374 -0.3445948 -0.605993 -0.3277233 -0.5781371 -0.3469499 -0.5814448 -0.3251219 -0.6052531 -0.417367 -0.5819062 -0.3990442 -0.5590528 -0.4179608 -0.563824 -0.4157548 -0.5816712 -0.3982348 -0.5837004 -0.6169444 -1.854273 -0.5065577 -1.940873 -0.4972643 -1.92224 -0.6183403 -1.855113 -0.6367211 -1.857335 -0.6568132 -1.855542 -0.6542498 -1.851545 0.1242457 -0.2831635 0.1073019 -0.2725858 0.1001592 -0.2937355 -0.03752587 -0.2472175 -0.01013736 -0.2240526 -0.03465669 -0.21866 -0.01236894 -0.246264 0.2152304 -0.6522669 0.2259487 -0.6795272 0.23188 -0.6624352 0.2244787 -0.6788245 0.2071455 -0.6755649 0.2529775 -0.6145302 0.2662392 -0.6442746 0.2716407 -0.6202125 0.247011 -0.6411093 0.1373198 -0.569428 0.2667411 -0.6102403 0.2701994 -0.5832202 0.134373 -0.5924512 1.563095 1.881149 1.559279 1.900956 1.555562 1.898002 1.659376 1.760106 1.562745 1.862638 1.562051 1.861164 1.641779 1.748975 0.1062873 -0.5627039 0.1365546 -0.5875196 0.1389137 -0.5644288 0.1054055 -0.2266891 0.09452514 -0.2001301 0.08116156 -0.2328815 0.06143863 -0.3055744 0.04462856 -0.2908861 0.03519979 -0.3084951 -0.10521 -0.5779187 -0.1062934 -0.5633727 -0.1389174 -0.5650949 -0.2667411 -0.6102403 -0.1373198 -0.569428 -0.2701994 -0.5832202 -0.134373 -0.5924512 -0.2662392 -0.6442746 -0.2529775 -0.6145302 -0.2716407 -0.6202125 -0.247011 -0.6411093 -0.2259487 -0.6795272 -0.2152304 -0.6522669 -0.23188 -0.6624352 -0.2244787 -0.6788245 -0.2071455 -0.6755649 -0.4972643 -1.92224 -0.6568132 -1.855542 -0.5065577 -1.940873 -0.6367211 -1.857335 -0.6183403 -1.855113 -0.6169444 -1.854273 -0.6542498 -1.851545 -0.04418886 -0.2895929 -0.06099121 -0.3042901 -0.03485403 -0.3072519 -0.08109501 -0.2328574 -0.0947246 -0.2001013 -0.1055056 -0.2267008 -0.07270979 -0.2121689 0.3990442 -0.5590528 0.417367 -0.5819062 0.4179608 -0.563824 0.4157548 -0.5816712 0.3982348 -0.5837004 0.3277233 -0.5781371 0.3445948 -0.605993 0.3469499 -0.5814448 0.3251219 -0.6052531 0.1361012 -0.5697205 0.265435 -0.6108095 0.2689511 -0.5837969 0.1331052 -0.5927374 1.555562 1.898002 1.659376 1.760106 1.559279 1.900956 1.563095 1.881149 1.562745 1.862638 1.562051 1.861164 1.641779 1.748975 0.08650321 -0.5660829 0.1158823 -0.591944 0.1190491 -0.5689501 0.01183123 -0.2463351 0.03683613 -0.2472678 0.03392914 -0.2187142 -0.1234903 -0.2848831 -0.09929632 -0.2954499 -0.1065304 -0.2743313 -0.1386564 -0.5562926 -0.1713254 -0.5561276 -0.138415 -0.570877 -0.1364483 -0.5919767 -0.2722414 -0.5822698 -0.2688779 -0.6093018 -0.1393143 -0.5689434 -0.1327624 -0.6511675 -0.1401873 -0.6828768 -0.1218988 -0.6761481 -0.1500222 -0.6602618 0.03999333 -0.6856944 0.04117075 -0.7137916 0.05608694 -0.7043802 0.04006271 -0.714986 0.02825597 -0.7012776 -2.226057 0.9478942 -2.143557 1.099875 -2.243654 0.9590252 -2.147374 1.080068 -2.147024 1.061557 -2.146329 1.060083 -2.139841 1.096921 -0.2657461 -0.123271 -0.2872819 -0.1173945 -0.2753008 -0.140812 -0.2082088 0.132091 -0.1732068 0.1378864 -0.1966444 0.1544527 -0.1899796 0.1192061 0.5676984 -0.3866456 0.5927916 -0.4017563 0.5870981 -0.3845835 0.5911976 -0.4020931 0.5754591 -0.4100536 0.4097805 -0.5231873 0.4305938 -0.5482354 0.429285 -0.5236092 0.4112263 -0.5503894 0.1346881 -0.5700563 0.2639195 -0.6114659 0.2675026 -0.584462 0.131635 -0.5930656 1.555562 1.898002 1.659376 1.760106 1.559279 1.900956 1.641779 1.748975 1.563095 1.881149 1.562745 1.862638 1.562051 1.861164 0.06366871 -0.5691037 0.09198408 -0.5961253 0.096073 -0.5732773 -0.01722631 -0.2460167 0.00749529 -0.2498842 0.007967138 -0.2211868 -0.2012281 -0.2364645 -0.1811693 -0.2536299 -0.1819277 -0.2313195 -0.3429402 -0.4594335 -0.3730052 -0.4466513 -0.3483559 -0.4729771 -0.151512 -0.5883015 -0.2870132 -0.5751321 -0.2843406 -0.6022412 -0.1537892 -0.5652025 0.3359414 -0.5993154 0.304135 -0.6049414 0.3261072 -0.616139 0.3116709 -0.5869466 0.4444467 -0.5236825 0.4622899 -0.5454186 0.4685434 -0.5289274 0.4444453 -0.5431916 0.4621233 -0.5470394 -2.226057 0.9478942 -2.143557 1.099875 -2.243654 0.9590252 -2.139841 1.096921 -2.147374 1.080068 -2.147024 1.061557 -2.146329 1.060083 -0.2813752 0.08151506 -0.2937598 0.1000878 -0.3000992 0.07455872 -0.07819902 0.2338458 -0.0473864 0.2162586 -0.05511835 0.2438988 -0.07218528 0.2123479 0.7018434 0.002117936 0.7149046 -0.0102432 0.7160499 -0.009084513 0.7061474 -0.0255527 0.6867827 -0.01028279 0.5856611 -0.3397842 0.5781422 -0.371197 0.595524 -0.362387 0.5672476 -0.3462299 0.2637764 -0.5861532 0.1278568 -0.5938916 0.2600215 -0.6131336 0.1310562 -0.5709022 1.555562 1.898002 1.659376 1.760106 1.559279 1.900956 1.641779 1.748975 1.563095 1.881149 1.562745 1.862638 1.562051 1.861164 0.006238782 -0.5726201 0.03169966 -0.6023467 0.03806069 -0.5800243 -0.04188311 -0.2430366 -0.01767585 -0.2493709 -0.01432004 -0.2208665 -0.2553537 -0.176643 -0.240394 -0.1983964 -0.2353792 -0.1766438 0.005139987 0.5732893 0.03694717 0.5807454 0.001504978 0.5874155 0.1278568 0.5938916 0.2637764 0.5861532 0.2600215 0.6131336 0.1310562 0.5709022 0.5781422 0.371197 0.5856611 0.3397842 0.595524 0.362387 0.5672476 0.3462299 0.7149046 0.0102432 0.7018434 -0.002117936 0.7160499 0.009084513 0.7061474 0.0255527 0.6867827 0.01028279 -0.255339 0.1744149 -0.2353645 0.1744141 -0.2405046 0.1961374 -0.01645829 0.2495071 -0.03823102 0.2209994 -0.01312567 0.221 -0.04082306 0.2431716 -1.411541 2.205614 -1.379605 2.200777 -1.389853 2.217352 -1.403562 2.187811 1.847708 1.377858 1.735797 1.300334 1.858583 1.352882 1.726531 1.321615 -1.111087 -1.703656 -1.148773 -1.714225 -1.131207 -1.729397 1.829762 0.8666069 1.81113 0.8365387 1.836066 0.8386067 1.520487 1.502628 1.501295 1.497094 1.521697 1.480338 1.81222 1.445645 1.712418 1.350213 1.830773 1.412175 1.696957 1.378104 1.829941 1.453803 1.830773 1.412175 1.847082 1.422881 1.81222 1.445645 1.668717 1.358753 1.712418 1.350213 1.695604 1.37731 1.829762 0.8666069 1.806076 0.8582825 1.81113 0.8365387 1.668717 1.358753 1.683571 1.334195 1.712418 1.350213 -0.07552562 1.644722 -0.0496195 1.618911 -0.0492108 1.638416 -0.08400148 1.62715 -0.05093753 1.657849 -0.07552562 1.644722 -0.0492108 1.638416 -0.06517901 1.661261 1.751899 1.614395 1.735544 1.603758 1.747553 1.595376 0.6910365 -0.1060227 0.6672656 -0.09740268 0.6812112 -0.1110453 0.6833748 -0.0891678 0.6371784 -0.05035053 0.6270181 -0.05465548 0.6408149 -0.06844868 -0.5065577 -1.940873 -0.6673178 -1.87352 -0.5166163 -1.959104 -0.6568132 -1.855542 1.544381 -1.410229 1.40451 -1.513597 1.554106 -1.42864 1.39368 -1.495813 -2.27737 0.9834508 -2.195488 1.134527 -2.293457 0.9966715 -2.177713 1.123684 1.571478 -1.466482 1.416035 -1.530938 1.42811 -1.547901 1.563096 -1.447421 1.563096 -1.447421 1.42811 -1.547901 1.571478 -1.466482 1.416035 -1.530938 -2.293457 0.9966715 -2.177713 1.123684 -2.195488 1.134527 -2.27737 0.9834508 1.576102 1.913226 1.693092 1.784532 1.593434 1.924765 1.676495 1.771958 -0.5065577 -1.940873 -0.6673178 -1.87352 -0.5166163 -1.959104 -0.6568132 -1.855542 -0.4894018 0.4866884 -0.5038913 0.4701548 -0.4859983 0.4674786 -0.500315 0.4883207 -0.5189054 0.3821859 -0.5248892 0.3647228 -0.5139444 0.3633182 -0.5784327 0.3235648 -0.5973528 0.3188074 -0.5804533 0.3090602 -0.6157987 0.3383552 -0.6370842 0.3203604 -0.6196661 0.3115732 -0.6349911 0.3348548 -0.5587178 0.2881968 -0.5737058 0.3215535 -0.5771081 0.2947085 -0.5542726 0.3232716 -0.4195558 0.2537886 -0.4355493 0.2922308 -0.4387946 0.2570247 -0.4160431 0.2918954 -0.1754649 0.2288537 -0.3065565 0.2722427 -0.3089573 0.2340498 -0.1734642 0.2606812 -0.1101253 0.2547457 -0.1426225 0.2581201 -0.1113707 0.2260715 0.01614445 0.2471813 -0.009056066 0.2223585 0.01592443 0.2248591 -0.1465993 -0.2552646 -0.1140568 -0.2523869 -0.1478568 -0.2233991 -0.3311944 -0.201356 -0.1991194 -0.2416526 -0.1978672 -0.2097869 -0.332697 -0.2395948 -0.5057172 -0.05340925 -0.4993535 -0.0945565 -0.4868539 -0.05838708 -0.5172653 -0.08682543 -0.6163991 0.1998974 -0.6204616 0.1635544 -0.5987937 0.1914919 -0.632983 0.178515 -0.1149777 -0.252901 -0.1157435 -0.22421 -0.148738 -0.2238671 -0.6672656 -0.09740268 -0.6910365 -0.1060227 -0.6812112 -0.1110453 -0.6833748 -0.0891678 -0.6228699 0.08518294 -0.648132 0.1116241 -0.6423789 0.08518294 -0.6303867 0.11973 -0.4558412 0.1806779 -0.4779898 0.2159346 -0.4753503 0.1806779 -0.4586983 0.2188394 -0.1842333 0.2218559 -0.3169133 0.2601133 -0.3178268 0.2218559 -0.1834721 0.2537371 -0.6371784 -0.05035053 -0.6408149 -0.06844868 -0.6270181 -0.05465548 1.559279 1.900956 1.676495 1.771958 1.576102 1.913226 1.659376 1.760106 -0.1115931 0.2541062 -0.1441092 0.257293 -0.112673 0.2254253 0.04067651 0.2443453 0.01312959 0.2221552 0.03823493 0.222156 -0.1116659 -0.2534538 -0.1457384 -0.2247868 -0.1441797 -0.256639 -0.3169133 -0.2601133 -0.1842333 -0.2218559 -0.3178268 -0.2218559 -0.1834721 -0.2537371 -0.4779898 -0.2159346 -0.4558412 -0.1806779 -0.4753503 -0.1806779 -0.4586983 -0.2188394 -0.648132 -0.1116241 -0.6228699 -0.08518294 -0.6423789 -0.08518294 -0.6303867 -0.11973 -0.6672656 0.09740268 -0.6910365 0.1060227 -0.6833748 0.0891678 -0.6812112 0.1110453 -0.6408149 0.06844868 -0.6371784 0.05035053 -0.6270181 0.05465548 -2.243654 0.9590252 -2.16038 1.112145 -2.260774 0.970877 -2.143557 1.099875 -0.1123438 -0.254082 -0.1134077 -0.2254005 -0.146404 -0.2254005 -0.4894018 -0.4866884 -0.5038913 -0.4701548 -0.500315 -0.4883207 -0.4859983 -0.4674786 -0.6204616 -0.1635544 -0.6163991 -0.1998974 -0.5987937 -0.1914919 -0.632983 -0.178515 -0.4993535 0.0945565 -0.5057172 0.05340925 -0.4868539 0.05838708 -0.5172653 0.08682543 -0.1991194 0.2416526 -0.3311944 0.201356 -0.1978672 0.2097869 -0.332697 0.2395948 -0.5139444 -0.3633182 -0.5248892 -0.3647228 -0.5189054 -0.3821859 1.533876 -1.392251 1.39368 -1.495813 1.544381 -1.410229 1.383621 -1.477582 -0.1465142 0.2559311 -0.1147807 0.2243594 -0.1139696 0.2530492 0.07833084 0.2349968 0.04765692 0.2173801 0.07245447 0.2134609 -0.1101867 -0.2541003 -0.1444257 -0.2256325 -0.1426814 -0.257475 -0.3065565 -0.2722427 -0.1754649 -0.2288537 -0.3089573 -0.2340498 -0.1734642 -0.2606812 -0.4355493 -0.2922308 -0.4195558 -0.2537886 -0.4387946 -0.2570247 -0.4160431 -0.2918954 -0.5737058 -0.3215535 -0.5587178 -0.2881968 -0.5771081 -0.2947085 -0.5542726 -0.3232716 -0.6126505 -0.2817623 -0.6372809 -0.2874808 -0.6216749 -0.2974429 -0.6317768 -0.277917 -0.5863992 -0.2673292 -0.5740554 -0.2810549 -0.5675021 -0.272177 -0.5065577 -1.940873 -0.6673178 -1.87352 -0.5166163 -1.959104 -0.6568132 -1.855542 -0.1107165 -0.2547953 -0.1119638 -0.2261211 -0.1449595 -0.2263322 -0.1605887 -0.6712608 -0.1816051 -0.6648094 -0.1690155 -0.6783848 -0.1677888 -0.653129 -0.3700281 -0.5242155 -0.3435484 -0.5494372 -0.3354696 -0.5316795 -0.3699983 -0.5437245 -0.4115764 -0.2981605 -0.3860274 -0.3310366 -0.3766964 -0.3139038 -0.4182523 -0.3164917 -0.2781871 0.1437235 -0.3837245 0.05467596 -0.2644884 0.1149253 -0.4001629 0.08923381 -0.2666428 -0.5701233 -0.2754565 -0.5767626 -0.2616113 -0.5889724 1.659376 1.760106 1.576102 1.913226 1.559279 1.900956 1.676495 1.771958 -0.1629224 0.2458118 -0.129194 0.2163809 -0.130259 0.2450624 0.2098525 0.1316098 0.1749752 0.1375099 0.1916261 0.1187209 -0.1084536 -0.2548449 -0.1428856 -0.2266109 -0.1409245 -0.2584408 -0.2939303 -0.2858286 -0.1649352 -0.2365552 -0.298056 -0.2477833 -0.1614971 -0.2682596 -0.3732462 -0.368496 -0.3647206 -0.3277417 -0.3830153 -0.3345171 -0.3541466 -0.3645202 -0.4232626 -0.5033724 -0.4210145 -0.4668723 -0.4359222 -0.4794566 -0.404474 -0.4981199 -0.4112401 -0.534427 -0.4303827 -0.5509473 -0.4119338 -0.5525057 -0.4299596 -0.5399208 -0.3524958 -0.5214265 -0.3712557 -0.5267809 -0.3536713 -0.5323984 -0.6568132 -1.855542 -0.5166163 -1.959104 -0.5065577 -1.940873 -0.6673178 -1.87352 -0.1088122 -0.2556143 -0.1102734 -0.2269503 -0.1432666 -0.2274075 0.1590076 -0.671637 0.1373382 -0.6753445 0.1546934 -0.6817934 0.1444116 -0.6586926 0.1035832 -0.6332402 0.140148 -0.6326653 0.1334614 -0.6143379 0.1172802 -0.6471324 0.2112723 -0.4424927 0.2035286 -0.4834026 0.2255737 -0.4557619 0.1874109 -0.4724108 0.1294649 -0.2851024 0.2674744 -0.2805199 0.1365383 -0.2540064 0.2589863 -0.317835 0.04764373 -0.6275899 0.04322549 -0.6377013 0.06128186 -0.6415399 1.659376 1.760106 1.576102 1.913226 1.559279 1.900956 1.676495 1.771958 0.136326 -0.2615002 0.10586 -0.2287038 0.1039201 -0.2573394 0.08127769 -0.2339939 0.09483771 -0.2013234 0.07279733 -0.2133442 -0.1388395 -0.2291122 -0.1363135 -0.2609022 -0.1039115 -0.2567304 -0.1294649 -0.2851024 -0.2674744 -0.2805199 -0.2589863 -0.317835 -0.1365383 -0.2540064 -0.2112723 -0.4424927 -0.2035286 -0.4834026 -0.1874109 -0.4724108 -0.2255737 -0.4557619 -0.1334614 -0.6143379 -0.1172802 -0.6471324 -0.1035832 -0.6332402 -0.140148 -0.6326653 -0.1373382 -0.6753445 -0.1590076 -0.671637 -0.1546934 -0.6817934 -0.1444116 -0.6586926 -0.04764373 -0.6275899 -0.06128186 -0.6415399 -0.04322549 -0.6377013 -0.5065577 -1.940873 -0.6673178 -1.87352 -0.5166163 -1.959104 -0.6568132 -1.855542 -0.1388288 -0.2301436 -0.1038338 -0.2576768 -0.1058507 -0.2290465 0.4303827 -0.5509473 0.4112401 -0.534427 0.4119338 -0.5525057 0.4299596 -0.5399208 0.4210145 -0.4668723 0.4232626 -0.5033724 0.4359222 -0.4794566 0.404474 -0.4981199 0.3647206 -0.3277417 0.3732462 -0.368496 0.3830153 -0.3345171 0.3541466 -0.3645202 0.1649352 -0.2365552 0.2939303 -0.2858286 0.298056 -0.2477833 0.1614971 -0.2682596 0.3524958 -0.5214265 0.3536713 -0.5323984 0.3712557 -0.5267809 1.559279 1.900956 1.676495 1.771958 1.576102 1.913226 1.659376 1.760106 0.108408 -0.2554813 0.1408818 -0.2590743 0.1098464 -0.2268161 0.01268255 -0.247383 0.03482849 -0.2198006 0.01030768 -0.2251865 0.1621403 0.2132588 0.1629679 0.2451383 0.130307 0.2443935 0.2781871 0.1437235 0.3837245 0.05467596 0.4001629 0.08923381 0.2644884 0.1149253 0.4115764 -0.2981605 0.3860274 -0.3310366 0.4182523 -0.3164917 0.3766964 -0.3139038 0.3354696 -0.5316795 0.3699983 -0.5437245 0.3700281 -0.5242155 0.3435484 -0.5494372 0.1816051 -0.6648094 0.1605887 -0.6712608 0.1690155 -0.6783848 0.1677888 -0.653129 0.2666428 -0.5701233 0.2616113 -0.5889724 0.2754565 -0.5767626 -2.243654 0.9590252 -2.16038 1.112145 -2.260774 0.970877 -2.143557 1.099875 0.131675 0.2152402 0.1645582 0.2125091 0.1329888 0.2439114 0.6372809 -0.2874808 0.6126505 -0.2817623 0.6216749 -0.2974429 0.6317768 -0.277917 0.5587178 -0.2881968 0.5737058 -0.3215535 0.5771081 -0.2947085 0.5542726 -0.3232716 0.4195558 -0.2537886 0.4355493 -0.2922308 0.4387946 -0.2570247 0.4160431 -0.2918954 0.1754649 -0.2288537 0.3065565 -0.2722427 0.3089573 -0.2340498 0.1734642 -0.2606812 0.5863992 -0.2673292 0.5675021 -0.272177 0.5740554 -0.2810549 1.559279 1.900956 1.676495 1.771958 1.576102 1.913226 1.659376 1.760106 0.1101253 -0.2547457 0.1426225 -0.2581201 0.1113707 -0.2260715 -0.01614445 -0.2471813 0.009056066 -0.2223585 -0.01592443 -0.2248591 0.1478568 0.2233991 0.1465993 0.2552646 0.1140568 0.2523869 0.1991194 0.2416526 0.3311944 0.201356 0.332697 0.2395948 0.1978672 0.2097869 0.4993535 0.0945565 0.5057172 0.05340925 0.5172653 0.08682543 0.4868539 0.05838708 0.6204616 -0.1635544 0.6163991 -0.1998974 0.632983 -0.178515 0.5987937 -0.1914919 0.5038913 -0.4701548 0.4894018 -0.4866884 0.500315 -0.4883207 0.4859983 -0.4674786 0.5139444 -0.3633182 0.5189054 -0.3821859 0.5248892 -0.3647228 -2.243654 0.9590252 -2.16038 1.112145 -2.260774 0.970877 0.1157435 0.22421 0.148738 0.2238671 0.1149777 0.252901 0.6910365 0.1060227 0.6672656 0.09740268 0.6833748 0.0891678 0.6812112 0.1110453 0.6228699 -0.08518294 0.648132 -0.1116241 0.6423789 -0.08518294 0.6303867 -0.11973 0.4558412 -0.1806779 0.4779898 -0.2159346 0.4753503 -0.1806779 0.4586983 -0.2188394 0.1842333 -0.2218559 0.3169133 -0.2601133 0.3178268 -0.2218559 0.1834721 -0.2537371 0.6408149 0.06844868 0.6270181 0.05465548 0.6371784 0.05035053 1.559279 1.900956 1.676495 1.771958 1.576102 1.913226 1.659376 1.760106 0.1115931 -0.2541062 0.1441092 -0.257293 0.112673 -0.2254253 -0.04067651 -0.2443453 -0.01312959 -0.2221552 -0.03823493 -0.222156 0.1116659 0.2534538 0.1457384 0.2247868 0.1441797 0.256639 0.3169133 0.2601133 0.1842333 0.2218559 0.3178268 0.2218559 0.1834721 0.2537371 0.4779898 0.2159346 0.4558412 0.1806779 0.4753503 0.1806779 0.4586983 0.2188394 0.648132 0.1116241 0.6228699 0.08518294 0.6423789 0.08518294 0.6303867 0.11973 0.1123438 0.254082 0.1134077 0.2254005 0.146404 0.2254005 1.848864 1.419478 1.847708 1.377858 1.86451 1.387773 1.830773 1.412175 1.830773 1.412175 1.726531 1.321615 1.847708 1.377858 1.712418 1.350213 1.683571 1.334195 1.696562 1.308602 1.726531 1.321615 1.683571 1.334195 1.726531 1.321615 1.712418 1.350213 0.717756 0.01295297 0.6935872 -0.000930564 0.7130962 -0.000930564 0.7021973 0.02472286 0.6627236 -0.008715116 0.6572271 -0.02228912 0.6767361 -0.02228912 -0.5166163 -1.959104 -0.6770431 -1.891931 -0.5274463 -1.976888 -0.6673178 -1.87352 1.554106 -1.42864 1.416035 -1.530938 1.563096 -1.447421 1.40451 -1.513597 0.1722951 -1.446559 0.01513072 -1.38642 0.01222712 -1.407039 0.1793215 -1.426959 0.1793215 -1.426959 0.01222712 -1.407039 0.1722951 -1.446559 0.01513072 -1.38642 1.554106 -1.42864 1.416035 -1.530938 1.563096 -1.447421 1.40451 -1.513597 -0.5166163 -1.959104 -0.6770431 -1.891931 -0.5274463 -1.976888 -0.6673178 -1.87352 -0.6030731 0.3425884 -0.6309453 0.3424171 -0.6232066 0.3245086 -0.6200491 0.3522018 -0.5742594 0.3587403 -0.5689462 0.3399688 -0.5573823 0.3489544 -0.1119675 0.2254728 -0.1432144 0.2575262 -0.1449632 0.2256839 -0.6935872 -0.000930564 -0.717756 0.01295297 -0.7130962 -0.000930564 -0.7021973 0.02472286 -0.1134074 0.2247521 -0.1448586 0.2566049 -0.1464037 0.2247521 -0.6627236 -0.008715116 -0.6767361 -0.02228912 -0.6572271 -0.02228912 1.576102 1.913226 1.693092 1.784532 1.593434 1.924765 1.676495 1.771958 -0.6935872 0.000930564 -0.717756 -0.01295297 -0.7021973 -0.02472286 -0.7130962 0.000930564 -0.6767361 0.02228912 -0.6627236 0.008715116 -0.6572271 0.02228912 -2.260774 0.970877 -2.177713 1.123684 -2.27737 0.9834508 -2.16038 1.112145 -0.6030731 -0.3425884 -0.6309453 -0.3424171 -0.6200491 -0.3522018 -0.6232066 -0.3245086 -0.1475128 0.2550884 -0.1487274 0.2232212 -0.1157328 0.2235635 -0.5689462 -0.3399688 -0.5742594 -0.3587403 -0.5573823 -0.3489544 1.544381 -1.410229 1.40451 -1.513597 1.554106 -1.42864 1.39368 -1.495813 -0.6196661 -0.3115732 -0.6349911 -0.3348548 -0.6157987 -0.3383552 -0.6370842 -0.3203604 -0.5804533 -0.3090602 -0.5973528 -0.3188074 -0.5784327 -0.3235648 -0.5166163 -1.959104 -0.6770431 -1.891931 -0.5274463 -1.976888 -0.6673178 -1.87352 -0.3174645 -0.6166687 -0.3408911 -0.6317711 -0.3264173 -0.6340022 -0.3442085 -0.6125462 -0.165423 0.2438551 -0.1643496 0.2119829 -0.1314645 0.21469 -0.3214105 -0.5796325 -0.3165828 -0.5985348 -0.3068985 -0.5815991 1.576102 1.913226 1.693092 1.784532 1.593434 1.924765 1.676495 1.771958 -0.3951337 -0.5810005 -0.422268 -0.5746275 -0.4138241 -0.5865927 -0.410736 -0.5588917 -0.3494299 -0.5570843 -0.3592303 -0.5739531 -0.3404542 -0.5686559 -0.5166163 -1.959104 -0.6770431 -1.891931 -0.5274463 -1.976888 -0.6673178 -1.87352 0.07761462 -0.7088604 0.05093786 -0.7007836 0.06431274 -0.7149862 0.07551653 -0.6894645 0.136222 -0.2612923 0.1388283 -0.2295087 0.1058503 -0.2284085 0.02529486 -0.6571182 0.01174613 -0.6626768 0.02538409 -0.6766271 1.676495 1.771958 1.593434 1.924765 1.576102 1.913226 1.693092 1.784532 -0.05093786 -0.7007836 -0.07761462 -0.7088604 -0.06431274 -0.7149862 -0.07551653 -0.6894645 -0.02529486 -0.6571182 -0.02538409 -0.6766271 -0.01174613 -0.6626768 -0.6673178 -1.87352 -0.5274463 -1.976888 -0.5166163 -1.959104 -0.6770431 -1.891931 0.422268 -0.5746275 0.3951337 -0.5810005 0.4138241 -0.5865927 0.410736 -0.5588917 0.1102794 -0.2263033 0.1412858 -0.2585893 0.1432726 -0.226761 0.3494299 -0.5570843 0.3404542 -0.5686559 0.3592303 -0.5739531 1.676495 1.771958 1.593434 1.924765 1.693092 1.784532 0.3408911 -0.6317711 0.3174645 -0.6166687 0.3264173 -0.6340022 0.3442085 -0.6125462 0.3214105 -0.5796325 0.3068985 -0.5815991 0.3165828 -0.5985348 -2.16038 1.112145 -2.27737 0.9834508 -2.260774 0.970877 -2.177713 1.123684 0.6349911 -0.3348548 0.6196661 -0.3115732 0.6157987 -0.3383552 0.6370842 -0.3203604 0.1119675 -0.2254728 0.1432144 -0.2575262 0.1449632 -0.2256839 0.5804533 -0.3090602 0.5784327 -0.3235648 0.5973528 -0.3188074 1.576102 1.913226 1.693092 1.784532 1.593434 1.924765 1.676495 1.771958 0.6309453 -0.3424171 0.6030731 -0.3425884 0.6200491 -0.3522018 0.6232066 -0.3245086 0.5689462 -0.3399688 0.5573823 -0.3489544 0.5742594 -0.3587403 -2.260774 0.970877 -2.177713 1.123684 -2.27737 0.9834508 -2.16038 1.112145 0.717756 -0.01295297 0.6935872 0.000930564 0.7021973 -0.02472286 0.7130962 0.000930564 0.1134074 -0.2247521 0.1448586 -0.2566049 0.1464037 -0.2247521 0.6572271 0.02228912 0.6627236 0.008715116 0.6767361 0.02228912 1.576102 1.913226 1.693092 1.784532 1.593434 1.924765 1.676495 1.771958 -0.5274463 -1.976888 -0.6860324 -1.910712 -0.5389714 -1.994229 -0.6770431 -1.891931 0.966997 -1.236959 0.7999026 -1.256879 0.8069291 -1.27648 0.9640934 -1.21634 1.563096 -1.447421 1.42811 -1.547901 1.571478 -1.466482 1.416035 -1.530938 -0.5274463 -1.976888 -0.6860324 -1.910712 -0.5389714 -1.994229 -0.6770431 -1.891931 1.554106 -1.42864 1.416035 -1.530938 1.563096 -1.447421 1.40451 -1.513597 -2.27737 0.9834508 -2.195488 1.134527 -2.293457 0.9966715 1.554106 -1.42864 1.416035 -1.530938 1.563096 -1.447421 1.40451 -1.513597 -0.5274463 -1.976888 -0.6860324 -1.910712 -0.5389714 -1.994229 -0.6770431 -1.891931 1.554106 -1.42864 1.416035 -1.530938 1.563096 -1.447421 1.40451 -1.513597 -0.5274463 -1.976888 -0.6860324 -1.910712 -0.5389714 -1.994229 -0.6770431 -1.891931 1.40451 -1.513597 1.563096 -1.447421 1.554106 -1.42864 1.416035 -1.530938 -0.6770431 -1.891931 -0.5389714 -1.994229 -0.5274463 -1.976888 -0.6860324 -1.910712 1.40451 -1.513597 1.563096 -1.447421 1.554106 -1.42864 1.416035 -1.530938 -2.177713 1.123684 -2.293457 0.9966715 -2.27737 0.9834508 -2.195488 1.134527 1.593434 1.924765 1.709178 1.797753 1.61121 1.935608 1.693092 1.784532 -2.27737 0.9834508 -2.195488 1.134527 -2.293457 0.9966715 -2.177713 1.123684 1.593434 1.924765 1.709178 1.797753 1.61121 1.935608 1.693092 1.784532 -0.5510466 -2.011192 -0.6860324 -1.910712 -0.6944149 -1.929772 -0.5389714 -1.994229 -0.5389714 -1.994229 -0.6944149 -1.929772 -0.5510466 -2.011192 -0.6860324 -1.910712 1.416035 -1.530938 1.571478 -1.466482 1.563096 -1.447421 1.42811 -1.547901 -2.195488 1.134527 -2.309111 1.010401 -2.293457 0.9966715 -2.213602 1.144795 0.7999026 -1.256879 0.966997 -1.236959 0.9640934 -1.21634 0.8069291 -1.27648 -0.6860324 -1.910712 -0.5510466 -2.011192 -0.5389714 -1.994229 -0.6944149 -1.929772 1.416035 -1.530938 1.571478 -1.466482 1.563096 -1.447421 1.42811 -1.547901 0.01513072 -1.38642 0.1722951 -1.446559 0.1793215 -1.426959 0.01222712 -1.407039 1.416035 -1.530938 1.571478 -1.466482 1.563096 -1.447421 1.42811 -1.547901 0.01222712 -1.407039 0.1793215 -1.426959 0.01513072 -1.38642 0.1722951 -1.446559 1.42811 -1.547901 1.563096 -1.447421 1.416035 -1.530938 1.571478 -1.466482 -2.213602 1.144795 -2.293457 0.9966715 -2.195488 1.134527 -2.309111 1.010401 1.724832 1.811482 1.61121 1.935608 1.709178 1.797753 1.629324 1.945876 -2.213602 1.144795 -2.293457 0.9966715 -2.195488 1.134527 -2.309111 1.010401 1.724832 1.811482 1.61121 1.935608 1.709178 1.797753 1.629324 1.945876</float_array>
                    <technique_common>
                        <accessor count="2660" source="#ID64" stride="2">
                            <param name="S" type="float" />
                            <param name="T" type="float" />
                        </accessor>
                    </technique_common>
                </source>
                <vertices id="ID60">
                    <input semantic="POSITION" source="#ID58" />
                    <input semantic="NORMAL" source="#ID59" />
                </vertices>
                <triangles count="1342" material="Material2">
                    <input offset="0" semantic="VERTEX" source="#ID60" />
                    <input offset="1" semantic="TEXCOORD" source="#ID61" />
                    <p>0 0 1 1 2 2 1 1 0 0 3 3 2 4 4 5 5 6 4 5 2 4 1 7 6 8 0 9 2 10 0 9 6 8 7 11 8 12 3 13 0 14 9 15 10 16 11 17 10 16 9 15 12 18 10 16 12 18 13 19 14 20 10 16 13 19 5 21 15 22 16 23 15 22 5 21 17 24 17 24 5 21 4 25 5 26 6 27 2 28 6 27 5 26 18 29 19 30 0 31 7 32 20 33 7 34 6 35 7 34 20 33 21 36 22 37 3 38 8 39 19 40 8 41 0 42 23 43 24 44 25 45 24 44 23 43 26 46 24 44 26 46 27 47 27 47 26 46 28 48 27 47 28 48 29 49 27 47 29 49 30 50 11 51 31 52 32 53 31 52 11 51 33 54 33 54 11 51 34 55 34 55 11 51 10 56 35 57 36 58 37 59 36 58 35 57 38 60 36 58 38 60 39 61 36 58 39 61 40 62 38 60 35 57 41 63 15 64 42 65 16 66 42 65 15 64 43 67 16 68 18 69 5 70 18 69 16 68 44 71 18 72 20 73 6 74 20 73 18 72 45 75 46 76 19 77 7 78 47 79 21 80 20 81 21 80 47 79 48 82 21 83 46 84 7 85 49 86 50 87 51 88 50 87 49 86 52 89 53 90 54 91 55 92 56 93 57 94 58 95 59 96 56 97 58 98 60 99 61 100 62 101 61 100 60 99 63 102 61 100 63 102 64 103 61 100 64 103 65 104 61 100 65 104 66 105 61 100 66 105 67 106 68 107 69 108 70 109 69 108 68 107 71 110 72 111 73 112 74 113 73 112 72 111 24 114 24 114 72 111 75 115 24 114 75 115 76 116 24 114 76 116 77 117 24 114 77 117 25 118 78 119 79 120 80 121 79 120 78 119 81 122 82 123 80 124 83 125 80 124 82 123 78 126 84 127 83 128 85 129 83 128 84 127 86 130 83 128 86 130 82 131 37 132 87 133 88 134 87 133 37 132 89 135 89 135 37 132 90 136 90 136 37 132 91 137 91 137 37 132 36 138 92 139 41 140 35 141 41 140 92 139 93 142 93 142 92 139 94 143 94 143 92 139 95 144 95 144 92 139 96 145 97 146 42 147 43 148 98 149 37 59 99 150 37 59 98 149 35 151 16 152 100 153 44 154 100 153 16 152 42 155 101 156 18 157 44 158 18 157 101 156 45 159 102 160 20 161 45 162 20 161 102 160 47 163 103 164 104 165 105 166 104 165 103 164 106 167 107 168 21 169 48 170 108 171 109 172 110 173 109 172 108 171 111 174 111 174 108 171 112 175 112 175 113 176 111 174 107 177 46 178 21 179 103 180 105 181 114 182 115 183 116 184 117 185 67 186 118 187 61 188 118 187 67 186 119 189 119 189 67 186 120 190 118 187 119 189 121 191 118 187 121 191 122 192 118 187 122 192 123 193 68 194 124 195 71 196 124 195 68 194 125 197 126 198 127 199 128 200 127 201 126 202 129 203 130 204 104 205 106 206 104 205 130 204 131 207 132 208 133 209 134 210 133 209 132 208 135 211 135 211 132 208 136 212 135 211 136 212 137 213 137 213 136 212 138 214 137 213 138 214 139 215 139 215 138 214 140 216 139 215 140 216 141 217 141 217 140 216 142 218 141 217 142 218 143 219 143 219 142 218 144 220 143 219 144 220 145 221 145 221 144 220 146 222 145 221 146 222 147 223 147 223 146 222 148 224 147 223 148 224 149 225 149 225 148 224 150 226 149 225 150 226 151 227 151 227 150 226 152 228 151 227 152 228 153 229 153 229 152 228 154 230 153 229 154 230 155 231 70 232 156 233 157 234 156 233 70 232 69 235 158 236 79 237 81 238 159 239 160 240 161 241 160 240 159 239 162 242 160 240 162 242 163 243 163 243 162 242 164 244 163 243 164 244 165 245 163 243 165 245 166 246 167 247 168 248 169 249 169 250 168 251 170 252 171 253 172 254 173 255 172 254 171 253 174 256 80 257 175 258 176 259 175 258 80 257 79 260 83 261 176 262 177 263 176 262 83 261 80 264 85 265 177 266 178 267 177 266 85 265 83 268 179 269 84 270 85 271 84 270 179 269 180 272 180 273 179 274 181 275 88 276 182 277 183 278 182 277 88 276 184 279 182 277 184 279 185 280 182 277 185 280 186 281 184 279 88 276 87 282 99 283 88 284 187 285 88 284 99 283 37 286 188 287 45 288 101 289 45 288 188 287 189 290 45 288 189 290 102 291 190 292 188 293 101 294 188 293 190 292 191 295 97 296 191 297 190 298 192 299 35 300 98 301 35 300 192 299 92 302 92 303 193 304 96 305 193 304 92 303 194 306 194 306 92 303 195 307 195 307 92 303 196 308 195 307 196 308 197 309 97 310 100 311 42 312 198 313 98 314 99 315 98 314 198 313 199 316 100 317 101 318 44 319 101 318 100 317 190 320 200 321 201 322 202 323 108 324 203 325 112 326 203 325 108 324 204 327 204 327 108 324 205 328 205 328 108 324 206 329 207 330 208 331 209 332 210 333 211 334 212 335 211 334 210 333 213 336 214 337 215 338 216 339 217 340 214 341 216 342 218 343 219 344 220 345 219 344 218 343 221 346 219 344 221 346 222 347 219 344 222 347 223 348 219 344 223 348 224 349 219 344 224 349 225 350 125 351 226 352 124 353 226 352 125 351 227 354 157 355 228 356 229 357 228 356 157 355 156 358 227 359 230 360 226 361 230 360 227 359 231 362 232 363 231 364 233 365 231 364 232 363 230 366 234 367 233 368 235 369 233 368 234 367 232 370 236 371 235 372 237 373 235 372 236 371 234 374 238 375 237 376 239 377 237 376 238 375 236 378 240 379 239 380 241 381 239 380 240 379 238 382 242 383 241 384 243 385 241 384 242 383 240 386 242 387 244 388 245 389 244 388 242 387 243 390 245 391 246 392 247 393 246 392 245 391 244 394 248 395 246 396 249 397 246 396 248 395 247 398 250 399 249 400 251 401 249 400 250 399 248 402 252 403 251 404 253 405 251 404 252 403 250 406 254 407 253 408 255 409 253 408 254 407 252 410 256 411 255 412 257 413 255 412 256 411 254 414 258 415 257 416 259 417 257 416 258 415 256 418 260 419 259 420 261 421 259 420 260 419 258 422 262 423 261 424 263 425 261 424 262 423 260 426 264 427 263 428 265 429 263 428 264 427 262 430 228 431 265 432 229 433 265 432 228 431 264 434 158 435 266 436 79 437 267 438 268 439 269 440 268 439 267 438 270 441 268 439 270 441 271 442 272 443 268 439 271 442 273 444 274 445 275 446 276 447 277 448 278 449 277 448 276 447 279 450 280 451 281 452 282 453 283 454 280 455 282 456 160 457 284 458 161 459 284 458 160 457 285 460 285 460 160 457 286 461 286 461 160 457 287 462 287 462 160 457 288 463 288 463 160 457 289 464 290 465 291 466 292 467 173 468 293 469 294 470 293 469 173 468 172 471 266 472 175 473 79 474 176 475 295 476 296 477 295 476 176 475 175 478 177 479 296 480 297 481 296 480 177 479 176 482 298 483 177 484 297 485 177 484 298 483 178 486 299 487 85 488 178 489 85 488 299 487 179 490 181 491 179 492 299 493 181 494 300 495 301 496 302 497 300 498 298 499 300 498 302 497 301 500 303 501 297 502 304 503 297 502 303 501 302 504 297 502 302 504 298 505 182 506 305 507 183 508 305 507 182 506 306 509 306 509 182 506 307 510 307 510 182 506 308 511 308 511 182 506 309 512 187 513 183 514 310 515 183 514 187 513 88 516 311 517 99 518 187 519 99 518 311 517 198 520 97 521 190 522 100 523 312 524 98 525 199 526 98 525 312 524 192 527 192 528 196 529 92 530 196 529 192 528 313 531 196 532 314 533 197 534 314 533 196 532 315 535 314 533 315 535 316 536 316 536 315 535 317 537 317 537 315 535 318 538 319 539 320 540 321 541 322 542 321 543 323 544 321 543 322 542 319 545 324 546 322 547 323 548 322 547 324 546 325 549 325 549 324 546 326 550 327 551 199 552 198 553 199 552 327 551 328 554 329 555 326 556 324 557 326 556 329 555 330 558 331 559 330 560 329 561 330 560 331 559 208 562 209 563 208 564 331 565 332 566 333 567 334 568 335 569 336 570 337 571 338 572 339 573 340 574 341 575 342 576 343 577 342 576 341 575 344 578 344 578 341 575 345 579 345 579 346 580 344 578 347 581 219 582 225 583 219 582 347 581 348 584 219 582 348 584 349 585 219 582 349 585 350 586 219 582 350 586 351 587 219 582 351 587 352 588 353 589 354 590 355 591 356 592 354 593 353 594 357 595 358 596 359 597 358 596 357 595 360 598 361 599 362 600 363 601 362 600 361 599 364 602 364 602 361 599 365 603 365 603 361 599 366 604 366 604 361 599 367 605 367 605 361 599 368 606 369 607 361 608 363 609 361 608 369 607 370 610 361 608 370 610 371 611 361 608 371 611 372 612 361 608 372 612 373 613 361 608 373 613 374 614 375 615 376 616 377 617 376 616 375 615 378 618 378 618 375 615 379 619 379 619 375 615 380 620 380 620 375 615 381 621 381 621 375 615 382 622 383 623 375 624 377 625 375 624 383 623 384 626 375 624 384 626 385 627 375 624 385 627 386 628 375 624 386 628 387 629 375 624 387 629 388 630 389 631 390 632 391 633 390 632 389 631 392 634 392 634 389 631 393 635 393 635 389 631 394 636 394 636 389 631 395 637 395 637 389 631 396 638 389 639 397 640 398 641 397 640 389 639 399 642 399 642 389 639 400 643 400 643 389 639 401 644 401 644 389 639 402 645 402 645 389 639 391 646 403 647 404 648 405 649 404 648 403 647 406 650 404 648 406 650 407 651 406 650 403 647 408 652 408 652 403 647 409 653 409 653 403 647 410 654 411 655 412 656 413 657 412 656 411 655 405 658 412 656 405 658 414 659 414 659 405 658 415 660 415 660 405 658 416 661 416 661 405 658 404 662 417 663 418 664 419 665 418 664 417 663 420 666 420 666 417 663 421 667 420 666 421 667 422 668 422 668 421 667 423 669 423 669 421 667 424 670 425 671 426 672 427 673 426 672 425 671 417 674 426 672 417 674 428 675 428 675 417 674 429 676 429 676 417 674 430 677 430 677 417 674 419 678 431 679 432 680 433 681 432 680 431 679 434 682 434 682 431 679 435 683 434 682 435 683 436 684 436 684 435 683 437 685 437 685 435 683 438 686 439 687 431 688 433 689 431 688 439 687 440 690 431 688 440 690 441 691 431 688 441 691 442 692 431 688 442 692 443 693 431 688 443 693 444 694 445 695 446 696 447 697 446 696 445 695 448 698 448 698 445 695 449 699 449 699 445 695 450 700 450 700 445 695 451 701 451 701 445 695 452 702 453 703 445 704 447 705 445 704 453 703 454 706 445 704 454 706 455 707 445 704 455 707 456 708 445 704 456 708 457 709 445 704 457 709 458 710 459 711 460 712 461 713 460 712 459 711 462 714 462 714 459 711 463 715 463 715 459 711 464 716 464 716 459 711 465 717 465 717 459 711 466 718 467 719 459 720 461 721 459 720 467 719 468 722 459 720 468 722 469 723 459 720 469 723 470 724 459 720 470 724 471 725 459 720 471 725 472 726 304 727 296 728 473 729 296 728 304 727 297 730 296 731 275 732 473 733 275 732 296 731 295 734 268 735 474 736 269 737 474 736 268 735 475 738 475 738 268 735 476 739 476 739 268 735 477 740 273 741 275 742 295 743 478 744 479 745 480 746 481 747 482 748 483 749 484 750 485 751 486 752 487 753 488 754 489 755 489 756 488 757 490 758 491 759 492 760 493 761 492 760 491 759 494 762 294 763 293 764 495 765 266 766 496 767 175 768 496 769 295 770 175 771 300 772 178 773 298 774 178 773 300 772 299 775 181 776 299 777 300 778 497 779 498 780 499 781 498 780 497 779 500 782 498 780 500 782 501 783 502 784 499 785 503 786 499 785 502 784 497 787 502 788 503 789 504 790 306 791 505 792 305 793 505 792 306 791 506 794 506 794 306 791 507 795 506 794 507 795 508 796 506 794 508 796 509 797 183 798 510 799 310 800 510 799 183 798 305 801 511 802 187 803 310 804 187 803 511 802 311 805 512 806 198 807 311 808 198 807 512 806 327 809 513 810 199 811 328 812 199 811 513 810 312 813 514 814 192 815 312 816 192 815 514 814 313 817 313 818 315 819 196 820 315 819 313 818 515 821 516 822 517 823 518 824 517 823 516 822 519 825 517 823 519 825 520 826 521 827 516 828 518 829 516 828 521 827 522 830 320 831 522 832 521 833 523 834 315 835 524 836 315 835 523 834 318 837 318 837 523 834 525 838 318 837 525 838 526 839 318 837 526 839 527 840 320 841 528 842 321 843 323 844 528 845 529 846 528 845 323 844 321 847 530 848 323 849 529 850 323 849 530 848 324 851 531 852 327 853 532 854 327 853 531 852 328 855 533 856 324 857 530 858 324 857 533 856 329 859 534 860 329 861 533 862 329 861 534 860 331 863 209 864 331 865 535 866 536 867 537 868 538 869 539 870 540 871 541 872 339 873 542 874 340 875 543 876 338 877 340 878 338 877 543 876 544 879 517 880 544 881 543 882 544 881 517 880 520 883 545 884 341 885 546 886 341 885 545 884 345 887 345 887 545 884 547 888 345 887 547 888 548 889 549 890 550 891 551 892 552 893 553 894 554 895 553 894 552 893 555 896 556 897 557 898 558 899 559 900 556 901 558 902 357 903 538 904 537 905 538 904 357 903 359 906 560 907 561 908 562 909 563 910 564 911 565 912 564 911 563 910 566 913 566 913 563 910 567 914 567 914 563 910 568 915 569 916 570 917 571 918 572 919 569 920 571 921 573 922 574 923 575 924 574 923 573 922 576 925 577 926 565 927 578 928 565 927 577 926 563 929 563 929 577 926 579 930 563 929 579 930 580 931 581 932 582 933 583 934 584 935 585 936 586 937 585 936 584 935 587 938 588 939 589 940 590 941 591 942 590 943 589 944 592 945 593 946 594 947 595 948 596 949 597 950 596 949 595 948 598 951 598 951 595 948 599 952 599 952 595 948 600 953 601 954 602 955 603 956 604 957 603 958 602 959 605 960 606 961 607 962 606 961 605 960 608 963 609 964 597 965 610 966 597 965 609 964 595 967 595 967 609 964 611 968 595 967 611 968 612 969 613 970 614 971 615 972 616 973 617 974 618 975 617 974 616 973 619 976 620 977 621 978 622 979 622 980 621 981 623 982 624 983 625 984 626 985 627 986 628 987 629 988 628 987 627 986 630 989 630 989 627 986 631 990 631 990 627 986 632 991 633 992 634 993 635 994 635 995 634 996 636 997 637 998 638 999 639 1000 638 999 637 998 640 1001 627 1002 641 1003 642 1004 643 1005 629 1006 644 1007 629 1006 643 1005 641 1003 629 1006 641 1003 627 1002 645 1008 646 1009 647 1010 648 1011 649 1012 650 1013 649 1012 648 1011 651 1014 652 1015 653 1016 654 1017 653 1018 655 1019 654 1020 656 1021 657 1022 658 1023 659 1024 660 1025 661 1026 660 1025 659 1024 662 1027 660 1025 662 1027 663 1028 660 1025 663 1028 664 1029 665 1030 666 1031 667 1032 667 1033 666 1034 668 1035 669 1036 670 1037 671 1038 670 1037 669 1036 672 1039 661 1040 673 1041 674 1042 675 1043 660 1044 676 1045 660 1044 675 1043 673 1041 660 1044 673 1041 661 1040 677 1046 678 1047 679 1048 680 1049 681 1050 682 1051 681 1050 680 1049 683 1052 684 1053 685 1054 686 1055 686 1056 687 1057 684 1058 688 1059 689 1060 690 1061 691 1062 692 1063 693 1064 693 1064 694 1065 695 1066 694 1065 693 1064 696 1067 696 1067 693 1064 692 1063 697 1068 698 1069 699 1070 699 1071 698 1072 700 1073 701 1074 702 1075 703 1076 702 1075 701 1074 704 1077 705 1078 695 1079 706 1080 695 1079 705 1078 707 1081 695 1079 707 1081 708 1082 695 1079 708 1082 693 1083 709 1084 710 1085 711 1086 712 1087 713 1088 714 1089 713 1088 712 1087 715 1090 716 1091 717 1092 718 1093 719 1094 716 1095 718 1096 720 1097 721 1098 722 1099 723 1100 724 1101 725 1102 725 1102 726 1103 727 1104 726 1103 725 1102 728 1105 728 1105 725 1102 724 1101 729 1106 730 1107 731 1108 731 1109 730 1110 732 1111 733 1112 734 1113 735 1114 734 1113 733 1112 736 1115 737 1116 727 1117 738 1118 727 1117 737 1116 725 1119 725 1119 737 1116 739 1120 725 1119 739 1120 740 1121 741 1122 742 1123 743 1124 744 1125 745 1126 746 1127 745 1126 744 1125 747 1128 748 1129 749 1130 750 1131 751 1132 748 1133 750 1134 752 1135 753 1136 754 1137 755 1138 756 1139 757 1140 756 1139 755 1138 758 1141 758 1141 755 1138 759 1142 759 1142 755 1138 760 1143 761 1144 762 1145 763 1146 762 1147 764 1148 763 1149 765 1150 766 1151 767 1152 766 1151 765 1150 768 1153 769 1154 757 1155 770 1156 757 1155 769 1154 755 1157 755 1157 769 1154 771 1158 755 1157 771 1158 772 1159 773 1160 774 1161 775 1162 776 1163 777 1164 778 1165 777 1164 776 1163 779 1166 780 1167 781 1168 782 1169 783 1170 781 1171 780 1172 784 1173 785 1174 786 1175 787 1176 788 1177 789 1178 788 1177 787 1176 790 1179 790 1179 787 1176 791 1180 791 1180 787 1176 792 1181 793 1182 794 1183 795 1184 794 1185 796 1186 795 1187 797 1188 798 1189 799 1190 798 1189 797 1188 800 1191 801 1192 789 1193 802 1194 789 1193 801 1192 787 1195 787 1195 801 1192 803 1196 787 1195 803 1196 804 1197 805 1198 806 1199 807 1200 808 1201 809 1202 810 1203 809 1202 808 1201 811 1204 812 1205 813 1206 814 1207 815 1208 813 1209 812 1210 816 1211 485 1212 817 1213 485 1212 816 1211 486 1214 501 1215 817 1216 498 1217 817 1216 501 1215 816 1218 496 1219 273 1220 295 1221 484 1222 818 1223 485 1224 819 1225 820 1226 821 1227 493 1228 822 1229 823 1230 822 1229 493 1228 492 1231 499 1232 824 1233 825 1234 824 1233 499 1232 498 1235 826 1236 499 1237 825 1238 499 1237 826 1236 503 1239 503 1240 826 1241 504 1242 504 1243 827 1244 828 1245 829 1246 827 1247 830 1248 827 1247 829 1246 828 1249 830 1250 831 1251 829 1252 831 1251 832 1253 833 1254 832 1253 831 1251 830 1250 506 1255 834 1256 505 1257 834 1256 506 1255 835 1258 835 1258 506 1255 836 1259 836 1259 506 1255 837 1260 837 1260 506 1255 838 1261 305 1262 839 1263 510 1264 839 1263 305 1262 505 1265 310 1266 840 1267 511 1268 840 1267 310 1266 510 1269 841 1270 311 1271 511 1272 311 1271 841 1270 512 1273 532 1274 512 1275 842 1276 512 1275 532 1274 327 1277 513 1278 531 1279 843 1280 531 1279 513 1278 328 1281 844 1282 312 1283 513 1284 312 1283 844 1282 514 1285 845 1286 313 1287 514 1288 313 1287 845 1286 515 1289 524 1290 515 1291 846 1292 515 1291 524 1290 315 1293 529 1294 517 1295 530 1296 517 1295 529 1294 518 1297 529 1298 521 1299 518 1300 521 1299 529 1298 528 1301 320 1302 521 1303 528 1304 847 1305 524 1306 848 1307 524 1306 847 1305 523 1308 523 1308 847 1305 849 1309 849 1309 847 1305 850 1310 850 1310 847 1305 851 1311 852 1312 853 1313 854 1314 855 1315 852 1316 854 1317 852 1316 855 1315 856 1318 857 1319 856 1320 855 1321 856 1320 857 1319 858 1322 858 1322 857 1319 859 1323 530 1324 543 1325 533 1326 543 1325 530 1324 517 1327 535 1328 331 1329 534 1330 533 1331 340 1332 534 1333 340 1332 533 1331 543 1334 340 1335 542 1336 534 1337 860 1338 859 1339 857 1340 859 1339 860 1338 861 1341 862 1342 861 1343 860 1344 861 1343 862 1342 550 1345 551 1346 550 1347 862 1348 863 1349 864 1350 865 1351 866 1352 867 1353 868 1354 542 1355 535 1356 534 1357 561 1358 869 1359 562 1360 870 1361 560 1362 562 1363 560 1362 870 1361 871 1364 872 1365 871 1366 870 1367 871 1366 872 1365 873 1368 874 1369 875 1370 876 1371 876 1371 873 1372 872 1373 873 1372 876 1371 875 1370 877 1374 878 1375 879 1376 573 1377 880 1378 881 1379 880 1378 573 1377 575 1380 882 1381 883 1382 884 1383 883 1382 882 1381 885 1384 883 1382 885 1384 886 1385 887 1386 884 1387 888 1388 884 1387 887 1386 882 1389 581 1390 888 1391 889 1392 888 1391 581 1390 887 1393 890 1394 848 1395 891 1396 848 1395 890 1394 847 1397 847 1397 890 1394 892 1398 847 1397 892 1398 893 1399 847 1397 893 1399 894 1400 581 1401 889 1402 582 1403 895 1404 896 1405 897 1406 898 1407 899 1408 900 1409 593 1410 901 1411 594 1412 902 1413 592 1414 594 1415 592 1414 902 1413 903 1416 904 1417 903 1418 902 1419 903 1418 904 1417 905 1420 906 1421 905 1422 904 1423 905 1422 906 1421 907 1424 907 1424 906 1421 908 1425 909 1426 891 1427 910 1428 891 1427 909 1426 890 1429 890 1429 909 1426 911 1430 911 1430 909 1426 912 1431 912 1431 909 1426 913 1432 914 1433 915 1434 916 1435 607 1436 917 1437 918 1438 917 1437 607 1436 606 1439 919 1440 920 1441 921 1442 920 1441 919 1440 922 1443 923 1444 920 1441 922 1443 924 1445 921 1446 925 1447 921 1446 924 1445 919 1448 613 1449 925 1450 926 1451 925 1450 613 1449 924 1452 927 1453 910 1454 928 1455 910 1454 927 1453 909 1456 909 1456 927 1453 929 1457 909 1456 929 1457 930 1458 909 1456 930 1458 931 1459 613 1460 926 1461 614 1462 932 1463 933 1464 934 1465 935 1466 936 1467 937 1468 624 1469 938 1470 625 1471 939 1472 625 1473 940 1474 625 1473 939 1472 626 1475 941 1476 940 1477 942 1478 940 1477 941 1476 939 1479 943 1480 942 1481 944 1482 942 1481 943 1480 945 1483 942 1481 945 1483 941 1484 946 1485 928 1486 947 1487 928 1486 946 1485 927 1488 927 1488 946 1485 948 1489 948 1489 946 1485 949 1490 949 1490 946 1485 950 1491 951 1492 952 1493 953 1494 639 1495 954 1496 955 1497 954 1496 639 1495 638 1498 956 1499 957 1500 958 1501 957 1500 956 1499 959 1502 959 1502 956 1499 960 1503 961 1504 956 1505 962 1506 956 1505 961 1504 960 1507 645 1508 962 1509 963 1510 962 1509 645 1508 961 1511 964 1512 965 1513 966 1514 965 1513 964 1512 947 1515 947 1515 964 1512 967 1516 947 1515 967 1516 968 1517 947 1515 968 1517 946 1518 645 1519 963 1520 646 1521 969 1522 970 1523 971 1524 972 1525 973 1526 974 1527 656 1528 975 1529 657 1530 976 1531 657 1532 977 1533 657 1532 976 1531 658 1534 978 1535 977 1536 979 1537 977 1536 978 1535 976 1538 980 1539 979 1540 981 1541 979 1540 980 1539 982 1542 979 1540 982 1542 978 1543 983 1544 984 1545 985 1546 984 1545 983 1544 986 1547 984 1545 986 1547 987 1548 984 1545 987 1548 965 1549 965 1549 987 1548 966 1550 988 1551 989 1552 990 1553 671 1554 991 1555 992 1556 991 1555 671 1554 670 1557 993 1558 994 1559 995 1560 994 1559 993 1558 996 1561 996 1561 993 1558 997 1562 998 1563 997 1564 993 1565 997 1564 998 1563 999 1566 1000 1567 999 1568 998 1569 999 1568 1000 1567 678 1570 1001 1571 1002 1572 1003 1573 1002 1572 1001 1571 984 1574 984 1574 1001 1571 1004 1575 984 1574 1004 1575 1005 1576 984 1574 1005 1576 985 1577 679 1578 678 1579 1000 1580 1006 1581 1007 1582 1008 1583 1009 1584 1010 1585 1011 1586 688 1587 1012 1588 689 1589 1013 1590 689 1591 1014 1592 689 1591 1013 1590 690 1593 1015 1594 1014 1595 1016 1596 1014 1595 1015 1594 1013 1597 1017 1598 1016 1599 1018 1600 1016 1599 1017 1598 1019 1601 1016 1599 1019 1601 1015 1602 1020 1603 1002 1604 1021 1605 1002 1604 1020 1603 1022 1606 1022 1606 1020 1603 1023 1607 1023 1607 1020 1603 1024 1608 1002 1604 1022 1606 1003 1609 1025 1610 1026 1611 1027 1612 702 1613 1028 1614 703 1615 1028 1614 702 1613 1029 1616 1030 1617 1031 1618 1032 1619 1031 1618 1030 1617 1033 1620 1033 1620 1030 1617 1034 1621 1035 1622 1034 1623 1030 1624 1034 1623 1035 1622 1036 1625 1037 1626 1036 1627 1035 1628 1036 1627 1037 1626 710 1629 1038 1630 1021 1631 1039 1632 1021 1631 1038 1630 1040 1633 1021 1631 1040 1633 1041 1634 1021 1631 1041 1634 1042 1635 1021 1631 1042 1635 1020 1636 711 1637 710 1638 1037 1639 1043 1640 1044 1641 1045 1642 1046 1643 1047 1644 1048 1645 1049 1646 720 1647 722 1648 721 1649 1050 1650 1051 1651 1050 1650 721 1649 720 1652 1050 1653 1052 1654 1051 1655 1052 1654 1050 1653 1053 1656 1053 1657 1054 1658 1052 1659 1054 1658 1053 1657 1055 1660 1055 1660 1053 1657 1056 1661 1057 1662 1039 1663 1058 1664 1039 1663 1057 1662 1059 1665 1059 1665 1057 1662 1060 1666 1060 1666 1057 1662 1061 1667 1039 1663 1059 1665 1038 1668 1062 1669 1063 1670 1064 1671 736 1672 1065 1673 734 1674 1065 1673 736 1672 1066 1675 1067 1676 1068 1677 1069 1678 1068 1677 1067 1676 1070 1679 1070 1679 1067 1676 1071 1680 1072 1681 1071 1682 1067 1683 1071 1682 1072 1681 1073 1684 1074 1685 1073 1686 1072 1687 1073 1686 1074 1685 742 1688 1075 1689 1058 1690 1076 1691 1058 1690 1075 1689 1057 1692 1057 1692 1075 1689 1077 1693 1057 1692 1077 1693 1078 1694 1057 1692 1078 1694 1079 1695 743 1696 742 1697 1074 1698 1080 1699 1081 1700 1082 1701 1083 1702 1084 1703 1085 1704 1086 1705 752 1706 754 1707 753 1708 1087 1709 1088 1710 1087 1709 753 1708 752 1711 1088 1712 1089 1713 1090 1714 1089 1713 1088 1712 1087 1715 1089 1716 1091 1717 1090 1718 1091 1717 1089 1716 1092 1719 1092 1719 1093 1720 1091 1717 1094 1721 1076 1722 1095 1723 1076 1722 1094 1721 1075 1724 1075 1724 1094 1721 1096 1725 1096 1725 1094 1721 1097 1726 1097 1726 1094 1721 1098 1727 1099 1728 1100 1729 1101 1730 768 1731 1102 1732 766 1733 1102 1732 768 1731 1103 1734 1104 1735 1105 1736 1106 1737 1105 1736 1104 1735 1107 1738 1107 1738 1104 1735 1108 1739 1108 1740 1109 1741 1107 1742 1109 1741 1108 1740 1110 1743 1110 1744 775 1745 1109 1746 775 1745 1110 1744 1111 1747 835 1748 1095 1749 834 1750 1095 1749 835 1748 1094 1751 1094 1751 835 1748 1112 1752 1094 1751 1112 1752 1113 1753 1094 1751 1113 1753 1114 1754 773 1755 775 1756 1111 1757 1115 1758 1116 1759 1117 1760 1118 1761 1119 1762 1120 1763 1121 1764 784 1765 786 1766 785 1767 1122 1768 1123 1769 1122 1768 785 1767 784 1770 1123 1771 1124 1772 1125 1773 1124 1772 1123 1771 1122 1774 1126 1775 1127 1776 1128 1777 1127 1776 1126 1775 1125 1778 1127 1776 1125 1778 1124 1779 1129 1780 1130 1781 1131 1782 798 1783 1132 1784 1133 1785 1132 1784 798 1783 800 1786 832 1787 1134 1788 833 1789 1134 1788 832 1787 1135 1790 1135 1791 807 1792 1134 1793 807 1792 1135 1791 1136 1794 805 1795 807 1796 1136 1797 1137 1798 1138 1799 1139 1800 1140 1801 1141 1802 1142 1803 817 1804 1143 1805 1144 1806 1143 1805 817 1804 485 1807 498 1808 1144 1809 824 1810 1144 1809 498 1808 817 1811 818 1812 1143 1813 485 1814 823 1815 822 1816 1145 1817 818 1818 1146 1819 1143 1820 825 1821 832 1822 830 1823 832 1822 825 1821 824 1824 827 1825 825 1826 830 1827 825 1826 827 1825 826 1828 504 1829 826 1830 827 1831 1147 1832 1127 1833 1148 1834 1127 1833 1147 1832 1128 1835 1147 1836 1148 1837 1149 1838 505 1839 1150 1840 839 1841 1150 1840 505 1839 834 1842 510 1843 1151 1844 840 1845 1151 1844 510 1843 839 1846 511 1847 1152 1848 841 1849 1152 1848 511 1847 840 1850 842 1851 841 1852 1153 1853 841 1852 842 1851 512 1854 844 1855 843 1856 1154 1857 843 1856 844 1855 513 1858 1155 1859 514 1860 844 1861 514 1860 1155 1859 845 1862 846 1863 845 1864 1156 1865 845 1864 846 1863 515 1866 848 1867 846 1868 1157 1869 846 1868 848 1867 524 1870 1158 1871 874 1872 876 1873 874 1872 1158 1871 1159 1874 853 1875 1159 1876 1158 1877 854 1878 853 1879 1160 1880 855 1881 1160 1882 1161 1883 1160 1882 855 1881 854 1884 1162 1885 855 1886 1161 1887 855 1886 1162 1885 857 1888 1163 1889 857 1890 1162 1891 857 1890 1163 1889 860 1892 1164 1893 860 1894 1163 1895 860 1894 1164 1893 862 1896 551 1897 862 1898 1165 1899 1166 1900 881 1901 880 1902 562 1903 869 1904 1164 1905 1163 1906 562 1907 1164 1908 562 1907 1163 1906 870 1909 1162 1910 870 1911 1163 1912 870 1911 1162 1910 872 1913 1161 1914 872 1915 1162 1916 872 1915 1161 1914 876 1917 869 1918 1165 1919 1164 1920 883 1921 1167 1922 1168 1923 1167 1922 883 1921 886 1924 1169 1925 883 1926 1170 1927 883 1926 1169 1925 884 1928 1171 1929 884 1930 1169 1931 884 1930 1171 1929 888 1932 1172 1933 888 1934 1171 1935 888 1934 1172 1933 889 1936 1167 1937 1173 1938 1168 1939 891 1940 1157 1941 1174 1942 1157 1941 891 1940 848 1943 582 1944 889 1945 1175 1946 1176 1947 918 1948 917 1949 901 1950 1172 1951 594 1952 902 1953 1172 1954 1171 1955 1172 1954 902 1953 594 1956 904 1957 1171 1958 1169 1959 1171 1958 904 1957 902 1960 906 1961 1169 1962 1170 1963 1169 1962 906 1961 904 1964 906 1965 1177 1966 908 1967 1177 1966 906 1965 1178 1968 1173 1969 1177 1970 1178 1971 910 1972 1174 1973 1179 1974 1174 1973 910 1972 891 1975 901 1976 1175 1977 1172 1978 1180 1979 923 1980 1181 1981 923 1980 1180 1979 920 1982 921 1983 1182 1984 1183 1985 1182 1984 921 1983 920 1986 925 1987 1183 1988 1184 1989 1183 1988 925 1987 921 1990 926 1991 1184 1992 1185 1993 1184 1992 926 1991 925 1994 1180 1995 1181 1996 1186 1997 928 1998 1179 1999 1187 2000 1179 1999 928 1998 910 2001 926 2002 1188 2003 614 2004 1189 2005 955 2006 954 2007 938 2008 1185 2009 625 2010 940 2011 1185 2012 1184 2013 1185 2012 940 2011 625 2014 942 2015 1184 2016 1183 2017 1184 2016 942 2015 940 2018 944 2019 1183 2020 1182 2021 1183 2020 944 2019 942 2022 944 2023 1190 2024 943 2025 1190 2024 944 2023 1191 2026 1186 2027 1190 2028 1191 2029 947 2030 1187 2031 1192 2032 1187 2031 947 2030 928 2033 938 2034 1188 2035 1185 2036 1193 2037 957 2038 1194 2039 957 2038 1193 2037 958 2040 956 2041 1195 2042 1196 2043 1195 2042 956 2041 958 2044 962 2045 1196 2046 1197 2047 1196 2046 962 2045 956 2048 963 2049 1197 2050 1198 2051 1197 2050 963 2049 962 2052 1193 2053 1194 2054 1199 2055 947 2056 1200 2057 965 2058 1200 2057 947 2056 1192 2059 963 2060 1201 2061 646 2062 1202 2063 992 2064 991 2065 975 2066 1198 2067 657 2068 977 2069 1198 2070 1197 2071 1198 2070 977 2069 657 2072 979 2073 1197 2074 1196 2075 1197 2074 979 2073 977 2076 981 2077 1196 2078 1195 2079 1196 2078 981 2077 979 2080 981 2081 1203 2082 980 2083 1203 2082 981 2081 1204 2084 1204 2085 1199 2086 1203 2087 965 2088 1205 2089 984 2090 1205 2089 965 2088 1200 2091 975 2092 1201 2093 1198 2094 1206 2095 994 2096 1207 2097 994 2096 1206 2095 995 2098 993 2099 1208 2100 1209 2101 1208 2100 993 2099 995 2102 1210 2103 993 2104 1209 2105 993 2104 1210 2103 998 2106 1000 2107 1210 2108 1211 2109 1210 2108 1000 2107 998 2110 1206 2111 1207 2112 1212 2113 984 2114 1213 2115 1002 2116 1213 2115 984 2114 1205 2117 1000 2118 1214 2119 679 2120 1215 2121 1028 2122 1029 2123 1211 2124 689 2125 1012 2126 689 2127 1210 2128 1014 2129 1210 2128 689 2127 1211 2130 1210 2131 1016 2132 1014 2133 1016 2132 1210 2131 1209 2134 1209 2135 1018 2136 1016 2137 1018 2136 1209 2135 1208 2138 1017 2139 1216 2140 1217 2141 1216 2140 1017 2139 1018 2142 1216 2143 1212 2144 1217 2145 1021 2146 1213 2147 1218 2148 1213 2147 1021 2146 1002 2149 1211 2150 1012 2151 1214 2152 1219 2153 1032 2154 1031 2155 1032 2154 1219 2153 1220 2156 1221 2157 1032 2158 1222 2159 1032 2158 1221 2157 1030 2160 1223 2161 1030 2162 1221 2163 1030 2162 1223 2161 1035 2164 1224 2165 1035 2166 1223 2167 1035 2166 1224 2165 1037 2168 1220 2169 1219 2170 1225 2171 1039 2172 1218 2173 1226 2174 1218 2173 1039 2172 1021 2175 711 2176 1037 2177 1227 2178 1228 2179 1065 2180 1066 2181 1224 2182 720 2183 1049 2184 720 2185 1223 2186 1050 2187 1223 2186 720 2185 1224 2188 1050 2189 1221 2190 1053 2191 1221 2190 1050 2189 1223 2192 1221 2193 1056 2194 1053 2195 1056 2194 1221 2193 1222 2196 1055 2197 1229 2198 1230 2199 1229 2198 1055 2197 1056 2200 1229 2201 1225 2202 1230 2203 1058 2204 1226 2205 1231 2206 1226 2205 1058 2204 1039 2207 1227 2208 1224 2209 1049 2210 1232 2211 1069 2212 1068 2213 1069 2212 1232 2211 1233 2214 1234 2215 1069 2216 1235 2217 1069 2216 1234 2215 1067 2218 1236 2219 1067 2220 1234 2221 1067 2220 1236 2219 1072 2222 1237 2223 1072 2224 1236 2225 1072 2224 1237 2223 1074 2226 1238 2227 1233 2228 1232 2229 1076 2230 1231 2231 1239 2232 1231 2231 1076 2230 1058 2233 743 2234 1074 2235 1240 2236 1241 2237 1102 2238 1103 2239 1237 2240 752 2241 1086 2242 752 2243 1236 2244 1087 2245 1236 2244 752 2243 1237 2246 1087 2247 1234 2248 1089 2249 1234 2248 1087 2247 1236 2250 1089 2251 1235 2252 1092 2253 1235 2252 1089 2251 1234 2254 1093 2255 1242 2256 1243 2257 1242 2256 1093 2255 1092 2258 1242 2259 1238 2260 1243 2261 1095 2262 1239 2263 1244 2264 1239 2263 1095 2262 1076 1722 1240 2265 1237 2266 1086 2267 1245 2268 1104 2269 1106 2270 1104 2269 1245 2268 1246 2271 1247 2272 1104 2273 1248 2274 1104 2273 1247 2272 1108 2275 1249 2276 1108 2277 1247 2278 1108 2277 1249 2276 1110 2279 1250 2280 1110 2281 1249 2282 1110 2281 1250 2280 1111 2283 1149 2284 1246 2285 1245 2286 834 2287 1244 2288 1150 2289 1244 2288 834 2287 1095 2290 773 2291 1111 2292 1251 2293 1252 2294 1133 2295 1132 2296 1121 2297 1250 2298 784 2299 1122 2300 1250 2301 1249 2302 1250 2301 1122 2300 784 2303 1124 2304 1249 2305 1247 2306 1249 2305 1124 2304 1122 2307 1127 2308 1247 2309 1248 2310 1247 2309 1127 2308 1124 2311 1121 2312 1251 2313 1250 2314 824 2315 1135 2316 832 2317 1135 2316 824 2315 1144 2318 1144 2319 1136 2320 1135 2321 1136 2320 1144 2319 1143 2322 1146 2323 805 2324 1136 2325 1146 2326 1136 2327 1143 2328 1148 2329 1248 2330 1253 2331 1248 2330 1148 2329 1127 2332 1148 2333 1253 2334 1149 2335 839 2336 1254 2337 1151 2338 1254 2337 839 2336 1150 2339 840 2340 1255 2341 1152 2342 1255 2341 840 2340 1151 2343 1153 2344 1152 2345 1256 2346 1152 2345 1153 2344 841 2347 1155 2348 1154 2349 1257 2350 1154 2349 1155 2348 844 2351 1156 2352 1155 2353 1258 2354 1155 2353 1156 2352 845 2355 1157 2356 1156 2357 1259 2358 1156 2357 1157 2356 846 2359 1161 2360 1158 2361 876 2362 1158 2361 1161 2360 1160 2363 853 2364 1158 2365 1160 2366 1165 2367 862 2368 1164 2369 1170 2370 1168 2371 1260 2372 1168 2371 1170 2370 883 2373 1175 2374 889 2375 1172 2376 1168 2377 1173 2378 1260 2379 1174 2380 1259 2381 1261 2382 1259 2381 1174 2380 1157 2383 1170 2384 1178 2385 906 2386 1178 2385 1170 2384 1260 2387 1173 2388 1178 2389 1260 2390 1179 2391 1261 2392 1262 2393 1261 2392 1179 2391 1174 2394 1182 2395 1180 2396 1263 2397 1180 2396 1182 2395 920 2398 926 2399 1185 2400 1188 2401 1180 2402 1186 2403 1263 2404 1187 2405 1262 2406 1264 2407 1262 2406 1187 2405 1179 2408 1182 2409 1191 2410 944 2411 1191 2410 1182 2409 1263 2412 1263 2413 1186 2414 1191 2415 1192 2416 1264 2417 1265 2418 1264 2417 1192 2416 1187 2419 1195 2420 1193 2421 1266 2422 1193 2421 1195 2420 958 2423 963 2424 1198 2425 1201 2426 1193 2427 1199 2428 1266 2429 1200 2430 1265 2431 1267 2432 1265 2431 1200 2430 1192 2433 981 2434 1266 2435 1204 2436 1266 2435 981 2434 1195 2437 1266 2438 1199 2439 1204 2440 1205 2441 1267 2442 1268 2443 1267 2442 1205 2441 1200 2444 1269 2445 995 2446 1206 2447 995 2446 1269 2445 1208 2448 1000 2449 1211 2450 1214 2451 1269 2452 1206 2453 1212 2454 1205 2455 1270 2456 1213 2457 1270 2456 1205 2455 1268 2458 1018 2459 1269 2460 1216 2461 1269 2460 1018 2459 1208 2462 1269 2463 1212 2464 1216 2465 1213 2466 1271 2467 1218 2468 1271 2467 1213 2466 1270 2469 1272 2470 1032 2471 1220 2472 1032 2471 1272 2470 1222 2473 1227 2474 1037 2475 1224 2476 1272 2477 1220 2478 1225 2479 1218 2480 1273 2481 1226 2174 1273 2481 1218 2480 1271 2482 1229 2483 1222 2484 1272 2485 1222 2484 1229 2483 1056 2486 1229 2487 1272 2488 1225 2489 1226 2490 1274 2491 1231 2492 1274 2491 1226 2490 1273 2493 1233 2494 1235 2495 1069 2496 1235 2495 1233 2494 1275 2497 1240 2498 1074 2499 1237 2500 1275 2501 1233 2502 1238 2503 1239 2504 1274 2505 1276 2506 1274 2505 1239 2504 1231 2507 1242 2508 1235 2509 1275 2510 1235 2509 1242 2508 1092 2511 1242 2512 1275 2513 1238 2514 1244 2515 1276 2516 1277 2517 1276 2516 1244 2515 1239 2518 1246 2519 1248 2520 1104 2521 1248 2520 1246 2519 1253 2522 1251 2523 1111 2524 1250 2525 1253 2526 1246 2527 1149 2528 1150 2529 1277 2530 1254 2531 1277 2530 1150 2529 1244 2532 1151 2533 1278 2534 1255 2535 1278 2534 1151 2533 1254 2536 1256 2537 1255 2538 1279 2539 1255 2538 1256 2537 1152 2540 1258 2541 1257 2542 1280 2543 1257 2542 1258 2541 1155 2544 1259 2545 1258 2546 1281 2547 1258 2546 1259 2545 1156 2548 1261 2549 1281 2550 1282 2551 1281 2550 1261 2549 1259 2552 1262 2553 1282 2554 1283 2555 1282 2554 1262 2553 1261 1267 1264 2556 1283 2557 1284 2558 1283 2557 1264 2556 1262 2559 1265 2560 1284 2561 1285 2562 1284 2561 1265 2560 1264 2563 1267 2564 1285 2565 1286 2566 1285 2565 1267 2564 1265 2567 1268 2568 1286 2569 1287 2570 1286 2569 1268 2568 1267 2571 1268 2572 1288 2573 1270 2574 1288 2573 1268 2572 1287 2575 1270 2576 1289 2577 1271 2578 1289 2577 1270 2576 1288 2579 1271 2580 1290 2581 1273 2582 1290 2581 1271 2580 1289 2583 1273 2584 1291 2585 1274 2586 1291 2585 1273 2584 1290 2587 1276 2588 1291 2589 1292 2590 1291 2589 1276 2588 1274 2591 1277 2592 1292 2593 1293 2594 1292 2593 1277 2592 1276 2595 1254 2596 1293 2597 1278 2598 1293 2597 1254 2596 1277 2599 1279 2600 1278 2601 1294 2602 1278 2601 1279 2600 1255 2603 1281 2604 1280 2605 1295 2606 1280 2605 1281 2604 1258 2607 1281 2608 1296 2609 1282 2610 1296 2609 1281 2608 1295 2611 1282 2612 1297 2613 1283 2614 1297 2613 1282 2612 1296 2615 1283 2616 1298 2617 1284 2618 1298 2617 1283 2616 1297 2619 1284 2620 1299 2621 1285 2622 1299 2621 1284 2620 1298 2623 1285 2624 1300 2625 1286 2626 1300 2625 1285 2624 1299 2627 1286 2628 1301 2629 1287 2630 1301 2629 1286 2628 1300 2631 1287 2632 1302 2633 1288 2634 1302 2633 1287 2632 1301 2635 1302 2636 1289 2637 1288 2638 1289 2637 1302 2636 1303 2639 1303 2640 1290 2641 1289 2642 1290 2641 1303 2640 1304 2643 1304 2644 1291 2645 1290 2646 1291 2645 1304 2644 1305 2647 1305 2648 1292 2649 1291 2650 1292 2649 1305 2648 1306 2651 1306 2652 1293 2653 1292 2654 1293 2653 1306 2652 1307 2655 1307 2656 1278 2657 1293 2658 1278 2657 1307 2656 1294 2659</p>
                </triangles>
            </mesh>
        </geometry>
        <geometry id="ID65">
            <mesh>
                <source id="ID71">
                    <float_array id="ID75" count="498">-0.2687506 -0.6255082 0.1551632 -0.3909984 -0.6017156 0.1047677 -0.2997523 -0.6255082 0.08031839 -0.3505596 -0.6017156 0.2023957 -0.2194339 -0.6255082 0.2194339 -0.2862307 -0.6017156 0.2862307 -0.3103264 -0.6255082 2.220446e-16 -0.4047913 -0.6017156 1.110223e-16 -0.134958 -0.6461567 0.07791802 -0.1505261 -0.6461567 0.04033334 -0.1551632 -0.6255082 0.2687506 -0.2023957 -0.6017156 0.3505596 -0.1101927 -0.6461567 0.1101927 -0.2997523 -0.6255082 -0.08031839 -0.4536082 -0.5874401 -0.05971865 -0.4457461 -0.5874401 -0.1194373 -0.3978949 -0.6017156 -0.05238385 -0.416466 -0.5969571 -0.05482879 -0.155836 -0.6461567 2.220446e-16 0 -0.6491181 0 -0.08031839 -0.6255082 0.2997523 -0.1535817 -0.6017156 0.370779 -0.1194373 -0.5874401 0.4457461 -0.1607499 -0.5969571 0.3880845 -0.1750862 -0.5874401 0.4226955 -0.07791802 -0.6461567 0.134958 -0.4894469 -0.5736914 -0.06443691 -0.5073663 -0.566817 -0.06679604 -0.60731 -0.5324453 0 -0.5866164 -0.5324453 -0.1571834 -0.5161602 -0.566817 0 -0.2687506 -0.6255082 -0.1551632 -0.399645 -0.5874401 -0.2307351 -0.1505261 -0.6461567 -0.04033334 -0.1889195 -0.5736914 0.4560919 -0.1571834 -0.5324453 0.5866164 -0.1958361 -0.566817 0.4727901 -0.303655 -0.5324453 0.5259459 -0.2580801 -0.566817 0.4470078 -0.04033334 -0.6461567 0.1505261 -3.330669e-16 -0.6255082 0.3103264 -4.440892e-16 -0.5874401 0.4614703 -0.4985724 -0.566817 0.1335921 -0.5866164 -0.5324453 0.1571834 -0.7459567 -0.4612362 1.332268e-15 -0.7205388 -0.4612362 -0.1930678 -0.5259459 -0.5324453 -0.303655 -0.2194339 -0.6255082 -0.2194339 -0.3263088 -0.5874401 -0.3263088 -0.134958 -0.6461567 -0.07791802 -4.440892e-16 -0.5324453 0.60731 -0.3729783 -0.4612362 0.6460174 -0.1930678 -0.4612362 0.7205388 -0.429433 -0.5324453 0.429433 -0.3649804 -0.566817 0.3649804 -2.220446e-16 -0.6461567 0.155836 0.1194373 -0.5874401 0.4457461 0.08031839 -0.6255082 0.2997523 -0.4470078 -0.566817 0.2580801 -0.5259459 -0.5324453 0.303655 -0.7205388 -0.4612362 0.1930678 -0.6460174 -0.4612362 -0.3729783 -0.429433 -0.5324453 -0.429433 -0.1551632 -0.6255082 -0.2687506 -0.2443132 -0.6017156 -0.3183951 -0.2023957 -0.6017156 -0.3505596 -0.2557161 -0.5969571 -0.3332557 -0.278522 -0.5874401 -0.3629769 -0.1101927 -0.6461567 -0.1101927 0.1571834 -0.5324453 0.5866164 -5.551115e-16 -0.4612362 0.7459567 -0.527471 -0.4612362 0.527471 0.04033334 -0.6461567 0.1505261 0.2023957 -0.6017156 0.3505596 0.1551632 -0.6255082 0.2687506 0.1535817 -0.6017156 0.370779 0.1607499 -0.5969571 0.3880845 0.1750862 -0.5874401 0.4226955 -0.6460174 -0.4612362 0.3729783 -0.527471 -0.4612362 -0.527471 -0.2580801 -0.566817 -0.4470078 -0.303655 -0.5324453 -0.5259459 -0.3115302 -0.566817 -0.4059941 -0.3005275 -0.5736914 -0.391655 -0.08031839 -0.6255082 -0.2997523 -0.1047677 -0.6017156 -0.3909984 -0.07791802 -0.6461567 -0.134958 0.303655 -0.5324453 0.5259459 0.1958361 -0.566817 0.4727901 0.2580801 -0.566817 0.4470078 0.1889195 -0.5736914 0.4560919 0.1930678 -0.4612362 0.7205388 0.07791802 -0.6461567 0.134958 0.2862307 -0.6017156 0.2862307 0.2194339 -0.6255082 0.2194339 -0.3729783 -0.4612362 -0.6460174 -0.1335921 -0.566817 -0.4985724 -0.1571834 -0.5324453 -0.5866164 -8.881784e-16 -0.6255082 -0.3103264 -7.771561e-16 -0.6017156 -0.4047913 -0.04033334 -0.6461567 -0.1505261 0.429433 -0.5324453 0.429433 0.3649804 -0.566817 0.3649804 0.3729783 -0.4612362 0.6460174 0.1101927 -0.6461567 0.1101927 0.3505596 -0.6017156 0.2023957 0.2687506 -0.6255082 0.1551632 -0.1930678 -0.4612362 -0.7205388 -7.771561e-16 -0.566817 -0.5161602 -7.771561e-16 -0.5324453 -0.60731 0.1047677 -0.6017156 -0.3909984 0.08031839 -0.6255082 -0.2997523 -9.992007e-16 -0.6461567 -0.155836 0.5259459 -0.5324453 0.303655 0.4470078 -0.566817 0.2580801 0.527471 -0.4612362 0.527471 0.134958 -0.6461567 0.07791802 0.3909984 -0.6017156 0.1047677 0.2997523 -0.6255082 0.08031839 -2.88658e-15 -0.4612362 -0.7459567 0.1571834 -0.5324453 -0.5866164 0.1335921 -0.566817 -0.4985724 0.2023957 -0.6017156 -0.3505596 0.1551632 -0.6255082 -0.2687506 0.04033334 -0.6461567 -0.1505261 0.5866164 -0.5324453 0.1571834 0.4985724 -0.566817 0.1335921 0.6460174 -0.4612362 0.3729783 0.1505261 -0.6461567 0.04033334 0.3103264 -0.6255082 0 0.4047913 -0.6017156 -6.661338e-16 0.1930678 -0.4612362 -0.7205388 0.303655 -0.5324453 -0.5259459 0.2580801 -0.566817 -0.4470078 0.3263088 -0.5874401 -0.3263088 0.2557161 -0.5969571 -0.3332557 0.278522 -0.5874401 -0.3629769 0.2443132 -0.6017156 -0.3183951 0.2194339 -0.6255082 -0.2194339 0.07791802 -0.6461567 -0.134958 0.60731 -0.5324453 -2.220446e-16 0.5161602 -0.566817 -6.661338e-16 0.7205388 -0.4612362 0.1930678 0.155836 -0.6461567 0 0.4536082 -0.5874401 -0.05971865 0.2997523 -0.6255082 -0.08031839 0.4457461 -0.5874401 -0.1194373 0.3978949 -0.6017156 -0.05238385 0.416466 -0.5969571 -0.05482879 0.3729783 -0.4612362 -0.6460174 0.429433 -0.5324453 -0.429433 0.3115302 -0.566817 -0.4059941 0.3005275 -0.5736914 -0.391655 0.399645 -0.5874401 -0.2307351 0.2687506 -0.6255082 -0.1551632 0.1101927 -0.6461567 -0.1101927 0.5073663 -0.566817 -0.06679604 0.4894469 -0.5736914 -0.06443691 0.5866164 -0.5324453 -0.1571834 0.7459567 -0.4612362 -4.440892e-15 0.1505261 -0.6461567 -0.04033334 0.527471 -0.4612362 -0.527471 0.5259459 -0.5324453 -0.303655 0.134958 -0.6461567 -0.07791802 0.7205388 -0.4612362 -0.1930678 0.6460174 -0.4612362 -0.3729783</float_array>
                    <technique_common>
                        <accessor count="166" source="#ID75" stride="3">
                            <param name="X" type="float" />
                            <param name="Y" type="float" />
                            <param name="Z" type="float" />
                        </accessor>
                    </technique_common>
                </source>
                <source id="ID72">
                    <float_array id="ID76" count="498">-0.1673408 -0.9811538 0.09661426 -0.235917 -0.969715 0.06321376 -0.1866444 -0.9811538 0.05001122 -0.2115174 -0.969715 0.1221196 -0.1366332 -0.9811538 0.1366332 -0.1727032 -0.969715 0.1727032 -0.1932285 -0.9811538 7.448087e-16 -0.2442392 -0.969715 1.288598e-15 -0.06977796 -0.9967487 0.04028632 -0.0778272 -0.9967487 0.02085373 -0.09661426 -0.9811538 0.1673408 -0.1221196 -0.969715 0.2115174 -0.05697346 -0.9967487 0.05697346 -0.1866444 -0.9811538 -0.05001122 -0.2987763 -0.9535122 -0.03933465 -0.292992 -0.9528863 -0.07850697 -0.2441131 -0.9692141 -0.03213809 -0.2441131 -0.9692141 -0.03213809 -0.08057264 -0.9967487 1.38329e-19 5.993338e-17 -1 -5.109527e-18 -0.05001122 -0.9811538 0.1866444 -0.09422413 -0.9692141 0.2274772 -0.07850697 -0.9528863 0.292992 -0.09422413 -0.9692141 0.2274772 -0.1153234 -0.9535122 0.2784152 -0.04028632 -0.9967487 0.06977796 -0.3524577 -0.9346767 -0.04640193 -0.3524577 -0.9346767 -0.04640193 -0.4094543 -0.9123306 4.23986e-16 -0.3955025 -0.9123306 -0.1059746 -0.3528377 -0.9356845 8.327939e-16 -0.1673408 -0.9811538 -0.09661426 -0.2626894 -0.9528863 -0.1516638 -0.0778272 -0.9967487 -0.02085373 -0.1360436 -0.9346767 0.3284382 -0.1059746 -0.9123306 0.3955025 -0.1360436 -0.9346767 0.3284382 -0.2047272 -0.9123306 0.3545978 -0.1764189 -0.9356845 0.3055664 -0.02085373 -0.9967487 0.0778272 -6.091372e-17 -0.9811538 0.1932285 -1.086454e-16 -0.9528863 0.3033276 -0.3408151 -0.9356845 0.09132112 -0.3955025 -0.9123306 0.1059746 -0.4568663 -0.8895354 7.121459e-16 -0.441299 -0.8895354 -0.1182457 -0.3545978 -0.9123306 -0.2047272 -0.1366332 -0.9811538 -0.1366332 -0.214485 -0.9528863 -0.214485 -0.06977796 -0.9967487 -0.04028632 -9.545235e-17 -0.9123306 0.4094543 -0.2284332 -0.8895354 0.3956579 -0.1182457 -0.8895354 0.441299 -0.2895279 -0.9123306 0.2895279 -0.2494939 -0.9356845 0.2494939 2.545254e-17 -0.9967487 0.08057264 0.07850697 -0.9528863 0.292992 0.05001122 -0.9811538 0.1866444 -0.3055664 -0.9356845 0.1764189 -0.3545978 -0.9123306 0.2047272 -0.441299 -0.8895354 0.1182457 -0.3956579 -0.8895354 -0.2284332 -0.2895279 -0.9123306 -0.2895279 -0.09661426 -0.9811538 -0.1673408 -0.1498889 -0.9692141 -0.1953391 -0.1221196 -0.969715 -0.2115174 -0.1498889 -0.9692141 -0.1953391 -0.183453 -0.9535122 -0.2390805 -0.05697346 -0.9967487 -0.05697346 0.1059746 -0.9123306 0.3955025 -1.242671e-16 -0.8895354 0.4568663 -0.3230533 -0.8895354 0.3230533 0.02085373 -0.9967487 0.0778272 0.1221196 -0.969715 0.2115174 0.09661426 -0.9811538 0.1673408 0.09422413 -0.9692141 0.2274772 0.09422413 -0.9692141 0.2274772 0.1153234 -0.9535122 0.2784152 -0.3956579 -0.8895354 0.2284332 -0.3230533 -0.8895354 -0.3230533 -0.1764189 -0.9356845 -0.3055664 -0.2047272 -0.9123306 -0.3545978 -0.2164141 -0.9346767 -0.2820363 -0.2164141 -0.9346767 -0.2820363 -0.05001122 -0.9811538 -0.1866444 -0.06321376 -0.969715 -0.235917 -0.04028632 -0.9967487 -0.06977796 0.2047272 -0.9123306 0.3545978 0.1360436 -0.9346767 0.3284382 0.1764189 -0.9356845 0.3055664 0.1360436 -0.9346767 0.3284382 0.1182457 -0.8895354 0.441299 0.04028632 -0.9967487 0.06977796 0.1727032 -0.969715 0.1727032 0.1366332 -0.9811538 0.1366332 -0.2284332 -0.8895354 -0.3956579 -0.09132112 -0.9356845 -0.3408151 -0.1059746 -0.9123306 -0.3955025 -1.218274e-17 -0.9811538 -0.1932285 3.125332e-17 -0.969715 -0.2442392 -0.02085373 -0.9967487 -0.0778272 0.2895279 -0.9123306 0.2895279 0.2494939 -0.9356845 0.2494939 0.2284332 -0.8895354 0.3956579 0.05697346 -0.9967487 0.05697346 0.2115174 -0.969715 0.1221196 0.1673408 -0.9811538 0.09661426 -0.1182457 -0.8895354 -0.441299 1.23073e-17 -0.9356845 -0.3528377 -2.863571e-16 -0.9123306 -0.4094543 0.06321376 -0.969715 -0.235917 0.05001122 -0.9811538 -0.1866444 -2.220181e-17 -0.9967487 -0.08057264 0.3545978 -0.9123306 0.2047272 0.3055664 -0.9356845 0.1764189 0.3230533 -0.8895354 0.3230533 0.06977796 -0.9967487 0.04028632 0.235917 -0.969715 0.06321376 0.1866444 -0.9811538 0.05001122 -1.448189e-15 -0.8895354 -0.4568663 0.1059746 -0.9123306 -0.3955025 0.09132112 -0.9356845 -0.3408151 0.1221196 -0.969715 -0.2115174 0.09661426 -0.9811538 -0.1673408 0.02085373 -0.9967487 -0.0778272 0.3955025 -0.9123306 0.1059746 0.3408151 -0.9356845 0.09132112 0.3956579 -0.8895354 0.2284332 0.0778272 -0.9967487 0.02085373 0.1932285 -0.9811538 -5.028151e-16 0.2442392 -0.969715 -1.360721e-15 0.1182457 -0.8895354 -0.441299 0.2047272 -0.9123306 -0.3545978 0.1764189 -0.9356845 -0.3055664 0.214485 -0.9528863 -0.214485 0.1498889 -0.9692141 -0.1953391 0.183453 -0.9535122 -0.2390805 0.1498889 -0.9692141 -0.1953391 0.1366332 -0.9811538 -0.1366332 0.04028632 -0.9967487 -0.06977796 0.4094543 -0.9123306 -6.504079e-16 0.3528377 -0.9356845 -8.204866e-16 0.441299 -0.8895354 0.1182457 0.08057264 -0.9967487 4.308949e-17 0.2987763 -0.9535122 -0.03933465 0.1866444 -0.9811538 -0.05001122 0.292992 -0.9528863 -0.07850697 0.2441131 -0.9692141 -0.03213809 0.2441131 -0.9692141 -0.03213809 0.2284332 -0.8895354 -0.3956579 0.2895279 -0.9123306 -0.2895279 0.2164141 -0.9346767 -0.2820363 0.2164141 -0.9346767 -0.2820363 0.2626894 -0.9528863 -0.1516638 0.1673408 -0.9811538 -0.09661426 0.05697346 -0.9967487 -0.05697346 0.3524577 -0.9346767 -0.04640193 0.3524577 -0.9346767 -0.04640193 0.3955025 -0.9123306 -0.1059746 0.4568663 -0.8895354 -2.571373e-15 0.0778272 -0.9967487 -0.02085373 0.3230533 -0.8895354 -0.3230533 0.3545978 -0.9123306 -0.2047272 0.06977796 -0.9967487 -0.04028632 0.441299 -0.8895354 -0.1182457 0.3956579 -0.8895354 -0.2284332</float_array>
                    <technique_common>
                        <accessor count="166" source="#ID76" stride="3">
                            <param name="X" type="float" />
                            <param name="Y" type="float" />
                            <param name="Z" type="float" />
                        </accessor>
                    </technique_common>
                </source>
                <source id="ID74">
                    <float_array id="ID77" count="332">0.3203615 0.6037143 0.2386485 0.5700289 0.2996393 0.5536865 0.2656786 0.6352855 0.3533258 0.6466742 0.3086774 0.6913226 0.2925713 0.5 0.229429 0.5 0.4097913 0.552082 0.3993853 0.5269596 0.3962857 0.6796385 0.3647145 0.7343214 0.4263449 0.5736551 0.2996393 0.4463135 0.1967988 0.4600828 0.202054 0.4201656 0.2340387 0.4649855 0.2216254 0.4633513 0.3958359 0.5 0.5 0.5 0.4463135 0.7003607 0.3973428 0.7478365 0.4201657 0.797946 0.3925515 0.7594038 0.3829687 0.7825386 0.447918 0.5902087 0.1728434 0.456929 0.1608657 0.4553521 0.09406125 0.5 0.1078933 0.3949353 0.1549877 0.5 0.3203615 0.3962856 0.2328689 0.3457718 0.3993853 0.4730403 0.3737223 0.8048614 0.3949354 0.8921067 0.3690991 0.8160229 0.2970307 0.8515533 0.3274939 0.7987894 0.4730404 0.6006148 0.5000001 0.7074287 0.5000001 0.8084564 0.1667437 0.5892957 0.1078933 0.6050647 0.001386872 0.5 0.0183767 0.3709494 0.1484467 0.2970306 0.3533258 0.3533257 0.2818884 0.2818883 0.4097913 0.4479179 0.5000001 0.9059388 0.2506935 0.9318116 0.3709495 0.9816233 0.212958 0.787042 0.2560395 0.7439605 0.5000001 0.6041641 0.5798345 0.797946 0.5536866 0.7003607 0.2012106 0.6725061 0.1484467 0.7029694 0.01837671 0.6290506 0.06818836 0.2506934 0.212958 0.2129579 0.3962857 0.3203614 0.3366959 0.287178 0.3647145 0.2656786 0.329074 0.2772448 0.3138301 0.2573786 0.4263449 0.4263448 0.6050648 0.8921067 0.5000001 0.9986131 0.1474273 0.8525727 0.5269597 0.6006148 0.6352856 0.7343214 0.6037144 0.6796385 0.6026573 0.7478365 0.6074487 0.7594038 0.6170314 0.7825386 0.06818839 0.7493066 0.1474273 0.1474273 0.3274939 0.2012106 0.2970306 0.1484467 0.2917667 0.228625 0.2991211 0.2382095 0.4463135 0.2996392 0.4299711 0.2386484 0.447918 0.4097912 0.7029695 0.8515533 0.630901 0.8160229 0.6725062 0.7987894 0.6262778 0.8048614 0.6290507 0.9816233 0.5520821 0.5902087 0.6913227 0.6913226 0.6466743 0.6466742 0.2506934 0.06818834 0.4107043 0.1667437 0.3949353 0.1078932 0.5 0.2925713 0.5 0.2294289 0.4730404 0.3993852 0.7870421 0.787042 0.7439606 0.7439605 0.7493067 0.9318116 0.5736552 0.5736551 0.7343215 0.6352855 0.6796386 0.6037143 0.3709494 0.01837667 0.5 0.1549877 0.5 0.09406121 0.570029 0.2386484 0.5536865 0.2996392 0.5 0.3958359 0.8515534 0.7029694 0.7987895 0.6725061 0.8525728 0.8525727 0.5902088 0.552082 0.7613516 0.5700289 0.7003608 0.5536865 0.5 0.001386842 0.6050647 0.1078932 0.5892958 0.1667437 0.6352856 0.2656786 0.6037144 0.3203614 0.5269597 0.3993852 0.8921068 0.6050647 0.8332564 0.5892957 0.9318117 0.7493066 0.6006148 0.5269596 0.7074288 0.5 0.7705711 0.5 0.6290506 0.01837667 0.7029694 0.1484467 0.6725062 0.2012106 0.7181117 0.2818883 0.6709261 0.2772448 0.68617 0.2573786 0.6633041 0.287178 0.6466743 0.3533257 0.5520821 0.4097912 0.9059388 0.5 0.8450124 0.5 0.9816234 0.6290506 0.6041641 0.5 0.8032013 0.4600828 0.7003608 0.4463135 0.7979461 0.4201656 0.7659614 0.4649855 0.7783747 0.4633513 0.7493066 0.06818834 0.7870421 0.2129579 0.7082334 0.228625 0.7008789 0.2382095 0.7671312 0.3457718 0.6796386 0.3962856 0.5736552 0.4263448 0.8391344 0.4553521 0.8271567 0.456929 0.8921068 0.3949353 0.9986132 0.5 0.6006148 0.4730403 0.8525728 0.1474273 0.8515533 0.2970306 0.5902088 0.4479179 0.9816234 0.3709494 0.9318117 0.2506934</float_array>
                    <technique_common>
                        <accessor count="166" source="#ID77" stride="2">
                            <param name="S" type="float" />
                            <param name="T" type="float" />
                        </accessor>
                    </technique_common>
                </source>
                <vertices id="ID73">
                    <input semantic="POSITION" source="#ID71" />
                    <input semantic="NORMAL" source="#ID72" />
                </vertices>
                <triangles count="252" material="Material2">
                    <input offset="0" semantic="VERTEX" source="#ID73" />
                    <input offset="1" semantic="TEXCOORD" source="#ID74" />
                    <p>0 0 1 1 2 2 1 1 0 0 3 3 4 4 3 3 0 0 3 3 4 4 5 5 6 6 1 1 7 7 1 1 6 6 2 2 8 8 2 2 9 9 2 2 8 8 0 0 10 10 5 5 4 4 5 5 10 10 11 11 12 12 0 0 8 8 0 0 12 12 4 4 13 13 14 14 15 15 14 14 13 13 16 16 16 16 13 13 6 6 14 14 16 16 17 17 16 16 6 6 7 7 9 9 6 6 18 18 6 6 9 9 2 2 8 8 9 9 19 19 20 20 11 11 10 10 11 11 20 20 21 21 21 21 20 20 22 22 21 21 22 22 23 23 23 23 22 22 24 24 25 25 4 4 12 12 4 4 25 25 10 10 12 12 8 8 19 19 15 15 26 26 27 27 26 26 15 15 14 14 15 15 28 28 29 29 28 28 15 15 27 27 28 28 27 27 30 30 31 31 15 15 32 32 15 15 31 31 13 13 33 33 6 6 13 13 6 6 33 33 18 18 9 9 18 18 19 19 22 22 34 34 24 24 34 34 22 22 35 35 34 34 35 35 36 36 36 36 35 35 37 37 37 37 38 38 36 36 39 39 10 10 25 25 10 10 39 39 20 20 40 40 22 22 20 20 22 22 40 40 41 41 25 25 12 12 19 19 42 42 28 28 30 30 28 28 42 42 43 43 29 29 44 44 45 45 44 44 29 29 28 28 32 32 29 29 46 46 29 29 32 32 15 15 47 47 32 32 48 48 32 32 47 47 31 31 49 49 13 13 31 31 13 13 49 49 33 33 18 18 33 33 19 19 41 41 35 35 22 22 35 35 41 41 50 50 35 35 51 51 37 37 51 51 35 35 52 52 38 38 53 53 54 54 53 53 38 38 37 37 39 39 25 25 19 19 55 55 20 20 39 39 20 20 55 55 40 40 56 56 40 40 57 57 40 40 56 56 41 41 58 58 43 43 42 42 43 43 58 58 59 59 43 43 44 44 28 28 44 44 43 43 60 60 46 46 45 45 61 61 45 45 46 46 29 29 48 48 46 46 62 62 46 46 48 48 32 32 63 63 64 64 65 65 66 66 48 48 67 67 48 48 66 66 64 64 48 48 64 64 47 47 47 47 64 64 63 63 68 68 31 31 47 47 31 31 68 68 49 49 19 19 33 33 49 49 69 69 41 41 56 56 41 41 69 69 50 50 50 50 52 52 35 35 52 52 50 50 70 70 37 37 71 71 53 53 71 71 37 37 51 51 54 54 59 59 58 58 59 59 54 54 53 53 55 55 39 39 19 19 57 57 55 55 72 72 55 55 57 57 40 40 73 73 57 57 74 74 57 57 73 73 75 75 57 57 75 75 56 56 56 56 75 75 76 76 56 56 76 76 77 77 59 59 60 60 43 43 60 60 59 59 78 78 62 62 61 61 79 79 61 61 62 62 46 46 80 80 62 62 81 81 62 62 80 80 82 82 62 62 82 82 48 48 48 48 82 82 83 83 48 48 83 83 67 67 84 84 65 65 85 85 65 65 84 84 63 63 86 86 47 47 63 63 47 47 86 86 68 68 19 19 49 49 68 68 87 87 88 88 89 89 90 90 56 56 77 77 56 56 90 90 69 69 69 69 90 90 88 88 69 69 88 88 87 87 91 91 50 50 69 69 50 50 91 91 70 70 53 53 78 78 59 59 78 78 53 53 71 71 55 55 19 19 72 72 74 74 72 72 92 92 72 72 74 74 57 57 93 93 74 74 94 94 74 74 93 93 73 73 81 81 79 79 95 95 79 79 81 81 62 62 96 96 81 81 97 97 81 81 96 96 80 80 98 98 85 85 99 99 85 85 98 98 84 84 100 100 63 63 84 84 63 63 100 100 86 86 19 19 68 68 86 86 101 101 89 89 102 102 89 89 101 101 87 87 103 103 69 69 87 87 69 69 103 103 91 91 72 72 19 19 92 92 94 94 92 92 104 104 92 92 94 94 74 74 105 105 94 94 106 106 94 94 105 105 93 93 97 97 95 95 107 107 95 95 97 97 81 81 108 108 97 97 109 109 97 97 108 108 96 96 110 110 98 98 99 99 98 98 110 110 111 111 112 112 84 84 98 98 84 84 112 112 100 100 19 19 86 86 100 100 113 113 102 102 114 114 102 102 113 113 101 101 115 115 87 87 101 101 87 87 115 115 103 103 92 92 19 19 104 104 106 106 104 104 116 116 104 104 106 106 94 94 117 117 106 106 118 118 106 106 117 117 105 105 109 109 107 107 119 119 107 107 109 109 97 97 120 120 108 108 109 109 108 108 120 120 121 121 122 122 111 111 110 110 111 111 122 122 123 123 111 111 112 112 98 98 112 112 111 111 124 124 19 19 100 100 112 112 125 125 114 114 126 126 114 114 125 125 113 113 127 127 101 101 113 113 101 101 127 127 115 115 104 104 19 19 116 116 118 118 116 116 128 128 116 116 118 118 106 106 117 117 129 129 130 130 129 129 117 117 118 118 131 131 109 109 119 119 109 109 131 131 120 120 132 132 121 121 120 120 121 121 132 132 133 133 134 134 135 135 136 136 135 135 134 134 137 137 137 137 134 134 138 138 137 137 138 138 123 123 123 123 122 122 137 137 123 123 124 124 111 111 124 124 123 123 139 139 19 19 112 112 124 124 140 140 126 126 141 141 126 126 140 140 125 125 142 142 113 113 125 125 113 113 142 142 127 127 116 116 19 19 128 128 118 118 143 143 129 129 143 143 118 118 128 128 144 144 145 145 146 146 145 145 144 144 147 147 145 145 147 147 129 129 147 147 144 144 148 148 129 129 147 147 130 130 149 149 120 120 131 131 120 120 149 149 132 132 150 150 133 133 132 132 133 133 150 150 151 151 151 151 150 150 134 134 151 151 134 134 152 152 152 152 134 134 136 136 153 153 138 138 134 134 138 138 153 153 154 154 138 138 139 139 123 123 139 139 138 138 155 155 19 19 124 124 139 139 156 156 144 144 146 146 144 144 156 156 157 157 140 140 146 146 158 158 146 146 140 140 156 156 156 156 140 140 141 141 142 142 140 140 159 159 140 140 142 142 125 125 128 128 19 19 143 143 129 129 160 160 145 145 160 160 129 129 143 143 146 146 154 154 153 153 154 154 146 146 145 145 161 161 132 132 149 149 132 132 161 161 150 150 162 162 134 134 150 150 134 134 162 162 153 153 154 154 155 155 138 138 155 155 154 154 163 163 19 19 139 139 155 155 158 158 153 153 162 162 153 153 158 158 146 146 159 159 158 158 164 164 158 158 159 159 140 140 19 19 160 160 143 143 145 145 163 163 154 154 163 163 145 145 160 160 165 165 150 150 161 161 150 150 165 165 162 162 19 19 155 155 163 163 164 164 162 162 165 165 162 162 164 164 158 158 19 19 163 163 160 160</p>
                </triangles>
            </mesh>
        </geometry>
        <geometry id="ID78">
            <mesh>
                <source id="ID84">
                    <float_array id="ID88" count="426">-0.2489651 -0.5736914 -0.4312202 -0.3115302 -0.566817 -0.4059941 -0.2580801 -0.566817 -0.4470078 -0.3005275 -0.5736914 -0.391655 -0.3005275 -0.5736914 -0.391655 -0.2489651 -0.5814807 -0.4312202 -0.3005275 -0.5814807 -0.391655 -0.2489651 -0.5736914 -0.4312202 -0.1288738 -0.5736914 -0.4809637 -0.1335921 -0.566817 -0.4985724 -0.2489651 -0.5736914 -0.4312202 -0.1288738 -0.5814807 -0.4809637 -0.2489651 -0.5814807 -0.4312202 -0.1288738 -0.5736914 -0.4809637 -0.2489651 -0.5814807 -0.4312202 -0.2981308 -0.586635 -0.3885316 -0.3005275 -0.5814807 -0.391655 -0.2469796 -0.586635 -0.4277812 -0.2557161 -0.6015535 -0.3332557 -0.2981308 -0.586635 -0.3885316 -0.2581128 -0.6045607 -0.3363792 -0.2557161 -0.5969571 -0.3332557 -0.278522 -0.5874401 -0.3629769 -0.3005275 -0.5736914 -0.391655 -0.3005275 -0.5814807 -0.391655 -7.771561e-16 -0.5736914 -0.4979302 -7.771561e-16 -0.566817 -0.5161602 -7.771561e-16 -0.5736914 -0.4979302 -0.1288738 -0.5814807 -0.4809637 -0.1288738 -0.5736914 -0.4809637 -7.771561e-16 -0.5814807 -0.4979302 -0.1288738 -0.5814807 -0.4809637 -0.1278461 -0.586635 -0.477128 -0.2138277 -0.6045607 -0.3703604 -0.2981308 -0.586635 -0.3885316 -0.2469796 -0.586635 -0.4277812 -0.2581128 -0.6045607 -0.3363792 -0.2118422 -0.6015535 -0.3669214 -0.2581128 -0.6045607 -0.3363792 -0.2138277 -0.6045607 -0.3703604 -0.2557161 -0.6015535 -0.3332557 -0.2118422 -0.6015535 -0.3669214 -0.2557161 -0.5969571 -0.3332557 -0.2557161 -0.6015535 -0.3332557 -0.2118422 -0.5969571 -0.3669214 0.1335921 -0.566817 -0.4985724 0.1288738 -0.5736914 -0.4809637 0.1288738 -0.5736914 -0.4809637 -7.771561e-16 -0.5814807 -0.4979302 -7.771561e-16 -0.5736914 -0.4979302 0.1288738 -0.5814807 -0.4809637 -7.771561e-16 -0.5814807 -0.4979302 -7.771561e-16 -0.586635 -0.4939592 -0.1106853 -0.6045607 -0.4130833 -0.2469796 -0.586635 -0.4277812 -0.1278461 -0.586635 -0.477128 -0.2138277 -0.6045607 -0.3703604 -0.1096576 -0.6015535 -0.4092476 -0.1106853 -0.6045607 -0.4130833 -0.1096576 -0.6015535 -0.4092476 -0.2118422 -0.5969571 -0.3669214 -0.2118422 -0.6015535 -0.3669214 -0.1096576 -0.5969571 -0.4092476 -0.2023957 -0.6017156 -0.3505596 -0.2557161 -0.5969571 -0.3332557 -0.2118422 -0.5969571 -0.3669214 -0.2443132 -0.6017156 -0.3183951 0.2580801 -0.566817 -0.4470078 0.2489651 -0.5736914 -0.4312202 0.1288738 -0.5736914 -0.4809637 0.2489651 -0.5814807 -0.4312202 0.1288738 -0.5814807 -0.4809637 0.2489651 -0.5736914 -0.4312202 0.1288738 -0.5814807 -0.4809637 0.1278461 -0.586635 -0.477128 -5.551115e-16 -0.6045607 -0.4276553 -0.1278461 -0.586635 -0.477128 -7.771561e-16 -0.586635 -0.4939592 -0.1106853 -0.6045607 -0.4130833 -6.661338e-16 -0.6015535 -0.4236843 -5.551115e-16 -0.6045607 -0.4276553 -6.661338e-16 -0.6015535 -0.4236843 -0.1096576 -0.5969571 -0.4092476 -0.1096576 -0.6015535 -0.4092476 -7.771561e-16 -0.5969571 -0.4236843 -0.1047677 -0.6017156 -0.3909984 -0.1096576 -0.5969571 -0.4092476 0.3115302 -0.566817 -0.4059941 0.3005275 -0.5736914 -0.391655 0.2489651 -0.5736914 -0.4312202 0.3005275 -0.5814807 -0.391655 0.2489651 -0.5814807 -0.4312202 0.3005275 -0.5736914 -0.391655 0.2469796 -0.586635 -0.4277812 0.2489651 -0.5814807 -0.4312202 0.1278461 -0.586635 -0.477128 -5.551115e-16 -0.6045607 -0.4276553 -7.771561e-16 -0.586635 -0.4939592 0.1106853 -0.6045607 -0.4130833 0.1106853 -0.6045607 -0.4130833 0.1096576 -0.6015535 -0.4092476 -6.661338e-16 -0.6015535 -0.4236843 0.1096576 -0.5969571 -0.4092476 -7.771561e-16 -0.5969571 -0.4236843 0.1096576 -0.6015535 -0.4092476 -7.771561e-16 -0.6017156 -0.4047913 -7.771561e-16 -0.5969571 -0.4236843 0.2981308 -0.586635 -0.3885316 0.2557161 -0.6015535 -0.3332557 0.2581128 -0.6045607 -0.3363792 0.2557161 -0.5969571 -0.3332557 0.278522 -0.5874401 -0.3629769 0.3005275 -0.5736914 -0.391655 0.3005275 -0.5814807 -0.391655 0.2981308 -0.586635 -0.3885316 0.3005275 -0.5814807 -0.391655 0.2469796 -0.586635 -0.4277812 0.1106853 -0.6045607 -0.4130833 0.1278461 -0.586635 -0.477128 0.2138277 -0.6045607 -0.3703604 0.2138277 -0.6045607 -0.3703604 0.2118422 -0.6015535 -0.3669214 0.2118422 -0.6015535 -0.3669214 0.1096576 -0.5969571 -0.4092476 0.1096576 -0.6015535 -0.4092476 0.2118422 -0.5969571 -0.3669214 0.1096576 -0.5969571 -0.4092476 0.1047677 -0.6017156 -0.3909984 0.2557161 -0.6015535 -0.3332557 0.2118422 -0.5969571 -0.3669214 0.2118422 -0.6015535 -0.3669214 0.2557161 -0.5969571 -0.3332557 0.2581128 -0.6045607 -0.3363792 0.2557161 -0.6015535 -0.3332557 0.2981308 -0.586635 -0.3885316 0.2138277 -0.6045607 -0.3703604 0.2469796 -0.586635 -0.4277812 0.2581128 -0.6045607 -0.3363792 0.2118422 -0.5969571 -0.3669214 0.2023957 -0.6017156 -0.3505596 0.2557161 -0.5969571 -0.3332557 0.2443132 -0.6017156 -0.3183951</float_array>
                    <technique_common>
                        <accessor count="142" source="#ID88" stride="3">
                            <param name="X" type="float" />
                            <param name="Y" type="float" />
                            <param name="Z" type="float" />
                        </accessor>
                    </technique_common>
                </source>
                <source id="ID85">
                    <float_array id="ID89" count="426">-0.1764189 -0.9356845 -0.3055664 -0.2164141 -0.9346767 -0.2820363 -0.1764189 -0.9356845 -0.3055664 -0.2164141 -0.9346767 -0.2820363 -0.6087614 -6.990139e-15 -0.7933533 -0.6087614 -6.990139e-15 -0.7933533 -0.6087614 -6.990139e-15 -0.7933533 -0.6087614 -6.990139e-15 -0.7933533 -0.09132112 -0.9356845 -0.3408151 -0.09132112 -0.9356845 -0.3408151 -0.3826834 -2.009432e-14 -0.9238795 -0.3826834 -2.009432e-14 -0.9238795 -0.3826834 -2.009432e-14 -0.9238795 -0.3826834 -2.009432e-14 -0.9238795 -0.3960852 -0.6103001 -0.6860396 -0.4837802 -0.6070079 -0.6304746 -0.4837802 -0.6070079 -0.6304746 -0.3960852 -0.6103001 -0.6860396 -0.7933533 0 0.6087614 -0.7933533 0 0.6087614 -0.7933533 0 0.6087614 -0.7933533 0 0.6087614 -0.7933533 0 0.6087614 -0.7933533 0 0.6087614 -0.7933533 0 0.6087614 3.281946e-17 -0.9356845 -0.3528377 2.877619e-17 -0.9356845 -0.3528377 -0.1305262 -1.417326e-14 -0.9914449 -0.1305262 -1.417326e-14 -0.9914449 -0.1305262 -1.417326e-14 -0.9914449 -0.1305262 -1.417326e-14 -0.9914449 -0.2050288 -0.6103001 -0.7651778 -0.2050288 -0.6103001 -0.7651778 -0.1601547 -0.9647732 -0.2087177 -0.1601547 -0.9647732 -0.2087177 -0.1601547 -0.9647732 -0.2087177 -0.1601547 -0.9647732 -0.2087177 0.3018564 -0.797202 0.5228306 0.369523 -0.7946958 0.4815717 0.3018564 -0.797202 0.5228306 0.369523 -0.7946958 0.4815717 0.6087614 -3.849665e-15 0.7933533 0.6087614 -3.849665e-15 0.7933533 0.6087614 -3.849665e-15 0.7933533 0.6087614 -3.849665e-15 0.7933533 0.09132112 -0.9356845 -0.3408151 0.09132112 -0.9356845 -0.3408151 0.1305262 -9.838406e-15 -0.9914449 0.1305262 -9.838406e-15 -0.9914449 0.1305262 -9.838406e-15 -0.9914449 0.1305262 -9.838406e-15 -0.9914449 -1.590837e-16 -0.6103001 -0.7921703 -1.690725e-16 -0.6103001 -0.7921703 -0.1006775 -0.9647732 -0.2430569 -0.1006775 -0.9647732 -0.2430569 -0.1006775 -0.9647732 -0.2430569 -0.1006775 -0.9647732 -0.2430569 0.1562524 -0.797202 0.5831417 0.1562524 -0.797202 0.5831417 0.3826834 8.528144e-15 0.9238795 0.3826834 8.528144e-15 0.9238795 0.3826834 8.528144e-15 0.9238795 0.3826834 8.528144e-15 0.9238795 -0.1221196 -0.969715 -0.2115174 -0.1498889 -0.9692141 -0.1953391 -0.1221196 -0.969715 -0.2115174 -0.1498889 -0.9692141 -0.1953391 0.1764189 -0.9356845 -0.3055664 0.1764189 -0.9356845 -0.3055664 0.3826834 -2.714302e-14 -0.9238795 0.3826834 -2.714302e-14 -0.9238795 0.3826834 -2.714302e-14 -0.9238795 0.3826834 -2.714302e-14 -0.9238795 0.2050288 -0.6103001 -0.7651778 0.2050288 -0.6103001 -0.7651778 -0.0343392 -0.9647732 -0.2608321 -0.0343392 -0.9647732 -0.2608321 -0.0343392 -0.9647732 -0.2608321 -0.0343392 -0.9647732 -0.2608321 1.030585e-15 -0.797202 0.6037127 -1.215067e-15 -0.797202 0.6037127 0.1305262 6.711772e-15 0.9914449 0.1305262 6.711772e-15 0.9914449 0.1305262 6.711772e-15 0.9914449 0.1305262 6.711772e-15 0.9914449 -0.06321376 -0.969715 -0.235917 -0.06321376 -0.969715 -0.235917 0.2164141 -0.9346767 -0.2820363 0.2164141 -0.9346767 -0.2820363 0.6087614 -2.299694e-14 -0.7933533 0.6087614 -2.299694e-14 -0.7933533 0.6087614 -2.299694e-14 -0.7933533 0.6087614 -2.299694e-14 -0.7933533 0.3960852 -0.6103001 -0.6860396 0.3960852 -0.6103001 -0.6860396 0.0343392 -0.9647732 -0.2608321 0.0343392 -0.9647732 -0.2608321 0.0343392 -0.9647732 -0.2608321 0.0343392 -0.9647732 -0.2608321 -0.1562524 -0.797202 0.5831417 -0.1562524 -0.797202 0.5831417 -0.1305262 1.513825e-15 0.9914449 -0.1305262 1.513825e-15 0.9914449 -0.1305262 1.513825e-15 0.9914449 -0.1305262 1.513825e-15 0.9914449 4.293787e-17 -0.969715 -0.2442392 4.086972e-17 -0.969715 -0.2442392 0.7933533 -1.183739e-14 0.6087614 0.7933533 -1.183739e-14 0.6087614 0.7933533 -1.183739e-14 0.6087614 0.7933533 -1.183739e-14 0.6087614 0.7933533 -1.183739e-14 0.6087614 0.7933533 -1.183739e-14 0.6087614 0.7933533 -1.183739e-14 0.6087614 0.4837802 -0.6070079 -0.6304746 0.4837802 -0.6070079 -0.6304746 0.1006775 -0.9647732 -0.2430569 0.1006775 -0.9647732 -0.2430569 0.1006775 -0.9647732 -0.2430569 0.1006775 -0.9647732 -0.2430569 -0.3018564 -0.797202 0.5228306 -0.3018564 -0.797202 0.5228306 -0.3826834 1.031281e-15 0.9238795 -0.3826834 1.031281e-15 0.9238795 -0.3826834 1.031281e-15 0.9238795 -0.3826834 1.031281e-15 0.9238795 0.06321376 -0.969715 -0.235917 0.06321376 -0.969715 -0.235917 -0.6087614 4.97458e-15 0.7933533 -0.6087614 4.97458e-15 0.7933533 -0.6087614 4.97458e-15 0.7933533 -0.6087614 4.97458e-15 0.7933533 -0.369523 -0.7946958 0.4815717 -0.369523 -0.7946958 0.4815717 0.1601547 -0.9647732 -0.2087177 0.1601547 -0.9647732 -0.2087177 0.1601547 -0.9647732 -0.2087177 0.1601547 -0.9647732 -0.2087177 0.1221196 -0.969715 -0.2115174 0.1221196 -0.969715 -0.2115174 0.1498889 -0.9692141 -0.1953391 0.1498889 -0.9692141 -0.1953391</float_array>
                    <technique_common>
                        <accessor count="142" source="#ID89" stride="3">
                            <param name="X" type="float" />
                            <param name="Y" type="float" />
                            <param name="Z" type="float" />
                        </accessor>
                    </technique_common>
                </source>
                <source id="ID87">
                    <float_array id="ID90" count="364">0.8339729 0.7754646 0.7810534 0.7977265 0.8251415 0.7615322 0.7914419 0.8103806 2.448081 -0.09750695 2.454676 -0.1525343 2.454676 -0.09750695 2.448081 -0.1525343 0.7394174 0.85672 0.6303251 0.8871578 0.7346259 0.8409356 0.6388003 0.9013098 2.448081 -0.2188465 2.454676 -0.3289012 2.454676 -0.2188465 2.448081 -0.3289012 1.756066 1.194677 1.726233 1.241241 1.721927 1.237834 1.760101 1.198428 2.471671 0.3386158 2.45904 0.2796254 2.474217 0.3352824 2.46778 0.3386158 2.459722 0.3068974 2.448081 0.2762921 2.454676 0.2762921 0.6207702 0.9184217 0.5075128 0.9178406 0.6204817 0.9019286 0.5117913 0.9337717 2.448081 -0.486604 2.454676 -0.3765493 2.448081 -0.3765493 2.454676 -0.486604 1.449016 1.539942 1.361567 1.606264 1.35811 1.601975 1.451749 1.544726 0.7198346 0.6724901 0.6469361 0.6567587 0.6896594 0.622779 0.682846 0.7019088 -0.7513953 -0.9859802 -0.7879921 -0.9564744 -0.7539931 -0.9893025 -0.7850786 -0.953457 -2.471671 -0.1443292 -2.46778 -0.09750695 -2.471671 -0.09750695 -2.46778 -0.1443292 0.4912571 0.9353168 0.3779997 0.9358979 0.3782883 0.9194048 0.4869787 0.9512479 -2.448081 0.6148956 -2.454676 0.5048409 -2.448081 0.5048409 -2.454676 0.6148956 0.9063297 1.883059 0.8003684 1.91166 0.7987756 1.906386 0.9070648 1.888519 0.6608909 0.7253253 0.5445431 0.7124963 0.6448648 0.6694244 0.5740354 0.7626156 -0.3026554 -1.274502 -0.3880247 -1.234736 -0.304205 -1.278425 -0.3856968 -1.231219 -2.471671 -0.3206961 -2.46778 -0.2270515 -2.471671 -0.2270515 -2.46778 -0.3206961 0.7025518 0.6582405 0.6573218 0.6731789 0.694032 0.6441154 0.6674786 0.686008 0.3592477 0.934464 0.2501554 0.9040262 0.2549468 0.8882418 0.3507725 0.948616 -2.448081 0.5949784 -2.454676 0.7050331 -2.454676 0.5949784 -2.448081 0.7050331 0.1869357 2.039102 0.07864654 2.021235 0.07938163 2.015775 0.1853429 2.044376 0.5876928 0.7651887 0.4789784 0.7217999 0.5871529 0.7070385 0.4940385 0.7779687 0.2523257 -1.404007 0.1588219 -1.392769 0.2520731 -1.408217 0.1599403 -1.388702 -2.471671 -0.4783989 -2.46778 -0.3847544 -2.471671 -0.3847544 -2.46778 -0.4783989 0.6485411 0.7067783 0.5579202 0.7277123 0.6440306 0.6909113 0.5662706 0.7419382 0.1931732 0.8613458 0.1402538 0.839084 0.1490851 0.8251515 0.1827847 0.874 -2.448081 0.640819 -2.454676 0.6958464 -2.454676 0.640819 -2.448081 0.6958464 -0.55495 1.868818 -0.4675016 1.93514 -0.5576828 1.873601 -0.4640438 1.930851 0.5203888 0.7310779 0.4116744 0.7744667 0.4122143 0.7163164 0.5053287 0.7872467 0.8362449 -1.333064 0.7427411 -1.344303 0.7429936 -1.348513 0.8351265 -1.328998 2.471671 0.5130459 2.46778 0.6066905 2.46778 0.5130459 2.471671 0.6066905 0.5816428 0.7432418 0.4887169 0.7393511 0.5815093 0.7267467 0.4929882 0.7552841 -2.45904 -0.329136 -2.471671 -0.2701457 -2.474217 -0.273479 -2.46778 -0.2701457 -2.459722 -0.3018641 -2.448081 -0.3324694 -2.454676 -0.3324694 -0.9740513 1.587626 -0.9442184 1.63419 -0.9780859 1.591377 -0.9399116 1.630783 0.4500561 0.7377232 0.3337083 0.7505521 0.3497345 0.6946513 0.4205638 0.7878425 1.34786 -1.077396 1.262491 -1.117162 1.264041 -1.121084 1.345533 -1.073879 2.471671 0.696828 2.46778 0.6031834 2.471671 0.6031834 2.46778 0.696828 0.5107338 0.7474412 0.4178079 0.7513319 0.4179414 0.7348368 0.5064625 0.7633742 2.471671 0.6958464 2.46778 0.6490241 2.471671 0.6490241 2.46778 0.6958464 1.694758 -0.7534273 1.658161 -0.7829331 1.660759 -0.7862554 1.691845 -0.7504099 0.3395639 0.6909386 0.2666654 0.70667 0.2968406 0.6569588 0.303654 0.7360887 0.4373874 0.7497232 0.3467666 0.7287892 0.3512771 0.7129222 0.4290371 0.7639491 0.3309302 0.7030332 0.2857002 0.6880948 0.29422 0.6739697 0.3207734 0.7158623</float_array>
                    <technique_common>
                        <accessor count="182" source="#ID90" stride="2">
                            <param name="S" type="float" />
                            <param name="T" type="float" />
                        </accessor>
                    </technique_common>
                </source>
                <vertices id="ID86">
                    <input semantic="POSITION" source="#ID84" />
                    <input semantic="NORMAL" source="#ID85" />
                </vertices>
                <triangles count="94" material="Material2">
                    <input offset="0" semantic="VERTEX" source="#ID86" />
                    <input offset="1" semantic="TEXCOORD" source="#ID87" />
                    <p>0 0 1 1 2 2 1 1 0 0 3 3 4 4 5 5 6 6 5 5 4 4 7 7 8 8 2 9 9 10 2 9 8 8 0 11 10 12 11 13 12 14 11 13 10 12 13 15 14 16 15 17 16 18 15 17 14 16 17 19 18 20 19 21 20 22 19 21 18 20 21 23 19 21 21 23 22 24 19 21 22 24 23 25 19 21 23 25 24 26 25 27 9 28 26 29 9 28 25 27 8 30 27 31 28 32 29 33 28 32 27 31 30 34 31 35 17 36 14 37 17 36 31 35 32 38 33 39 34 40 35 41 34 40 33 39 36 42 37 43 38 44 39 45 38 44 37 43 40 46 41 47 42 48 43 49 42 48 41 47 44 50 45 51 25 52 26 53 25 52 45 51 46 54 47 55 48 56 49 57 48 56 47 55 50 58 51 59 32 60 31 61 32 60 51 59 52 62 53 63 54 64 55 65 54 64 53 63 56 66 57 67 39 68 58 69 39 68 57 67 37 70 59 71 60 72 61 73 60 72 59 71 62 74 63 75 64 76 65 77 64 76 63 75 66 78 67 79 46 80 45 81 46 80 67 79 68 82 69 83 70 84 71 85 70 84 69 83 72 86 73 87 52 88 51 89 52 88 73 87 74 90 75 91 76 92 77 93 76 92 75 91 78 94 79 95 58 96 80 97 58 96 79 95 57 98 81 99 82 100 83 101 82 100 81 99 84 102 85 103 65 104 86 105 65 104 85 103 63 106 87 107 68 108 67 109 68 108 87 107 88 110 89 111 90 112 91 113 90 112 89 111 92 114 73 115 93 116 74 117 93 116 73 115 94 118 95 119 96 120 97 121 96 120 95 119 98 122 99 123 79 124 80 125 79 124 99 123 100 126 101 127 102 128 103 129 102 128 101 127 104 130 105 131 86 132 106 133 86 132 105 131 85 134 107 135 108 136 109 137 108 136 107 135 110 138 110 138 107 135 111 139 111 139 107 135 112 140 112 140 107 135 113 141 94 142 114 143 93 144 114 143 94 142 115 145 116 146 117 147 118 148 117 147 116 146 119 149 120 150 100 151 99 152 100 151 120 150 121 153 122 154 123 155 124 156 123 155 122 154 125 157 126 158 105 159 106 160 105 159 126 158 127 161 128 162 129 163 130 164 129 163 128 162 131 165 132 166 121 167 120 168 121 167 132 166 133 169 134 170 135 171 136 172 135 171 134 170 137 173 138 174 127 175 126 176 127 175 138 174 139 177 140 178 139 179 138 180 139 179 140 178 141 181</p>
                </triangles>
            </mesh>
        </geometry>
        <geometry id="ID91">
            <mesh>
                <source id="ID92">
                    <float_array id="ID96" count="426">0.2469796 -0.586635 0.4277812 0.1622565 -0.6045607 0.3917218 0.2138277 -0.6045607 0.3703604 0.1874128 -0.586635 0.4524546 0.3492819 -0.586635 0.3492819 0.2138277 -0.6045607 0.3703604 0.302398 -0.6045607 0.302398 0.2469796 -0.586635 0.4277812 0.2469796 -0.586635 0.4277812 0.1889195 -0.5814807 0.4560919 0.1874128 -0.586635 0.4524546 0.2489651 -0.5814807 0.4312202 0.1874128 -0.586635 0.4524546 0.1607499 -0.6015535 0.3880845 0.1622565 -0.6045607 0.3917218 0.1607499 -0.5969571 0.3880845 0.1750862 -0.5874401 0.4226955 0.1889195 -0.5736914 0.4560919 0.1889195 -0.5814807 0.4560919 0.2138277 -0.6045607 0.3703604 0.1607499 -0.6015535 0.3880845 0.2118422 -0.6015535 0.3669214 0.1622565 -0.6045607 0.3917218 0.4277812 -0.586635 0.2469796 0.302398 -0.6045607 0.302398 0.3703604 -0.6045607 0.2138277 0.3492819 -0.586635 0.3492819 0.3492819 -0.586635 0.3492819 0.3520898 -0.5814807 0.3520898 0.302398 -0.6045607 0.302398 0.2995901 -0.6015535 0.2995901 0.1889195 -0.5814807 0.4560919 0.2489651 -0.5736914 0.4312202 0.1889195 -0.5736914 0.4560919 0.2489651 -0.5814807 0.4312202 0.2118422 -0.5969571 0.3669214 0.1607499 -0.6015535 0.3880845 0.1607499 -0.5969571 0.3880845 0.2118422 -0.6015535 0.3669214 0.477128 -0.586635 0.1278461 0.3703604 -0.6045607 0.2138277 0.4130833 -0.6045607 0.1106853 0.4277812 -0.586635 0.2469796 0.4312202 -0.5814807 0.2489651 0.4277812 -0.586635 0.2469796 0.3703604 -0.6045607 0.2138277 0.3669214 -0.6015535 0.2118422 0.2489651 -0.5814807 0.4312202 0.3520898 -0.5736914 0.3520898 0.2489651 -0.5736914 0.4312202 0.3520898 -0.5814807 0.3520898 0.2995901 -0.5969571 0.2995901 0.2118422 -0.6015535 0.3669214 0.2118422 -0.5969571 0.3669214 0.2995901 -0.6015535 0.2995901 0.2580801 -0.566817 0.4470078 0.1889195 -0.5736914 0.4560919 0.2489651 -0.5736914 0.4312202 0.1958361 -0.566817 0.4727901 0.2118422 -0.5969571 0.3669214 0.1535817 -0.6017156 0.370779 0.2023957 -0.6017156 0.3505596 0.1607499 -0.5969571 0.3880845 0.477128 -0.586635 0.1278461 0.4276553 -0.6045607 -5.551115e-16 0.4939592 -0.586635 -7.771561e-16 0.4130833 -0.6045607 0.1106853 0.4809637 -0.5814807 0.1288738 0.477128 -0.586635 0.1278461 0.4130833 -0.6045607 0.1106853 0.4092476 -0.6015535 0.1096576 0.4312202 -0.5736914 0.2489651 0.3520898 -0.5814807 0.3520898 0.4312202 -0.5814807 0.2489651 0.3520898 -0.5736914 0.3520898 0.2995901 -0.5969571 0.2995901 0.3669214 -0.6015535 0.2118422 0.2995901 -0.6015535 0.2995901 0.3669214 -0.5969571 0.2118422 0.3649804 -0.566817 0.3649804 0.3520898 -0.5736914 0.3520898 0.2995901 -0.5969571 0.2995901 0.2862307 -0.6017156 0.2862307 0.4939592 -0.586635 -7.771561e-16 0.4203693 -0.6045607 -0.05534267 0.4855436 -0.586635 -0.06392303 0.4276553 -0.6045607 -5.551115e-16 0.4979302 -0.5814807 -7.771561e-16 0.4939592 -0.586635 -7.771561e-16 0.4276553 -0.6045607 -5.551115e-16 0.4236843 -0.6015535 -9.992007e-16 0.4809637 -0.5736914 0.1288738 0.4312202 -0.5814807 0.2489651 0.4809637 -0.5814807 0.1288738 0.4312202 -0.5736914 0.2489651 0.3669214 -0.5969571 0.2118422 0.4092476 -0.6015535 0.1096576 0.3669214 -0.6015535 0.2118422 0.4092476 -0.5969571 0.1096576 0.4470078 -0.566817 0.2580801 0.4312202 -0.5736914 0.2489651 0.3669214 -0.5969571 0.2118422 0.3505596 -0.6017156 0.2023957 0.4536082 -0.5874401 -0.05971865 0.416466 -0.6015535 -0.05482879 0.416466 -0.5969571 -0.05482879 0.4203693 -0.6045607 -0.05534267 0.4855436 -0.586635 -0.06392303 0.4894469 -0.5736914 -0.06443691 0.4894469 -0.5814807 -0.06443691 0.4894469 -0.5814807 -0.06443691 0.4855436 -0.586635 -0.06392303 0.416466 -0.6015535 -0.05482879 0.4203693 -0.6045607 -0.05534267 0.4979302 -0.5736914 -6.661338e-16 0.4809637 -0.5814807 0.1288738 0.4979302 -0.5814807 -7.771561e-16 0.4809637 -0.5736914 0.1288738 0.4092476 -0.5969571 0.1096576 0.4236843 -0.6015535 -9.992007e-16 0.4092476 -0.6015535 0.1096576 0.4236843 -0.5969571 -6.661338e-16 0.4985724 -0.566817 0.1335921 0.4809637 -0.5736914 0.1288738 0.4092476 -0.5969571 0.1096576 0.3909984 -0.6017156 0.1047677 0.4894469 -0.5736914 -0.06443691 0.4979302 -0.5814807 -7.771561e-16 0.4894469 -0.5814807 -0.06443691 0.4979302 -0.5736914 -6.661338e-16 0.4236843 -0.5969571 -6.661338e-16 0.416466 -0.6015535 -0.05482879 0.4236843 -0.6015535 -9.992007e-16 0.416466 -0.5969571 -0.05482879 0.4979302 -0.5736914 -6.661338e-16 0.5161602 -0.566817 -6.661338e-16 0.4047913 -0.6017156 -6.661338e-16 0.4236843 -0.5969571 -6.661338e-16 0.4894469 -0.5736914 -0.06443691 0.5073663 -0.566817 -0.06679604 0.3978949 -0.6017156 -0.05238385 0.416466 -0.5969571 -0.05482879</float_array>
                    <technique_common>
                        <accessor count="142" source="#ID96" stride="3">
                            <param name="X" type="float" />
                            <param name="Y" type="float" />
                            <param name="Z" type="float" />
                        </accessor>
                    </technique_common>
                </source>
                <source id="ID93">
                    <float_array id="ID97" count="426">0.1006775 -0.9647732 0.2430569 0.1006775 -0.9647732 0.2430569 0.1006775 -0.9647732 0.2430569 0.1006775 -0.9647732 0.2430569 0.1601547 -0.9647732 0.2087177 0.1601547 -0.9647732 0.2087177 0.1601547 -0.9647732 0.2087177 0.1601547 -0.9647732 0.2087177 0.3960852 -0.6103001 0.6860396 0.3041169 -0.6070079 0.7342032 0.3041169 -0.6070079 0.7342032 0.3960852 -0.6103001 0.6860396 -0.9238795 -1.52475e-14 0.3826834 -0.9238795 -1.52475e-14 0.3826834 -0.9238795 -1.52475e-14 0.3826834 -0.9238795 -1.52475e-14 0.3826834 -0.9238795 -1.52475e-14 0.3826834 -0.9238795 -1.52475e-14 0.3826834 -0.9238795 -1.52475e-14 0.3826834 -0.3018564 -0.797202 -0.5228306 -0.2322919 -0.7946958 -0.5608022 -0.3018564 -0.797202 -0.5228306 -0.2322919 -0.7946958 -0.5608022 0.2087177 -0.9647732 0.1601547 0.2087177 -0.9647732 0.1601547 0.2087177 -0.9647732 0.1601547 0.2087177 -0.9647732 0.1601547 0.560149 -0.6103001 0.560149 0.560149 -0.6103001 0.560149 -0.4268894 -0.797202 -0.4268894 -0.4268894 -0.797202 -0.4268894 0.3826834 -1.810556e-14 0.9238795 0.3826834 -1.810556e-14 0.9238795 0.3826834 -1.810556e-14 0.9238795 0.3826834 -1.810556e-14 0.9238795 -0.3826834 6.59617e-15 -0.9238795 -0.3826834 6.59617e-15 -0.9238795 -0.3826834 6.59617e-15 -0.9238795 -0.3826834 6.59617e-15 -0.9238795 0.2430569 -0.9647732 0.1006775 0.2430569 -0.9647732 0.1006775 0.2430569 -0.9647732 0.1006775 0.2430569 -0.9647732 0.1006775 0.6860396 -0.6103001 0.3960852 0.6860396 -0.6103001 0.3960852 -0.5228306 -0.797202 -0.3018564 -0.5228306 -0.797202 -0.3018564 0.6087614 -2.532171e-14 0.7933533 0.6087614 -2.532171e-14 0.7933533 0.6087614 -2.532171e-14 0.7933533 0.6087614 -2.532171e-14 0.7933533 -0.6087614 1.74091e-15 -0.7933533 -0.6087614 1.74091e-15 -0.7933533 -0.6087614 1.74091e-15 -0.7933533 -0.6087614 1.74091e-15 -0.7933533 0.1764189 -0.9356845 0.3055664 0.1360436 -0.9346767 0.3284382 0.1764189 -0.9356845 0.3055664 0.1360436 -0.9346767 0.3284382 0.1221196 -0.969715 0.2115174 0.09422413 -0.9692141 0.2274772 0.1221196 -0.969715 0.2115174 0.09422413 -0.9692141 0.2274772 0.2608321 -0.9647732 0.0343392 0.2608321 -0.9647732 0.0343392 0.2608321 -0.9647732 0.0343392 0.2608321 -0.9647732 0.0343392 0.7651778 -0.6103001 0.2050288 0.7651778 -0.6103001 0.2050288 -0.5831417 -0.797202 -0.1562524 -0.5831417 -0.797202 -0.1562524 0.7933533 -3.031871e-15 0.6087614 0.7933533 -3.031871e-15 0.6087614 0.7933533 -3.031871e-15 0.6087614 0.7933533 -3.031871e-15 0.6087614 -0.7933533 2.64034e-15 -0.6087614 -0.7933533 2.64034e-15 -0.6087614 -0.7933533 2.64034e-15 -0.6087614 -0.7933533 2.64034e-15 -0.6087614 0.2494939 -0.9356845 0.2494939 0.2494939 -0.9356845 0.2494939 0.1727032 -0.969715 0.1727032 0.1727032 -0.969715 0.1727032 0.2608321 -0.9647732 -0.0343392 0.2608321 -0.9647732 -0.0343392 0.2608321 -0.9647732 -0.0343392 0.2608321 -0.9647732 -0.0343392 0.7921703 -0.6103001 1.534689e-15 0.7921703 -0.6103001 1.792169e-15 -0.6037127 -0.797202 -6.231964e-15 -0.6037127 -0.797202 2.327128e-15 0.9238795 -1.300101e-14 0.3826834 0.9238795 -1.300101e-14 0.3826834 0.9238795 -1.300101e-14 0.3826834 0.9238795 -1.300101e-14 0.3826834 -0.9238795 1.071856e-14 -0.3826834 -0.9238795 1.071856e-14 -0.3826834 -0.9238795 1.071856e-14 -0.3826834 -0.9238795 1.071856e-14 -0.3826834 0.3055664 -0.9356845 0.1764189 0.3055664 -0.9356845 0.1764189 0.2115174 -0.969715 0.1221196 0.2115174 -0.969715 0.1221196 -0.1305262 3.315295e-15 -0.9914449 -0.1305262 3.315295e-15 -0.9914449 -0.1305262 3.315295e-15 -0.9914449 -0.1305262 3.315295e-15 -0.9914449 -0.1305262 3.315295e-15 -0.9914449 -0.1305262 3.315295e-15 -0.9914449 -0.1305262 3.315295e-15 -0.9914449 0.7878971 -0.6070079 -0.1037286 0.7878971 -0.6070079 -0.1037286 -0.6018148 -0.7946958 0.07923043 -0.6018148 -0.7946958 0.07923043 0.9914449 -2.92795e-14 0.1305262 0.9914449 -2.92795e-14 0.1305262 0.9914449 -2.92795e-14 0.1305262 0.9914449 -2.92795e-14 0.1305262 -0.9914449 6.196023e-15 -0.1305262 -0.9914449 6.196023e-15 -0.1305262 -0.9914449 6.196023e-15 -0.1305262 -0.9914449 6.196023e-15 -0.1305262 0.3408151 -0.9356845 0.09132112 0.3408151 -0.9356845 0.09132112 0.235917 -0.969715 0.06321376 0.235917 -0.969715 0.06321376 0.9914449 -1.225195e-14 -0.1305262 0.9914449 -1.225195e-14 -0.1305262 0.9914449 -1.225195e-14 -0.1305262 0.9914449 -1.225195e-14 -0.1305262 -0.9914449 -4.772612e-15 0.1305262 -0.9914449 -4.772612e-15 0.1305262 -0.9914449 -4.772612e-15 0.1305262 -0.9914449 -4.772612e-15 0.1305262 0.3528377 -0.9356845 5.702382e-16 0.3528377 -0.9356845 4.843991e-16 0.2442392 -0.969715 9.732583e-16 0.2442392 -0.969715 7.669083e-16 0.3524577 -0.9346767 -0.04640193 0.3524577 -0.9346767 -0.04640193 0.2441131 -0.9692141 -0.03213809 0.2441131 -0.9692141 -0.03213809</float_array>
                    <technique_common>
                        <accessor count="142" source="#ID97" stride="3">
                            <param name="X" type="float" />
                            <param name="Y" type="float" />
                            <param name="Z" type="float" />
                        </accessor>
                    </technique_common>
                </source>
                <source id="ID95">
                    <float_array id="ID98" count="364">0.4413649 0.4752459 0.4481784 0.5543758 0.4111898 0.5249571 0.4840883 0.5092257 0.4413322 0.4813047 0.5121616 0.5744959 0.425306 0.5372056 0.5416539 0.5243766 -0.4280405 1.156254 -0.3898663 1.19566 -0.394173 1.199067 -0.424006 1.152503 -1.57651 -0.329136 -1.589141 -0.2701457 -1.591687 -0.273479 -1.585249 -0.2701457 -1.577192 -0.3018641 -1.565551 -0.3324694 -1.572146 -0.3324694 1.288654 -0.4008784 1.31974 -0.3650329 1.286056 -0.3975561 1.322653 -0.3680503 0.4436063 0.4862698 0.5367207 0.5572001 0.4430665 0.5444201 0.5517808 0.5010313 -0.162366 1.294286 -0.06872702 1.351535 -0.07218478 1.355824 -0.1596332 1.289502 1.016436 -0.6460378 1.097927 -0.5988323 1.014886 -0.6421154 1.100255 -0.602349 -1.572146 0.6958464 -1.565551 0.640819 -1.565551 0.6958464 -1.572146 0.640819 1.585249 0.6490241 1.589141 0.6958464 1.585249 0.6958464 1.589141 0.6490241 0.4475864 0.4917533 0.5563007 0.5351421 0.4626464 0.5479222 0.5557608 0.4769919 0.228038 1.330368 0.3339993 1.358969 0.2273029 1.335827 0.3355921 1.353695 0.6554403 -0.8200129 0.7475731 -0.8004982 0.6551877 -0.8158031 0.7486915 -0.8045646 -1.572146 0.7050331 -1.565551 0.5949784 -1.565551 0.7050331 -1.572146 0.5949784 1.585249 0.6031834 1.589141 0.696828 1.585249 0.696828 1.589141 0.6031834 0.3481587 0.5826611 0.3818583 0.6315095 0.3393274 0.5965935 0.3922468 0.6188554 0.4290999 0.5036024 0.4556533 0.5454949 0.4205801 0.5177275 0.4658101 0.5326658 0.553267 0.4560779 0.4824377 0.5492691 0.4529454 0.4991498 0.5692932 0.5119787 0.6501192 1.220979 0.7584084 1.203111 0.651712 1.226253 0.7576733 1.197652 0.2463752 -0.8642689 0.3398791 -0.8755075 0.2474937 -0.8602026 0.3396265 -0.8797173 -1.565551 0.5048409 -1.572146 0.6148956 -1.572146 0.5048409 -1.565551 0.6148956 1.585249 0.6066905 1.589141 0.5130459 1.589141 0.6066905 1.585249 0.5130459 0.382061 0.6014076 0.4778866 0.6617817 0.3772695 0.617192 0.4863618 0.6476298 0.4366715 0.5131087 0.5144315 0.5641357 0.432161 0.5289757 0.5227818 0.5499097 0.545135 0.441066 0.5383216 0.5201959 0.5024117 0.4750458 0.5753102 0.4907772 0.9627928 1.02266 1.056432 0.9654098 0.9662505 1.026948 1.053699 0.9606265 -0.1404196 -0.7596892 -0.05505032 -0.7994556 -0.1380917 -0.7561725 -0.05659988 -0.803378 1.565551 -0.3765493 1.572146 -0.486604 1.572146 -0.3765493 1.565551 -0.486604 -1.585249 -0.4783989 -1.589141 -0.3847544 -1.589141 -0.4783989 -1.585249 -0.3847544 0.4220475 0.6087328 0.5307379 0.640576 0.421759 0.6252259 0.5350164 0.6246449 0.4471891 0.519518 0.5357101 0.5480554 0.4470555 0.536013 0.5399815 0.5321223 1.577192 0.3068974 1.589141 0.3386158 1.585249 0.3386158 1.591687 0.3352824 1.57651 0.2796254 1.565551 0.2762921 1.572146 0.2762921 1.171881 0.8027103 1.210056 0.7633049 1.176188 0.8061173 1.206021 0.7595538 -0.3818883 -0.6039255 -0.4129737 -0.56808 -0.4158872 -0.5710974 -0.3792904 -0.6006032 1.565551 -0.2188465 1.572146 -0.3289012 1.572146 -0.2188465 1.565551 -0.3289012 -1.585249 -0.3206961 -1.589141 -0.2270515 -1.589141 -0.3206961 -1.585249 -0.2270515 0.4637536 0.6071687 0.577011 0.6077497 0.4680321 0.6230998 0.5767224 0.5912566 0.4594692 0.5240323 0.5523952 0.527923 0.4637406 0.5399653 0.5522616 0.5114279 1.565551 -0.09750695 1.572146 -0.1525343 1.572146 -0.09750695 1.565551 -0.1525343 -1.585249 -0.1443292 -1.589141 -0.09750695 -1.589141 -0.1443292 -1.585249 -0.09750695 0.6075118 0.5541014 0.5116861 0.6144755 0.5032109 0.6003236 0.6123032 0.5698858 0.5586362 0.4910978 0.4808762 0.5421248 0.4725259 0.5278988 0.5631467 0.5069648 0.6260679 0.5190418 0.5923683 0.5678902 0.5819798 0.5552361 0.6348993 0.5329742 0.5591521 0.4737481 0.5325987 0.5156407 0.5224419 0.5028116 0.5676719 0.4878732</float_array>
                    <technique_common>
                        <accessor count="182" source="#ID98" stride="2">
                            <param name="S" type="float" />
                            <param name="T" type="float" />
                        </accessor>
                    </technique_common>
                </source>
                <vertices id="ID94">
                    <input semantic="POSITION" source="#ID92" />
                    <input semantic="NORMAL" source="#ID93" />
                </vertices>
                <triangles count="94" material="Material2">
                    <input offset="0" semantic="VERTEX" source="#ID94" />
                    <input offset="1" semantic="TEXCOORD" source="#ID95" />
                    <p>0 0 1 1 2 2 1 1 0 0 3 3 4 4 5 5 6 6 5 5 4 4 7 7 8 8 9 9 10 10 9 9 8 8 11 11 12 12 13 13 14 14 13 13 12 12 15 15 15 15 12 12 16 16 16 16 12 12 17 17 17 17 12 12 18 18 19 19 20 20 21 21 20 20 19 19 22 22 23 23 24 24 25 25 24 24 23 23 26 26 27 27 11 28 8 29 11 28 27 27 28 30 29 31 21 32 30 33 21 32 29 31 19 34 31 35 32 36 33 37 32 36 31 35 34 38 35 39 36 40 37 41 36 40 35 39 38 42 39 43 40 44 41 45 40 44 39 43 42 46 43 47 27 48 44 49 27 48 43 47 28 50 45 51 30 52 46 53 30 52 45 51 29 54 47 55 48 56 49 57 48 56 47 55 50 58 51 59 52 60 53 61 52 60 51 59 54 62 55 63 56 64 57 65 56 64 55 63 58 66 59 67 60 68 61 69 60 68 59 67 62 70 63 71 64 72 65 73 64 72 63 71 66 74 67 75 44 76 68 77 44 76 67 75 43 78 69 79 46 80 70 81 46 80 69 79 45 82 71 83 72 84 73 85 72 84 71 83 74 86 75 87 76 88 77 89 76 88 75 87 78 90 79 91 57 92 80 93 57 92 79 91 55 94 81 95 61 96 82 97 61 96 81 95 59 98 83 99 84 100 85 101 84 100 83 99 86 102 87 103 68 104 88 105 68 104 87 103 67 106 89 107 70 108 90 109 70 108 89 107 69 110 91 111 92 112 93 113 92 112 91 111 94 114 95 115 96 116 97 117 96 116 95 115 98 118 99 119 80 120 100 121 80 120 99 119 79 122 101 123 82 124 102 125 82 124 101 123 81 126 103 127 104 128 105 129 104 128 103 127 106 130 106 130 103 127 107 131 107 131 103 127 108 132 107 131 108 132 109 133 110 134 88 135 111 136 88 135 110 134 87 137 89 138 112 139 113 140 112 139 89 138 90 141 114 142 115 143 116 144 115 143 114 142 117 145 118 146 119 147 120 148 119 147 118 146 121 149 122 150 100 151 123 152 100 151 122 150 99 153 124 154 102 155 125 156 102 155 124 154 101 157 126 158 127 159 128 160 127 159 126 158 129 161 130 162 131 163 132 164 131 163 130 162 133 165 122 166 134 167 135 168 134 167 122 166 123 169 124 170 136 171 137 172 136 171 124 170 125 173 135 174 138 175 139 176 138 175 135 174 134 177 137 178 140 179 141 180 140 179 137 178 136 181</p>
                </triangles>
            </mesh>
        </geometry>
        <geometry id="ID99">
            <mesh>
                <source id="ID100">
                    <float_array id="ID104" count="426">-0.3520898 -0.5814807 0.3520898 -0.2489651 -0.5736914 0.4312202 -0.3520898 -0.5736914 0.3520898 -0.2489651 -0.5814807 0.4312202 -0.3520898 -0.5736914 0.3520898 -0.4312202 -0.5814807 0.2489651 -0.3520898 -0.5814807 0.3520898 -0.4312202 -0.5736914 0.2489651 -0.3492819 -0.586635 0.3492819 -0.2489651 -0.5814807 0.4312202 -0.3520898 -0.5814807 0.3520898 -0.2469796 -0.586635 0.4277812 -0.2489651 -0.5814807 0.4312202 -0.1889195 -0.5736914 0.4560919 -0.2489651 -0.5736914 0.4312202 -0.1889195 -0.5814807 0.4560919 -0.2489651 -0.5736914 0.4312202 -0.3649804 -0.566817 0.3649804 -0.3520898 -0.5736914 0.3520898 -0.2580801 -0.566817 0.4470078 -0.4312202 -0.5736914 0.2489651 -0.4809637 -0.5814807 0.1288738 -0.4312202 -0.5814807 0.2489651 -0.4809637 -0.5736914 0.1288738 -0.4277812 -0.586635 0.2469796 -0.4312202 -0.5814807 0.2489651 -0.4470078 -0.566817 0.2580801 -0.4312202 -0.5736914 0.2489651 -0.2138277 -0.6045607 0.3703604 -0.3492819 -0.586635 0.3492819 -0.302398 -0.6045607 0.302398 -0.2469796 -0.586635 0.4277812 -0.1889195 -0.5814807 0.4560919 -0.1874128 -0.586635 0.4524546 -0.1607499 -0.6015535 0.3880845 -0.1874128 -0.586635 0.4524546 -0.1622565 -0.6045607 0.3917218 -0.1607499 -0.5969571 0.3880845 -0.1750862 -0.5874401 0.4226955 -0.1889195 -0.5736914 0.4560919 -0.1889195 -0.5814807 0.4560919 -0.1889195 -0.5736914 0.4560919 -0.1958361 -0.566817 0.4727901 -0.4809637 -0.5736914 0.1288738 -0.4979302 -0.5814807 2.220446e-16 -0.4809637 -0.5814807 0.1288738 -0.4979302 -0.5736914 -1.110223e-16 -0.477128 -0.586635 0.1278461 -0.4809637 -0.5814807 0.1288738 -0.4985724 -0.566817 0.1335921 -0.4809637 -0.5736914 0.1288738 -0.302398 -0.6045607 0.302398 -0.4277812 -0.586635 0.2469796 -0.3703604 -0.6045607 0.2138277 -0.3492819 -0.586635 0.3492819 -0.1622565 -0.6045607 0.3917218 -0.2469796 -0.586635 0.4277812 -0.2138277 -0.6045607 0.3703604 -0.1874128 -0.586635 0.4524546 -0.2118422 -0.6015535 0.3669214 -0.302398 -0.6045607 0.302398 -0.2995901 -0.6015535 0.2995901 -0.2138277 -0.6045607 0.3703604 -0.1607499 -0.6015535 0.3880845 -0.1622565 -0.6045607 0.3917218 -0.1607499 -0.5969571 0.3880845 -0.2118422 -0.6015535 0.3669214 -0.2118422 -0.5969571 0.3669214 -0.1607499 -0.6015535 0.3880845 -0.4979302 -0.5736914 -1.110223e-16 -0.4894469 -0.5814807 -0.06443691 -0.4979302 -0.5814807 2.220446e-16 -0.4894469 -0.5736914 -0.06443691 -0.4939592 -0.586635 2.220446e-16 -0.4979302 -0.5814807 2.220446e-16 -0.5161602 -0.566817 0 -0.4979302 -0.5736914 -1.110223e-16 -0.3703604 -0.6045607 0.2138277 -0.477128 -0.586635 0.1278461 -0.4130833 -0.6045607 0.1106853 -0.4277812 -0.586635 0.2469796 -0.3703604 -0.6045607 0.2138277 -0.3669214 -0.6015535 0.2118422 -0.2118422 -0.5969571 0.3669214 -0.2995901 -0.6015535 0.2995901 -0.2995901 -0.5969571 0.2995901 -0.2118422 -0.6015535 0.3669214 -0.1535817 -0.6017156 0.370779 -0.2118422 -0.5969571 0.3669214 -0.2023957 -0.6017156 0.3505596 -0.1607499 -0.5969571 0.3880845 -0.4894469 -0.5736914 -0.06443691 -0.5073663 -0.566817 -0.06679604 -0.4894469 -0.5736914 -0.06443691 -0.4855436 -0.586635 -0.06392303 -0.4894469 -0.5814807 -0.06443691 -0.4536082 -0.5874401 -0.05971865 -0.4203693 -0.6045607 -0.05534267 -0.416466 -0.5969571 -0.05482879 -0.416466 -0.6015535 -0.05482879 -0.4855436 -0.586635 -0.06392303 -0.4894469 -0.5814807 -0.06443691 -0.4130833 -0.6045607 0.1106853 -0.4939592 -0.586635 2.220446e-16 -0.4276553 -0.6045607 1.110223e-16 -0.477128 -0.586635 0.1278461 -0.4130833 -0.6045607 0.1106853 -0.4092476 -0.6015535 0.1096576 -0.3669214 -0.5969571 0.2118422 -0.2995901 -0.6015535 0.2995901 -0.3669214 -0.6015535 0.2118422 -0.2995901 -0.5969571 0.2995901 -0.2995901 -0.5969571 0.2995901 -0.2862307 -0.6017156 0.2862307 -0.416466 -0.5969571 -0.05482879 -0.4236843 -0.6015535 2.220446e-16 -0.416466 -0.6015535 -0.05482879 -0.4236843 -0.5969571 0 -0.416466 -0.6015535 -0.05482879 -0.4276553 -0.6045607 1.110223e-16 -0.4203693 -0.6045607 -0.05534267 -0.4236843 -0.6015535 2.220446e-16 -0.4203693 -0.6045607 -0.05534267 -0.4939592 -0.586635 2.220446e-16 -0.4855436 -0.586635 -0.06392303 -0.4276553 -0.6045607 1.110223e-16 -0.4092476 -0.5969571 0.1096576 -0.3669214 -0.6015535 0.2118422 -0.4092476 -0.6015535 0.1096576 -0.3669214 -0.5969571 0.2118422 -0.3669214 -0.5969571 0.2118422 -0.3505596 -0.6017156 0.2023957 -0.3978949 -0.6017156 -0.05238385 -0.4236843 -0.5969571 0 -0.416466 -0.5969571 -0.05482879 -0.4047913 -0.6017156 1.110223e-16 -0.4236843 -0.5969571 0 -0.4092476 -0.6015535 0.1096576 -0.4236843 -0.6015535 2.220446e-16 -0.4092476 -0.5969571 0.1096576 -0.4092476 -0.5969571 0.1096576 -0.3909984 -0.6017156 0.1047677</float_array>
                    <technique_common>
                        <accessor count="142" source="#ID104" stride="3">
                            <param name="X" type="float" />
                            <param name="Y" type="float" />
                            <param name="Z" type="float" />
                        </accessor>
                    </technique_common>
                </source>
                <source id="ID101">
                    <float_array id="ID105" count="426">-0.6087614 -1.414171e-14 0.7933533 -0.6087614 -1.414171e-14 0.7933533 -0.6087614 -1.414171e-14 0.7933533 -0.6087614 -1.414171e-14 0.7933533 -0.7933533 -1.427505e-14 0.6087614 -0.7933533 -1.427505e-14 0.6087614 -0.7933533 -1.427505e-14 0.6087614 -0.7933533 -1.427505e-14 0.6087614 -0.560149 -0.6103001 0.560149 -0.3960852 -0.6103001 0.6860396 -0.560149 -0.6103001 0.560149 -0.3960852 -0.6103001 0.6860396 -0.3826834 6.369035e-15 0.9238795 -0.3826834 6.369035e-15 0.9238795 -0.3826834 6.369035e-15 0.9238795 -0.3826834 6.369035e-15 0.9238795 -0.1764189 -0.9356845 0.3055664 -0.2494939 -0.9356845 0.2494939 -0.2494939 -0.9356845 0.2494939 -0.1764189 -0.9356845 0.3055664 -0.9238795 -1.026568e-14 0.3826834 -0.9238795 -1.026568e-14 0.3826834 -0.9238795 -1.026568e-14 0.3826834 -0.9238795 -1.026568e-14 0.3826834 -0.6860396 -0.6103001 0.3960852 -0.6860396 -0.6103001 0.3960852 -0.3055664 -0.9356845 0.1764189 -0.3055664 -0.9356845 0.1764189 -0.1601547 -0.9647732 0.2087177 -0.1601547 -0.9647732 0.2087177 -0.1601547 -0.9647732 0.2087177 -0.1601547 -0.9647732 0.2087177 -0.3041169 -0.6070079 0.7342032 -0.3041169 -0.6070079 0.7342032 0.9238795 0 0.3826834 0.9238795 0 0.3826834 0.9238795 0 0.3826834 0.9238795 0 0.3826834 0.9238795 0 0.3826834 0.9238795 0 0.3826834 0.9238795 0 0.3826834 -0.1360436 -0.9346767 0.3284382 -0.1360436 -0.9346767 0.3284382 -0.9914449 -2.523186e-14 0.1305262 -0.9914449 -2.523186e-14 0.1305262 -0.9914449 -2.523186e-14 0.1305262 -0.9914449 -2.523186e-14 0.1305262 -0.7651778 -0.6103001 0.2050288 -0.7651778 -0.6103001 0.2050288 -0.3408151 -0.9356845 0.09132112 -0.3408151 -0.9356845 0.09132112 -0.2087177 -0.9647732 0.1601547 -0.2087177 -0.9647732 0.1601547 -0.2087177 -0.9647732 0.1601547 -0.2087177 -0.9647732 0.1601547 -0.1006775 -0.9647732 0.2430569 -0.1006775 -0.9647732 0.2430569 -0.1006775 -0.9647732 0.2430569 -0.1006775 -0.9647732 0.2430569 0.3018564 -0.797202 -0.5228306 0.4268894 -0.797202 -0.4268894 0.4268894 -0.797202 -0.4268894 0.3018564 -0.797202 -0.5228306 0.2322919 -0.7946958 -0.5608022 0.2322919 -0.7946958 -0.5608022 0.3826834 -1.071208e-14 -0.9238795 0.3826834 -1.071208e-14 -0.9238795 0.3826834 -1.071208e-14 -0.9238795 0.3826834 -1.071208e-14 -0.9238795 -0.9914449 -1.691682e-14 -0.1305262 -0.9914449 -1.691682e-14 -0.1305262 -0.9914449 -1.691682e-14 -0.1305262 -0.9914449 -1.691682e-14 -0.1305262 -0.7921703 -0.6103001 1.868251e-15 -0.7921703 -0.6103001 1.646984e-15 -0.3528377 -0.9356845 5.275634e-16 -0.3528377 -0.9356845 2.420435e-16 -0.2430569 -0.9647732 0.1006775 -0.2430569 -0.9647732 0.1006775 -0.2430569 -0.9647732 0.1006775 -0.2430569 -0.9647732 0.1006775 0.5228306 -0.797202 -0.3018564 0.5228306 -0.797202 -0.3018564 0.6087614 6.434582e-15 -0.7933533 0.6087614 6.434582e-15 -0.7933533 0.6087614 6.434582e-15 -0.7933533 0.6087614 6.434582e-15 -0.7933533 -0.09422413 -0.9692141 0.2274772 -0.1221196 -0.969715 0.2115174 -0.1221196 -0.969715 0.2115174 -0.09422413 -0.9692141 0.2274772 -0.3524577 -0.9346767 -0.04640193 -0.3524577 -0.9346767 -0.04640193 0.1305262 -9.945886e-15 -0.9914449 0.1305262 -9.945886e-15 -0.9914449 0.1305262 -9.945886e-15 -0.9914449 0.1305262 -9.945886e-15 -0.9914449 0.1305262 -9.945886e-15 -0.9914449 0.1305262 -9.945886e-15 -0.9914449 0.1305262 -9.945886e-15 -0.9914449 -0.7878971 -0.6070079 -0.1037286 -0.7878971 -0.6070079 -0.1037286 -0.2608321 -0.9647732 0.0343392 -0.2608321 -0.9647732 0.0343392 -0.2608321 -0.9647732 0.0343392 -0.2608321 -0.9647732 0.0343392 0.5831417 -0.797202 -0.1562524 0.5831417 -0.797202 -0.1562524 0.7933533 1.250887e-14 -0.6087614 0.7933533 1.250887e-14 -0.6087614 0.7933533 1.250887e-14 -0.6087614 0.7933533 1.250887e-14 -0.6087614 -0.1727032 -0.969715 0.1727032 -0.1727032 -0.969715 0.1727032 0.9914449 3.098011e-15 0.1305262 0.9914449 3.098011e-15 0.1305262 0.9914449 3.098011e-15 0.1305262 0.9914449 3.098011e-15 0.1305262 0.6018148 -0.7946958 0.07923043 0.6037127 -0.797202 -9.540174e-16 0.6018148 -0.7946958 0.07923043 0.6037127 -0.797202 -3.374336e-15 -0.2608321 -0.9647732 -0.0343392 -0.2608321 -0.9647732 -0.0343392 -0.2608321 -0.9647732 -0.0343392 -0.2608321 -0.9647732 -0.0343392 0.9238795 -9.659868e-16 -0.3826834 0.9238795 -9.659868e-16 -0.3826834 0.9238795 -9.659868e-16 -0.3826834 0.9238795 -9.659868e-16 -0.3826834 -0.2115174 -0.969715 0.1221196 -0.2115174 -0.969715 0.1221196 -0.2441131 -0.9692141 -0.03213809 -0.2442392 -0.969715 4.111013e-16 -0.2441131 -0.9692141 -0.03213809 -0.2442392 -0.969715 7.52435e-16 0.9914449 -3.181741e-15 -0.1305262 0.9914449 -3.181741e-15 -0.1305262 0.9914449 -3.181741e-15 -0.1305262 0.9914449 -3.181741e-15 -0.1305262 -0.235917 -0.969715 0.06321376 -0.235917 -0.969715 0.06321376</float_array>
                    <technique_common>
                        <accessor count="142" source="#ID105" stride="3">
                            <param name="X" type="float" />
                            <param name="Y" type="float" />
                            <param name="Z" type="float" />
                        </accessor>
                    </technique_common>
                </source>
                <source id="ID103">
                    <float_array id="ID106" count="364">1.572146 -0.3289012 1.565551 -0.2188465 1.565551 -0.3289012 1.572146 -0.2188465 1.565551 -0.3765493 1.572146 -0.486604 1.572146 -0.3765493 1.565551 -0.486604 1.056432 0.9654098 0.9627928 1.02266 1.053699 0.9606265 0.9662505 1.026948 1.572146 -0.1525343 1.565551 -0.09750695 1.565551 -0.1525343 1.572146 -0.09750695 0.5116861 0.6144755 0.6075118 0.5541014 0.6123032 0.5698858 0.5032109 0.6003236 -1.565551 0.5048409 -1.572146 0.6148956 -1.572146 0.5048409 -1.565551 0.6148956 0.6501192 1.220979 0.7584084 1.203111 0.651712 1.226253 0.7576733 1.197652 0.4680321 0.6230998 0.5767224 0.5912566 0.577011 0.6077497 0.4637536 0.6071687 0.4824377 0.5492691 0.553267 0.4560779 0.5692932 0.5119787 0.4529454 0.4991498 1.210056 0.7633049 1.171881 0.8027103 1.206021 0.7595538 1.176188 0.8061173 1.589141 0.3386158 1.57651 0.2796254 1.591687 0.3352824 1.585249 0.3386158 1.577192 0.3068974 1.565551 0.2762921 1.572146 0.2762921 0.5923683 0.5678902 0.6260679 0.5190418 0.6348993 0.5329742 0.5819798 0.5552361 -1.565551 0.5949784 -1.572146 0.7050331 -1.572146 0.5949784 -1.565551 0.7050331 0.228038 1.330368 0.3339993 1.358969 0.2273029 1.335827 0.3355921 1.353695 0.421759 0.6252259 0.5350164 0.6246449 0.5307379 0.640576 0.4220475 0.6087328 0.4626464 0.5479222 0.5557608 0.4769919 0.5563007 0.5351421 0.4475864 0.4917533 0.5383216 0.5201959 0.545135 0.441066 0.5753102 0.4907772 0.5024117 0.4750458 -0.1380917 -0.7561725 -0.05659988 -0.803378 -0.05505032 -0.7994556 -0.1404196 -0.7596892 -0.4129737 -0.56808 -0.3818883 -0.6039255 -0.3792904 -0.6006032 -0.4158872 -0.5710974 -1.585249 -0.09750695 -1.589141 -0.1443292 -1.585249 -0.1443292 -1.589141 -0.09750695 -1.565551 0.640819 -1.572146 0.6958464 -1.572146 0.640819 -1.565551 0.6958464 -0.1596332 1.289502 -0.07218478 1.355824 -0.162366 1.294286 -0.06872702 1.351535 0.3772695 0.617192 0.4863618 0.6476298 0.4778866 0.6617817 0.382061 0.6014076 0.4430665 0.5444201 0.5517808 0.5010313 0.5367207 0.5572001 0.4436063 0.4862698 0.2474937 -0.8602026 0.3396265 -0.8797173 0.3398791 -0.8755075 0.2463752 -0.8642689 -1.585249 -0.2270515 -1.589141 -0.3206961 -1.585249 -0.3206961 -1.589141 -0.2270515 0.5325987 0.5156407 0.5591521 0.4737481 0.5676719 0.4878732 0.5224419 0.5028116 0.3818583 0.6315095 0.3481587 0.5826611 0.3922468 0.6188554 0.3393274 0.5965935 -1.565551 -0.3324694 -1.57651 -0.329136 -1.572146 -0.3324694 -1.577192 -0.3018641 -1.591687 -0.273479 -1.585249 -0.2701457 -1.589141 -0.2701457 -0.424006 1.152503 -0.394173 1.199067 -0.4280405 1.156254 -0.3898663 1.19566 0.425306 0.5372056 0.5416539 0.5243766 0.5121616 0.5744959 0.4413322 0.4813047 0.6551877 -0.8158031 0.7486915 -0.8045646 0.7475731 -0.8004982 0.6554403 -0.8200129 -1.585249 -0.4783989 -1.589141 -0.3847544 -1.589141 -0.4783989 -1.585249 -0.3847544 0.4808762 0.5421248 0.5586362 0.4910978 0.5631467 0.5069648 0.4725259 0.5278988 1.585249 0.6958464 1.589141 0.6490241 1.589141 0.6958464 1.585249 0.6490241 1.31974 -0.3650329 1.288654 -0.4008784 1.322653 -0.3680503 1.286056 -0.3975561 0.4481784 0.5543758 0.4413649 0.4752459 0.4840883 0.5092257 0.4111898 0.5249571 1.097927 -0.5988323 1.016436 -0.6460378 1.100255 -0.602349 1.014886 -0.6421154 1.585249 0.6066905 1.589141 0.5130459 1.589141 0.6066905 1.585249 0.5130459 0.4637406 0.5399653 0.5522616 0.5114279 0.5523952 0.527923 0.4594692 0.5240323 0.4556533 0.5454949 0.4290999 0.5036024 0.4658101 0.5326658 0.4205801 0.5177275 1.585249 0.696828 1.589141 0.6031834 1.589141 0.696828 1.585249 0.6031834 0.4470555 0.536013 0.5399815 0.5321223 0.5357101 0.5480554 0.4471891 0.519518 0.5144315 0.5641357 0.4366715 0.5131087 0.5227818 0.5499097 0.432161 0.5289757</float_array>
                    <technique_common>
                        <accessor count="182" source="#ID106" stride="2">
                            <param name="S" type="float" />
                            <param name="T" type="float" />
                        </accessor>
                    </technique_common>
                </source>
                <vertices id="ID102">
                    <input semantic="POSITION" source="#ID100" />
                    <input semantic="NORMAL" source="#ID101" />
                </vertices>
                <triangles count="94" material="Material2">
                    <input offset="0" semantic="VERTEX" source="#ID102" />
                    <input offset="1" semantic="TEXCOORD" source="#ID103" />
                    <p>0 0 1 1 2 2 1 1 0 0 3 3 4 4 5 5 6 6 5 5 4 4 7 7 8 8 9 9 10 10 9 9 8 8 11 11 12 12 13 13 14 14 13 13 12 12 15 15 16 16 17 17 18 18 17 17 16 16 19 19 20 20 21 21 22 22 21 21 20 20 23 23 10 24 24 25 8 26 24 25 10 24 25 27 18 28 26 29 27 30 26 29 18 28 17 31 28 32 29 33 30 34 29 33 28 32 31 35 11 36 32 37 9 38 32 37 11 36 33 39 34 40 35 41 36 42 35 41 34 40 37 43 35 41 37 43 38 44 35 41 38 44 39 45 35 41 39 45 40 46 41 47 19 48 16 49 19 48 41 47 42 50 43 51 44 52 45 53 44 52 43 51 46 54 25 55 47 56 24 57 47 56 25 55 48 58 27 59 49 60 50 61 49 60 27 59 26 62 51 63 52 64 53 65 52 64 51 63 54 66 55 67 56 68 57 69 56 68 55 67 58 70 59 71 60 72 61 73 60 72 59 71 62 74 63 75 62 76 59 77 62 76 63 75 64 78 65 79 66 80 67 81 66 80 65 79 68 82 69 83 70 84 71 85 70 84 69 83 72 86 48 87 73 88 47 89 73 88 48 87 74 90 50 91 75 92 76 93 75 92 50 91 49 94 77 95 78 96 79 97 78 96 77 95 80 98 61 99 81 100 82 101 81 100 61 99 60 102 83 103 84 104 85 105 84 104 83 103 86 106 87 107 88 108 89 109 88 108 87 107 90 110 91 111 75 112 92 113 75 112 91 111 76 114 93 115 94 116 95 117 94 116 93 115 96 118 94 116 96 118 97 119 97 119 96 118 98 120 97 119 98 120 99 121 74 122 100 123 73 124 100 123 74 122 101 125 102 126 103 127 104 128 103 127 102 126 105 129 82 130 106 131 107 132 106 131 82 130 81 133 108 134 109 135 110 136 109 135 108 134 111 137 89 138 112 139 113 140 112 139 89 138 88 141 114 142 115 143 116 144 115 143 114 142 117 145 118 146 119 147 120 148 119 147 118 146 121 149 122 150 123 151 124 152 123 151 122 150 125 153 121 154 106 155 119 156 106 155 121 154 107 157 126 158 127 159 128 160 127 159 126 158 129 161 113 162 130 163 131 164 130 163 113 162 112 165 132 166 133 167 134 168 133 167 132 166 135 169 136 170 137 171 138 172 137 171 136 170 139 173 131 174 140 175 141 176 140 175 131 174 130 177 135 178 140 179 133 180 140 179 135 178 141 181</p>
                </triangles>
            </mesh>
        </geometry>
        <geometry id="ID109">
            <mesh>
                <source id="ID115">
                    <float_array id="ID119" count="72">0.3056918 0 -1.140857 -0.3056918 0 -1.140857 2.220446e-16 0 -1.181102 -0.5905512 0 -1.022865 0.5905512 0 -1.022865 -0.8351655 0 -0.8351655 0.8351655 0 -0.8351655 -1.022865 0 -0.5905512 1.022865 0 -0.5905512 -1.140857 0 -0.3056918 1.140857 0 -0.3056918 -1.181102 0 0 1.181102 0 0 1.140857 0 0.3056918 -1.140857 0 0.3056918 -1.022865 0 0.5905512 1.022865 0 0.5905512 -0.8351655 0 0.8351655 0.8351655 0 0.8351655 0.5905512 0 1.022865 -0.5905512 0 1.022865 -0.3056918 0 1.140857 0.3056918 0 1.140857 0 0 1.181102</float_array>
                    <technique_common>
                        <accessor count="24" source="#ID119" stride="3">
                            <param name="X" type="float" />
                            <param name="Y" type="float" />
                            <param name="Z" type="float" />
                        </accessor>
                    </technique_common>
                </source>
                <source id="ID116">
                    <float_array id="ID120" count="72">-0 -1 -0 -0 -1 -0 -0 -1 -0 -0 -1 -0 -0 -1 -0 -0 -1 -0 -0 -1 -0 -0 -1 -0 -0 -1 -0 -0 -1 -0 -0 -1 -0 -0 -1 -0 -0 -1 -0 -0 -1 -0 -0 -1 -0 -0 -1 -0 -0 -1 -0 -0 -1 -0 -0 -1 -0 -0 -1 -0 -0 -1 -0 -0 -1 -0 -0 -1 -0 -0 -1 -0</float_array>
                    <technique_common>
                        <accessor count="24" source="#ID120" stride="3">
                            <param name="X" type="float" />
                            <param name="Y" type="float" />
                            <param name="Z" type="float" />
                        </accessor>
                    </technique_common>
                </source>
                <source id="ID118">
                    <float_array id="ID121" count="48">0.6256646 -0.9830644 0.3683855 -0.9830642 0.497025 -1 0.2485126 -0.9334112 0.7455376 -0.9334115 0.1455754 -0.8544246 0.8484749 -0.854425 0.06658888 -0.7514874 0.9274615 -0.7514879 0.01693594 -0.6316144 0.9771146 -0.631615 3.016412e-07 -0.502975 0.9940504 -0.5029756 0.9771147 -0.3743361 0.0169361 -0.3743355 0.06658918 -0.2544626 0.9274618 -0.2544632 0.1455758 -0.1515255 0.8484753 -0.1515259 0.7455381 -0.07253937 0.2485131 -0.07253907 0.3683861 -0.02288616 0.6256652 -0.02288632 0.4970256 -0.005950531</float_array>
                    <technique_common>
                        <accessor count="24" source="#ID121" stride="2">
                            <param name="S" type="float" />
                            <param name="T" type="float" />
                        </accessor>
                    </technique_common>
                </source>
                <vertices id="ID117">
                    <input semantic="POSITION" source="#ID115" />
                    <input semantic="NORMAL" source="#ID116" />
                </vertices>
                <triangles count="22" material="Material2">
                    <input offset="0" semantic="VERTEX" source="#ID117" />
                    <input offset="1" semantic="TEXCOORD" source="#ID118" />
                    <p>0 0 1 1 2 2 1 1 0 0 3 3 3 3 0 0 4 4 3 3 4 4 5 5 5 5 4 4 6 6 5 5 6 6 7 7 7 7 6 6 8 8 7 7 8 8 9 9 9 9 8 8 10 10 9 9 10 10 11 11 11 11 10 10 12 12 11 11 12 12 13 13 11 11 13 13 14 14 14 14 13 13 15 15 15 15 13 13 16 16 15 15 16 16 17 17 17 17 16 16 18 18 17 17 18 18 19 19 17 17 19 19 20 20 20 20 19 19 21 21 21 21 19 19 22 22 21 21 22 22 23 23</p>
                </triangles>
            </mesh>
        </geometry>
        <geometry id="ID122">
            <mesh>
                <source id="ID123">
                    <float_array id="ID126" count="216">-0.3056918 0.03937008 -1.140857 0.3056918 0.03937008 -1.140857 2.220446e-16 0.03937008 -1.181102 -0.5905512 0.03937008 -1.022865 0.5905512 0.03937008 -1.022865 -0.8351655 0.03937008 -0.8351655 0.8351655 0.03937008 -0.8351655 -1.022865 0.03937008 -0.5905512 1.022865 0.03937008 -0.5905512 -1.140857 0.03937008 -0.3056918 1.140857 0.03937008 -0.3056918 -1.181102 0.03937008 0 1.181102 0.03937008 0 -1.140857 0.03937008 0.3056918 1.140857 0.03937008 0.3056918 -1.022865 0.03937008 0.5905512 1.022865 0.03937008 0.5905512 -0.8351655 0.03937008 0.8351655 0.8351655 0.03937008 0.8351655 -0.5905512 0.03937008 1.022865 0.5905512 0.03937008 1.022865 -0.3056918 0.03937008 1.140857 0.3056918 0.03937008 1.140857 0 0.03937008 1.181102 2.220446e-16 0.03937008 -1.181102 -0.3056918 0 -1.140857 -0.3056918 0.03937008 -1.140857 2.220446e-16 0 -1.181102 -0.5905512 0 -1.022865 -0.5905512 0.03937008 -1.022865 -0.8351655 0 -0.8351655 -0.8351655 0.03937008 -0.8351655 -1.022865 0.03937008 -0.5905512 -1.022865 0 -0.5905512 -1.140857 0.03937008 -0.3056918 -1.140857 0 -0.3056918 -1.181102 0.03937008 0 -1.181102 0 0 -1.140857 0.03937008 0.3056918 -1.140857 0 0.3056918 -1.022865 0.03937008 0.5905512 -1.022865 0 0.5905512 -0.8351655 0.03937008 0.8351655 -0.8351655 0 0.8351655 -0.5905512 0 1.022865 -0.5905512 0.03937008 1.022865 -0.3056918 0 1.140857 -0.3056918 0.03937008 1.140857 0 0 1.181102 0 0.03937008 1.181102 0.3056918 0 1.140857 0.3056918 0.03937008 1.140857 0.5905512 0 1.022865 0.5905512 0.03937008 1.022865 0.8351655 0 0.8351655 0.8351655 0.03937008 0.8351655 1.022865 0.03937008 0.5905512 1.022865 0 0.5905512 1.140857 0.03937008 0.3056918 1.140857 0 0.3056918 1.181102 0.03937008 0 1.181102 0 0 1.140857 0.03937008 -0.3056918 1.140857 0 -0.3056918 1.022865 0.03937008 -0.5905512 1.022865 0 -0.5905512 0.8351655 0.03937008 -0.8351655 0.8351655 0 -0.8351655 0.5905512 0 -1.022865 0.5905512 0.03937008 -1.022865 0.3056918 0 -1.140857 0.3056918 0.03937008 -1.140857</float_array>
                    <technique_common>
                        <accessor count="72" source="#ID126" stride="3">
                            <param name="X" type="float" />
                            <param name="Y" type="float" />
                            <param name="Z" type="float" />
                        </accessor>
                    </technique_common>
                </source>
                <source id="ID124">
                    <float_array id="ID127" count="216">0 1 0 0 1 0 0 1 0 0 1 0 0 1 0 0 1 0 0 1 0 0 1 0 0 1 0 0 1 0 0 1 0 0 1 0 0 1 0 0 1 0 0 1 0 0 1 0 0 1 0 0 1 0 0 1 0 0 1 0 0 1 0 0 1 0 0 1 0 0 1 0 4.633777e-16 0 -1 -0.258819 0 -0.9659258 -0.258819 0 -0.9659258 4.633777e-16 0 -1 -0.5 0 -0.8660254 -0.5 0 -0.8660254 -0.7071068 0 -0.7071068 -0.7071068 0 -0.7071068 -0.8660254 0 -0.5 -0.8660254 0 -0.5 -0.9659258 0 -0.258819 -0.9659258 0 -0.258819 -1 0 -1.247555e-16 -1 0 -1.247555e-16 -0.9659258 0 0.258819 -0.9659258 0 0.258819 -0.8660254 0 0.5 -0.8660254 0 0.5 -0.7071068 0 0.7071068 -0.7071068 0 0.7071068 -0.5 0 0.8660254 -0.5 0 0.8660254 -0.258819 0 0.9659258 -0.258819 0 0.9659258 1.069333e-16 0 1 1.069333e-16 0 1 0.258819 0 0.9659258 0.258819 0 0.9659258 0.5 0 0.8660254 0.5 0 0.8660254 0.7071068 0 0.7071068 0.7071068 0 0.7071068 0.8660254 0 0.5 0.8660254 0 0.5 0.9659258 0 0.258819 0.9659258 0 0.258819 1 0 -1.960444e-16 1 0 -1.960444e-16 0.9659258 0 -0.258819 0.9659258 0 -0.258819 0.8660254 0 -0.5 0.8660254 0 -0.5 0.7071068 0 -0.7071068 0.7071068 0 -0.7071068 0.5 0 -0.8660254 0.5 0 -0.8660254 0.258819 0 -0.9659258 0.258819 0 -0.9659258</float_array>
                    <technique_common>
                        <accessor count="72" source="#ID127" stride="3">
                            <param name="X" type="float" />
                            <param name="Y" type="float" />
                            <param name="Z" type="float" />
                        </accessor>
                    </technique_common>
                </source>
                <vertices id="ID125">
                    <input semantic="POSITION" source="#ID123" />
                    <input semantic="NORMAL" source="#ID124" />
                </vertices>
                <triangles count="70" material="Material2">
                    <input offset="0" semantic="VERTEX" source="#ID125" />
                    <p>0 1 2 1 0 3 1 3 4 4 3 5 4 5 6 6 5 7 6 7 8 8 7 9 8 9 10 10 9 11 10 11 12 12 11 13 12 13 14 14 13 15 14 15 16 16 15 17 16 17 18 18 17 19 18 19 20 20 19 21 20 21 22 22 21 23 24 25 26 25 24 27 26 28 29 28 26 25 29 30 31 30 29 28 32 30 33 30 32 31 34 33 35 33 34 32 36 35 37 35 36 34 38 37 39 37 38 36 40 39 41 39 40 38 42 41 43 41 42 40 44 42 43 42 44 45 46 45 44 45 46 47 48 47 46 47 48 49 50 49 48 49 50 51 52 51 50 51 52 53 54 53 52 53 54 55 56 54 57 54 56 55 58 57 59 57 58 56 60 59 61 59 60 58 62 61 63 61 62 60 64 63 65 63 64 62 66 65 67 65 66 64 66 68 69 68 66 67 69 70 71 70 69 68 71 27 24 27 71 70</p>
                </triangles>
            </mesh>
        </geometry>
    </library_geometries>
    <library_materials>
        <material id="ID6" name="plastic_black">
            <instance_effect url="#ID7" />
        </material>
        <material id="ID14" name="housing">
            <instance_effect url="#ID15" />
        </material>
        <material id="ID53" name="button">
            <instance_effect url="#ID54" />
        </material>
        <material id="ID66" name="button_top">
            <instance_effect url="#ID67" />
        </material>
        <material id="ID79" name="indicator">
            <instance_effect url="#ID80" />
        </material>
        <material id="ID110" name="placard_circle_estop">
            <instance_effect url="#ID111" />
        </material>
    </library_materials>
    <library_effects>
        <effect id="ID7">
            <profile_COMMON>
                <technique sid="COMMON">
                    <lambert>
                        <diffuse>
                            <color>0.1372549 0.1372549 0.1372549 1</color>
                        </diffuse>
                    </lambert>
                </technique>
            </profile_COMMON>
        </effect>
        <effect id="ID15">
            <profile_COMMON>
                <newparam sid="ID17">
                    <surface type="2D">
                        <init_from>ID16</init_from>
                    </surface>
                </newparam>
                <newparam sid="ID18">
                    <sampler2D>
                        <source>ID17</source>
                    </sampler2D>
                </newparam>
                <technique sid="COMMON">
                    <lambert>
                        <diffuse>
                            <texture texture="ID18" texcoord="UVSET0" />
                        </diffuse>
                    </lambert>
                </technique>
            </profile_COMMON>
        </effect>
        <effect id="ID54">
            <profile_COMMON>
                <newparam sid="ID56">
                    <surface type="2D">
                        <init_from>ID55</init_from>
                    </surface>
                </newparam>
                <newparam sid="ID57">
                    <sampler2D>
                        <source>ID56</source>
                    </sampler2D>
                </newparam>
                <technique sid="COMMON">
                    <lambert>
                        <diffuse>
                            <texture texture="ID57" texcoord="UVSET0" />
                        </diffuse>
                    </lambert>
                </technique>
            </profile_COMMON>
        </effect>
        <effect id="ID67">
            <profile_COMMON>
                <newparam sid="ID69">
                    <surface type="2D">
                        <init_from>ID68</init_from>
                    </surface>
                </newparam>
                <newparam sid="ID70">
                    <sampler2D>
                        <source>ID69</source>
                    </sampler2D>
                </newparam>
                <technique sid="COMMON">
                    <lambert>
                        <diffuse>
                            <texture texture="ID70" texcoord="UVSET0" />
                        </diffuse>
                    </lambert>
                </technique>
            </profile_COMMON>
        </effect>
        <effect id="ID80">
            <profile_COMMON>
                <newparam sid="ID82">
                    <surface type="2D">
                        <init_from>ID81</init_from>
                    </surface>
                </newparam>
                <newparam sid="ID83">
                    <sampler2D>
                        <source>ID82</source>
                    </sampler2D>
                </newparam>
                <technique sid="COMMON">
                    <lambert>
                        <diffuse>
                            <texture texture="ID83" texcoord="UVSET0" />
                        </diffuse>
                    </lambert>
                </technique>
            </profile_COMMON>
        </effect>
        <effect id="ID111">
            <profile_COMMON>
                <newparam sid="ID113">
                    <surface type="2D">
                        <init_from>ID112</init_from>
                    </surface>
                </newparam>
                <newparam sid="ID114">
                    <sampler2D>
                        <source>ID113</source>
                    </sampler2D>
                </newparam>
                <technique sid="COMMON">
                    <lambert>
                        <diffuse>
                            <texture texture="ID114" texcoord="UVSET0" />
                        </diffuse>
                    </lambert>
                </technique>
            </profile_COMMON>
        </effect>
    </library_effects>
    <library_images>
        <image id="ID16">
            <init_from>estop_button/housing.jpg</init_from>
        </image>
        <image id="ID55">
            <init_from>estop_button/button.jpg</init_from>
        </image>
        <image id="ID68">
            <init_from>estop_button/button_top.jpg</init_from>
        </image>
        <image id="ID81">
            <init_from>estop_button/indicator.jpg</init_from>
        </image>
        <image id="ID112">
            <init_from>estop_button/placard_circle_estop.png</init_from>
        </image>
    </library_images>
    <scene>
        <instance_visual_scene url="#ID2" />
    </scene>
</COLLADA>
