<?xml version="1.0" encoding="UTF-8" standalone="no" ?>
<COLLADA xmlns="http://www.collada.org/2005/11/COLLADASchema" version="1.4.1">
    <asset>
        <contributor>
            <authoring_tool>SketchUp 17.2.2555</authoring_tool>
        </contributor>
        <created>2026-07-02T23:53:45Z</created>
        <modified>2026-07-02T23:53:45Z</modified>
        <unit meter="0.0254" name="inch" />
        <up_axis>Z_UP</up_axis>
    </asset>
    <library_cameras>
        <camera id="ID1" name="skp_camera_Last_Saved_SketchUp_View">
            <optics>
                <technique_common>
                    <perspective>
                        <yfov>35</yfov>
                        <aspect_ratio>0</aspect_ratio>
                        <znear>0.1</znear>
                        <zfar>2</zfar>
                    </perspective>
                </technique_common>
            </optics>
        </camera>
    </library_cameras>
    <library_visual_scenes>
        <visual_scene id="ID2">
            <node name="SketchUp">
                <node name="skp_camera_Last_Saved_SketchUp_View">
                    <matrix>0.8569924 0.07806219 -0.5093822 -5.62743 -0.5153289 0.1298175 -0.847103 -10.28653 0 0.9884603 0.1514803 2.233901 0 0 0 1</matrix>
                    <instance_camera url="#ID1" />
                </node>
                <node id="ID3" name="instance_0">
                    <matrix>1 0 0 0.5905512 0 1 0 -0.03937008 0 0 1 0.5804409 0 0 0 1</matrix>
                    <instance_node url="#ID4" />
                </node>
                <node id="ID50" name="instance_1">
                    <matrix>1 0 0 0.5905512 0 1 0 -1.167118 0 0 1 0.5804409 0 0 0 1</matrix>
                    <instance_node url="#ID51" />
                </node>
                <node id="ID78" name="instance_2">
                    <matrix>1 0 0 0.5905512 0 1 0 -0.03937008 0 0 1 0.5804409 0 0 0 1</matrix>
                    <instance_node url="#ID79" />
                </node>
                <node id="ID99" name="instance_3">
                    <matrix>1 0 0 0.5905512 0 1 0 -0.03937008 0 0 1 0.5804409 0 0 0 1</matrix>
                    <instance_node url="#ID100" />
                </node>
            </node>
        </visual_scene>
    </library_visual_scenes>
    <library_nodes>
        <node id="ID4" name="housing">
            <instance_geometry url="#ID5">
                <bind_material>
                    <technique_common>
                        <instance_material symbol="Material2" target="#ID6">
                            <bind_vertex_input semantic="UVSET0" input_semantic="TEXCOORD" input_set="0" />
                        </instance_material>
                    </technique_common>
                </bind_material>
            </instance_geometry>
            <instance_geometry url="#ID13">
                <bind_material>
                    <technique_common>
                        <instance_material symbol="Material2" target="#ID14">
                            <bind_vertex_input semantic="UVSET0" input_semantic="TEXCOORD" input_set="0" />
                        </instance_material>
                    </technique_common>
                </bind_material>
            </instance_geometry>
            <instance_geometry url="#ID26">
                <bind_material>
                    <technique_common>
                        <instance_material symbol="Material2" target="#ID14">
                            <bind_vertex_input semantic="UVSET0" input_semantic="TEXCOORD" input_set="0" />
                        </instance_material>
                    </technique_common>
                </bind_material>
            </instance_geometry>
            <instance_geometry url="#ID34">
                <bind_material>
                    <technique_common>
                        <instance_material symbol="Material2" target="#ID14">
                            <bind_vertex_input semantic="UVSET0" input_semantic="TEXCOORD" input_set="0" />
                        </instance_material>
                    </technique_common>
                </bind_material>
            </instance_geometry>
            <instance_geometry url="#ID42">
                <bind_material>
                    <technique_common>
                        <instance_material symbol="Material2" target="#ID14">
                            <bind_vertex_input semantic="UVSET0" input_semantic="TEXCOORD" input_set="0" />
                        </instance_material>
                    </technique_common>
                </bind_material>
            </instance_geometry>
        </node>
        <node id="ID51" name="estop_button">
            <instance_geometry url="#ID52">
                <bind_material>
                    <technique_common>
                        <instance_material symbol="Material2" target="#ID53">
                            <bind_vertex_input semantic="UVSET0" input_semantic="TEXCOORD" input_set="0" />
                        </instance_material>
                    </technique_common>
                </bind_material>
            </instance_geometry>
            <instance_geometry url="#ID65">
                <bind_material>
                    <technique_common>
                        <instance_material symbol="Material2" target="#ID66">
                            <bind_vertex_input semantic="UVSET0" input_semantic="TEXCOORD" input_set="0" />
                        </instance_material>
                    </technique_common>
                </bind_material>
            </instance_geometry>
        </node>
        <node id="ID79" name="placard">
            <instance_geometry url="#ID80">
                <bind_material>
                    <technique_common>
                        <instance_material symbol="Material2" target="#ID81">
                            <bind_vertex_input semantic="UVSET0" input_semantic="TEXCOORD" input_set="0" />
                        </instance_material>
                    </technique_common>
                </bind_material>
            </instance_geometry>
            <instance_geometry url="#ID93">
                <bind_material>
                    <technique_common>
                        <instance_material symbol="Material2" target="#ID6">
                            <bind_vertex_input semantic="UVSET0" input_semantic="TEXCOORD" input_set="0" />
                        </instance_material>
                    </technique_common>
                </bind_material>
            </instance_geometry>
        </node>
        <node id="ID100" name="collar">
            <instance_geometry url="#ID101">
                <bind_material>
                    <technique_common>
                        <instance_material symbol="Material2" target="#ID102">
                            <bind_vertex_input semantic="UVSET0" input_semantic="TEXCOORD" input_set="0" />
                        </instance_material>
                    </technique_common>
                </bind_material>
            </instance_geometry>
        </node>
    </library_nodes>
    <library_geometries>
        <geometry id="ID5">
            <mesh>
                <source id="ID8">
                    <float_array id="ID11" count="432">-0.5317155 -0.007874016 0.1424728 -0.4658126 -0.0177126 0.268937 -0.5195464 -0.0177126 0.139212 -0.4767231 -0.007874016 0.2752362 -0.4767231 -0.007874016 0.2752362 -0.5317155 -0.04335433 0.1424728 -0.4767231 -0.04335433 0.2752362 -0.5317155 -0.007874016 0.1424728 -0.3803344 -0.0177126 0.3803344 -0.3892428 -0.007874016 0.3892428 -0.537874 -0.0177126 -1.110223e-16 -0.5504724 -0.007874016 -1.110223e-16 -0.3892428 -0.007874016 0.3892428 -0.3892428 -0.04335433 0.3892428 -0.5504724 -0.04335433 -1.110223e-16 -0.5504724 -0.007874016 -1.110223e-16 -0.4659059 -0.03351575 0.2689909 -0.5317155 -0.04335433 0.1424728 -0.5196505 -0.03351575 0.1392399 -0.4767231 -0.04335433 0.2752362 -0.268937 -0.0177126 0.4658126 -0.2752362 -0.007874016 0.4767231 -0.5195464 -0.0177126 -0.139212 -0.5317155 -0.007874016 -0.1424728 -0.2752362 -0.04335433 0.4767231 -0.2752362 -0.007874016 0.4767231 -0.3804106 -0.03351575 0.3804106 -0.3892428 -0.04335433 0.3892428 -0.5317155 -0.04335433 -0.1424728 -0.5317155 -0.007874016 -0.1424728 -0.5504724 -0.04335433 -1.110223e-16 -0.5379818 -0.03351575 -2.220446e-16 -0.139212 -0.0177126 0.5195464 -0.1424728 -0.007874016 0.5317155 -0.4658126 -0.0177126 -0.268937 -0.4767231 -0.007874016 -0.2752362 -0.2689909 -0.03351575 0.4659059 -0.2752362 -0.04335433 0.4767231 -0.1424728 -0.04335433 0.5317155 -0.1424728 -0.007874016 0.5317155 -0.4767231 -0.04335433 -0.2752362 -0.4767231 -0.007874016 -0.2752362 -0.5196505 -0.03351575 -0.1392399 -0.5317155 -0.04335433 -0.1424728 0 -0.0177126 0.537874 0 -0.007874016 0.5504724 -0.3803344 -0.0177126 -0.3803344 -0.3892428 -0.007874016 -0.3892428 -0.1392399 -0.03351575 0.5196505 -0.1424728 -0.04335433 0.5317155 0 -0.04335433 0.5504724 0 -0.007874016 0.5504724 -0.3892428 -0.04335433 -0.3892428 -0.3892428 -0.007874016 -0.3892428 -0.4659059 -0.03351575 -0.2689909 -0.4767231 -0.04335433 -0.2752362 0.1424728 -0.007874016 0.5317155 0.139212 -0.0177126 0.5195464 -0.268937 -0.0177126 -0.4658126 -0.2752362 -0.007874016 -0.4767231 -8.881784e-16 -0.03351575 0.5379818 0 -0.04335433 0.5504724 0.1424728 -0.04335433 0.5317155 0.1424728 -0.007874016 0.5317155 -0.2752362 -0.007874016 -0.4767231 -0.2752362 -0.04335433 -0.4767231 -0.3804106 -0.03351575 -0.3804106 -0.3892428 -0.04335433 -0.3892428 0.2752362 -0.007874016 0.4767231 0.268937 -0.0177126 0.4658126 -0.139212 -0.0177126 -0.5195464 -0.1424728 -0.007874016 -0.5317155 0.1424728 -0.04335433 0.5317155 0.1392399 -0.03351575 0.5196505 0.2752362 -0.04335433 0.4767231 0.2752362 -0.007874016 0.4767231 -0.1424728 -0.007874016 -0.5317155 -0.1424728 -0.04335433 -0.5317155 -0.2689909 -0.03351575 -0.4659059 -0.2752362 -0.04335433 -0.4767231 0.3892428 -0.007874016 0.3892428 0.3803344 -0.0177126 0.3803344 0 -0.0177126 -0.537874 0 -0.007874016 -0.5504724 0.2752362 -0.04335433 0.4767231 0.2689909 -0.03351575 0.4659059 0.3892428 -0.04335433 0.3892428 0.3892428 -0.007874016 0.3892428 0 -0.007874016 -0.5504724 0 -0.04335433 -0.5504724 -0.1392399 -0.03351575 -0.5196505 -0.1424728 -0.04335433 -0.5317155 0.4767231 -0.007874016 0.2752362 0.4658126 -0.0177126 0.268937 0.1424728 -0.007874016 -0.5317155 0.139212 -0.0177126 -0.5195464 0.3892428 -0.04335433 0.3892428 0.3804106 -0.03351575 0.3804106 0.4767231 -0.007874016 0.2752362 0.4767231 -0.04335433 0.2752362 0.1424728 -0.007874016 -0.5317155 0.1424728 -0.04335433 -0.5317155 6.661338e-16 -0.03351575 -0.5379818 0 -0.04335433 -0.5504724 0.5317155 -0.007874016 0.1424728 0.5195464 -0.0177126 0.139212 0.2752362 -0.007874016 -0.4767231 0.268937 -0.0177126 -0.4658126 0.4767231 -0.04335433 0.2752362 0.4659059 -0.03351575 0.2689909 0.5317155 -0.007874016 0.1424728 0.5317155 -0.04335433 0.1424728 0.2752362 -0.007874016 -0.4767231 0.2752362 -0.04335433 -0.4767231 0.1424728 -0.04335433 -0.5317155 0.1392399 -0.03351575 -0.5196505 0.5504724 -0.007874016 0 0.537874 -0.0177126 0 0.3892428 -0.007874016 -0.3892428 0.3803344 -0.0177126 -0.3803344 0.5317155 -0.04335433 0.1424728 0.5196505 -0.03351575 0.1392399 0.5504724 -0.007874016 0 0.5504724 -0.04335433 0 0.3892428 -0.007874016 -0.3892428 0.3892428 -0.04335433 -0.3892428 0.2752362 -0.04335433 -0.4767231 0.2689909 -0.03351575 -0.4659059 0.5195464 -0.0177126 -0.139212 0.5317155 -0.007874016 -0.1424728 0.4767231 -0.007874016 -0.2752362 0.4658126 -0.0177126 -0.268937 0.5379818 -0.03351575 5.551115e-16 0.5504724 -0.04335433 0 0.5317155 -0.007874016 -0.1424728 0.5317155 -0.04335433 -0.1424728 0.4767231 -0.04335433 -0.2752362 0.4767231 -0.007874016 -0.2752362 0.3892428 -0.04335433 -0.3892428 0.3804106 -0.03351575 -0.3804106 0.5196505 -0.03351575 -0.1392399 0.5317155 -0.04335433 -0.1424728 0.4767231 -0.04335433 -0.2752362 0.4659059 -0.03351575 -0.2689909</float_array>
                    <technique_common>
                        <accessor count="144" source="#ID11" stride="3">
                            <param name="X" type="float" />
                            <param name="Y" type="float" />
                            <param name="Z" type="float" />
                        </accessor>
                    </technique_common>
                </source>
                <source id="ID9">
                    <float_array id="ID12" count="432">0.5945187 0.7881438 -0.1593008 0.5330309 0.7881438 -0.3077455 0.5945187 0.7881438 -0.1593008 0.5330309 0.7881438 -0.3077455 -0.8660254 7.748474e-32 0.5 -0.9659258 8.548474e-32 0.258819 -0.8660254 7.748474e-32 0.5 -0.9659258 8.548474e-32 0.258819 0.4352179 0.7881438 -0.4352179 0.4352179 0.7881438 -0.4352179 0.6154911 0.7881438 1.58044e-16 0.6154911 0.7881438 1.660084e-16 -0.7071068 -5.148425e-32 0.7071068 -0.7071068 -5.148425e-32 0.7071068 -1 -1.043899e-31 -2.762444e-16 -1 -1.043899e-31 -2.762444e-16 0.535874 -0.785569 -0.309387 0.5976898 -0.785569 -0.1601505 0.5976898 -0.785569 -0.1601505 0.535874 -0.785569 -0.309387 0.3077455 0.7881438 -0.5330309 0.3077455 0.7881438 -0.5330309 0.5945187 0.7881438 0.1593008 0.5945187 0.7881438 0.1593008 -0.5 5.550954e-32 0.8660254 -0.5 5.550954e-32 0.8660254 0.4375393 -0.785569 -0.4375393 0.4375393 -0.785569 -0.4375393 -0.9659258 -1.02672e-31 -0.258819 -0.9659258 -1.02672e-31 -0.258819 0.618774 -0.785569 -1.138121e-16 0.618774 -0.785569 6.406456e-16 0.1593008 0.7881438 -0.5945187 0.1593008 0.7881438 -0.5945187 0.5330309 0.7881438 0.3077455 0.5330309 0.7881438 0.3077455 0.309387 -0.785569 -0.535874 0.309387 -0.785569 -0.535874 -0.258819 9.899379e-32 0.9659258 -0.258819 9.899379e-32 0.9659258 -0.8660254 4.176635e-32 -0.5 -0.8660254 4.176635e-32 -0.5 0.5976898 -0.785569 0.1601505 0.5976898 -0.785569 0.1601505 4.075871e-16 0.7881438 -0.6154911 3.699616e-16 0.7881438 -0.6154911 0.4352179 0.7881438 0.4352179 0.4352179 0.7881438 0.4352179 0.1601505 -0.785569 -0.5976898 0.1601505 -0.785569 -0.5976898 -5.524888e-16 1.427893e-47 1 -5.524888e-16 1.427893e-47 1 -0.7071068 8.35327e-32 -0.7071068 -0.7071068 8.35327e-32 -0.7071068 0.535874 -0.785569 0.309387 0.535874 -0.785569 0.309387 -0.1593008 0.7881438 -0.5945187 -0.1593008 0.7881438 -0.5945187 0.3077455 0.7881438 0.5330309 0.3077455 0.7881438 0.5330309 3.46115e-15 -0.785569 -0.618774 -2.385312e-15 -0.785569 -0.618774 0.258819 -1.179115e-32 0.9659258 0.258819 -1.179115e-32 0.9659258 -0.5 1.32749e-32 -0.8660254 -0.5 1.32749e-32 -0.8660254 0.4375393 -0.785569 0.4375393 0.4375393 -0.785569 0.4375393 -0.3077455 0.7881438 -0.5330309 -0.3077455 0.7881438 -0.5330309 0.1593008 0.7881438 0.5945187 0.1593008 0.7881438 0.5945187 -0.1601505 -0.785569 -0.5976898 -0.1601505 -0.785569 -0.5976898 0.5 -5.18396e-32 0.8660254 0.5 -5.18396e-32 0.8660254 -0.258819 -1.328813e-31 -0.9659258 -0.258819 -1.328813e-31 -0.9659258 0.309387 -0.785569 0.535874 0.309387 -0.785569 0.535874 -0.4352179 0.7881438 -0.4352179 -0.4352179 0.7881438 -0.4352179 3.327241e-17 0.7881438 0.6154911 2.845859e-17 0.7881438 0.6154911 -0.309387 -0.785569 -0.535874 -0.309387 -0.785569 -0.535874 0.7071068 -8.35327e-32 0.7071068 0.7071068 -8.35327e-32 0.7071068 -5.346666e-17 -2.122156e-31 -1 -5.346666e-17 -2.122156e-31 -1 0.1601505 -0.785569 0.5976898 0.1601505 -0.785569 0.5976898 -0.5330309 0.7881438 -0.3077455 -0.5330309 0.7881438 -0.3077455 -0.1593008 0.7881438 0.5945187 -0.1593008 0.7881438 0.5945187 -0.4375393 -0.785569 -0.4375393 -0.4375393 -0.785569 -0.4375393 0.8660254 1.694484e-32 0.5 0.8660254 1.694484e-32 0.5 0.258819 -6.926099e-32 -0.9659258 0.258819 -6.926099e-32 -0.9659258 -2.429461e-15 -0.785569 0.618774 1.958517e-15 -0.785569 0.618774 -0.5945187 0.7881438 -0.1593008 -0.5945187 0.7881438 -0.1593008 -0.3077455 0.7881438 0.5330309 -0.3077455 0.7881438 0.5330309 -0.535874 -0.785569 -0.309387 -0.535874 -0.785569 -0.309387 0.9659258 5.871119e-32 0.258819 0.9659258 5.871119e-32 0.258819 0.5 -3.201653e-33 -0.8660254 0.5 -3.201653e-33 -0.8660254 -0.1601505 -0.785569 0.5976898 -0.1601505 -0.785569 0.5976898 -0.6154911 0.7881438 -1.138343e-16 -0.6154911 0.7881438 -1.663621e-16 -0.4352179 0.7881438 0.4352179 -0.4352179 0.7881438 0.4352179 -0.5976898 -0.785569 -0.1601505 -0.5976898 -0.785569 -0.1601505 1 -1.043899e-31 1.871333e-16 1 -1.043899e-31 1.871333e-16 0.7071068 -8.35327e-32 -0.7071068 0.7071068 -8.35327e-32 -0.7071068 -0.309387 -0.785569 0.535874 -0.309387 -0.785569 0.535874 -0.5945187 0.7881438 0.1593008 -0.5945187 0.7881438 0.1593008 -0.5330309 0.7881438 0.3077455 -0.5330309 0.7881438 0.3077455 -0.618774 -0.785569 -2.104978e-15 -0.618774 -0.785569 1.517495e-15 0.9659258 -1.731743e-31 -0.258819 0.9659258 -1.731743e-31 -0.258819 0.8660254 -1.105508e-31 -0.5 0.8660254 -1.105508e-31 -0.5 -0.4375393 -0.785569 0.4375393 -0.4375393 -0.785569 0.4375393 -0.5976898 -0.785569 0.1601505 -0.5976898 -0.785569 0.1601505 -0.535874 -0.785569 0.309387 -0.535874 -0.785569 0.309387</float_array>
                    <technique_common>
                        <accessor count="144" source="#ID12" stride="3">
                            <param name="X" type="float" />
                            <param name="Y" type="float" />
                            <param name="Z" type="float" />
                        </accessor>
                    </technique_common>
                </source>
                <vertices id="ID10">
                    <input semantic="POSITION" source="#ID8" />
                    <input semantic="NORMAL" source="#ID9" />
                </vertices>
                <triangles count="144" material="Material2">
                    <input offset="0" semantic="VERTEX" source="#ID10" />
                    <p>0 1 2 1 0 3 4 5 6 5 4 7 3 8 1 8 3 9 0 10 11 10 0 2 12 6 13 6 12 4 7 14 5 14 7 15 16 17 18 17 16 19 9 20 8 20 9 21 11 22 23 22 11 10 24 12 13 12 24 25 26 19 16 19 26 27 15 28 14 28 15 29 18 30 31 30 18 17 21 32 20 32 21 33 23 34 35 34 23 22 36 27 26 27 36 37 38 25 24 25 38 39 29 40 28 40 29 41 42 30 43 30 42 31 33 44 32 44 33 45 35 46 47 46 35 34 48 37 36 37 48 49 50 39 38 39 50 51 41 52 40 52 41 53 54 43 55 43 54 42 44 56 57 56 44 45 47 58 59 58 47 46 60 49 48 49 60 61 62 51 50 51 62 63 64 52 53 52 64 65 66 55 67 55 66 54 57 68 69 68 57 56 59 70 71 70 59 58 72 60 73 60 72 61 74 63 62 63 74 75 76 65 64 65 76 77 78 67 79 67 78 66 69 80 81 80 69 68 71 82 83 82 71 70 84 73 85 73 84 72 86 75 74 75 86 87 88 77 76 77 88 89 90 79 91 79 90 78 81 92 93 92 81 80 82 94 83 94 82 95 96 85 97 85 96 84 98 86 99 86 98 87 100 89 88 89 100 101 102 91 103 91 102 90 93 104 105 104 93 92 95 106 94 106 95 107 108 97 109 97 108 96 110 99 111 99 110 98 112 101 100 101 112 113 114 102 103 102 114 115 105 116 117 116 105 104 107 118 106 118 107 119 120 109 121 109 120 108 122 111 123 111 122 110 124 113 112 113 124 125 126 115 114 115 126 127 128 116 129 116 128 117 119 130 118 130 119 131 120 132 133 132 120 121 134 123 135 123 134 122 124 136 125 136 124 137 138 127 126 127 138 139 131 129 130 129 131 128 133 140 141 140 133 132 137 135 136 135 137 134 142 139 138 139 142 143 141 143 142 143 141 140</p>
                </triangles>
            </mesh>
        </geometry>
        <geometry id="ID13">
            <mesh>
                <source id="ID19">
                    <float_array id="ID23" count="432">0 -0.4843268 0.5580709 -0.1444394 -0.05125591 0.5390551 -0.1444394 -0.4843268 0.5390551 0 -0.05125591 0.5580709 -0.1444394 -0.05125591 -0.5390551 0.1444394 -0.05125591 -0.5390551 0 -0.05125591 -0.5580709 6.661338e-16 -0.05125591 -0.5379818 -0.1392399 -0.05125591 -0.5196505 -0.2790354 -0.05125591 -0.4833035 -0.2689909 -0.05125591 -0.4659059 -0.3946157 -0.05125591 -0.3946157 -0.3804106 -0.05125591 -0.3804106 -0.4833035 -0.05125591 -0.2790354 -0.4659059 -0.05125591 -0.2689909 -0.5390551 -0.05125591 -0.1444394 -0.5196505 -0.05125591 -0.1392399 -0.5580709 -0.05125591 -1.110223e-16 -0.5379818 -0.05125591 -2.220446e-16 -0.5196505 -0.05125591 0.1392399 -0.5390551 -0.05125591 0.1444394 -0.4659059 -0.05125591 0.2689909 -0.4833035 -0.05125591 0.2790354 -0.3804106 -0.05125591 0.3804106 -0.3946157 -0.05125591 0.3946157 -0.2689909 -0.05125591 0.4659059 -0.2790354 -0.05125591 0.4833035 -0.1392399 -0.05125591 0.5196505 -0.1444394 -0.05125591 0.5390551 -8.881784e-16 -0.05125591 0.5379818 0.1392399 -0.05125591 -0.5196505 0.2790354 -0.05125591 -0.4833035 0.2689909 -0.05125591 -0.4659059 0.3946157 -0.05125591 -0.3946157 0.3804106 -0.05125591 -0.3804106 0.4833035 -0.05125591 -0.2790354 0.4659059 -0.05125591 -0.2689909 0.5390551 -0.05125591 -0.1444394 0.5196505 -0.05125591 -0.1392399 0.5580709 -0.05125591 0 0.5379818 -0.05125591 5.551115e-16 0.5390551 -0.05125591 0.1444394 0.5196505 -0.05125591 0.1392399 0.4659059 -0.05125591 0.2689909 0.4833035 -0.05125591 0.2790354 0.3804106 -0.05125591 0.3804106 0.3946157 -0.05125591 0.3946157 0.2689909 -0.05125591 0.4659059 0.2790354 -0.05125591 0.4833035 0.1392399 -0.05125591 0.5196505 0.1444394 -0.05125591 0.5390551 0 -0.05125591 0.5580709 -0.2790354 -0.05125591 0.4833035 -0.2790354 -0.4843268 0.4833035 0.1444394 -0.4843268 -0.5390551 0 -0.4843268 -0.5511811 0 -0.4843268 -0.5580709 0.1426562 -0.4843268 -0.5324001 0.2790354 -0.4843268 -0.4833035 0.2755906 -0.4843268 -0.4773368 0.3946157 -0.4843268 -0.3946157 0.3897439 -0.4843268 -0.3897439 0.4833035 -0.4843268 -0.2790354 0.4773368 -0.4843268 -0.2755906 0.5390551 -0.4843268 -0.1444394 0.5324001 -0.4843268 -0.1426562 0.5580709 -0.4843268 0 0.5511811 -0.4843268 0 0.5390551 -0.4843268 0.1444394 0.5324001 -0.4843268 0.1426562 0.4773368 -0.4843268 0.2755906 0.4833035 -0.4843268 0.2790354 0.3897439 -0.4843268 0.3897439 0.3946157 -0.4843268 0.3946157 0.2755906 -0.4843268 0.4773368 0.2790354 -0.4843268 0.4833035 0.1426562 -0.4843268 0.5324001 0.1444394 -0.4843268 0.5390551 -1.110223e-16 -0.4843268 0.5511811 0 -0.4843268 0.5580709 -0.1444394 -0.4843268 -0.5390551 -0.1426562 -0.4843268 -0.5324001 -0.2790354 -0.4843268 -0.4833035 -0.2755906 -0.4843268 -0.4773368 -0.3946157 -0.4843268 -0.3946157 -0.3897439 -0.4843268 -0.3897439 -0.4833035 -0.4843268 -0.2790354 -0.4773368 -0.4843268 -0.2755906 -0.5390551 -0.4843268 -0.1444394 -0.5324001 -0.4843268 -0.1426562 -0.5580709 -0.4843268 -1.110223e-16 -0.5511811 -0.4843268 -1.110223e-16 -0.5324001 -0.4843268 0.1426562 -0.5390551 -0.4843268 0.1444394 -0.4773368 -0.4843268 0.2755906 -0.4833035 -0.4843268 0.2790354 -0.3897439 -0.4843268 0.3897439 -0.3946157 -0.4843268 0.3946157 -0.2755906 -0.4843268 0.4773368 -0.2790354 -0.4843268 0.4833035 -0.1426562 -0.4843268 0.5324001 -0.1444394 -0.4843268 0.5390551 0.1444394 -0.4843268 0.5390551 0.1444394 -0.05125591 0.5390551 0.1444394 -0.05125591 -0.5390551 0 -0.4843268 -0.5580709 0 -0.05125591 -0.5580709 0.1444394 -0.4843268 -0.5390551 -0.1444394 -0.4843268 -0.5390551 -0.1444394 -0.05125591 -0.5390551 -0.2790354 -0.4843268 -0.4833035 -0.2790354 -0.05125591 -0.4833035 -0.3946157 -0.4843268 -0.3946157 -0.3946157 -0.05125591 -0.3946157 -0.4833035 -0.05125591 -0.2790354 -0.4833035 -0.4843268 -0.2790354 -0.5390551 -0.05125591 -0.1444394 -0.5390551 -0.4843268 -0.1444394 -0.5580709 -0.05125591 -1.110223e-16 -0.5580709 -0.4843268 -1.110223e-16 -0.5390551 -0.05125591 0.1444394 -0.5390551 -0.4843268 0.1444394 -0.4833035 -0.05125591 0.2790354 -0.4833035 -0.4843268 0.2790354 -0.3946157 -0.05125591 0.3946157 -0.3946157 -0.4843268 0.3946157 0.2790354 -0.4843268 0.4833035 0.2790354 -0.05125591 0.4833035 0.3946157 -0.4843268 0.3946157 0.3946157 -0.05125591 0.3946157 0.4833035 -0.05125591 0.2790354 0.4833035 -0.4843268 0.2790354 0.5390551 -0.05125591 0.1444394 0.5390551 -0.4843268 0.1444394 0.5580709 -0.05125591 0 0.5580709 -0.4843268 0 0.5390551 -0.05125591 -0.1444394 0.5390551 -0.4843268 -0.1444394 0.4833035 -0.05125591 -0.2790354 0.4833035 -0.4843268 -0.2790354 0.3946157 -0.05125591 -0.3946157 0.3946157 -0.4843268 -0.3946157 0.2790354 -0.4843268 -0.4833035 0.2790354 -0.05125591 -0.4833035</float_array>
                    <technique_common>
                        <accessor count="144" source="#ID23" stride="3">
                            <param name="X" type="float" />
                            <param name="Y" type="float" />
                            <param name="Z" type="float" />
                        </accessor>
                    </technique_common>
                </source>
                <source id="ID20">
                    <float_array id="ID24" count="432">-1.782222e-16 0 1 -0.258819 0 0.9659258 -0.258819 0 0.9659258 -1.782222e-16 0 1 0 1 0 0 1 0 0 1 0 0 1 0 0 1 0 0 1 0 0 1 0 0 1 0 0 1 0 0 1 0 0 1 0 0 1 0 0 1 0 0 1 0 0 1 0 0 1 0 0 1 0 0 1 0 0 1 0 0 1 0 0 1 0 0 1 0 0 1 0 0 1 0 0 1 0 0 1 0 0 1 0 0 1 0 0 1 0 0 1 0 0 1 0 0 1 0 0 1 0 0 1 0 0 1 0 0 1 0 0 1 0 0 1 0 0 1 0 0 1 0 0 1 0 0 1 0 0 1 0 0 1 0 0 1 0 0 1 0 0 1 0 0 1 0 -0.5 0 0.8660254 -0.5 0 0.8660254 0 -1 0 0 -1 0 0 -1 0 0 -1 0 0 -1 0 0 -1 0 0 -1 0 0 -1 0 0 -1 0 0 -1 0 0 -1 0 0 -1 0 0 -1 0 0 -1 0 0 -1 0 0 -1 0 0 -1 0 0 -1 0 0 -1 0 0 -1 0 0 -1 0 0 -1 0 0 -1 0 0 -1 0 0 -1 0 0 -1 0 0 -1 0 0 -1 0 0 -1 0 0 -1 0 0 -1 0 0 -1 0 0 -1 0 0 -1 0 0 -1 0 0 -1 0 0 -1 0 0 -1 0 0 -1 0 0 -1 0 0 -1 0 0 -1 0 0 -1 0 0 -1 0 0 -1 0 0 -1 0 0 -1 0 0 -1 0 0.258819 0 0.9659258 0.258819 0 0.9659258 0.258819 0 -0.9659258 3.208e-16 0 -1 3.208e-16 0 -1 0.258819 0 -0.9659258 -0.258819 0 -0.9659258 -0.258819 0 -0.9659258 -0.5 0 -0.8660254 -0.5 0 -0.8660254 -0.7071068 0 -0.7071068 -0.7071068 0 -0.7071068 -0.8660254 0 -0.5 -0.8660254 0 -0.5 -0.9659258 0 -0.258819 -0.9659258 0 -0.258819 -1 0 -2.584222e-16 -1 0 -2.584222e-16 -0.9659258 0 0.258819 -0.9659258 0 0.258819 -0.8660254 0 0.5 -0.8660254 0 0.5 -0.7071068 0 0.7071068 -0.7071068 0 0.7071068 0.5 0 0.8660254 0.5 0 0.8660254 0.7071068 0 0.7071068 0.7071068 0 0.7071068 0.8660254 0 0.5 0.8660254 0 0.5 0.9659258 0 0.258819 0.9659258 0 0.258819 1 0 1.693111e-16 1 0 1.693111e-16 0.9659258 0 -0.258819 0.9659258 0 -0.258819 0.8660254 0 -0.5 0.8660254 0 -0.5 0.7071068 0 -0.7071068 0.7071068 0 -0.7071068 0.5 0 -0.8660254 0.5 0 -0.8660254</float_array>
                    <technique_common>
                        <accessor count="144" source="#ID24" stride="3">
                            <param name="X" type="float" />
                            <param name="Y" type="float" />
                            <param name="Z" type="float" />
                        </accessor>
                    </technique_common>
                </source>
                <source id="ID22">
                    <float_array id="ID25" count="212">0 -0.246038 -0.0733752 -0.026038 -0.0733752 -0.246038 0 -0.026038 0.0733752 -0.27384 -0.0733752 -0.27384 0 -0.2835 -3.38396e-16 -0.2732948 0.07073389 -0.2639825 0.14175 -0.2455182 0.1366474 -0.2366802 0.2004648 -0.2004648 0.1932486 -0.1932486 0.2455182 -0.14175 0.2366802 -0.1366474 0.27384 -0.0733752 0.2639825 -0.07073389 0.2835 -5.639933e-17 0.2732948 -1.127987e-16 0.2639825 0.07073389 0.27384 0.0733752 0.2366802 0.1366474 0.2455182 0.14175 0.1932486 0.1932486 0.2004648 0.2004648 0.1366474 0.2366802 0.14175 0.2455182 0.07073389 0.2639825 0.0733752 0.27384 4.511946e-16 0.2732948 -0.07073389 -0.2639825 -0.14175 -0.2455182 -0.1366474 -0.2366802 -0.2004648 -0.2004648 -0.1932486 -0.1932486 -0.2455182 -0.14175 -0.2366802 -0.1366474 -0.27384 -0.0733752 -0.2639825 -0.07073389 -0.2835 0 -0.2732948 2.819966e-16 -0.27384 0.0733752 -0.2639825 0.07073389 -0.2366802 0.1366474 -0.2455182 0.14175 -0.1932486 0.1932486 -0.2004648 0.2004648 -0.1366474 0.2366802 -0.14175 0.2455182 -0.07073389 0.2639825 -0.0733752 0.27384 0 0.2835 -0.14175 -0.026038 -0.14175 -0.246038 0.0733752 -0.246038 0.07246933 -0.246038 0.14175 -0.246038 0.14 -0.246038 0.2004648 -0.246038 0.1979899 -0.246038 0.2455182 -0.246038 0.2424871 -0.246038 0.27384 -0.246038 0.2704592 -0.246038 0.2835 -0.246038 0.28 -0.246038 0.2004648 -0.246038 0.14 -0.246038 0.14175 -0.246038 0.07246933 -0.246038 -5.639933e-17 -0.246038 -0.0733752 -0.246038 -0.07246933 -0.246038 -0.14175 -0.246038 -0.14 -0.246038 -0.2004648 -0.246038 -0.1979899 -0.246038 -0.2455182 -0.246038 -0.2424871 -0.246038 -0.27384 -0.246038 -0.2704592 -0.246038 -0.2835 -0.246038 -0.28 -0.246038 -0.2704592 -0.246038 -0.2424871 -0.246038 -0.2455182 -0.246038 -0.1979899 -0.246038 -0.2004648 -0.246038 -0.14 -0.246038 -0.07246933 -0.246038 0.0733752 -0.026038 -0.0733752 -0.026038 -0.14175 -0.026038 -0.2004648 -0.026038 -0.2455182 -0.026038 -0.27384 -0.026038 -0.2835 -0.026038 -0.2455182 -0.026038 -0.2004648 -0.026038 0.14175 -0.026038 0.2004648 -0.026038 0.2455182 -0.026038 0.27384 -0.026038 0.2835 -0.026038 0.2004648 -0.026038 0.14175 -0.026038</float_array>
                    <technique_common>
                        <accessor count="106" source="#ID25" stride="2">
                            <param name="S" type="float" />
                            <param name="T" type="float" />
                        </accessor>
                    </technique_common>
                </source>
                <vertices id="ID21">
                    <input semantic="POSITION" source="#ID19" />
                    <input semantic="NORMAL" source="#ID20" />
                </vertices>
                <triangles count="144" material="Material2">
                    <input offset="0" semantic="VERTEX" source="#ID21" />
                    <input offset="1" semantic="TEXCOORD" source="#ID22" />
                    <p>0 0 1 1 2 2 1 1 0 0 3 3 4 4 5 5 6 6 5 5 4 4 7 7 7 7 4 4 8 8 8 8 4 4 9 9 8 8 9 9 10 10 10 10 9 9 11 11 10 10 11 11 12 12 12 12 11 11 13 13 12 12 13 13 14 14 14 14 13 13 15 15 14 14 15 15 16 16 16 16 15 15 17 17 16 16 17 17 18 18 18 18 17 17 19 19 19 19 17 17 20 20 19 19 20 20 21 21 21 21 20 20 22 22 21 21 22 22 23 23 23 23 22 22 24 24 23 23 24 24 25 25 25 25 24 24 26 26 25 25 26 26 27 27 27 27 26 26 28 28 27 27 28 28 29 29 5 5 30 30 31 31 30 30 5 5 7 7 31 31 30 30 32 32 31 31 32 32 33 33 33 33 32 32 34 34 33 33 34 34 35 35 35 35 34 34 36 36 35 35 36 36 37 37 37 37 36 36 38 38 37 37 38 38 39 39 39 39 38 38 40 40 39 39 40 40 41 41 41 41 40 40 42 42 41 41 42 42 43 43 41 41 43 43 44 44 44 44 43 43 45 45 44 44 45 45 46 46 46 46 45 45 47 47 46 46 47 47 48 48 48 48 47 47 49 49 48 48 49 49 50 50 50 50 49 49 29 29 50 50 29 29 28 28 50 50 28 28 51 51 2 2 52 52 53 53 52 52 2 2 1 1 54 54 55 0 56 0 55 0 54 54 57 55 57 55 54 54 58 56 57 55 58 56 59 57 59 57 58 56 60 58 59 57 60 58 61 59 61 59 60 58 62 60 61 59 62 60 63 61 63 61 62 60 64 62 63 61 64 62 65 63 65 63 64 62 66 64 65 63 66 64 67 65 67 65 66 64 68 62 67 65 68 62 69 63 69 63 68 62 70 61 70 61 68 62 71 60 70 61 71 60 72 59 72 59 71 60 73 66 72 59 73 66 74 67 74 67 73 66 75 68 74 67 75 68 76 69 76 69 75 68 77 54 76 69 77 54 78 70 78 70 77 54 79 0 55 0 80 71 56 0 80 71 55 0 81 72 80 71 81 72 82 73 82 73 81 72 83 74 82 73 83 74 84 75 84 75 83 74 85 76 84 75 85 76 86 77 86 77 85 76 87 78 86 77 87 78 88 79 88 79 87 78 89 80 88 79 89 80 90 81 90 81 89 80 91 82 90 81 91 82 92 83 90 81 92 83 93 79 93 79 92 83 94 84 93 79 94 84 95 85 95 85 94 84 96 86 95 85 96 86 97 87 97 87 96 86 98 88 97 87 98 88 99 53 99 53 98 88 100 89 99 53 100 89 101 2 101 2 100 89 78 70 101 2 78 70 79 0 102 54 3 3 0 0 3 3 102 54 103 90 104 90 105 0 106 3 105 0 104 90 107 54 106 3 108 71 109 91 108 71 106 3 105 0 109 91 110 73 111 92 110 73 109 91 108 71 111 92 112 75 113 93 112 75 111 92 110 73 114 94 112 75 115 77 112 75 114 94 113 93 116 95 115 77 117 79 115 77 116 95 114 94 118 96 117 79 119 81 117 79 118 96 116 95 120 95 119 81 121 79 119 81 120 95 118 96 122 97 121 79 123 85 121 79 122 97 120 95 124 98 123 85 125 87 123 85 124 98 122 97 53 53 124 98 125 87 124 98 53 53 52 52 126 68 103 90 102 54 103 90 126 68 127 99 128 66 127 99 126 68 127 99 128 66 129 100 130 101 128 66 131 60 128 66 130 101 129 100 132 102 131 60 133 62 131 60 132 102 130 101 134 103 133 62 135 64 133 62 134 103 132 102 136 102 135 64 137 62 135 64 136 102 134 103 138 101 137 62 139 60 137 62 138 101 136 102 140 104 139 60 141 58 139 60 140 104 138 101 140 104 142 56 143 105 142 56 140 104 141 58 143 105 107 54 104 90 107 54 143 105 142 56</p>
                </triangles>
            </mesh>
        </geometry>
        <geometry id="ID26">
            <mesh>
                <source id="ID27">
                    <float_array id="ID31" count="144">-0.268937 -0.0177126 0.4658126 -0.3803344 0 0.3803344 -0.3803344 -0.0177126 0.3803344 -0.268937 0 0.4658126 -0.4658126 -0.0177126 0.268937 -0.4658126 0 0.268937 -0.139212 -0.0177126 0.5195464 -0.139212 0 0.5195464 -0.5195464 -0.0177126 0.139212 -0.5195464 0 0.139212 0 -0.0177126 0.537874 0 0 0.537874 -0.537874 -0.0177126 -1.110223e-16 -0.537874 0 -1.110223e-16 0.139212 -0.0177126 0.5195464 0.139212 0 0.5195464 -0.5195464 -0.0177126 -0.139212 -0.5195464 0 -0.139212 0.268937 -0.0177126 0.4658126 0.268937 0 0.4658126 -0.4658126 -0.0177126 -0.268937 -0.4658126 0 -0.268937 0.3803344 -0.0177126 0.3803344 0.3803344 0 0.3803344 -0.3803344 -0.0177126 -0.3803344 -0.3803344 0 -0.3803344 0.4658126 0 0.268937 0.4658126 -0.0177126 0.268937 -0.268937 0 -0.4658126 -0.268937 -0.0177126 -0.4658126 0.5195464 0 0.139212 0.5195464 -0.0177126 0.139212 -0.139212 0 -0.5195464 -0.139212 -0.0177126 -0.5195464 0.537874 0 0 0.537874 -0.0177126 0 0 0 -0.537874 0 -0.0177126 -0.537874 0.5195464 0 -0.139212 0.5195464 -0.0177126 -0.139212 0.139212 0 -0.5195464 0.139212 -0.0177126 -0.5195464 0.4658126 0 -0.268937 0.4658126 -0.0177126 -0.268937 0.268937 0 -0.4658126 0.268937 -0.0177126 -0.4658126 0.3803344 0 -0.3803344 0.3803344 -0.0177126 -0.3803344</float_array>
                    <technique_common>
                        <accessor count="48" source="#ID31" stride="3">
                            <param name="X" type="float" />
                            <param name="Y" type="float" />
                            <param name="Z" type="float" />
                        </accessor>
                    </technique_common>
                </source>
                <source id="ID28">
                    <float_array id="ID32" count="144">-0.5 0 0.8660254 -0.7071068 0 0.7071068 -0.7071068 0 0.7071068 -0.5 0 0.8660254 -0.8660254 0 0.5 -0.8660254 0 0.5 -0.258819 0 0.9659258 -0.258819 0 0.9659258 -0.9659258 0 0.258819 -0.9659258 0 0.258819 -6.059555e-16 0 1 -6.059555e-16 0 1 -1 0 -2.762444e-16 -1 0 -2.762444e-16 0.258819 0 0.9659258 0.258819 0 0.9659258 -0.9659258 0 -0.258819 -0.9659258 0 -0.258819 0.5 0 0.8660254 0.5 0 0.8660254 -0.8660254 0 -0.5 -0.8660254 0 -0.5 0.7071068 0 0.7071068 0.7071068 0 0.7071068 -0.7071068 0 -0.7071068 -0.7071068 0 -0.7071068 0.8660254 0 0.5 0.8660254 0 0.5 -0.5 0 -0.8660254 -0.5 0 -0.8660254 0.9659258 0 0.258819 0.9659258 0 0.258819 -0.258819 0 -0.9659258 -0.258819 0 -0.9659258 1 0 1.782222e-16 1 0 1.782222e-16 -7.128888e-17 0 -1 -7.128888e-17 0 -1 0.9659258 0 -0.258819 0.9659258 0 -0.258819 0.258819 0 -0.9659258 0.258819 0 -0.9659258 0.8660254 0 -0.5 0.8660254 0 -0.5 0.5 0 -0.8660254 0.5 0 -0.8660254 0.7071068 0 -0.7071068 0.7071068 0 -0.7071068</float_array>
                    <technique_common>
                        <accessor count="48" source="#ID32" stride="3">
                            <param name="X" type="float" />
                            <param name="Y" type="float" />
                            <param name="Z" type="float" />
                        </accessor>
                    </technique_common>
                </source>
                <source id="ID30">
                    <float_array id="ID33" count="88">-0.13662 -0.008998 -0.1932099 0 -0.1932099 -0.008998 -0.13662 0 -0.2366328 -0.008998 -0.2366328 0 -0.07071972 -0.008998 -0.07071972 0 -0.2639296 -0.008998 -0.2639296 0 0 -0.008998 0 0 -0.27324 -0.008998 -0.27324 0 0.07071972 -0.008998 0.07071972 0 0.13662 -0.008998 0.13662 0 -0.2366328 -0.008998 -0.2366328 0 0.1932099 -0.008998 0.1932099 0 -0.1932099 -0.008998 -0.1932099 0 0.2366328 0 0.2366328 -0.008998 -0.13662 0 -0.13662 -0.008998 0.2639296 0 0.2639296 -0.008998 -0.07071972 0 -0.07071972 -0.008998 0.27324 0 0.27324 -0.008998 0.2639296 0 0.2639296 -0.008998 0.07071972 0 0.07071972 -0.008998 0.2366328 0 0.2366328 -0.008998 0.13662 0 0.13662 -0.008998 0.1932099 0 0.1932099 -0.008998</float_array>
                    <technique_common>
                        <accessor count="44" source="#ID33" stride="2">
                            <param name="S" type="float" />
                            <param name="T" type="float" />
                        </accessor>
                    </technique_common>
                </source>
                <vertices id="ID29">
                    <input semantic="POSITION" source="#ID27" />
                    <input semantic="NORMAL" source="#ID28" />
                </vertices>
                <triangles count="48" material="Material2">
                    <input offset="0" semantic="VERTEX" source="#ID29" />
                    <input offset="1" semantic="TEXCOORD" source="#ID30" />
                    <p>0 0 1 1 2 2 1 1 0 0 3 3 1 1 4 4 2 2 4 4 1 1 5 5 6 6 3 3 0 0 3 3 6 6 7 7 5 5 8 8 4 4 8 8 5 5 9 9 10 10 7 7 6 6 7 7 10 10 11 11 9 9 12 12 8 8 12 12 9 9 13 13 14 14 11 11 10 10 11 11 14 14 15 15 13 13 16 8 12 12 16 8 13 13 17 9 18 16 15 15 14 14 15 15 18 16 19 17 17 9 20 18 16 8 20 18 17 9 21 19 22 20 19 17 18 16 19 17 22 20 23 21 21 19 24 22 20 18 24 22 21 19 25 23 26 24 22 20 27 25 22 20 26 24 23 21 28 26 24 22 25 23 24 22 28 26 29 27 30 28 27 25 31 29 27 25 30 28 26 24 32 30 29 27 28 26 29 27 32 30 33 31 34 32 31 29 35 33 31 29 34 32 30 28 36 11 33 31 32 30 33 31 36 11 37 10 38 34 35 33 39 35 35 33 38 34 34 32 40 36 37 10 36 11 37 10 40 36 41 37 42 38 39 35 43 39 39 35 42 38 38 34 44 40 41 37 40 36 41 37 44 40 45 41 46 42 43 39 47 43 43 39 46 42 42 38 46 42 45 41 44 40 45 41 46 42 47 43</p>
                </triangles>
            </mesh>
        </geometry>
        <geometry id="ID34">
            <mesh>
                <source id="ID35">
                    <float_array id="ID39" count="144">6.661338e-16 -0.03351575 -0.5379818 -0.1392399 -0.05125591 -0.5196505 -0.1392399 -0.03351575 -0.5196505 6.661338e-16 -0.05125591 -0.5379818 0.1392399 -0.03351575 -0.5196505 0.1392399 -0.05125591 -0.5196505 -0.2689909 -0.05125591 -0.4659059 -0.2689909 -0.03351575 -0.4659059 0.2689909 -0.03351575 -0.4659059 0.2689909 -0.05125591 -0.4659059 -0.3804106 -0.05125591 -0.3804106 -0.3804106 -0.03351575 -0.3804106 0.3804106 -0.03351575 -0.3804106 0.3804106 -0.05125591 -0.3804106 -0.4659059 -0.03351575 -0.2689909 -0.4659059 -0.05125591 -0.2689909 0.4659059 -0.05125591 -0.2689909 0.4659059 -0.03351575 -0.2689909 -0.5196505 -0.03351575 -0.1392399 -0.5196505 -0.05125591 -0.1392399 0.5196505 -0.05125591 -0.1392399 0.5196505 -0.03351575 -0.1392399 -0.5379818 -0.03351575 -2.220446e-16 -0.5379818 -0.05125591 -2.220446e-16 0.5379818 -0.05125591 5.551115e-16 0.5379818 -0.03351575 5.551115e-16 -0.5196505 -0.03351575 0.1392399 -0.5196505 -0.05125591 0.1392399 0.5196505 -0.05125591 0.1392399 0.5196505 -0.03351575 0.1392399 -0.4659059 -0.03351575 0.2689909 -0.4659059 -0.05125591 0.2689909 0.4659059 -0.05125591 0.2689909 0.4659059 -0.03351575 0.2689909 -0.3804106 -0.03351575 0.3804106 -0.3804106 -0.05125591 0.3804106 0.3804106 -0.05125591 0.3804106 0.3804106 -0.03351575 0.3804106 -0.2689909 -0.05125591 0.4659059 -0.2689909 -0.03351575 0.4659059 0.2689909 -0.03351575 0.4659059 0.2689909 -0.05125591 0.4659059 -0.1392399 -0.05125591 0.5196505 -0.1392399 -0.03351575 0.5196505 0.1392399 -0.03351575 0.5196505 0.1392399 -0.05125591 0.5196505 -8.881784e-16 -0.05125591 0.5379818 -8.881784e-16 -0.03351575 0.5379818</float_array>
                    <technique_common>
                        <accessor count="48" source="#ID39" stride="3">
                            <param name="X" type="float" />
                            <param name="Y" type="float" />
                            <param name="Z" type="float" />
                        </accessor>
                    </technique_common>
                </source>
                <source id="ID36">
                    <float_array id="ID40" count="144">8.643777e-16 0 -1 -0.258819 0 -0.9659258 -0.258819 0 -0.9659258 8.643777e-16 0 -1 0.258819 0 -0.9659258 0.258819 0 -0.9659258 -0.5 0 -0.8660254 -0.5 0 -0.8660254 0.5 0 -0.8660254 0.5 0 -0.8660254 -0.7071068 0 -0.7071068 -0.7071068 0 -0.7071068 0.7071068 0 -0.7071068 0.7071068 0 -0.7071068 -0.8660254 0 -0.5 -0.8660254 0 -0.5 0.8660254 0 -0.5 0.8660254 0 -0.5 -0.9659258 0 -0.258819 -0.9659258 0 -0.258819 0.9659258 0 -0.258819 0.9659258 0 -0.258819 -1 0 -8.287332e-16 -1 0 -8.287332e-16 1 0 8.019999e-16 1 0 8.019999e-16 -0.9659258 0 0.258819 -0.9659258 0 0.258819 0.9659258 0 0.258819 0.9659258 0 0.258819 -0.8660254 0 0.5 -0.8660254 0 0.5 0.8660254 0 0.5 0.8660254 0 0.5 -0.7071068 0 0.7071068 -0.7071068 0 0.7071068 0.7071068 0 0.7071068 0.7071068 0 0.7071068 -0.5 0 0.8660254 -0.5 0 0.8660254 0.5 0 0.8660254 0.5 0 0.8660254 -0.258819 0 0.9659258 -0.258819 0 0.9659258 0.258819 0 0.9659258 0.258819 0 0.9659258 -1.211911e-15 0 1 -1.211911e-15 0 1</float_array>
                    <technique_common>
                        <accessor count="48" source="#ID40" stride="3">
                            <param name="X" type="float" />
                            <param name="Y" type="float" />
                            <param name="Z" type="float" />
                        </accessor>
                    </technique_common>
                </source>
                <source id="ID38">
                    <float_array id="ID41" count="92">3.38396e-16 -0.017026 -0.07073389 -0.026038 -0.07073389 -0.017026 3.38396e-16 -0.026038 0.07073389 -0.017026 0.07073389 -0.026038 -0.1366474 -0.026038 -0.1366474 -0.017026 0.1366474 -0.017026 0.1366474 -0.026038 -0.1932486 -0.026038 -0.1932486 -0.017026 0.1932486 -0.017026 0.1932486 -0.026038 -0.2366802 -0.017026 -0.2366802 -0.026038 0.2366802 -0.026038 0.2366802 -0.017026 -0.2639825 -0.017026 -0.2639825 -0.026038 0.2639825 -0.026038 0.2639825 -0.017026 -0.2732948 -0.017026 -0.2732948 -0.026038 0.2732948 -0.026038 0.2732948 -0.017026 -0.2639825 -0.017026 -0.2639825 -0.026038 -0.2366802 -0.017026 -0.2366802 -0.026038 0.2366802 -0.026038 0.2366802 -0.017026 -0.1932486 -0.017026 -0.1932486 -0.026038 0.1932486 -0.026038 0.1932486 -0.017026 -0.1366474 -0.026038 -0.1366474 -0.017026 0.1366474 -0.017026 0.1366474 -0.026038 -0.07073389 -0.026038 -0.07073389 -0.017026 0.07073389 -0.017026 0.07073389 -0.026038 -4.511946e-16 -0.026038 -4.511946e-16 -0.017026</float_array>
                    <technique_common>
                        <accessor count="46" source="#ID41" stride="2">
                            <param name="S" type="float" />
                            <param name="T" type="float" />
                        </accessor>
                    </technique_common>
                </source>
                <vertices id="ID37">
                    <input semantic="POSITION" source="#ID35" />
                    <input semantic="NORMAL" source="#ID36" />
                </vertices>
                <triangles count="48" material="Material2">
                    <input offset="0" semantic="VERTEX" source="#ID37" />
                    <input offset="1" semantic="TEXCOORD" source="#ID38" />
                    <p>0 0 1 1 2 2 1 1 0 0 3 3 4 4 3 3 0 0 3 3 4 4 5 5 2 2 6 6 7 7 6 6 2 2 1 1 8 8 5 5 4 4 5 5 8 8 9 9 7 7 10 10 11 11 10 10 7 7 6 6 12 12 9 9 8 8 9 9 12 12 13 13 14 14 10 10 15 15 10 10 14 14 11 11 12 12 16 16 13 13 16 16 12 12 17 17 18 18 15 15 19 19 15 15 18 18 14 14 17 17 20 20 16 16 20 20 17 17 21 21 22 22 19 19 23 23 19 19 22 22 18 18 21 21 24 24 20 20 24 24 21 21 25 25 26 26 23 23 27 27 23 23 26 26 22 22 25 25 28 20 24 24 28 20 25 25 29 21 30 28 27 27 31 29 27 27 30 28 26 26 29 21 32 30 28 20 32 30 29 21 33 31 34 32 31 29 35 33 31 29 34 32 30 28 33 31 36 34 32 30 36 34 33 31 37 35 38 36 34 32 35 33 34 32 38 36 39 37 36 34 40 38 41 39 40 38 36 34 37 35 42 40 39 37 38 36 39 37 42 40 43 41 41 39 44 42 45 43 44 42 41 39 40 38 46 44 43 41 42 40 43 41 46 44 47 45 45 43 47 45 46 44 47 45 45 43 44 42</p>
                </triangles>
            </mesh>
        </geometry>
        <geometry id="ID42">
            <mesh>
                <source id="ID43">
                    <float_array id="ID47" count="144">0.3897439 -0.6418071 0.3897439 0.2755906 -0.4843268 0.4773368 0.2755906 -0.6418071 0.4773368 0.3897439 -0.4843268 0.3897439 0.1426562 -0.4843268 0.5324001 0.1426562 -0.6418071 0.5324001 0.4773368 -0.4843268 0.2755906 0.4773368 -0.6418071 0.2755906 -1.110223e-16 -0.4843268 0.5511811 -1.110223e-16 -0.6418071 0.5511811 0.5324001 -0.4843268 0.1426562 0.5324001 -0.6418071 0.1426562 -0.1426562 -0.4843268 0.5324001 -0.1426562 -0.6418071 0.5324001 0.5511811 -0.4843268 0 0.5511811 -0.6418071 0 -0.2755906 -0.4843268 0.4773368 -0.2755906 -0.6418071 0.4773368 0.5324001 -0.4843268 -0.1426562 0.5324001 -0.6418071 -0.1426562 -0.3897439 -0.4843268 0.3897439 -0.3897439 -0.6418071 0.3897439 0.4773368 -0.4843268 -0.2755906 0.4773368 -0.6418071 -0.2755906 -0.4773368 -0.6418071 0.2755906 -0.4773368 -0.4843268 0.2755906 0.3897439 -0.4843268 -0.3897439 0.3897439 -0.6418071 -0.3897439 -0.5324001 -0.6418071 0.1426562 -0.5324001 -0.4843268 0.1426562 0.2755906 -0.6418071 -0.4773368 0.2755906 -0.4843268 -0.4773368 -0.5511811 -0.6418071 -1.110223e-16 -0.5511811 -0.4843268 -1.110223e-16 0.1426562 -0.6418071 -0.5324001 0.1426562 -0.4843268 -0.5324001 -0.5324001 -0.6418071 -0.1426562 -0.5324001 -0.4843268 -0.1426562 0 -0.6418071 -0.5511811 0 -0.4843268 -0.5511811 -0.4773368 -0.6418071 -0.2755906 -0.4773368 -0.4843268 -0.2755906 -0.1426562 -0.6418071 -0.5324001 -0.1426562 -0.4843268 -0.5324001 -0.3897439 -0.6418071 -0.3897439 -0.3897439 -0.4843268 -0.3897439 -0.2755906 -0.6418071 -0.4773368 -0.2755906 -0.4843268 -0.4773368</float_array>
                    <technique_common>
                        <accessor count="48" source="#ID47" stride="3">
                            <param name="X" type="float" />
                            <param name="Y" type="float" />
                            <param name="Z" type="float" />
                        </accessor>
                    </technique_common>
                </source>
                <source id="ID44">
                    <float_array id="ID48" count="144">0.7071068 0 0.7071068 0.5 0 0.8660254 0.5 0 0.8660254 0.7071068 0 0.7071068 0.258819 0 0.9659258 0.258819 0 0.9659258 0.8660254 0 0.5 0.8660254 0 0.5 1.693111e-16 0 1 1.693111e-16 0 1 0.9659258 0 0.258819 0.9659258 0 0.258819 -0.258819 0 0.9659258 -0.258819 0 0.9659258 1 0 -2.138666e-16 1 0 -2.138666e-16 -0.5 0 0.8660254 -0.5 0 0.8660254 0.9659258 0 -0.258819 0.9659258 0 -0.258819 -0.7071068 0 0.7071068 -0.7071068 0 0.7071068 0.8660254 0 -0.5 0.8660254 0 -0.5 -0.8660254 0 0.5 -0.8660254 0 0.5 0.7071068 0 -0.7071068 0.7071068 0 -0.7071068 -0.9659258 0 0.258819 -0.9659258 0 0.258819 0.5 0 -0.8660254 0.5 0 -0.8660254 -1 0 -3.564444e-16 -1 0 -3.564444e-16 0.258819 0 -0.9659258 0.258819 0 -0.9659258 -0.9659258 0 -0.258819 -0.9659258 0 -0.258819 -9.802221e-17 0 -1 -9.802221e-17 0 -1 -0.8660254 0 -0.5 -0.8660254 0 -0.5 -0.258819 0 -0.9659258 -0.258819 0 -0.9659258 -0.7071068 0 -0.7071068 -0.7071068 0 -0.7071068 -0.5 0 -0.8660254 -0.5 0 -0.8660254</float_array>
                    <technique_common>
                        <accessor count="48" source="#ID48" stride="3">
                            <param name="X" type="float" />
                            <param name="Y" type="float" />
                            <param name="Z" type="float" />
                        </accessor>
                    </technique_common>
                </source>
                <source id="ID46">
                    <float_array id="ID49" count="84">0.1979899 -0.326038 0.14 -0.246038 0.14 -0.326038 0.1979899 -0.246038 0.07246933 -0.246038 0.07246933 -0.326038 0.2424871 -0.246038 0.2424871 -0.326038 -5.639933e-17 -0.246038 -5.639933e-17 -0.326038 0.2704592 -0.246038 0.2704592 -0.326038 -0.07246933 -0.246038 -0.07246933 -0.326038 0.28 -0.246038 0.28 -0.326038 -0.14 -0.246038 -0.14 -0.326038 -0.1979899 -0.246038 -0.1979899 -0.326038 -0.2424871 -0.326038 -0.2424871 -0.246038 -0.2704592 -0.326038 -0.2704592 -0.246038 0.14 -0.326038 0.14 -0.246038 -0.28 -0.326038 -0.28 -0.246038 0.07246933 -0.326038 0.07246933 -0.246038 -0.2704592 -0.326038 -0.2704592 -0.246038 0 -0.326038 0 -0.246038 -0.2424871 -0.326038 -0.2424871 -0.246038 -0.07246933 -0.326038 -0.07246933 -0.246038 -0.1979899 -0.326038 -0.1979899 -0.246038 -0.14 -0.326038 -0.14 -0.246038</float_array>
                    <technique_common>
                        <accessor count="42" source="#ID49" stride="2">
                            <param name="S" type="float" />
                            <param name="T" type="float" />
                        </accessor>
                    </technique_common>
                </source>
                <vertices id="ID45">
                    <input semantic="POSITION" source="#ID43" />
                    <input semantic="NORMAL" source="#ID44" />
                </vertices>
                <triangles count="48" material="Material2">
                    <input offset="0" semantic="VERTEX" source="#ID45" />
                    <input offset="1" semantic="TEXCOORD" source="#ID46" />
                    <p>0 0 1 1 2 2 1 1 0 0 3 3 2 2 4 4 5 5 4 4 2 2 1 1 6 6 0 0 7 7 0 0 6 6 3 3 5 5 8 8 9 9 8 8 5 5 4 4 10 10 7 7 11 11 7 7 10 10 6 6 9 9 12 12 13 13 12 12 9 9 8 8 14 14 11 11 15 15 11 11 14 14 10 10 13 13 16 16 17 17 16 16 13 13 12 12 18 10 15 15 19 11 15 15 18 10 14 14 17 17 20 18 21 19 20 18 17 17 16 16 22 6 19 11 23 7 19 11 22 6 18 10 20 18 24 20 21 19 24 20 20 18 25 21 26 3 23 7 27 0 23 7 26 3 22 6 25 21 28 22 24 20 28 22 25 21 29 23 26 3 30 24 31 25 30 24 26 3 27 0 29 23 32 26 28 22 32 26 29 23 33 27 31 25 34 28 35 29 34 28 31 25 30 24 33 27 36 30 32 26 36 30 33 27 37 31 35 29 38 32 39 33 38 32 35 29 34 28 37 31 40 34 36 30 40 34 37 31 41 35 39 33 42 36 43 37 42 36 39 33 38 32 41 35 44 38 40 34 44 38 41 35 45 39 43 37 46 40 47 41 46 40 43 37 42 36 47 41 44 38 45 39 44 38 47 41 46 40</p>
                </triangles>
            </mesh>
        </geometry>
        <geometry id="ID52">
            <mesh>
                <source id="ID58">
                    <float_array id="ID62" count="504">0.1722064 -0.398311 0.6426829 0.3267717 0.4875157 0.5659851 0.1691495 0.4875157 0.6312744 0.3326772 -0.398311 0.5762138 0.3301004 -0.4270719 0.5717507 0.1722064 -0.398311 0.6426829 0.1708725 -0.4270719 0.637705 0.3326772 -0.398311 0.5762138 0.4621249 0.4875157 0.4621249 0.4704766 -0.398311 0.4704766 -0.1691495 0.4875157 -0.6312744 0.1691495 0.4875157 -0.6312744 0 0.4875157 -0.6535433 -0.3267717 0.4875157 -0.5659851 0.3267717 0.4875157 -0.5659851 -0.4621249 0.4875157 -0.4621249 0.4621249 0.4875157 -0.4621249 -0.5659851 0.4875157 -0.3267717 0.5659851 0.4875157 -0.3267717 -0.6312744 0.4875157 -0.1691495 0.6312744 0.4875157 -0.1691495 -0.6535433 0.4875157 0 0.6535433 0.4875157 0 -0.6312744 0.4875157 0.1691495 0.6312744 0.4875157 0.1691495 -0.5659851 0.4875157 0.3267717 0.5659851 0.4875157 0.3267717 -0.4621249 0.4875157 0.4621249 0.4621249 0.4875157 0.4621249 -0.3267717 0.4875157 0.5659851 0.3267717 0.4875157 0.5659851 -0.1691495 0.4875157 0.6312744 0.1691495 0.4875157 0.6312744 0 0.4875157 0.6535433 0 0.4875157 0.6535433 0 -0.398311 0.6653543 0 -0.398311 0.6653543 0 -0.4270719 0.6602008 0.3223577 -0.45185 0.5583399 0.1668646 -0.45185 0.6227473 0.4668325 -0.4270719 0.4668325 0.4704766 -0.398311 0.4704766 0.5659851 0.4875157 0.3267717 0.5762138 -0.398311 0.3326772 -0.3326772 -0.398311 0.5762138 -0.4621249 0.4875157 0.4621249 -0.4704766 -0.398311 0.4704766 -0.3267717 0.4875157 0.5659851 -0.1722064 -0.398311 0.6426829 -0.1691495 0.4875157 0.6312744 0.6312744 0.4875157 0.1691495 0.6426829 -0.398311 0.1722064 0.6535433 0.4875157 0 0.6653543 -0.398311 0 0.6312744 0.4875157 -0.1691495 0.6426829 -0.398311 -0.1722064 0.5659851 0.4875157 -0.3267717 0.5762138 -0.398311 -0.3326772 0.4621249 0.4875157 -0.4621249 0.4704766 -0.398311 -0.4704766 0.3326772 -0.398311 -0.5762138 0.3267717 0.4875157 -0.5659851 0.1722064 -0.398311 -0.6426829 0.1691495 0.4875157 -0.6312744 0 -0.398311 -0.6653543 0 0.4875157 -0.6535433 -0.1691495 0.4875157 -0.6312744 -0.1722064 -0.398311 -0.6426829 -0.3267717 0.4875157 -0.5659851 -0.3326772 -0.398311 -0.5762138 -0.4621249 0.4875157 -0.4621249 -0.4704766 -0.398311 -0.4704766 -0.5659851 0.4875157 -0.3267717 -0.5762138 -0.398311 -0.3326772 -0.6312744 0.4875157 -0.1691495 -0.6426829 -0.398311 -0.1722064 -0.6535433 0.4875157 0 -0.6653543 -0.398311 0 -0.6312744 0.4875157 0.1691495 -0.6426829 -0.398311 0.1722064 -0.5659851 0.4875157 0.3267717 -0.5762138 -0.398311 0.3326772 -0.1708725 -0.4270719 0.637705 -0.1722064 -0.398311 0.6426829 0 -0.45185 0.6447154 0.1607582 -0.4690866 0.5999578 0.310561 -0.4690866 0.5379075 0.4558826 -0.45185 0.4558826 0.5762138 -0.398311 0.3326772 0.5717507 -0.4270719 0.3301004 -0.4668325 -0.4270719 0.4668325 -0.3326772 -0.398311 0.5762138 -0.4704766 -0.398311 0.4704766 -0.3301004 -0.4270719 0.5717507 0.6426829 -0.398311 0.1722064 0.637705 -0.4270719 0.1708725 0.6653543 -0.398311 0 0.6602008 -0.4270719 0 0.6426829 -0.398311 -0.1722064 0.637705 -0.4270719 -0.1708725 0.5762138 -0.398311 -0.3326772 0.5717507 -0.4270719 -0.3301004 0.4704766 -0.398311 -0.4704766 0.4668325 -0.4270719 -0.4668325 0.3326772 -0.398311 -0.5762138 0.3301004 -0.4270719 -0.5717507 0.1722064 -0.398311 -0.6426829 0.1708725 -0.4270719 -0.637705 2.220446e-16 -0.4270719 -0.6602008 0 -0.398311 -0.6653543 -0.1708725 -0.4270719 -0.637705 -0.1722064 -0.398311 -0.6426829 -0.3301004 -0.4270719 -0.5717507 -0.3326772 -0.398311 -0.5762138 -0.4668325 -0.4270719 -0.4668325 -0.4704766 -0.398311 -0.4704766 -0.5762138 -0.398311 -0.3326772 -0.5717507 -0.4270719 -0.3301004 -0.6426829 -0.398311 -0.1722064 -0.637705 -0.4270719 -0.1708725 -0.6653543 -0.398311 0 -0.6602008 -0.4270719 0 -0.6426829 -0.398311 0.1722064 -0.637705 -0.4270719 0.1708725 -0.5762138 -0.398311 0.3326772 -0.5717507 -0.4270719 0.3301004 -0.1668646 -0.45185 0.6227473 0 -0.4690866 0.621122 0.4391996 -0.4690866 0.4391996 0.5583399 -0.45185 0.3223577 -0.4558826 -0.45185 0.4558826 -0.3223577 -0.45185 0.5583399 0.6227473 -0.45185 0.1668646 0.6447154 -0.45185 2.220446e-16 0.6227473 -0.45185 -0.1668646 0.5583399 -0.45185 -0.3223577 0.4558826 -0.45185 -0.4558826 0.3223577 -0.45185 -0.5583399 0.1668646 -0.45185 -0.6227473 1.110223e-16 -0.45185 -0.6447154 -0.1668646 -0.45185 -0.6227473 -0.3223577 -0.45185 -0.5583399 -0.4558826 -0.45185 -0.4558826 -0.5583399 -0.45185 -0.3223577 -0.6227473 -0.45185 -0.1668646 -0.6447154 -0.45185 0 -0.6227473 -0.45185 0.1668646 -0.5583399 -0.45185 0.3223577 -0.1607582 -0.4690866 0.5999578 0.5379075 -0.4690866 0.310561 -0.310561 -0.4690866 0.5379075 -0.4391996 -0.4690866 0.4391996 0.5999578 -0.4690866 0.1607582 0.621122 -0.4690866 1.110223e-16 0.5999578 -0.4690866 -0.1607582 0.5379075 -0.4690866 -0.310561 0.4391996 -0.4690866 -0.4391996 0.310561 -0.4690866 -0.5379075 0.1607582 -0.4690866 -0.5999578 0 -0.4690866 -0.621122 -0.1607582 -0.4690866 -0.5999578 -0.310561 -0.4690866 -0.5379075 -0.4391996 -0.4690866 -0.4391996 -0.5379075 -0.4690866 -0.310561 -0.5999578 -0.4690866 -0.1607582 -0.621122 -0.4690866 1.110223e-16 -0.5999578 -0.4690866 0.1607582 -0.5379075 -0.4690866 0.310561</float_array>
                    <technique_common>
                        <accessor count="168" source="#ID62" stride="3">
                            <param name="X" type="float" />
                            <param name="Y" type="float" />
                            <param name="Z" type="float" />
                        </accessor>
                    </technique_common>
                </source>
                <source id="ID59">
                    <float_array id="ID63" count="504">0.258796 0.01333215 0.96584 0.4999556 0.01333215 0.8659484 0.258796 0.01333215 0.96584 0.4999556 0.01333215 0.8659484 0.4675256 -0.3545127 0.8097781 0.2547615 -0.1763756 0.950783 0.2420091 -0.3545127 0.9031901 0.4921615 -0.1763756 0.8524487 0.7070439 0.01333215 0.7070439 0.7070439 0.01333215 0.7070439 0 1 0 0 1 0 0 1 0 0 1 0 0 1 0 0 1 0 0 1 0 0 1 0 0 1 0 0 1 0 0 1 0 0 1 0 0 1 0 0 1 0 0 1 0 0 1 0 0 1 0 0 1 0 0 1 0 0 1 0 0 1 0 0 1 0 0 1 0 0 1 0 -1.077049e-15 0.01333215 0.9999111 -1.079439e-15 0.01333215 0.9999111 -2.323606e-15 -0.1763756 0.9843229 -2.221531e-15 -0.3545127 0.9350512 0.3696883 -0.673292 0.640319 0.1913648 -0.673292 0.714183 0.661181 -0.3545127 0.661181 0.6960214 -0.1763756 0.6960214 0.8659484 0.01333215 0.4999556 0.8659484 0.01333215 0.4999556 -0.4999556 0.01333215 0.8659484 -0.7070439 0.01333215 0.7070439 -0.7070439 0.01333215 0.7070439 -0.4999556 0.01333215 0.8659484 -0.258796 0.01333215 0.96584 -0.258796 0.01333215 0.96584 0.96584 0.01333215 0.258796 0.96584 0.01333215 0.258796 0.9999111 0.01333215 -1.780247e-16 0.9999111 0.01333215 -1.873406e-16 0.96584 0.01333215 -0.258796 0.96584 0.01333215 -0.258796 0.8659484 0.01333215 -0.4999556 0.8659484 0.01333215 -0.4999556 0.7070439 0.01333215 -0.7070439 0.7070439 0.01333215 -0.7070439 0.4999556 0.01333215 -0.8659484 0.4999556 0.01333215 -0.8659484 0.258796 0.01333215 -0.96584 0.258796 0.01333215 -0.96584 2.587084e-16 0.01333215 -0.9999111 2.492346e-16 0.01333215 -0.9999111 -0.258796 0.01333215 -0.96584 -0.258796 0.01333215 -0.96584 -0.4999556 0.01333215 -0.8659484 -0.4999556 0.01333215 -0.8659484 -0.7070439 0.01333215 -0.7070439 -0.7070439 0.01333215 -0.7070439 -0.8659484 0.01333215 -0.4999556 -0.8659484 0.01333215 -0.4999556 -0.96584 0.01333215 -0.258796 -0.96584 0.01333215 -0.258796 -0.9999111 0.01333215 -1.121556e-15 -0.9999111 0.01333215 -1.115122e-15 -0.96584 0.01333215 0.258796 -0.96584 0.01333215 0.258796 -0.8659484 0.01333215 0.4999556 -0.8659484 0.01333215 0.4999556 -0.2420091 -0.3545127 0.9031901 -0.2547615 -0.1763756 0.950783 -1.751365e-15 -0.673292 0.7393767 0.1526807 -0.807467 0.569812 0.2949564 -0.807467 0.5108794 0.5228182 -0.673292 0.5228182 0.8524487 -0.1763756 0.4921615 0.8097781 -0.3545127 0.4675256 -0.661181 -0.3545127 0.661181 -0.4921615 -0.1763756 0.8524487 -0.6960214 -0.1763756 0.6960214 -0.4675256 -0.3545127 0.8097781 0.950783 -0.1763756 0.2547615 0.9031901 -0.3545127 0.2420091 0.9843229 -0.1763756 -2.983619e-16 0.9350512 -0.3545127 -5.841294e-16 0.950783 -0.1763756 -0.2547615 0.9031901 -0.3545127 -0.2420091 0.8524487 -0.1763756 -0.4921615 0.8097781 -0.3545127 -0.4675256 0.6960214 -0.1763756 -0.6960214 0.661181 -0.3545127 -0.661181 0.4921615 -0.1763756 -0.8524487 0.4675256 -0.3545127 -0.8097781 0.2547615 -0.1763756 -0.950783 0.2420091 -0.3545127 -0.9031901 4.875411e-16 -0.3545127 -0.9350512 -5.967238e-16 -0.1763756 -0.9843229 -0.2420091 -0.3545127 -0.9031901 -0.2547615 -0.1763756 -0.950783 -0.4675256 -0.3545127 -0.8097781 -0.4921615 -0.1763756 -0.8524487 -0.661181 -0.3545127 -0.661181 -0.6960214 -0.1763756 -0.6960214 -0.8524487 -0.1763756 -0.4921615 -0.8097781 -0.3545127 -0.4675256 -0.950783 -0.1763756 -0.2547615 -0.9031901 -0.3545127 -0.2420091 -0.9843229 -0.1763756 -1.103035e-15 -0.9350512 -0.3545127 -1.232651e-15 -0.950783 -0.1763756 0.2547615 -0.9031901 -0.3545127 0.2420091 -0.8524487 -0.1763756 0.4921615 -0.8097781 -0.3545127 0.4675256 -0.1913648 -0.673292 0.714183 -1.419867e-15 -0.807467 0.5899127 0.4171313 -0.807467 0.4171313 0.640319 -0.673292 0.3696883 -0.5228182 -0.673292 0.5228182 -0.3696883 -0.673292 0.640319 0.714183 -0.673292 0.1913648 0.7393767 -0.673292 6.401858e-17 0.714183 -0.673292 -0.1913648 0.640319 -0.673292 -0.3696883 0.5228182 -0.673292 -0.5228182 0.3696883 -0.673292 -0.640319 0.1913648 -0.673292 -0.714183 -5.944582e-17 -0.673292 -0.7393767 -0.1913648 -0.673292 -0.714183 -0.3696883 -0.673292 -0.640319 -0.5228182 -0.673292 -0.5228182 -0.640319 -0.673292 -0.3696883 -0.714183 -0.673292 -0.1913648 -0.7393767 -0.673292 -9.694242e-16 -0.714183 -0.673292 0.1913648 -0.640319 -0.673292 0.3696883 -0.1526807 -0.807467 0.569812 0.5108794 -0.807467 0.2949564 -0.2949564 -0.807467 0.5108794 -0.4171313 -0.807467 0.4171313 0.569812 -0.807467 0.1526807 0.5899127 -0.807467 -5.148055e-16 0.569812 -0.807467 -0.1526807 0.5108794 -0.807467 -0.2949564 0.4171313 -0.807467 -0.4171313 0.2949564 -0.807467 -0.5108794 0.1526807 -0.807467 -0.569812 -2.075829e-16 -0.807467 -0.5899127 -0.1526807 -0.807467 -0.569812 -0.2949564 -0.807467 -0.5108794 -0.4171313 -0.807467 -0.4171313 -0.5108794 -0.807467 -0.2949564 -0.569812 -0.807467 -0.1526807 -0.5899127 -0.807467 -2.324928e-16 -0.569812 -0.807467 0.1526807 -0.5108794 -0.807467 0.2949564</float_array>
                    <technique_common>
                        <accessor count="168" source="#ID63" stride="3">
                            <param name="X" type="float" />
                            <param name="Y" type="float" />
                            <param name="Z" type="float" />
                        </accessor>
                    </technique_common>
                </source>
                <source id="ID61">
                    <float_array id="ID64" count="816">-0.3420691 0.08448307 0.4029659 -0.08512044 0.4075731 0.05925505 -0.3467596 -0.06250162 -0.2102887 -0.1679988 -0.2444915 -0.0234264 -0.267054 -0.03357226 -0.1872831 -0.1589022 -0.3432721 0.07945393 0.4041717 -0.07919754 0.4066596 0.06523002 -0.345805 -0.06758377 0.1432132 -0.534479 -0.1432132 -0.534479 0 -0.5533333 0.2766667 -0.4792007 -0.2766667 -0.4792007 0.3912658 -0.3912658 -0.3912658 -0.3912658 0.4792007 -0.2766667 -0.4792007 -0.2766667 0.534479 -0.1432132 -0.534479 -0.1432132 0.5533333 0 -0.5533333 0 0.534479 0.1432132 -0.534479 0.1432132 0.4792007 0.2766667 -0.4792007 0.2766667 0.3912658 0.3912658 -0.3912658 0.3912658 0.2766667 0.4792007 -0.2766667 0.4792007 0.1432132 0.534479 -0.1432132 0.534479 0 0.5533333 -0.3502115 -0.03873767 0.4106626 0.03135646 -0.3355203 0.1075862 0.3962323 -0.1123699 -0.09750793 -0.2508727 -0.1996764 -0.1430182 -0.2140945 -0.1631211 -0.08217979 -0.2314549 0.03118416 -0.07560536 -0.06691504 0.03293909 -0.08082587 0.01248197 0.04778536 -0.057264 -0.2363836 -0.1287157 -0.2448273 0.01960727 -0.2688144 0.01355526 -0.2121434 -0.1237742 0.4047225 -0.07633315 -0.3438262 0.07702083 -0.3453177 -0.07003111 0.4061875 0.06810841 0.3432721 0.07945393 -0.4041717 -0.07919754 0.345805 -0.06758377 -0.4066596 0.06523002 0.3420691 0.08448307 -0.4029659 -0.08512044 0.3467596 -0.06250162 -0.4075731 0.05925505 0.3355203 0.1075862 -0.3962323 -0.1123699 0.3502115 -0.03873767 -0.4106626 0.03135646 0.4050743 -0.07444341 -0.344182 0.07541529 -0.3449871 -0.07164201 0.4058652 0.07000341 0.4053495 -0.07292999 -0.3444612 0.0741293 -0.3447171 -0.07292999 0.4056009 0.07151878 0.4056009 -0.07151878 -0.3447171 0.07292999 -0.3444612 -0.0741293 0.4053495 0.07292999 0.4058652 -0.07000341 -0.3449871 0.07164201 -0.344182 -0.07541529 0.4050743 0.07444341 0.4061875 -0.06810841 -0.3453177 0.07003111 -0.3438262 -0.07702083 0.4047225 0.07633315 0.4041717 0.07919754 -0.3432721 -0.07945393 0.4066596 -0.06523002 -0.345805 0.06758377 0.4029659 0.08512044 -0.3420691 -0.08448307 0.4075731 -0.05925505 -0.3467596 0.06250162 0.3962323 0.1123699 -0.3355203 -0.1075862 0.4106626 -0.03135646 -0.3502115 0.03873767 -0.3962323 0.1123699 0.3355203 -0.1075862 0.3502115 0.03873767 -0.4106626 -0.03135646 -0.4029659 0.08512044 0.3420691 -0.08448307 0.3467596 0.06250162 -0.4075731 -0.05925505 -0.4041717 0.07919754 0.3432721 -0.07945393 0.345805 0.06758377 -0.4066596 -0.06523002 -0.4047225 0.07633315 0.3438262 -0.07702083 0.3453177 0.07003111 -0.4061875 -0.06810841 -0.4050743 0.07444341 0.344182 -0.07541529 0.3449871 0.07164201 -0.4058652 -0.07000341 -0.4053495 0.07292999 0.3444612 -0.0741293 0.3447171 0.07292999 -0.4056009 -0.07151878 -0.4056009 0.07151878 0.3447171 -0.07292999 0.3444612 0.0741293 -0.4053495 -0.07292999 -0.4058652 0.07000341 0.3449871 -0.07164201 0.344182 0.07541529 -0.4050743 -0.07444341 -0.4061875 0.06810841 0.3453177 -0.07003111 0.3438262 0.07702083 -0.4047225 -0.07633315 0.09750793 -0.2508727 0.1996764 -0.1430182 0.08217979 -0.2314549 0.2140945 -0.1631211 0.0593856 -0.05623142 -0.07453467 0.00268133 -0.07885905 -0.02167652 0.06703048 -0.03270354 0.1588544 0.1530107 0.02320828 0.1951375 0.1452806 0.1323284 0.03214513 0.2182056 0.007217295 -0.08146491 -0.05404658 0.05139625 -0.07342531 0.03601868 0.02853298 -0.06890918 -0.2224827 -0.1040497 -0.2664815 0.03784849 -0.2470708 -0.1067752 -0.2420449 0.0417029 0.2363836 -0.1287157 0.2448273 0.01960727 0.2121434 -0.1237742 0.2688144 0.01355526 0.2102887 -0.1679988 0.2444915 -0.0234264 0.1872831 -0.1589022 0.267054 -0.03357226 -0.2284204 -0.09027185 -0.2636735 0.05404797 -0.2531291 -0.09149101 -0.2390472 0.0564032 -0.2325915 -0.0789053 -0.2606896 0.06697648 -0.2573303 -0.0789053 -0.2359771 0.06811523 -0.2359771 -0.06811523 -0.2573303 0.0789053 -0.2606896 -0.06697648 -0.2325915 0.0789053 -0.2390472 -0.0564032 -0.2531291 0.09149101 -0.2636735 -0.05404797 -0.2284204 0.09027185 -0.2420449 -0.0417029 -0.2470708 0.1067752 -0.2664815 -0.03784849 -0.2224827 0.1040497 -0.2448273 -0.01960727 -0.2363836 0.1287157 -0.2688144 -0.01355526 -0.2121434 0.1237742 -0.2444915 0.0234264 -0.2102887 0.1679988 -0.267054 0.03357226 -0.1872831 0.1589022 -0.08217979 0.2314549 -0.2140945 0.1631211 -0.1996764 0.1430182 -0.09750793 0.2508727 0.1996764 0.1430182 0.09750793 0.2508727 0.08217979 0.2314549 0.2140945 0.1631211 0.2444915 0.0234264 0.2102887 0.1679988 0.1872831 0.1589022 0.267054 0.03357226 0.2448273 -0.01960727 0.2363836 0.1287157 0.2121434 0.1237742 0.2688144 -0.01355526 0.2224827 0.1040497 0.2664815 -0.03784849 0.2470708 0.1067752 0.2420449 -0.0417029 0.2284204 0.09027185 0.2636735 -0.05404797 0.2531291 0.09149101 0.2390472 -0.0564032 0.2325915 0.0789053 0.2606896 -0.06697648 0.2573303 0.0789053 0.2359771 -0.06811523 0.2359771 0.06811523 0.2573303 -0.0789053 0.2606896 0.06697648 0.2325915 -0.0789053 0.2390472 0.0564032 0.2531291 -0.09149101 0.2636735 0.05404797 0.2284204 -0.09027185 0.2420449 0.0417029 0.2470708 -0.1067752 0.2664815 0.03784849 0.2224827 -0.1040497 -0.0593856 -0.05623142 0.07453467 0.00268133 -0.06703048 -0.03270354 0.07885905 -0.02167652 0.1040029 0.1945004 -0.03802402 0.192799 0.09745937 0.1706427 -0.03662682 0.2174982 0.1955908 0.1019374 0.0773564 0.1806468 0.1767301 0.08592866 0.0924424 0.2002533 0.01299328 -0.07344237 -0.06392463 0.05101238 -0.01052935 -0.08110336 -0.0416845 0.06184666 -0.007217295 -0.08146491 0.05404658 0.05139625 -0.02853298 -0.06890918 0.07342531 0.03601868 -0.03118416 -0.07560536 0.06691504 0.03293909 -0.04778536 -0.057264 0.08082587 0.01248197 0.0004344771 -0.07458162 -0.05441668 0.06105282 -0.0240426 -0.07817017 -0.03066915 0.06798536 -0.01038877 -0.07385581 -0.04498493 0.06830064 -0.0351275 -0.07385581 -0.02048296 0.0717151 -0.02048296 -0.0717151 -0.0351275 0.07385581 -0.04498493 -0.06830064 -0.01038877 0.07385581 -0.03066915 -0.06798536 -0.0240426 0.07817017 -0.05441668 -0.06105282 0.0004344771 0.07458162 -0.0416845 -0.06184666 -0.01052935 0.08110336 -0.06392463 -0.05101238 0.01299328 0.07344237 -0.05404658 -0.05139625 0.007217295 0.08146491 -0.07342531 -0.03601868 0.02853298 0.06890918 -0.06691504 -0.03293909 0.03118416 0.07560536 -0.08082587 -0.01248197 0.04778536 0.057264 -0.07453467 -0.00268133 0.0593856 0.05623142 -0.07885905 0.02167652 0.06703048 0.03270354 0.07453467 -0.00268133 -0.0593856 0.05623142 -0.06703048 0.03270354 0.07885905 0.02167652 0.06691504 -0.03293909 -0.03118416 0.07560536 -0.04778536 0.057264 0.08082587 -0.01248197 0.05404658 -0.05139625 -0.007217295 0.08146491 -0.02853298 0.06890918 0.07342531 -0.03601868 -0.01299328 0.07344237 0.06392463 -0.05101238 0.01052935 0.08110336 0.0416845 -0.06184666 -0.0004344771 0.07458162 0.05441668 -0.06105282 0.0240426 0.07817017 0.03066915 -0.06798536 0.01038877 0.07385581 0.04498493 -0.06830064 0.0351275 0.07385581 0.02048296 -0.0717151 0.02048296 0.0717151 0.0351275 -0.07385581 0.04498493 0.06830064 0.01038877 -0.07385581 0.03066915 0.06798536 0.0240426 -0.07817017 0.05441668 0.06105282 -0.0004344771 -0.07458162 0.0416845 0.06184666 0.01052935 -0.08110336 0.06392463 0.05101238 -0.01299328 -0.07344237 0.03802402 0.192799 -0.1040029 0.1945004 -0.09745937 0.1706427 0.03662682 0.2174982 0.2150297 0.04908377 0.1205814 0.1551689 0.1927298 0.03837312 0.1401408 0.1703161 -0.0773564 0.1806468 -0.1955908 0.1019374 -0.1767301 0.08592866 -0.0924424 0.2002533 -0.02320828 0.1951375 -0.1588544 0.1530107 -0.1452806 0.1323284 -0.03214513 0.2182056 0.2205551 -0.001559552 0.1529652 0.123365 0.1963927 -0.00686825 0.175478 0.1336206 0.2150824 -0.04885225 0.1758747 0.08766623 0.1903437 -0.04885225 0.2000638 0.09285189 0.2150824 0.04885225 0.1758747 -0.08766623 0.2000638 -0.09285189 0.1903437 0.04885225 0.2205551 0.001559552 0.1529652 -0.123365 0.175478 -0.1336206 0.1963927 0.00686825 0.2150297 -0.04908377 0.1205814 -0.1551689 0.1401408 -0.1703161 0.1927298 -0.03837312 0.1955908 -0.1019374 0.0773564 -0.1806468 0.0924424 -0.2002533 0.1767301 -0.08592866 0.1588544 -0.1530107 0.02320828 -0.1951375 0.03214513 -0.2182056 0.1452806 -0.1323284 0.1040029 -0.1945004 -0.03802402 -0.192799 -0.03662682 -0.2174982 0.09745937 -0.1706427 0.03802402 -0.192799 -0.1040029 -0.1945004 0.03662682 -0.2174982 -0.09745937 -0.1706427 -0.02320828 -0.1951375 -0.1588544 -0.1530107 -0.03214513 -0.2182056 -0.1452806 -0.1323284 -0.0773564 -0.1806468 -0.1955908 -0.1019374 -0.0924424 -0.2002533 -0.1767301 -0.08592866 -0.1205814 -0.1551689 -0.2150297 -0.04908377 -0.1401408 -0.1703161 -0.1927298 -0.03837312 -0.1529652 -0.123365 -0.2205551 0.001559552 -0.175478 -0.1336206 -0.1963927 0.00686825 -0.1758747 -0.08766623 -0.2150824 0.04885225 -0.2000638 -0.09285189 -0.1903437 0.04885225 -0.1903437 -0.04885225 -0.2000638 0.09285189 -0.2150824 -0.04885225 -0.1758747 0.08766623 -0.1529652 0.123365 -0.2205551 -0.001559552 -0.1963927 -0.00686825 -0.175478 0.1336206 -0.1205814 0.1551689 -0.2150297 0.04908377 -0.1927298 0.03837312 -0.1401408 0.1703161</float_array>
                    <technique_common>
                        <accessor count="408" source="#ID64" stride="2">
                            <param name="S" type="float" />
                            <param name="T" type="float" />
                        </accessor>
                    </technique_common>
                </source>
                <vertices id="ID60">
                    <input semantic="POSITION" source="#ID58" />
                    <input semantic="NORMAL" source="#ID59" />
                </vertices>
                <triangles count="214" material="Material2">
                    <input offset="0" semantic="VERTEX" source="#ID60" />
                    <input offset="1" semantic="TEXCOORD" source="#ID61" />
                    <p>0 0 1 1 2 2 1 1 0 0 3 3 4 4 5 5 6 6 5 5 4 4 7 7 3 8 8 9 1 10 8 9 3 8 9 11 10 12 11 13 12 14 11 13 10 12 13 15 11 13 13 15 14 16 14 16 13 15 15 17 14 16 15 17 16 18 16 18 15 17 17 19 16 18 17 19 18 20 18 20 17 19 19 21 18 20 19 21 20 22 20 22 19 21 21 23 20 22 21 23 22 24 22 24 21 23 23 25 22 24 23 25 24 26 24 26 23 25 25 27 24 26 25 27 26 28 26 28 25 27 27 29 26 28 27 29 28 30 28 30 27 29 29 31 28 30 29 31 30 32 30 32 29 31 31 33 30 32 31 33 32 34 32 34 31 33 33 35 0 36 34 37 35 38 34 37 0 36 2 39 6 40 36 41 37 42 36 41 6 40 5 43 38 44 6 45 39 46 6 45 38 44 4 47 40 48 7 49 4 50 7 49 40 48 41 51 42 52 9 53 43 54 9 53 42 52 8 55 44 56 45 57 46 58 45 57 44 56 47 59 48 60 47 61 44 62 47 61 48 60 49 63 35 64 49 65 48 66 49 65 35 64 34 67 50 68 43 69 51 70 43 69 50 68 42 71 52 72 51 73 53 74 51 73 52 72 50 75 54 76 53 77 55 78 53 77 54 76 52 79 56 80 55 81 57 82 55 81 56 80 54 83 58 84 57 85 59 86 57 85 58 84 56 87 58 88 60 89 61 90 60 89 58 88 59 91 61 92 62 93 63 94 62 93 61 92 60 95 63 96 64 97 65 98 64 97 63 96 62 99 66 100 64 101 67 102 64 101 66 100 65 103 68 104 67 105 69 106 67 105 68 104 66 107 70 108 69 109 71 110 69 109 70 108 68 111 72 112 71 113 73 114 71 113 72 112 70 115 74 116 73 117 75 118 73 117 74 116 72 119 76 120 75 121 77 122 75 121 76 120 74 123 78 124 77 125 79 126 77 125 78 124 76 127 80 128 79 129 81 130 79 129 80 128 78 131 45 132 81 133 46 134 81 133 45 132 80 135 82 136 36 137 83 138 36 137 82 136 37 139 39 140 37 141 84 142 37 141 39 140 6 143 38 144 85 145 86 146 85 145 38 144 39 147 87 148 4 149 38 150 4 149 87 148 40 151 88 152 40 153 89 154 40 153 88 152 41 155 90 156 91 157 92 158 91 157 90 156 93 159 93 160 83 161 91 162 83 161 93 160 82 163 94 164 89 165 95 166 89 165 94 164 88 167 96 168 95 169 97 170 95 169 96 168 94 171 98 172 97 173 99 174 97 173 98 172 96 175 100 176 99 177 101 178 99 177 100 176 98 179 102 180 101 181 103 182 101 181 102 180 100 183 104 184 103 185 105 186 103 185 104 184 102 187 106 188 105 189 107 190 105 189 106 188 104 191 106 192 108 193 109 194 108 193 106 192 107 195 109 196 110 197 111 198 110 197 109 196 108 199 111 200 112 201 113 202 112 201 111 200 110 203 113 204 114 205 115 206 114 205 113 204 112 207 116 208 114 209 117 210 114 209 116 208 115 211 118 212 117 213 119 214 117 213 118 212 116 215 120 216 119 217 121 218 119 217 120 216 118 219 122 220 121 221 123 222 121 221 122 220 120 223 124 224 123 225 125 226 123 225 124 224 122 227 92 228 125 229 90 230 125 229 92 228 124 231 126 232 37 233 82 234 37 233 126 232 84 235 39 236 127 237 85 238 127 237 39 236 84 239 87 240 86 241 128 242 86 241 87 240 38 243 89 244 87 245 129 246 87 245 89 244 40 247 130 248 93 249 90 250 93 249 130 248 131 251 131 252 82 253 93 254 82 253 131 252 126 255 95 256 129 257 132 258 129 257 95 256 89 259 97 260 132 261 133 262 132 261 97 260 95 263 99 264 133 265 134 266 133 265 99 264 97 267 101 268 134 269 135 270 134 269 101 268 99 271 103 272 135 273 136 274 135 273 103 272 101 275 105 276 136 277 137 278 136 277 105 276 103 279 107 280 137 281 138 282 137 281 107 280 105 283 108 284 138 285 139 286 138 285 108 284 107 287 108 288 140 289 110 290 140 289 108 288 139 291 110 292 141 293 112 294 141 293 110 292 140 295 112 296 142 297 114 298 142 297 112 296 141 299 117 300 142 301 143 302 142 301 117 300 114 303 119 304 143 305 144 306 143 305 119 304 117 307 121 308 144 309 145 310 144 309 121 308 119 311 123 312 145 313 146 314 145 313 123 312 121 315 125 316 146 317 147 318 146 317 125 316 123 319 90 320 147 321 130 322 147 321 90 320 125 323 127 324 126 325 148 326 126 325 127 324 84 327 129 328 128 329 149 330 128 329 129 328 87 331 150 332 130 333 151 334 130 333 150 332 131 335 148 336 131 337 150 338 131 337 148 336 126 339 132 340 149 341 152 342 149 341 132 340 129 343 133 344 152 345 153 346 152 345 133 344 132 347 133 348 154 349 134 350 154 349 133 348 153 351 134 352 155 353 135 354 155 353 134 352 154 355 135 356 156 357 136 358 156 357 135 356 155 359 136 360 157 361 137 362 157 361 136 360 156 363 137 364 158 365 138 366 158 365 137 364 157 367 138 368 159 369 139 370 159 369 138 368 158 371 159 372 140 373 139 374 140 373 159 372 160 375 160 376 141 377 140 378 141 377 160 376 161 379 161 380 142 381 141 382 142 381 161 380 162 383 162 384 143 385 142 386 143 385 162 384 163 387 163 388 144 389 143 390 144 389 163 388 164 391 164 392 145 393 144 394 145 393 164 392 165 395 165 396 146 397 145 398 146 397 165 396 166 399 167 400 146 401 166 402 146 401 167 400 147 403 151 404 147 405 167 406 147 405 151 404 130 407</p>
                </triangles>
            </mesh>
        </geometry>
        <geometry id="ID65">
            <mesh>
                <source id="ID71">
                    <float_array id="ID75" count="291">-0.4724853 -0.5296535 2.220446e-16 -0.5999578 -0.4690866 0.1607582 -0.621122 -0.4690866 1.110223e-16 -0.4563857 -0.5296535 0.1222882 -0.4563857 -0.5296535 -0.1222882 -0.5999578 -0.4690866 -0.1607582 -0.3182413 -0.5740388 4.440892e-16 -0.3073975 -0.5740388 0.08236692 -0.4091842 -0.5296535 0.2362426 -0.5379075 -0.4690866 0.310561 -0.4091842 -0.5296535 -0.2362426 -0.5379075 -0.4690866 -0.310561 -0.3073975 -0.5740388 -0.08236692 -0.1601463 -0.6017371 7.771561e-16 -0.1546894 -0.6017371 0.04144891 -0.2756051 -0.5740388 0.1591207 -0.3340975 -0.5296535 0.3340975 -0.4391996 -0.4690866 0.4391996 -0.3340975 -0.5296535 -0.3340975 -0.4391996 -0.4690866 -0.4391996 -0.2756051 -0.5740388 -0.1591207 -0.1546894 -0.6017371 -0.04144891 0 -0.6124331 9.992007e-16 -0.1386908 -0.6017371 0.08007315 -0.2250306 -0.5740388 0.2250306 -0.2362426 -0.5296535 0.4091842 -0.310561 -0.4690866 0.5379075 -0.2362426 -0.5296535 -0.4091842 -0.310561 -0.4690866 -0.5379075 -0.2250306 -0.5740388 -0.2250306 -0.1386908 -0.6017371 -0.08007315 -0.1132405 -0.6017371 0.1132405 -0.1591207 -0.5740388 0.2756051 -0.1222882 -0.5296535 0.4563857 -0.1607582 -0.4690866 0.5999578 -0.1222882 -0.5296535 -0.4563857 -0.1607582 -0.4690866 -0.5999578 -0.1591207 -0.5740388 -0.2756051 -0.1132405 -0.6017371 -0.1132405 -0.08007315 -0.6017371 0.1386908 -0.08236692 -0.5740388 0.3073975 5.551115e-16 -0.5296535 0.4724853 0 -0.4690866 0.621122 0 -0.5296535 -0.4724853 0 -0.4690866 -0.621122 -0.08236692 -0.5740388 -0.3073975 -0.08007315 -0.6017371 -0.1386908 -0.04144891 -0.6017371 0.1546894 9.992007e-16 -0.5740388 0.3182413 0.1607582 -0.4690866 0.5999578 0.1222882 -0.5296535 0.4563857 0.1607582 -0.4690866 -0.5999578 0.1222882 -0.5296535 -0.4563857 0 -0.5740388 -0.3182413 -0.04144891 -0.6017371 -0.1546894 1.332268e-15 -0.6017371 0.1601463 0.08236692 -0.5740388 0.3073975 0.310561 -0.4690866 0.5379075 0.2362426 -0.5296535 0.4091842 0.310561 -0.4690866 -0.5379075 0.2362426 -0.5296535 -0.4091842 0.08236692 -0.5740388 -0.3073975 -1.110223e-16 -0.6017371 -0.1601463 0.04144891 -0.6017371 0.1546894 0.1591207 -0.5740388 0.2756051 0.4391996 -0.4690866 0.4391996 0.3340975 -0.5296535 0.3340975 0.4391996 -0.4690866 -0.4391996 0.3340975 -0.5296535 -0.3340975 0.1591207 -0.5740388 -0.2756051 0.04144891 -0.6017371 -0.1546894 0.08007315 -0.6017371 0.1386908 0.2250306 -0.5740388 0.2250306 0.5379075 -0.4690866 0.310561 0.4091842 -0.5296535 0.2362426 0.5379075 -0.4690866 -0.310561 0.4091842 -0.5296535 -0.2362426 0.2250306 -0.5740388 -0.2250306 0.08007315 -0.6017371 -0.1386908 0.1132405 -0.6017371 0.1132405 0.2756051 -0.5740388 0.1591207 0.5999578 -0.4690866 0.1607582 0.4563857 -0.5296535 0.1222882 0.5999578 -0.4690866 -0.1607582 0.4563857 -0.5296535 -0.1222882 0.2756051 -0.5740388 -0.1591207 0.1132405 -0.6017371 -0.1132405 0.1386908 -0.6017371 0.08007315 0.3073975 -0.5740388 0.08236692 0.4724853 -0.5296535 1.110223e-16 0.621122 -0.4690866 1.110223e-16 0.3073975 -0.5740388 -0.08236692 0.1386908 -0.6017371 -0.08007315 0.1546894 -0.6017371 0.04144891 0.3182413 -0.5740388 1.110223e-16 0.1546894 -0.6017371 -0.04144891 0.1601463 -0.6017371 2.220446e-16</float_array>
                    <technique_common>
                        <accessor count="97" source="#ID75" stride="3">
                            <param name="X" type="float" />
                            <param name="Y" type="float" />
                            <param name="Z" type="float" />
                        </accessor>
                    </technique_common>
                </source>
                <source id="ID72">
                    <float_array id="ID76" count="291">-0.3313703 -0.9435008 -4.722717e-16 -0.3644984 -0.9260681 0.09766706 -0.3773565 -0.9260681 -4.600885e-16 -0.3200791 -0.9435008 0.08576494 -0.3200791 -0.9435008 -0.08576494 -0.3644984 -0.9260681 -0.09766706 -0.2290873 -0.9734059 -3.112255e-16 -0.2212813 -0.9734059 0.05929215 -0.2869751 -0.9435008 0.1656851 -0.3268003 -0.9260681 0.1886783 -0.2869751 -0.9435008 -0.1656851 -0.3268003 -0.9260681 -0.1886783 -0.2212813 -0.9734059 -0.05929215 -0.1241539 -0.992263 -1.494032e-16 -0.1199235 -0.992263 0.0321334 -0.1983954 -0.9734059 0.1145436 -0.2343142 -0.9435008 0.2343142 -0.2668314 -0.9260681 0.2668314 -0.2343142 -0.9435008 -0.2343142 -0.2668314 -0.9260681 -0.2668314 -0.1983954 -0.9734059 -0.1145436 -0.1199235 -0.992263 -0.0321334 -3.050692e-17 -1 1.390838e-16 -0.1075204 -0.992263 0.06207695 -0.1619892 -0.9734059 0.1619892 -0.1656851 -0.9435008 0.2869751 -0.1886783 -0.9260681 0.3268003 -0.1656851 -0.9435008 -0.2869751 -0.1886783 -0.9260681 -0.3268003 -0.1619892 -0.9734059 -0.1619892 -0.1075204 -0.992263 -0.06207695 -0.08779007 -0.992263 0.08779007 -0.1145436 -0.9734059 0.1983954 -0.08576494 -0.9435008 0.3200791 -0.09766706 -0.9260681 0.3644984 -0.08576494 -0.9435008 -0.3200791 -0.09766706 -0.9260681 -0.3644984 -0.1145436 -0.9734059 -0.1983954 -0.08779007 -0.992263 -0.08779007 -0.06207695 -0.992263 0.1075204 -0.05929215 -0.9734059 0.2212813 -6.496508e-16 -0.9435008 0.3313703 -8.147401e-16 -0.9260681 0.3773565 0 -0.9435008 -0.3313703 4.792589e-18 -0.9260681 -0.3773565 -0.05929215 -0.9734059 -0.2212813 -0.06207695 -0.992263 -0.1075204 -0.0321334 -0.992263 0.1199235 -4.629618e-16 -0.9734059 0.2290873 0.09766706 -0.9260681 0.3644984 0.08576494 -0.9435008 0.3200791 0.09766706 -0.9260681 -0.3644984 0.08576494 -0.9435008 -0.3200791 3.322693e-18 -0.9734059 -0.2290873 -0.0321334 -0.992263 -0.1199235 -2.85526e-16 -0.992263 0.1241539 0.05929215 -0.9734059 0.2212813 0.1886783 -0.9260681 0.3268003 0.1656851 -0.9435008 0.2869751 0.1886783 -0.9260681 -0.3268003 0.1656851 -0.9435008 -0.2869751 0.05929215 -0.9734059 -0.2212813 -1.10669e-18 -0.992263 -0.1241539 0.0321334 -0.992263 0.1199235 0.1145436 -0.9734059 0.1983954 0.2668314 -0.9260681 0.2668314 0.2343142 -0.9435008 0.2343142 0.2668314 -0.9260681 -0.2668314 0.2343142 -0.9435008 -0.2343142 0.1145436 -0.9734059 -0.1983954 0.0321334 -0.992263 -0.1199235 0.06207695 -0.992263 0.1075204 0.1619892 -0.9734059 0.1619892 0.3268003 -0.9260681 0.1886783 0.2869751 -0.9435008 0.1656851 0.3268003 -0.9260681 -0.1886783 0.2869751 -0.9435008 -0.1656851 0.1619892 -0.9734059 -0.1619892 0.06207695 -0.992263 -0.1075204 0.08779007 -0.992263 0.08779007 0.1983954 -0.9734059 0.1145436 0.3644984 -0.9260681 0.09766706 0.3200791 -0.9435008 0.08576494 0.3644984 -0.9260681 -0.09766706 0.3200791 -0.9435008 -0.08576494 0.1983954 -0.9734059 -0.1145436 0.08779007 -0.992263 -0.08779007 0.1075204 -0.992263 0.06207695 0.2212813 -0.9734059 0.05929215 0.3313703 -0.9435008 -3.303685e-16 0.3773565 -0.9260681 -3.594442e-16 0.2212813 -0.9734059 -0.05929215 0.1075204 -0.992263 -0.06207695 0.1199235 -0.992263 0.0321334 0.2290873 -0.9734059 -1.882859e-16 0.1199235 -0.992263 -0.0321334 0.1241539 -0.992263 -1.162025e-16</float_array>
                    <technique_common>
                        <accessor count="97" source="#ID76" stride="3">
                            <param name="X" type="float" />
                            <param name="Y" type="float" />
                            <param name="Z" type="float" />
                        </accessor>
                    </technique_common>
                </source>
                <source id="ID74">
                    <float_array id="ID77" count="194">-0.7626346 -0.5000001 -0.8334912 -0.4106414 -0.8452555 -0.5000001 -0.7536855 -0.4320253 -0.7536856 -0.567975 -0.8334913 -0.5893588 -0.6768969 -0.5000001 -0.6708693 -0.4542158 -0.7274482 -0.3686828 -0.799 -0.3273723 -0.7274483 -0.6313175 -0.7990001 -0.6726279 -0.6708693 -0.5457844 -0.5890185 -0.5000002 -0.5859853 -0.4769605 -0.6531972 -0.4115517 -0.6857107 -0.3142894 -0.7441325 -0.2558675 -0.6857107 -0.6857109 -0.7441326 -0.7441327 -0.6531972 -0.5884486 -0.5859853 -0.5230399 -0.4999999 -0.5000002 -0.5770923 -0.4554909 -0.625085 -0.3749151 -0.6313172 -0.2725518 -0.6726277 -0.201 -0.6313173 -0.7274485 -0.6726278 -0.7990003 -0.625085 -0.6250852 -0.5770923 -0.5445095 -0.5629456 -0.4370545 -0.5884484 -0.3468029 -0.5679747 -0.2463145 -0.5893586 -0.1665088 -0.5679749 -0.7536858 -0.5893587 -0.8334915 -0.5884485 -0.6531974 -0.5629456 -0.5629458 -0.5445092 -0.4229078 -0.5457842 -0.3291308 -0.4999999 -0.2373655 -0.4999999 -0.1547446 -0.5 -0.7626349 -0.5 -0.8452558 -0.5457843 -0.6708695 -0.5445093 -0.5770925 -0.5230396 -0.4140148 -0.4999999 -0.3231032 -0.4106411 -0.1665089 -0.432025 -0.2463146 -0.4106413 -0.8334915 -0.4320251 -0.7536858 -0.5 -0.6768971 -0.5230397 -0.5859855 -0.4999999 -0.4109816 -0.4542156 -0.3291308 -0.3273721 -0.2010001 -0.3686825 -0.2725519 -0.3273722 -0.7990003 -0.3686827 -0.7274485 -0.4542157 -0.6708695 -0.5 -0.5890188 -0.4769602 -0.4140148 -0.4115514 -0.3468029 -0.2558673 -0.2558677 -0.3142891 -0.3142895 -0.2558674 -0.7441328 -0.3142892 -0.685711 -0.4115515 -0.6531975 -0.4769603 -0.5859855 -0.4554906 -0.4229078 -0.3749149 -0.3749152 -0.2009998 -0.3273724 -0.2725516 -0.3686829 -0.2009999 -0.6726281 -0.2725517 -0.6313176 -0.3749149 -0.6250853 -0.4554907 -0.5770925 -0.4370543 -0.4370545 -0.3468026 -0.4115517 -0.1665086 -0.4106415 -0.2463143 -0.4320254 -0.1665087 -0.589359 -0.2463143 -0.5679751 -0.3468027 -0.5884487 -0.4370543 -0.5629458 -0.4229076 -0.4554909 -0.3291306 -0.4542159 -0.2373653 -0.5000002 -0.1547443 -0.5000003 -0.3291306 -0.5457845 -0.4229076 -0.5445095 -0.4140146 -0.4769605 -0.323103 -0.5000002 -0.4140146 -0.5230399 -0.4109814 -0.5000002</float_array>
                    <technique_common>
                        <accessor count="97" source="#ID77" stride="2">
                            <param name="S" type="float" />
                            <param name="T" type="float" />
                        </accessor>
                    </technique_common>
                </source>
                <vertices id="ID73">
                    <input semantic="POSITION" source="#ID71" />
                    <input semantic="NORMAL" source="#ID72" />
                </vertices>
                <triangles count="168" material="Material2">
                    <input offset="0" semantic="VERTEX" source="#ID73" />
                    <input offset="1" semantic="TEXCOORD" source="#ID74" />
                    <p>0 0 1 1 2 2 1 1 0 0 3 3 4 4 2 2 5 5 2 2 4 4 0 0 6 6 3 3 0 0 3 3 6 6 7 7 8 8 1 1 3 3 1 1 8 8 9 9 10 10 5 5 11 11 5 5 10 10 4 4 12 12 0 0 4 4 0 0 12 12 6 6 13 13 7 7 6 6 7 7 13 13 14 14 15 15 3 3 7 7 3 3 15 15 8 8 16 16 9 9 8 8 9 9 16 16 17 17 18 18 11 11 19 19 11 11 18 18 10 10 20 20 4 4 10 10 4 4 20 20 12 12 21 21 6 6 12 12 6 6 21 21 13 13 14 14 13 13 22 22 23 23 7 7 14 14 7 7 23 23 15 15 24 24 8 8 15 15 8 8 24 24 16 16 25 25 17 17 16 16 17 17 25 25 26 26 27 27 19 19 28 28 19 19 27 27 18 18 29 29 10 10 18 18 10 10 29 29 20 20 30 30 12 12 20 20 12 12 30 30 21 21 22 22 13 13 21 21 23 23 14 14 22 22 31 31 15 15 23 23 15 15 31 31 24 24 32 32 16 16 24 24 16 16 32 32 25 25 33 33 26 26 25 25 26 26 33 33 34 34 35 35 28 28 36 36 28 28 35 35 27 27 37 37 18 18 27 27 18 18 37 37 29 29 38 38 20 20 29 29 20 20 38 38 30 30 22 22 21 21 30 30 31 31 23 23 22 22 39 39 24 24 31 31 24 24 39 39 32 32 40 40 25 25 32 32 25 25 40 40 33 33 41 41 34 34 33 33 34 34 41 41 42 42 43 43 36 36 44 44 36 36 43 43 35 35 45 45 27 27 35 35 27 27 45 45 37 37 46 46 29 29 37 37 29 29 46 46 38 38 22 22 30 30 38 38 39 39 31 31 22 22 47 47 32 32 39 39 32 32 47 47 40 40 48 48 33 33 40 40 33 33 48 48 41 41 49 49 41 41 50 50 41 41 49 49 42 42 51 51 43 43 44 44 43 43 51 51 52 52 53 53 35 35 43 43 35 35 53 53 45 45 54 54 37 37 45 45 37 37 54 54 46 46 22 22 38 38 46 46 47 47 39 39 22 22 55 55 40 40 47 47 40 40 55 55 48 48 50 50 48 48 56 56 48 48 50 50 41 41 57 57 50 50 58 58 50 50 57 57 49 49 59 59 52 52 51 51 52 52 59 59 60 60 52 52 53 53 43 43 53 53 52 52 61 61 62 62 45 45 53 53 45 45 62 62 54 54 22 22 46 46 54 54 55 55 47 47 22 22 56 56 55 55 63 63 55 55 56 56 48 48 58 58 56 56 64 64 56 56 58 58 50 50 65 65 58 58 66 66 58 58 65 65 57 57 67 67 60 60 59 59 60 60 67 67 68 68 60 60 61 61 52 52 61 61 60 60 69 69 61 61 62 62 53 53 62 62 61 61 70 70 22 22 54 54 62 62 55 55 22 22 63 63 64 64 63 63 71 71 63 63 64 64 56 56 66 66 64 64 72 72 64 64 66 66 58 58 73 73 66 66 74 74 66 66 73 73 65 65 75 75 68 68 67 67 68 68 75 75 76 76 68 68 69 69 60 60 69 69 68 68 77 77 69 69 70 70 61 61 70 70 69 69 78 78 22 22 62 62 70 70 63 63 22 22 71 71 72 72 71 71 79 79 71 71 72 72 64 64 74 74 72 72 80 80 72 72 74 74 66 66 81 81 74 74 82 82 74 74 81 81 73 73 83 83 76 76 75 75 76 76 83 83 84 84 76 76 77 77 68 68 77 77 76 76 85 85 77 77 78 78 69 69 78 78 77 77 86 86 22 22 70 70 78 78 71 71 22 22 79 79 80 80 79 79 87 87 79 79 80 80 72 72 82 82 80 80 88 88 80 80 82 82 74 74 81 81 89 89 90 90 89 89 81 81 82 82 90 90 84 84 83 83 84 84 90 90 89 89 84 84 85 85 76 76 85 85 84 84 91 91 85 85 86 86 77 77 86 86 85 85 92 92 22 22 78 78 86 86 79 79 22 22 87 87 88 88 87 87 93 93 87 87 88 88 80 80 82 82 94 94 89 89 94 94 82 82 88 88 89 89 91 91 84 84 91 91 89 89 94 94 91 91 92 92 85 85 92 92 91 91 95 95 22 22 86 86 92 92 87 87 22 22 93 93 88 88 96 96 94 94 96 96 88 88 93 93 94 94 95 95 91 91 95 95 94 94 96 96 22 22 92 92 95 95 93 93 22 22 96 96 22 22 95 95 96 96</p>
                </triangles>
            </mesh>
        </geometry>
        <geometry id="ID80">
            <mesh>
                <source id="ID86">
                    <float_array id="ID90" count="72">0.3056918 0 -1.140857 -0.3056918 0 -1.140857 2.220446e-16 0 -1.181102 -0.5905512 0 -1.022865 0.5905512 0 -1.022865 -0.8351655 0 -0.8351655 0.8351655 0 -0.8351655 -1.022865 0 -0.5905512 1.022865 0 -0.5905512 -1.140857 0 -0.3056918 1.140857 0 -0.3056918 -1.181102 0 0 1.181102 0 0 1.140857 0 0.3056918 -1.140857 0 0.3056918 -1.022865 0 0.5905512 1.022865 0 0.5905512 -0.8351655 0 0.8351655 0.8351655 0 0.8351655 0.5905512 0 1.022865 -0.5905512 0 1.022865 -0.3056918 0 1.140857 0.3056918 0 1.140857 0 0 1.181102</float_array>
                    <technique_common>
                        <accessor count="24" source="#ID90" stride="3">
                            <param name="X" type="float" />
                            <param name="Y" type="float" />
                            <param name="Z" type="float" />
                        </accessor>
                    </technique_common>
                </source>
                <source id="ID87">
                    <float_array id="ID91" count="72">-0 -1 -0 -0 -1 -0 -0 -1 -0 -0 -1 -0 -0 -1 -0 -0 -1 -0 -0 -1 -0 -0 -1 -0 -0 -1 -0 -0 -1 -0 -0 -1 -0 -0 -1 -0 -0 -1 -0 -0 -1 -0 -0 -1 -0 -0 -1 -0 -0 -1 -0 -0 -1 -0 -0 -1 -0 -0 -1 -0 -0 -1 -0 -0 -1 -0 -0 -1 -0 -0 -1 -0</float_array>
                    <technique_common>
                        <accessor count="24" source="#ID91" stride="3">
                            <param name="X" type="float" />
                            <param name="Y" type="float" />
                            <param name="Z" type="float" />
                        </accessor>
                    </technique_common>
                </source>
                <source id="ID89">
                    <float_array id="ID92" count="48">0.6256646 -0.9830644 0.3683855 -0.9830642 0.497025 -1 0.2485126 -0.9334112 0.7455376 -0.9334115 0.1455754 -0.8544246 0.8484749 -0.854425 0.06658888 -0.7514874 0.9274615 -0.7514879 0.01693594 -0.6316144 0.9771146 -0.631615 3.016412e-07 -0.502975 0.9940504 -0.5029756 0.9771147 -0.3743361 0.0169361 -0.3743355 0.06658918 -0.2544626 0.9274618 -0.2544632 0.1455758 -0.1515255 0.8484753 -0.1515259 0.7455381 -0.07253937 0.2485131 -0.07253907 0.3683861 -0.02288616 0.6256652 -0.02288632 0.4970256 -0.005950531</float_array>
                    <technique_common>
                        <accessor count="24" source="#ID92" stride="2">
                            <param name="S" type="float" />
                            <param name="T" type="float" />
                        </accessor>
                    </technique_common>
                </source>
                <vertices id="ID88">
                    <input semantic="POSITION" source="#ID86" />
                    <input semantic="NORMAL" source="#ID87" />
                </vertices>
                <triangles count="22" material="Material2">
                    <input offset="0" semantic="VERTEX" source="#ID88" />
                    <input offset="1" semantic="TEXCOORD" source="#ID89" />
                    <p>0 0 1 1 2 2 1 1 0 0 3 3 3 3 0 0 4 4 3 3 4 4 5 5 5 5 4 4 6 6 5 5 6 6 7 7 7 7 6 6 8 8 7 7 8 8 9 9 9 9 8 8 10 10 9 9 10 10 11 11 11 11 10 10 12 12 11 11 12 12 13 13 11 11 13 13 14 14 14 14 13 13 15 15 15 15 13 13 16 16 15 15 16 16 17 17 17 17 16 16 18 18 17 17 18 18 19 19 17 17 19 19 20 20 20 20 19 19 21 21 21 21 19 19 22 22 21 21 22 22 23 23</p>
                </triangles>
            </mesh>
        </geometry>
        <geometry id="ID93">
            <mesh>
                <source id="ID94">
                    <float_array id="ID97" count="216">-0.3056918 0.03937008 -1.140857 0.3056918 0.03937008 -1.140857 2.220446e-16 0.03937008 -1.181102 -0.5905512 0.03937008 -1.022865 0.5905512 0.03937008 -1.022865 -0.8351655 0.03937008 -0.8351655 0.8351655 0.03937008 -0.8351655 -1.022865 0.03937008 -0.5905512 1.022865 0.03937008 -0.5905512 -1.140857 0.03937008 -0.3056918 1.140857 0.03937008 -0.3056918 -1.181102 0.03937008 0 1.181102 0.03937008 0 -1.140857 0.03937008 0.3056918 1.140857 0.03937008 0.3056918 -1.022865 0.03937008 0.5905512 1.022865 0.03937008 0.5905512 -0.8351655 0.03937008 0.8351655 0.8351655 0.03937008 0.8351655 -0.5905512 0.03937008 1.022865 0.5905512 0.03937008 1.022865 -0.3056918 0.03937008 1.140857 0.3056918 0.03937008 1.140857 0 0.03937008 1.181102 2.220446e-16 0.03937008 -1.181102 -0.3056918 0 -1.140857 -0.3056918 0.03937008 -1.140857 2.220446e-16 0 -1.181102 -0.5905512 0 -1.022865 -0.5905512 0.03937008 -1.022865 -0.8351655 0 -0.8351655 -0.8351655 0.03937008 -0.8351655 -1.022865 0.03937008 -0.5905512 -1.022865 0 -0.5905512 -1.140857 0.03937008 -0.3056918 -1.140857 0 -0.3056918 -1.181102 0.03937008 0 -1.181102 0 0 -1.140857 0.03937008 0.3056918 -1.140857 0 0.3056918 -1.022865 0.03937008 0.5905512 -1.022865 0 0.5905512 -0.8351655 0.03937008 0.8351655 -0.8351655 0 0.8351655 -0.5905512 0 1.022865 -0.5905512 0.03937008 1.022865 -0.3056918 0 1.140857 -0.3056918 0.03937008 1.140857 0 0 1.181102 0 0.03937008 1.181102 0.3056918 0 1.140857 0.3056918 0.03937008 1.140857 0.5905512 0 1.022865 0.5905512 0.03937008 1.022865 0.8351655 0 0.8351655 0.8351655 0.03937008 0.8351655 1.022865 0.03937008 0.5905512 1.022865 0 0.5905512 1.140857 0.03937008 0.3056918 1.140857 0 0.3056918 1.181102 0.03937008 0 1.181102 0 0 1.140857 0.03937008 -0.3056918 1.140857 0 -0.3056918 1.022865 0.03937008 -0.5905512 1.022865 0 -0.5905512 0.8351655 0.03937008 -0.8351655 0.8351655 0 -0.8351655 0.5905512 0 -1.022865 0.5905512 0.03937008 -1.022865 0.3056918 0 -1.140857 0.3056918 0.03937008 -1.140857</float_array>
                    <technique_common>
                        <accessor count="72" source="#ID97" stride="3">
                            <param name="X" type="float" />
                            <param name="Y" type="float" />
                            <param name="Z" type="float" />
                        </accessor>
                    </technique_common>
                </source>
                <source id="ID95">
                    <float_array id="ID98" count="216">0 1 0 0 1 0 0 1 0 0 1 0 0 1 0 0 1 0 0 1 0 0 1 0 0 1 0 0 1 0 0 1 0 0 1 0 0 1 0 0 1 0 0 1 0 0 1 0 0 1 0 0 1 0 0 1 0 0 1 0 0 1 0 0 1 0 0 1 0 0 1 0 4.633777e-16 0 -1 -0.258819 0 -0.9659258 -0.258819 0 -0.9659258 4.633777e-16 0 -1 -0.5 0 -0.8660254 -0.5 0 -0.8660254 -0.7071068 0 -0.7071068 -0.7071068 0 -0.7071068 -0.8660254 0 -0.5 -0.8660254 0 -0.5 -0.9659258 0 -0.258819 -0.9659258 0 -0.258819 -1 0 -1.247555e-16 -1 0 -1.247555e-16 -0.9659258 0 0.258819 -0.9659258 0 0.258819 -0.8660254 0 0.5 -0.8660254 0 0.5 -0.7071068 0 0.7071068 -0.7071068 0 0.7071068 -0.5 0 0.8660254 -0.5 0 0.8660254 -0.258819 0 0.9659258 -0.258819 0 0.9659258 1.069333e-16 0 1 1.069333e-16 0 1 0.258819 0 0.9659258 0.258819 0 0.9659258 0.5 0 0.8660254 0.5 0 0.8660254 0.7071068 0 0.7071068 0.7071068 0 0.7071068 0.8660254 0 0.5 0.8660254 0 0.5 0.9659258 0 0.258819 0.9659258 0 0.258819 1 0 -1.960444e-16 1 0 -1.960444e-16 0.9659258 0 -0.258819 0.9659258 0 -0.258819 0.8660254 0 -0.5 0.8660254 0 -0.5 0.7071068 0 -0.7071068 0.7071068 0 -0.7071068 0.5 0 -0.8660254 0.5 0 -0.8660254 0.258819 0 -0.9659258 0.258819 0 -0.9659258</float_array>
                    <technique_common>
                        <accessor count="72" source="#ID98" stride="3">
                            <param name="X" type="float" />
                            <param name="Y" type="float" />
                            <param name="Z" type="float" />
                        </accessor>
                    </technique_common>
                </source>
                <vertices id="ID96">
                    <input semantic="POSITION" source="#ID94" />
                    <input semantic="NORMAL" source="#ID95" />
                </vertices>
                <triangles count="70" material="Material2">
                    <input offset="0" semantic="VERTEX" source="#ID96" />
                    <p>0 1 2 1 0 3 1 3 4 4 3 5 4 5 6 6 5 7 6 7 8 8 7 9 8 9 10 10 9 11 10 11 12 12 11 13 12 13 14 14 13 15 14 15 16 16 15 17 16 17 18 18 17 19 18 19 20 20 19 21 20 21 22 22 21 23 24 25 26 25 24 27 26 28 29 28 26 25 29 30 31 30 29 28 32 30 33 30 32 31 34 33 35 33 34 32 36 35 37 35 36 34 38 37 39 37 38 36 40 39 41 39 40 38 42 41 43 41 42 40 44 42 43 42 44 45 46 45 44 45 46 47 48 47 46 47 48 49 50 49 48 49 50 51 52 51 50 51 52 53 54 53 52 53 54 55 56 54 57 54 56 55 58 57 59 57 58 56 60 59 61 59 60 58 62 61 63 61 62 60 64 63 65 63 64 62 66 65 67 65 66 64 66 68 69 68 66 67 69 70 71 70 69 68 71 27 24 27 71 70</p>
                </triangles>
            </mesh>
        </geometry>
        <geometry id="ID101">
            <mesh>
                <source id="ID104">
                    <float_array id="ID107" count="1386">0.9196956 -1.596835 0.5309865 1.025787 -1.877976 0.2748588 0.9196956 -1.877976 0.5309865 0.946492 -1.574278 0.4662941 0.9630531 -1.515222 0.426312 1.025787 0 0.2748588 0.9630531 -1.442226 0.426312 0.946492 -1.383171 0.4662941 0.9196956 -1.360614 0.5309865 0.9196956 0 0.5309865 1.062992 -1.877976 -0.007741354 1.062992 0 -0.007741354 0.9196956 -1.877976 0.5309865 1.042639 -1.919735 0.2793742 0.9348043 -1.919735 0.5397095 1.025787 -1.877976 0.2748588 0.7509283 -1.877976 0.7509283 0.8507236 -1.515222 0.6208725 0.7509283 0 0.7509283 0.8770686 -1.574278 0.5865391 0.8507236 -1.442226 0.6208725 0.8770686 -1.383171 0.5865391 0.9196956 -1.596835 0.5309865 1.049661 -1.574278 0.5258588 0.946492 -1.574278 0.4662941 1.022865 -1.596835 0.5905512 0.9630531 -1.515222 0.426312 1.066222 -1.515222 0.4858767 1.066222 -1.442226 0.4858767 0.9630531 -1.442226 0.426312 1.049661 -1.383171 0.5258588 0.946492 -1.383171 0.4662941 0.9196956 -1.360614 0.5309865 1.022865 -1.360614 0.5905512 1.062992 0 -0.007741354 -1.062992 0 -1.122047 1.062992 0 -1.122047 -1.062992 0 -0.007741354 1.025787 0 0.2748588 -1.025787 0 0.2748588 0.9196956 0 0.5309865 -0.9196956 0 0.5309865 0.7509283 0 0.7509283 -0.7509283 0 0.7509283 0.5309865 0 0.9196956 -0.5309865 0 0.9196956 -0.2748588 0 1.025787 0.2748588 0 1.025787 -2.220446e-16 0 1.061973 1.062992 -1.877976 -0.9390655 1.062992 -1.863422 -1.012237 1.062992 -1.825268 -1.069339 1.062992 -1.768167 -1.107492 1.062992 -1.694995 -1.122047 1.062992 0 -1.122047 1.080289 -1.919735 -0.006607659 1.062992 -1.877976 -0.007741354 1.083322 -1.937031 0.2902753 0.9712801 -1.937031 0.5607688 0.7509283 -1.877976 0.7509283 0.7632645 -1.919735 0.7632645 0.5309865 -1.360614 0.9196956 0.5309865 0 0.9196956 0.5865391 -1.383171 0.8770686 0.6208725 -1.442226 0.8507236 0.6208725 -1.515222 0.8507236 0.5865391 -1.574278 0.8770686 0.5309865 -1.877976 0.9196956 0.5309865 -1.596835 0.9196956 0.8770686 -1.383171 0.5865391 0.9802376 -1.383171 0.6461038 0.9538927 -1.442226 0.6804372 0.8507236 -1.442226 0.6208725 0.8507236 -1.515222 0.6208725 0.9538927 -1.515222 0.6804372 0.8770686 -1.574278 0.5865391 0.9802376 -1.574278 0.6461038 1.140857 -1.877976 0.3056918 1.066222 -1.515222 0.4858767 1.022865 -1.877976 0.5905512 1.140857 0.1175512 0.3056918 1.049661 -1.574278 0.5258588 1.022865 -1.596835 0.5905512 1.066222 -1.442226 0.4858767 1.049661 -1.383171 0.5258588 1.022865 -1.360614 0.5905512 1.022865 0.1175512 0.5905512 -1.062992 -1.863422 -1.012237 -1.062992 -1.877976 -0.007741354 -1.062992 -1.877976 -0.9390655 -1.062992 0 -0.007741354 -1.062992 -1.825268 -1.069339 -1.062992 -1.768167 -1.107492 -1.062992 -1.694995 -1.122047 -1.062992 0 -1.122047 1.062992 0 -1.122047 -1.080289 0.01729684 -1.163806 1.080289 0.01729684 -1.163806 -1.062992 0 -1.122047 0.2748588 -1.877976 1.025787 0.2748588 0 1.025787 0.426312 -1.442226 0.9630531 0.4662941 -1.383171 0.946492 0.426312 -1.515222 0.9630531 0.4662941 -1.574278 0.946492 -2.220446e-16 -1.360614 1.061973 -2.220446e-16 0 1.061973 0.06942345 -1.383171 1.052833 0.1123295 -1.442226 1.047184 0.1123295 -1.515222 1.047184 -2.220446e-16 -1.596835 1.061973 -1.776357e-15 -1.877976 1.061973 0.06942345 -1.574278 1.052833 -0.2748588 -1.877976 1.025787 -0.2748588 0 1.025787 -0.1123295 -1.442226 1.047184 -0.06942345 -1.383171 1.052833 -0.1123295 -1.515222 1.047184 -0.06942345 -1.574278 1.052833 -0.5309865 -1.360614 0.9196956 -0.5309865 0 0.9196956 -0.4662941 -1.383171 0.946492 -0.426312 -1.442226 0.9630531 -0.426312 -1.515222 0.9630531 -0.4662941 -1.574278 0.946492 -0.5309865 -1.877976 0.9196956 -0.5309865 -1.596835 0.9196956 -0.7509283 -1.877976 0.7509283 -0.7509283 0 0.7509283 -0.6208725 -1.442226 0.8507236 -0.5865391 -1.383171 0.8770686 -0.6208725 -1.515222 0.8507236 -0.5865391 -1.574278 0.8770686 -0.9196956 -1.596835 0.5309865 -0.9196956 -1.877976 0.5309865 -0.8770686 -1.574278 0.5865391 -0.8507236 -1.515222 0.6208725 -0.8507236 -1.442226 0.6208725 -0.8770686 -1.383171 0.5865391 -0.9196956 -1.360614 0.5309865 -0.9196956 0 0.5309865 -1.025787 -1.877976 0.2748588 -0.9630531 -1.515222 0.426312 -1.025787 0 0.2748588 -0.946492 -1.574278 0.4662941 -0.9630531 -1.442226 0.426312 -0.946492 -1.383171 0.4662941 1.062992 -1.694995 -1.122047 1.080289 -1.699107 -1.163806 1.062992 -1.768167 -1.107492 1.080289 -1.78446 -1.146828 1.062992 -1.825268 -1.069339 1.080289 -1.855374 -1.099445 1.062992 -1.863422 -1.012237 1.080289 -1.902757 -1.028531 1.062992 -1.877976 -0.9390655 1.080289 -1.919735 -0.9431783 1.122047 -1.937031 -0.003870677 1.124006 -1.919735 0.3011764 0.9712801 -1.937031 0.5607688 1.083322 -1.937031 0.2902753 1.007756 -1.919735 0.5818281 0.7930469 -1.937031 0.7930469 0.5397095 -1.919735 0.9348043 0.5309865 -1.877976 0.9196956 0.5309865 -1.596835 0.9196956 0.6461038 -1.574278 0.9802376 0.5865391 -1.574278 0.8770686 0.5905512 -1.596835 1.022865 0.6804372 -1.515222 0.9538927 0.6208725 -1.515222 0.8507236 0.6804372 -1.442226 0.9538927 0.6208725 -1.442226 0.8507236 0.6461038 -1.383171 0.9802376 0.5865391 -1.383171 0.8770686 0.5309865 -1.360614 0.9196956 0.5905512 -1.360614 1.022865 0.8351655 -1.877976 0.8351655 0.9802376 -1.574278 0.6461038 0.9538927 -1.515222 0.6804372 0.8351655 0.1175512 0.8351655 0.9538927 -1.442226 0.6804372 0.9802376 -1.383171 0.6461038 1.140857 -1.877976 0.3056918 1.022865 -1.877976 0.5905512 1.181102 0.1175512 -5.551115e-16 1.181102 -1.877976 -6.661338e-16 -1.163806 0.118102 -1.163806 1.122047 0.1181102 -1.181102 -1.122047 0.1181102 -1.181102 1.163806 0.118102 -1.163806 -1.181102 0.1180823 -1.122047 1.181102 0.1180823 -1.122047 -1.181102 0.1175512 0 1.181102 0.1175512 -5.551115e-16 1.140857 0.1175512 0.3056918 -1.140857 0.1175512 0.3056918 1.022865 0.1175512 0.5905512 -1.022865 0.1175512 0.5905512 -0.8351655 0.1175512 0.8351655 0.8351655 0.1175512 0.8351655 -0.5905512 0.1175512 1.022865 0.5905512 0.1175512 1.022865 -0.3056918 0.1175512 1.140857 0.3056918 0.1175512 1.140857 -1.110223e-16 0.1175512 1.181102 -1.062992 -1.877976 -0.9390655 -1.080289 -1.919735 -0.006607659 -1.080289 -1.919735 -0.9431783 -1.062992 -1.877976 -0.007741354 -1.080289 -1.902757 -1.028531 -1.062992 -1.863422 -1.012237 -1.080289 -1.855374 -1.099445 -1.062992 -1.825268 -1.069339 -1.080289 -1.78446 -1.146828 -1.062992 -1.768167 -1.107492 -1.080289 -1.699107 -1.163806 -1.062992 -1.694995 -1.122047 1.122047 0.05905512 -1.181102 -1.122047 0.05905512 -1.181102 0.2793742 -1.919735 1.042639 0.2748588 -1.877976 1.025787 0.4662941 -1.383171 0.946492 0.5258588 -1.383171 1.049661 0.426312 -1.442226 0.9630531 0.4858767 -1.442226 1.066222 0.4858767 -1.515222 1.066222 0.426312 -1.515222 0.9630531 0.4662941 -1.574278 0.946492 0.5258588 -1.574278 1.049661 -1.110223e-15 -1.919735 1.079419 -1.776357e-15 -1.877976 1.061973 -2.220446e-16 -1.596835 1.061973 0.06942345 -1.574278 1.171963 0.06942345 -1.574278 1.052833 -1.110223e-16 -1.596835 1.181102 0.1123295 -1.515222 1.166314 0.1123295 -1.515222 1.047184 0.1123295 -1.442226 1.166314 0.1123295 -1.442226 1.047184 0.06942345 -1.383171 1.171963 0.06942345 -1.383171 1.052833 -2.220446e-16 -1.360614 1.061973 -2.220446e-16 -1.360614 1.181102 -0.2748588 -1.877976 1.025787 -0.2793742 -1.919735 1.042639 -0.06942345 -1.383171 1.171963 -0.06942345 -1.383171 1.052833 -0.1123295 -1.442226 1.166314 -0.1123295 -1.442226 1.047184 -0.1123295 -1.515222 1.166314 -0.1123295 -1.515222 1.047184 -0.06942345 -1.574278 1.171963 -0.06942345 -1.574278 1.052833 -0.5309865 -1.877976 0.9196956 -0.5397095 -1.919735 0.9348043 -0.5905512 -1.596835 1.022865 -0.4662941 -1.574278 0.946492 -0.5309865 -1.596835 0.9196956 -0.5258588 -1.574278 1.049661 -0.4858767 -1.515222 1.066222 -0.426312 -1.515222 0.9630531 -0.4858767 -1.442226 1.066222 -0.426312 -1.442226 0.9630531 -0.5258588 -1.383171 1.049661 -0.4662941 -1.383171 0.946492 -0.5905512 -1.360614 1.022865 -0.5309865 -1.360614 0.9196956 -0.7509283 -1.877976 0.7509283 -0.7632645 -1.919735 0.7632645 -0.6461038 -1.383171 0.9802376 -0.5865391 -1.383171 0.8770686 -0.6208725 -1.442226 0.8507236 -0.6804372 -1.442226 0.9538927 -0.6804372 -1.515222 0.9538927 -0.6208725 -1.515222 0.8507236 -0.6461038 -1.574278 0.9802376 -0.5865391 -1.574278 0.8770686 -0.9196956 -1.877976 0.5309865 -0.9348043 -1.919735 0.5397095 -1.022865 -1.596835 0.5905512 -0.8770686 -1.574278 0.5865391 -0.9196956 -1.596835 0.5309865 -0.9802376 -1.574278 0.6461038 -0.9538927 -1.515222 0.6804372 -0.8507236 -1.515222 0.6208725 -0.8507236 -1.442226 0.6208725 -0.9538927 -1.442226 0.6804372 -0.8770686 -1.383171 0.5865391 -0.9802376 -1.383171 0.6461038 -1.022865 -1.360614 0.5905512 -0.9196956 -1.360614 0.5309865 -1.025787 -1.877976 0.2748588 -1.042639 -1.919735 0.2793742 -1.049661 -1.383171 0.5258588 -0.946492 -1.383171 0.4662941 -0.9630531 -1.442226 0.426312 -1.066222 -1.442226 0.4858767 -1.066222 -1.515222 0.4858767 -0.9630531 -1.515222 0.426312 -1.049661 -1.574278 0.5258588 -0.946492 -1.574278 0.4662941 1.122047 -1.700811 -1.181102 1.122047 -1.791209 -1.163121 1.122047 -1.867844 -1.111915 1.122047 -1.91905 -1.03528 1.122047 -1.937031 -0.9448819 1.163806 -1.919735 -0.001133695 1.122047 -1.937031 -0.003870677 0.7930469 -1.937031 0.7930469 0.8228292 -1.919735 0.8228292 0.5607688 -1.937031 0.9712801 0.5905512 -1.596835 1.022865 0.5905512 -1.877976 1.022865 0.6461038 -1.574278 0.9802376 0.6804372 -1.515222 0.9538927 0.6804372 -1.442226 0.9538927 0.5905512 -1.360614 1.022865 0.5905512 0.1175512 1.022865 0.6461038 -1.383171 0.9802376 0.8351655 -1.877976 0.8351655 1.181102 -1.877976 -6.661338e-16 1.181102 -1.863422 -1.012237 1.181102 -1.877976 -0.9390655 1.181102 -1.825268 -1.069339 1.181102 -1.768167 -1.107492 1.181102 -1.694995 -1.122047 1.181102 0.1180823 -1.122047 1.163806 0.118102 -1.163806 1.181102 -1.694995 -1.122047 1.163806 -1.699107 -1.163806 1.181102 0.1180823 -1.122047 1.122047 0.05905512 -1.181102 1.122047 0.1181102 -1.181102 1.122047 -1.700811 -1.181102 -1.122047 0.05905512 -1.181102 -1.122047 0.1181102 -1.181102 -1.163806 -1.699107 -1.163806 -1.163806 0.118102 -1.163806 -1.122047 -1.700811 -1.181102 -1.181102 -1.694995 -1.122047 -1.181102 0.1180823 -1.122047 -1.181102 0.1175512 0 -1.181102 -1.877976 -0.9390655 -1.181102 -1.877976 -1.554312e-15 -1.181102 -1.863422 -1.012237 -1.181102 -1.825268 -1.069339 -1.181102 -1.768167 -1.107492 -1.181102 -1.694995 -1.122047 -1.181102 0.1180823 -1.122047 -1.140857 0.1175512 0.3056918 -1.140857 -1.877976 0.3056918 -1.022865 -1.596835 0.5905512 -1.022865 -1.877976 0.5905512 -1.049661 -1.574278 0.5258588 -1.066222 -1.515222 0.4858767 -1.066222 -1.442226 0.4858767 -1.049661 -1.383171 0.5258588 -1.022865 -1.360614 0.5905512 -1.022865 0.1175512 0.5905512 -0.8351655 -1.877976 0.8351655 -0.9538927 -1.515222 0.6804372 -0.8351655 0.1175512 0.8351655 -0.9802376 -1.574278 0.6461038 -0.9538927 -1.442226 0.6804372 -0.9802376 -1.383171 0.6461038 -0.6804372 -1.515222 0.9538927 -0.5905512 -1.877976 1.022865 -0.6461038 -1.574278 0.9802376 -0.5905512 -1.596835 1.022865 -0.6804372 -1.442226 0.9538927 -0.5905512 0.1175512 1.022865 -0.6461038 -1.383171 0.9802376 -0.5905512 -1.360614 1.022865 -0.5258588 -1.574278 1.049661 -0.3056918 -1.877976 1.140857 -0.4858767 -1.515222 1.066222 -0.4858767 -1.442226 1.066222 -0.5258588 -1.383171 1.049661 -0.3056918 0.1175512 1.140857 -0.1123295 -1.515222 1.166314 -1.110223e-16 -1.877976 1.181102 -0.06942345 -1.574278 1.171963 -1.110223e-16 -1.596835 1.181102 -0.1123295 -1.442226 1.166314 -1.110223e-16 0.1175512 1.181102 -0.06942345 -1.383171 1.171963 -2.220446e-16 -1.360614 1.181102 0.3056918 -1.877976 1.140857 0.06942345 -1.574278 1.171963 0.1123295 -1.515222 1.166314 0.1123295 -1.442226 1.166314 0.3056918 0.1175512 1.140857 0.06942345 -1.383171 1.171963 0.4858767 -1.515222 1.066222 0.5258588 -1.574278 1.049661 0.4858767 -1.442226 1.066222 0.5258588 -1.383171 1.049661 -1.122047 -1.937031 -0.003870677 -1.122047 -1.937031 -0.9448819 -1.122047 -1.91905 -1.03528 -1.122047 -1.867844 -1.111915 -1.122047 -1.791209 -1.163121 -1.122047 -1.700811 -1.181102 0.2902753 -1.937031 1.083322 -2.220446e-16 -1.937031 1.121538 -0.2902753 -1.937031 1.083322 -0.5607688 -1.937031 0.9712801 -0.7930469 -1.937031 0.7930469 -0.9712801 -1.937031 0.5607688 -1.083322 -1.937031 0.2902753 1.122047 -1.791209 -1.163121 1.163806 -1.78446 -1.146828 1.122047 -1.867844 -1.111915 1.163806 -1.855374 -1.099445 1.122047 -1.91905 -1.03528 1.163806 -1.902757 -1.028531 1.122047 -1.937031 -0.9448819 1.163806 -1.919735 -0.9431783 0.5607688 -1.937031 0.9712801 0.5818281 -1.919735 1.007756 0.5905512 -1.877976 1.022865 1.181102 -1.877976 -0.9390655 1.181102 -1.863422 -1.012237 1.181102 -1.825268 -1.069339 1.181102 -1.768167 -1.107492 -1.163806 -1.78446 -1.146828 -1.122047 -1.791209 -1.163121 -1.181102 -1.768167 -1.107492 -1.181102 -1.825268 -1.069339 -1.163806 -1.855374 -1.099445 -1.181102 -1.863422 -1.012237 -1.163806 -1.902757 -1.028531 -1.181102 -1.877976 -0.9390655 -1.163806 -1.919735 -0.9431783 -1.181102 -1.877976 -1.554312e-15 -1.163806 -1.919735 -0.001133695 -1.140857 -1.877976 0.3056918 -1.124006 -1.919735 0.3011764 -1.022865 -1.877976 0.5905512 -1.007756 -1.919735 0.5818281 -0.8351655 -1.877976 0.8351655 -0.8228292 -1.919735 0.8228292 -0.5905512 -1.877976 1.022865 -0.5818281 -1.919735 1.007756 -0.3056918 -1.877976 1.140857 -0.3011764 -1.919735 1.124006 -1.110223e-16 -1.877976 1.181102 -1.110223e-16 -1.919735 1.163656 0.3011764 -1.919735 1.124006 0.3056918 -1.877976 1.140857 -1.122047 -1.937031 -0.003870677 -1.122047 -1.937031 -0.9448819 -1.122047 -1.91905 -1.03528 -1.122047 -1.867844 -1.111915 0.2902753 -1.937031 1.083322 -2.220446e-16 -1.937031 1.121538 -0.2902753 -1.937031 1.083322 -0.5607688 -1.937031 0.9712801 -0.7930469 -1.937031 0.7930469 -0.9712801 -1.937031 0.5607688 -1.083322 -1.937031 0.2902753</float_array>
                    <technique_common>
                        <accessor count="462" source="#ID107" stride="3">
                            <param name="X" type="float" />
                            <param name="Y" type="float" />
                            <param name="Z" type="float" />
                        </accessor>
                    </technique_common>
                </source>
                <source id="ID105">
                    <float_array id="ID108" count="1386">-0.8660254 -4.211736e-17 -0.5 -0.9659258 6.104937e-17 -0.258819 -0.8660254 -4.211736e-17 -0.5 -0.9238795 -2.58397e-17 -0.3826834 -0.9238795 -2.58397e-17 -0.3826834 -0.9659258 6.104937e-17 -0.258819 -0.9238795 -2.58397e-17 -0.3826834 -0.9238795 -2.58397e-17 -0.3826834 -0.8660254 -4.211736e-17 -0.5 -0.8660254 -4.211736e-17 -0.5 -0.9978589 1.64496e-17 -0.06540313 -0.9978589 1.64496e-17 -0.06540313 -0.7990896 -0.3854967 -0.4613546 -0.6647554 -0.7255159 -0.1781207 -0.5960034 -0.7255159 -0.3441027 -0.8912687 -0.3854967 -0.2388147 -0.7071068 -3.667367e-17 -0.7071068 -0.7933533 -5.767437e-17 -0.6087614 -0.7071068 -3.667367e-17 -0.7071068 -0.7933533 -5.767437e-17 -0.6087614 -0.7933533 -5.767437e-17 -0.6087614 -0.7933533 -5.767437e-17 -0.6087614 -1.273839e-15 1 -4.131369e-16 -0.2855154 0.8209286 0.4945272 -0.302396 0.7963834 0.5237653 1.271292e-15 1 -4.80266e-15 -0.4767775 0.3012189 0.8258029 -0.4743093 0.3164217 0.8215278 -0.4743093 -0.3164217 0.8215278 -0.4767775 -0.3012189 0.8258029 -0.2855154 -0.8209286 0.4945272 -0.302396 -0.7963834 0.5237653 -7.746317e-16 -1 3.339523e-15 1.785863e-15 -1 -1.109858e-15 0 -1 0 0 -1 0 0 -1 0 0 -1 0 0 -1 0 0 -1 0 0 -1 0 0 -1 0 0 -1 0 0 -1 0 0 -1 0 0 -1 0 0 -1 0 0 -1 0 0 -1 0 -1 -1.140651e-16 1.976609e-16 -1 -1.140651e-16 1.976609e-16 -1 -1.140651e-16 1.976609e-16 -1 -1.140651e-16 1.976609e-16 -1 -1.140651e-16 1.976609e-16 -1 -1.140651e-16 1.976609e-16 -0.6969138 -0.7156987 -0.04567815 -0.9216116 -0.383384 -0.06040561 -0.3669395 -0.9250342 -0.09832114 -0.328989 -0.9250342 -0.1899419 -0.652454 -0.3854967 -0.652454 -0.4866347 -0.7255159 -0.4866347 -0.5 -4.179492e-17 -0.8660254 -0.5 -4.179492e-17 -0.8660254 -0.6087614 -1.504549e-17 -0.7933533 -0.6087614 -1.504549e-17 -0.7933533 -0.6087614 -1.504549e-17 -0.7933533 -0.6087614 -1.504549e-17 -0.7933533 -0.5 -4.179492e-17 -0.8660254 -0.5 -4.179492e-17 -0.8660254 0.302396 -0.7963834 -0.5237653 0.2855154 -0.8209286 -0.4945272 0.4743093 -0.3164217 -0.8215278 0.4767775 -0.3012189 -0.8258029 0.4767775 0.3012189 -0.8258029 0.4743093 0.3164217 -0.8215278 0.302396 0.7963834 -0.5237653 0.2855154 0.8209286 -0.4945272 0.9659258 -3.091061e-17 0.258819 0.9238795 -3.217963e-17 0.3826834 0.8660254 -1.712859e-17 0.5 0.9659258 -3.091061e-17 0.258819 0.9238795 -3.217963e-17 0.3826834 0.8660254 -1.712859e-17 0.5 0.9238795 -3.217963e-17 0.3826834 0.9238795 -3.217963e-17 0.3826834 0.8660254 -1.712859e-17 0.5 0.8660254 -1.712859e-17 0.5 1 -3.895851e-17 8.004875e-17 0.9978589 -2.401253e-17 -0.06540313 1 -3.895851e-17 8.004875e-17 0.9978589 -2.401253e-17 -0.06540313 1 -3.895851e-17 8.004875e-17 1 -3.895851e-17 8.004875e-17 1 -3.895851e-17 8.004875e-17 1 -3.895851e-17 8.004875e-17 -0.6101315 -0.6101315 -0.5054495 0.337726 -0.337726 -0.8785683 -0.337726 -0.337726 -0.8785683 0.6101315 -0.6101315 -0.5054495 -0.258819 -1.776324e-17 -0.9659258 -0.258819 -1.776324e-17 -0.9659258 -0.3826834 -6.782923e-17 -0.9238795 -0.3826834 -6.782923e-17 -0.9238795 -0.3826834 -6.782923e-17 -0.9238795 -0.3826834 -6.782923e-17 -0.9238795 -9.740965e-16 -6.324621e-18 -1 -5.079333e-16 -6.324621e-18 -1 -0.1305262 3.260667e-17 -0.9914449 -0.1305262 3.260667e-17 -0.9914449 -0.1305262 3.260667e-17 -0.9914449 -9.369173e-16 -6.324621e-18 -1 -5.346666e-17 -6.324621e-18 -1 -0.1305262 3.260667e-17 -0.9914449 0.258819 -1.049742e-18 -0.9659258 0.258819 -1.049742e-18 -0.9659258 0.1305262 -4.51477e-17 -0.9914449 0.1305262 -4.51477e-17 -0.9914449 0.1305262 -4.51477e-17 -0.9914449 0.1305262 -4.51477e-17 -0.9914449 0.5 5.206952e-17 -0.8660254 0.5 5.206952e-17 -0.8660254 0.3826834 4.306617e-17 -0.9238795 0.3826834 4.306617e-17 -0.9238795 0.3826834 4.306617e-17 -0.9238795 0.3826834 4.306617e-17 -0.9238795 0.5 5.206952e-17 -0.8660254 0.5 5.206952e-17 -0.8660254 0.7071068 6.196586e-17 -0.7071068 0.7071068 6.196586e-17 -0.7071068 0.6087614 6.018195e-17 -0.7933533 0.6087614 6.018195e-17 -0.7933533 0.6087614 6.018195e-17 -0.7933533 0.6087614 6.018195e-17 -0.7933533 0.8660254 5.550602e-17 -0.5 0.8660254 5.550602e-17 -0.5 0.7933533 6.268953e-17 -0.6087614 0.7933533 6.268953e-17 -0.6087614 0.7933533 6.268953e-17 -0.6087614 0.7933533 6.268953e-17 -0.6087614 0.8660254 5.550602e-17 -0.5 0.8660254 5.550602e-17 -0.5 0.9659258 1.937025e-17 -0.258819 0.9238795 4.737279e-17 -0.3826834 0.9659258 1.937025e-17 -0.258819 0.9238795 4.737279e-17 -0.3826834 0.9238795 4.737279e-17 -0.3826834 0.9238795 4.737279e-17 -0.3826834 -0.9245302 -0.03735521 -0.3792738 -0.6965583 -0.07032731 -0.7140452 -0.9264651 -0.1440346 -0.3477304 -0.6888722 -0.2774006 -0.6697044 -0.9264651 -0.2661413 -0.2661413 -0.6888722 -0.5125695 -0.5125695 -0.9264651 -0.3477304 -0.1440346 -0.6888722 -0.6697044 -0.2774006 -0.9245302 -0.3792738 -0.03735521 -0.6965583 -0.7140452 -0.07032731 -0.3811659 -0.924169 -0.02498293 0.6957449 -0.693675 0.1864243 0.328989 -0.9250342 0.1899419 0.3669395 -0.9250342 0.09832114 0.6237878 -0.693675 0.3601441 -0.2686184 -0.9250342 -0.2686184 -0.3441027 -0.7255159 -0.5960034 -0.4613546 -0.3854967 -0.7990896 5.525706e-15 1 -3.201811e-15 -0.4945272 0.8209286 0.2855154 -0.5237653 0.7963834 0.302396 4.278e-15 1 -2.492137e-15 -0.8215278 0.3164217 0.4743093 -0.8258029 0.3012189 0.4767775 -0.8215278 -0.3164217 0.4743093 -0.8258029 -0.3012189 0.4767775 -0.4945272 -0.8209286 0.2855154 -0.5237653 -0.7963834 0.302396 1.514835e-15 -1 -3.649376e-15 -1.372189e-15 -1 -1.977566e-15 0.7071068 2.609816e-17 0.7071068 0.7933533 -1.784475e-18 0.6087614 0.7933533 -1.784475e-18 0.6087614 0.7071068 2.609816e-17 0.7071068 0.7933533 -1.784475e-18 0.6087614 0.7933533 -1.784475e-18 0.6087614 0.8912687 -0.3854967 0.2388147 0.7990896 -0.3854967 0.4613546 0.9978596 -2.179691e-17 0.06539328 0.9978589 -2.179802e-17 0.06540313 -1.675626e-17 1 0.0002564632 -1.675626e-17 1 0.0002564632 -1.675626e-17 1 0.0002564632 -1.675626e-17 1 0.0002564632 -1.675626e-17 1 0.0002564632 -1.675626e-17 1 0.0002564632 -1.675626e-17 1 0.0002564632 -1.675626e-17 1 0.0002564632 -1.675626e-17 1 0.0002564632 -1.675626e-17 1 0.0002564632 -1.675626e-17 1 0.0002564632 -1.675626e-17 1 0.0002564632 -1.675626e-17 1 0.0002564632 -1.675626e-17 1 0.0002564632 -1.675626e-17 1 0.0002564632 -1.675626e-17 1 0.0002564632 -1.675626e-17 1 0.0002564632 -1.675626e-17 1 0.0002564632 -1.675626e-17 1 0.0002564632 0.9245302 -0.3792738 -0.03735521 0.6969138 -0.7156987 -0.04567815 0.6965583 -0.7140452 -0.07032731 0.9216116 -0.383384 -0.06040561 0.6888722 -0.6697044 -0.2774006 0.9264651 -0.3477304 -0.1440346 0.6888722 -0.5125695 -0.5125695 0.9264651 -0.2661413 -0.2661413 0.6888722 -0.2774006 -0.6697044 0.9264651 -0.1440346 -0.3477304 0.6965583 -0.07032731 -0.7140452 0.9245302 -0.03735521 -0.3792738 -0.1987569 -0.1987569 -0.959683 0.1987569 -0.1987569 -0.959683 -0.1781207 -0.7255159 -0.6647554 -0.2388147 -0.3854967 -0.8912687 0.5237653 -0.7963834 -0.302396 0.4945272 -0.8209286 -0.2855154 0.8258029 -0.3012189 -0.4767775 0.8215278 -0.3164217 -0.4743093 0.8215278 0.3164217 -0.4743093 0.8258029 0.3012189 -0.4767775 0.5237653 0.7963834 -0.302396 0.4945272 0.8209286 -0.2855154 -3.567574e-16 -0.7255159 -0.6882054 8.106061e-16 -0.3854967 -0.9227092 1.308267e-15 1 6.826507e-16 -0.5710308 0.8209286 3.10004e-15 -0.6047921 0.7963834 3.315917e-15 1.816132e-16 1 6.826507e-16 -0.9486186 0.3164217 3.458835e-15 -0.953555 0.3012189 3.386804e-15 -0.9486186 -0.3164217 3.955013e-16 -0.953555 -0.3012189 4.706511e-16 -0.5710308 -0.8209286 -9.309458e-16 -0.6047921 -0.7963834 -9.507889e-16 -6.816759e-15 -1 -3.993739e-16 -7.627754e-15 -1 -3.993739e-16 0.2388147 -0.3854967 -0.8912687 0.1781207 -0.7255159 -0.6647554 0.5710308 -0.8209286 -4.878035e-18 0.6047921 -0.7963834 -3.848772e-18 0.9486186 -0.3164217 1.863341e-18 0.953555 -0.3012189 1.773816e-18 0.9486186 0.3164217 9.316707e-18 0.953555 0.3012189 8.869078e-18 0.5710308 0.8209286 -7.704827e-17 0.6047921 0.7963834 -6.553783e-17 0.4613546 -0.3854967 -0.7990896 0.3441027 -0.7255159 -0.5960034 -1.795953e-15 1 -9.484244e-16 -0.5237653 0.7963834 -0.302396 3.614948e-16 1 2.926386e-16 -0.4945272 0.8209286 -0.2855154 -0.8215278 0.3164217 -0.4743093 -0.8258029 0.3012189 -0.4767775 -0.8215278 -0.3164217 -0.4743093 -0.8258029 -0.3012189 -0.4767775 -0.4945272 -0.8209286 -0.2855154 -0.5237653 -0.7963834 -0.302396 1.230934e-15 -1 4.459613e-15 -2.633748e-15 -1 2.237825e-15 0.652454 -0.3854967 -0.652454 0.4866347 -0.7255159 -0.4866347 0.4945272 -0.8209286 0.2855154 0.5237653 -0.7963834 0.302396 0.8258029 -0.3012189 0.4767775 0.8215278 -0.3164217 0.4743093 0.8215278 0.3164217 0.4743093 0.8258029 0.3012189 0.4767775 0.4945272 0.8209286 0.2855154 0.5237653 0.7963834 0.302396 0.7990896 -0.3854967 -0.4613546 0.5960034 -0.7255159 -0.3441027 1.412547e-16 1 2.623302e-15 -0.302396 0.7963834 -0.5237653 1.101698e-15 1 4.286295e-15 -0.2855154 0.8209286 -0.4945272 -0.4743093 0.3164217 -0.8215278 -0.4767775 0.3012189 -0.8258029 -0.4767775 -0.3012189 -0.8258029 -0.4743093 -0.3164217 -0.8215278 -0.302396 -0.7963834 -0.5237653 -0.2855154 -0.8209286 -0.4945272 -1.007953e-14 -1 1.573981e-15 -1.227361e-14 -1 -2.255039e-15 0.8912687 -0.3854967 -0.2388147 0.6647554 -0.7255159 -0.1781207 0.2855154 -0.8209286 0.4945272 0.302396 -0.7963834 0.5237653 0.4767775 -0.3012189 0.8258029 0.4743093 -0.3164217 0.8215278 0.4743093 0.3164217 0.8215278 0.4767775 0.3012189 0.8258029 0.2855154 0.8209286 0.4945272 0.302396 0.7963834 0.5237653 -0.3842622 -0.09049178 -0.9187784 -0.3890551 -0.3525335 -0.8510912 -0.3890551 -0.651397 -0.651397 -0.3890551 -0.8510912 -0.3525335 -0.3842622 -0.9187784 -0.09049178 0.7128489 -0.6997596 0.04672258 0.3811659 -0.924169 0.02498293 0.2686184 -0.9250342 0.2686184 0.5093206 -0.693675 0.5093206 -0.1899419 -0.9250342 -0.328989 0.5 3.086206e-17 0.8660254 0.5 3.086206e-17 0.8660254 0.6087614 5.353425e-17 0.7933533 0.6087614 5.353425e-17 0.7933533 0.6087614 5.353425e-17 0.7933533 0.5 3.086206e-17 0.8660254 0.5 3.086206e-17 0.8660254 0.6087614 5.353425e-17 0.7933533 0.652454 -0.3854967 0.652454 0.9216116 -0.383384 0.06040561 1 -1.439001e-17 1.944518e-16 1 -1.439001e-17 1.944518e-16 1 -1.439001e-17 1.944518e-16 1 -1.439001e-17 1.944518e-16 1 -1.439001e-17 1.944518e-16 1 -1.439001e-17 1.944518e-16 0.7070491 -6.287666e-18 -0.7071644 0.9245302 -0.03735521 -0.3792738 0.6965583 -0.07032731 -0.7140452 0.9238795 -1.185859e-17 -0.3826834 0.2595505 1.615026e-19 -0.9657295 0.1950791 1.213859e-19 -0.9807875 0.3842622 -0.09049178 -0.9187784 -0.2595505 0 -0.9657295 -0.1950791 0 -0.9807875 -0.6965583 -0.07032731 -0.7140452 -0.7070491 -1.003438e-17 -0.7071644 -0.3842622 -0.09049178 -0.9187784 -0.9245302 -0.03735521 -0.3792738 -0.9238795 -1.854477e-17 -0.3826834 -0.9978596 -2.143821e-17 0.06539328 -1 1.395903e-17 -5.439878e-17 -0.9978589 -2.144355e-17 0.06540313 -1 1.395903e-17 -5.439878e-17 -1 1.395903e-17 -5.439878e-17 -1 1.395903e-17 -5.439878e-17 -1 1.395903e-17 -5.439878e-17 -1 1.395903e-17 -5.439878e-17 -0.9659258 -4.639626e-17 0.258819 -0.9659258 -4.639626e-17 0.258819 -0.8660254 -2.587367e-17 0.5 -0.8660254 -2.587367e-17 0.5 -0.9238795 -3.524436e-17 0.3826834 -0.9238795 -3.524436e-17 0.3826834 -0.9238795 -3.524436e-17 0.3826834 -0.9238795 -3.524436e-17 0.3826834 -0.8660254 -2.587367e-17 0.5 -0.8660254 -2.587367e-17 0.5 -0.7071068 -3.462662e-32 0.7071068 -0.7933533 -1.606027e-17 0.6087614 -0.7071068 -1.780797e-32 0.7071068 -0.7933533 -1.606027e-17 0.6087614 -0.7933533 -1.606027e-17 0.6087614 -0.7933533 -1.606027e-17 0.6087614 -0.6087614 1.606027e-17 0.7933533 -0.5 3.591998e-17 0.8660254 -0.6087614 1.606027e-17 0.7933533 -0.5 3.591998e-17 0.8660254 -0.6087614 1.606027e-17 0.7933533 -0.5 3.591998e-17 0.8660254 -0.6087614 1.606027e-17 0.7933533 -0.5 3.591998e-17 0.8660254 -0.3826834 5.516508e-17 0.9238795 -0.258819 2.890074e-17 0.9659258 -0.3826834 5.516508e-17 0.9238795 -0.3826834 5.516508e-17 0.9238795 -0.3826834 5.516508e-17 0.9238795 -0.258819 2.890074e-17 0.9659258 -0.1305262 2.141903e-18 0.9914449 1.604e-16 -5.400963e-18 1 -0.1305262 2.141903e-18 0.9914449 7.435851e-17 -5.400963e-18 1 -0.1305262 2.141903e-18 0.9914449 1.693111e-16 -5.400963e-18 1 -0.1305262 2.141903e-18 0.9914449 6.9897e-16 -5.400963e-18 1 0.258819 -2.617191e-18 0.9659258 0.1305262 -1.285142e-17 0.9914449 0.1305262 -1.285142e-17 0.9914449 0.1305262 -1.285142e-17 0.9914449 0.258819 -2.617191e-18 0.9659258 0.1305262 -1.285142e-17 0.9914449 0.3826834 7.661816e-18 0.9238795 0.3826834 7.661816e-18 0.9238795 0.3826834 7.661816e-18 0.9238795 0.3826834 7.661816e-18 0.9238795 0.3811659 -0.924169 -0.02498293 0.3842622 -0.9187784 -0.09049178 0.3890551 -0.8510912 -0.3525335 0.3890551 -0.651397 -0.651397 0.3890551 -0.3525335 -0.8510912 0.3842622 -0.09049178 -0.9187784 -0.09832114 -0.9250342 -0.3669395 -5.702741e-16 -0.9250342 -0.3798837 0.09832114 -0.9250342 -0.3669395 0.1899419 -0.9250342 -0.328989 0.2686184 -0.9250342 -0.2686184 0.328989 -0.9250342 -0.1899419 0.3669395 -0.9250342 -0.09832114 0.3890551 -0.3525335 -0.8510912 0.6888722 -0.2774006 -0.6697044 0.3890551 -0.651397 -0.651397 0.6888722 -0.5125695 -0.5125695 0.3890551 -0.8510912 -0.3525335 0.6888722 -0.6697044 -0.2774006 0.3842622 -0.9187784 -0.09049178 0.6965583 -0.7140452 -0.07032731 0.1899419 -0.9250342 0.328989 0.3601441 -0.693675 0.6237878 0.4613546 -0.3854967 0.7990896 0.9245302 -0.3792738 -0.03735521 0.9264651 -0.3477304 -0.1440346 0.9264651 -0.2661413 -0.2661413 0.9264651 -0.1440346 -0.3477304 -0.6888722 -0.2774006 -0.6697044 -0.3890551 -0.3525335 -0.8510912 -0.9264651 -0.1440346 -0.3477304 -0.9264651 -0.2661413 -0.2661413 -0.6888722 -0.5125695 -0.5125695 -0.9264651 -0.3477304 -0.1440346 -0.6888722 -0.6697044 -0.2774006 -0.9245302 -0.3792738 -0.03735521 -0.6965583 -0.7140452 -0.07032731 -0.9216116 -0.383384 0.06040561 -0.7128489 -0.6997596 0.04672258 -0.8912687 -0.3854967 0.2388147 -0.6957449 -0.693675 0.1864243 -0.7990896 -0.3854967 0.4613546 -0.6237878 -0.693675 0.3601441 -0.652454 -0.3854967 0.652454 -0.5093206 -0.693675 0.5093206 -0.4613546 -0.3854967 0.7990896 -0.3601441 -0.693675 0.6237878 -0.2388147 -0.3854967 0.8912687 -0.1864243 -0.693675 0.6957449 1.379171e-16 -0.3854967 0.9227092 1.203466e-16 -0.693675 0.7202881 0.1864243 -0.693675 0.6957449 0.2388147 -0.3854967 0.8912687 -0.3811659 -0.924169 0.02498293 -0.3842622 -0.9187784 -0.09049178 -0.3890551 -0.8510912 -0.3525335 -0.3890551 -0.651397 -0.651397 0.09832114 -0.9250342 0.3669395 -9.855678e-17 -0.9250342 0.3798837 -0.09832114 -0.9250342 0.3669395 -0.1899419 -0.9250342 0.328989 -0.2686184 -0.9250342 0.2686184 -0.328989 -0.9250342 0.1899419 -0.3669395 -0.9250342 0.09832114</float_array>
                    <technique_common>
                        <accessor count="462" source="#ID108" stride="3">
                            <param name="X" type="float" />
                            <param name="Y" type="float" />
                            <param name="Z" type="float" />
                        </accessor>
                    </technique_common>
                </source>
                <vertices id="ID106">
                    <input semantic="POSITION" source="#ID104" />
                    <input semantic="NORMAL" source="#ID105" />
                </vertices>
                <triangles count="522" material="Material2">
                    <input offset="0" semantic="VERTEX" source="#ID106" />
                    <p>0 1 2 1 0 3 1 3 4 1 4 5 5 4 6 5 6 7 5 7 8 5 8 9 5 10 1 10 5 11 12 13 14 13 12 15 16 17 2 17 16 18 2 17 19 2 19 0 17 18 20 20 18 21 21 18 8 8 18 9 22 23 24 23 22 25 23 26 24 26 23 27 26 28 29 28 26 27 29 30 31 30 29 28 30 32 31 32 30 33 34 35 36 35 34 37 37 34 38 37 38 39 39 38 40 39 40 41 41 40 42 41 42 43 43 42 44 43 44 45 45 44 46 46 44 47 46 47 48 11 49 10 49 11 50 50 11 51 51 11 52 52 11 53 53 11 54 15 55 13 55 15 56 57 14 13 14 57 58 59 14 60 14 59 12 18 61 62 61 18 63 63 18 64 64 18 65 66 67 68 67 66 16 16 66 65 16 65 18 33 69 32 69 33 70 69 71 72 71 69 70 71 73 72 73 71 74 74 75 73 75 74 76 75 25 22 25 75 76 77 78 79 78 77 80 79 78 81 79 81 82 78 80 83 83 80 84 84 80 85 85 80 86 87 88 89 88 87 90 90 87 91 90 91 92 90 92 93 90 93 94 95 96 97 96 95 98 62 99 100 99 62 101 101 62 102 102 62 61 99 103 67 103 99 101 67 103 104 67 104 68 100 105 106 105 100 107 107 100 108 108 100 109 110 99 111 99 110 112 99 112 109 99 109 100 106 113 114 113 106 115 115 106 116 116 106 105 113 117 111 117 113 115 111 117 118 111 118 110 114 119 120 119 114 121 121 114 122 122 114 123 124 125 126 125 124 113 113 124 123 113 123 114 120 127 128 127 120 129 129 120 130 130 120 119 127 131 125 131 127 129 125 131 132 125 132 126 133 127 134 127 133 135 127 135 136 127 136 128 128 136 137 128 137 138 128 138 139 128 139 140 141 142 134 142 141 143 134 142 144 134 144 133 142 143 145 145 143 146 146 143 139 139 143 140 90 141 88 141 90 143 147 97 148 97 147 95 149 148 150 148 149 147 151 150 152 150 151 149 153 152 154 152 153 151 155 154 156 154 155 153 56 156 55 156 56 155 157 13 55 13 157 57 158 159 160 159 158 161 58 60 14 60 58 162 59 163 164 163 59 60 165 166 167 166 165 168 169 167 166 167 169 170 171 170 169 170 171 172 173 172 171 172 173 174 173 175 174 175 173 176 82 177 79 177 82 178 177 178 179 177 179 180 180 179 181 180 181 182 180 182 85 180 85 86 183 161 158 161 183 184 185 77 186 77 185 80 187 188 189 188 187 190 190 187 191 190 191 192 192 191 193 192 193 194 194 193 195 195 193 196 195 196 197 197 196 198 197 198 199 197 199 200 200 199 201 200 201 202 202 201 203 202 203 204 204 203 205 206 207 208 207 206 209 210 206 208 206 210 211 212 211 210 211 212 213 214 213 212 213 214 215 216 215 214 215 216 217 96 217 216 217 96 98 218 96 219 96 218 97 164 220 221 220 164 163 176 222 175 222 176 223 224 223 225 223 224 222 224 226 227 226 224 225 228 226 229 226 228 227 228 168 165 168 228 229 221 230 231 230 221 220 232 233 234 233 232 235 236 234 233 234 236 237 238 237 236 237 238 239 240 239 238 239 240 241 240 242 241 242 240 243 244 230 245 230 244 231 242 246 247 246 242 243 247 248 249 248 247 246 249 250 251 250 249 248 251 252 253 252 251 250 252 232 253 232 252 235 254 245 255 245 254 244 256 257 258 257 256 259 260 257 259 257 260 261 262 261 260 261 262 263 264 263 262 263 264 265 265 266 267 266 265 264 268 255 269 255 268 254 267 270 271 270 267 266 272 270 273 270 272 271 272 274 275 274 272 273 275 276 277 276 275 274 276 258 277 258 276 256 278 269 279 269 278 268 280 281 282 281 280 283 284 281 283 281 284 285 286 284 287 284 286 285 288 287 289 287 288 286 288 290 291 290 288 289 292 279 293 279 292 278 291 294 295 294 291 290 296 294 297 294 296 295 298 296 297 296 298 299 300 299 298 299 300 301 300 282 301 282 300 280 209 293 207 293 209 292 218 148 97 148 218 302 302 150 148 150 302 303 303 152 150 152 303 304 305 152 304 152 305 154 306 154 305 154 306 156 157 156 306 156 157 55 307 160 308 160 307 158 161 309 159 309 161 310 162 163 60 163 162 311 177 312 313 312 177 314 314 177 315 315 177 316 317 180 318 180 317 319 180 319 316 180 316 177 184 310 161 310 184 320 321 158 307 158 321 183 322 186 323 186 322 185 185 322 324 185 324 325 185 325 326 185 326 327 328 329 330 329 328 331 328 332 333 332 328 334 334 328 330 333 335 336 335 333 332 336 337 338 337 336 339 339 336 335 340 338 337 338 340 341 342 343 344 343 342 345 345 342 346 346 342 347 347 342 348 348 342 349 350 344 351 344 350 342 352 351 353 351 352 354 351 354 355 351 355 350 350 355 356 350 356 357 350 357 358 350 358 359 360 361 353 361 360 362 353 361 363 353 363 352 361 362 364 364 362 365 365 362 358 358 362 359 360 366 362 366 360 367 366 367 368 368 367 369 362 370 371 370 362 366 371 370 372 371 372 373 367 374 369 374 367 375 374 375 376 376 375 377 378 371 373 371 378 379 379 378 377 379 377 375 375 380 379 380 375 381 380 381 382 382 381 383 379 384 385 384 379 380 385 384 386 385 386 387 388 383 381 383 388 389 389 388 390 390 388 391 391 388 392 393 385 387 385 393 392 392 393 391 313 394 388 394 313 395 395 313 312 388 318 392 318 388 396 396 388 394 318 396 397 318 397 317 208 398 399 398 208 207 210 399 400 399 210 208 212 400 401 400 212 210 214 401 402 401 214 212 216 402 403 402 216 214 96 403 219 403 96 216 311 220 163 220 311 404 404 230 220 230 404 405 230 406 245 406 230 405 245 407 255 407 245 406 255 408 269 408 255 407 269 409 279 409 269 408 279 410 293 410 279 409 293 398 207 398 293 410 330 411 334 411 330 412 412 413 411 413 412 414 414 415 413 415 414 416 416 417 415 417 416 418 418 308 417 308 418 307 310 419 309 419 310 420 310 421 420 421 310 320 422 307 418 307 422 321 416 422 418 422 416 423 414 423 416 423 414 424 412 424 414 424 412 425 330 425 412 425 330 329 339 426 337 426 339 427 428 337 426 337 428 340 429 426 430 426 429 428 431 430 432 430 431 429 433 432 434 432 433 431 435 434 436 434 435 433 437 436 438 436 437 435 439 438 440 438 439 437 441 440 442 440 441 439 442 443 441 443 442 444 444 445 443 445 444 446 446 447 445 447 446 448 449 447 448 447 449 450 420 450 449 450 420 421 451 434 452 434 451 436 452 432 453 432 452 434 453 430 454 430 453 432 427 430 426 430 427 454 420 455 419 455 420 449 449 456 455 456 449 448 456 446 457 446 456 448 457 444 458 444 457 446 458 442 459 442 458 444 459 440 460 440 459 442 460 438 461 438 460 440 461 436 451 436 461 438</p>
                </triangles>
            </mesh>
        </geometry>
    </library_geometries>
    <library_materials>
        <material id="ID6" name="plastic_black">
            <instance_effect url="#ID7" />
        </material>
        <material id="ID14" name="housing">
            <instance_effect url="#ID15" />
        </material>
        <material id="ID53" name="button">
            <instance_effect url="#ID54" />
        </material>
        <material id="ID66" name="button_top">
            <instance_effect url="#ID67" />
        </material>
        <material id="ID81" name="placard_circle_estop">
            <instance_effect url="#ID82" />
        </material>
        <material id="ID102" name="collar">
            <instance_effect url="#ID103" />
        </material>
    </library_materials>
    <library_effects>
        <effect id="ID7">
            <profile_COMMON>
                <technique sid="COMMON">
                    <lambert>
                        <diffuse>
                            <color>0.1372549 0.1372549 0.1372549 1</color>
                        </diffuse>
                    </lambert>
                </technique>
            </profile_COMMON>
        </effect>
        <effect id="ID15">
            <profile_COMMON>
                <newparam sid="ID17">
                    <surface type="2D">
                        <init_from>ID16</init_from>
                    </surface>
                </newparam>
                <newparam sid="ID18">
                    <sampler2D>
                        <source>ID17</source>
                    </sampler2D>
                </newparam>
                <technique sid="COMMON">
                    <lambert>
                        <diffuse>
                            <texture texture="ID18" texcoord="UVSET0" />
                        </diffuse>
                    </lambert>
                </technique>
            </profile_COMMON>
        </effect>
        <effect id="ID54">
            <profile_COMMON>
                <newparam sid="ID56">
                    <surface type="2D">
                        <init_from>ID55</init_from>
                    </surface>
                </newparam>
                <newparam sid="ID57">
                    <sampler2D>
                        <source>ID56</source>
                    </sampler2D>
                </newparam>
                <technique sid="COMMON">
                    <lambert>
                        <diffuse>
                            <texture texture="ID57" texcoord="UVSET0" />
                        </diffuse>
                    </lambert>
                </technique>
            </profile_COMMON>
        </effect>
        <effect id="ID67">
            <profile_COMMON>
                <newparam sid="ID69">
                    <surface type="2D">
                        <init_from>ID68</init_from>
                    </surface>
                </newparam>
                <newparam sid="ID70">
                    <sampler2D>
                        <source>ID69</source>
                    </sampler2D>
                </newparam>
                <technique sid="COMMON">
                    <lambert>
                        <diffuse>
                            <texture texture="ID70" texcoord="UVSET0" />
                        </diffuse>
                    </lambert>
                </technique>
            </profile_COMMON>
        </effect>
        <effect id="ID82">
            <profile_COMMON>
                <newparam sid="ID84">
                    <surface type="2D">
                        <init_from>ID83</init_from>
                    </surface>
                </newparam>
                <newparam sid="ID85">
                    <sampler2D>
                        <source>ID84</source>
                    </sampler2D>
                </newparam>
                <technique sid="COMMON">
                    <lambert>
                        <diffuse>
                            <texture texture="ID85" texcoord="UVSET0" />
                        </diffuse>
                    </lambert>
                </technique>
            </profile_COMMON>
        </effect>
        <effect id="ID103">
            <profile_COMMON>
                <technique sid="COMMON">
                    <lambert>
                        <diffuse>
                            <color>1 0.6470588 0 1</color>
                        </diffuse>
                    </lambert>
                </technique>
            </profile_COMMON>
        </effect>
    </library_effects>
    <library_images>
        <image id="ID16">
            <init_from>estop_button_opaque/housing.jpg</init_from>
        </image>
        <image id="ID55">
            <init_from>estop_button_opaque/button.jpg</init_from>
        </image>
        <image id="ID68">
            <init_from>estop_button_opaque/button_top.jpg</init_from>
        </image>
        <image id="ID83">
            <init_from>estop_button_opaque/placard_circle_estop.png</init_from>
        </image>
    </library_images>
    <scene>
        <instance_visual_scene url="#ID2" />
    </scene>
</COLLADA>
