<?xml version="1.0" encoding="UTF-8" standalone="no" ?>
<COLLADA xmlns="http://www.collada.org/2005/11/COLLADASchema" version="1.4.1">
    <asset>
        <contributor>
            <authoring_tool>SketchUp 17.2.2555</authoring_tool>
        </contributor>
        <created>2026-05-29T23:03:32Z</created>
        <modified>2026-05-29T23:03:32Z</modified>
        <unit meter="0.0254" name="inch" />
        <up_axis>Z_UP</up_axis>
    </asset>
    <library_cameras>
        <camera id="ID1" name="skp_camera_Last_Saved_SketchUp_View">
            <optics>
                <technique_common>
                    <perspective>
                        <yfov>35</yfov>
                        <aspect_ratio>0</aspect_ratio>
                        <znear>0.1</znear>
                        <zfar>2</zfar>
                    </perspective>
                </technique_common>
            </optics>
        </camera>
    </library_cameras>
    <library_visual_scenes>
        <visual_scene id="ID2">
            <node name="SketchUp">
                <node name="skp_camera_Last_Saved_SketchUp_View">
                    <matrix>0.8287511 0.1391897 -0.5420311 -2.445305 -0.5596173 0.2061294 -0.8027074 -5.394872 -5.551115e-17 0.9685746 0.248723 2.092885 0 0 0 1</matrix>
                    <instance_camera url="#ID1" />
                </node>
                <node id="ID3" name="instance_0">
                    <matrix>1 0 0 0.5905512 0 1 0 -0.1181102 0 0 1 0.5804409 0 0 0 1</matrix>
                    <instance_node url="#ID4" />
                </node>
                <node id="ID48" name="instance_1">
                    <matrix>1 0 0 0 0 1 0 0 0 0 1 0 0 0 0 1</matrix>
                    <instance_node url="#ID49" />
                </node>
                <node id="ID97" name="instance_2">
                    <matrix>1 0 0 0.5905512 0 1 0 -1.424748 0 0 1 0.5804409 0 0 0 1</matrix>
                    <instance_node url="#ID98" />
                </node>
                <node id="ID148" name="instance_4">
                    <matrix>1 0 0 0.5750079 0 1 0 -1.502912 0 0 1 0.4912283 0 0 0 1</matrix>
                    <instance_node url="#ID149" />
                </node>
            </node>
        </visual_scene>
    </library_visual_scenes>
    <library_nodes>
        <node id="ID4" name="housing">
            <instance_geometry url="#ID5">
                <bind_material>
                    <technique_common>
                        <instance_material symbol="Material2" target="#ID6">
                            <bind_vertex_input semantic="UVSET0" input_semantic="TEXCOORD" input_set="0" />
                        </instance_material>
                    </technique_common>
                </bind_material>
            </instance_geometry>
            <instance_geometry url="#ID13">
                <bind_material>
                    <technique_common>
                        <instance_material symbol="Material2" target="#ID14">
                            <bind_vertex_input semantic="UVSET0" input_semantic="TEXCOORD" input_set="0" />
                        </instance_material>
                    </technique_common>
                </bind_material>
            </instance_geometry>
            <instance_geometry url="#ID26">
                <bind_material>
                    <technique_common>
                        <instance_material symbol="Material2" target="#ID14">
                            <bind_vertex_input semantic="UVSET0" input_semantic="TEXCOORD" input_set="0" />
                        </instance_material>
                    </technique_common>
                </bind_material>
            </instance_geometry>
            <instance_geometry url="#ID34">
                <bind_material>
                    <technique_common>
                        <instance_material symbol="Material2" target="#ID14">
                            <bind_vertex_input semantic="UVSET0" input_semantic="TEXCOORD" input_set="0" />
                        </instance_material>
                    </technique_common>
                </bind_material>
            </instance_geometry>
            <instance_geometry url="#ID42">
                <bind_material>
                    <technique_common>
                        <instance_material symbol="Material2" target="#ID6">
                            <bind_vertex_input semantic="UVSET0" input_semantic="TEXCOORD" input_set="0" />
                        </instance_material>
                    </technique_common>
                </bind_material>
            </instance_geometry>
        </node>
        <node id="ID49" name="placard">
            <instance_geometry url="#ID50">
                <bind_material>
                    <technique_common>
                        <instance_material symbol="Material2" target="#ID51">
                            <bind_vertex_input semantic="UVSET0" input_semantic="TEXCOORD" input_set="0" />
                        </instance_material>
                    </technique_common>
                </bind_material>
            </instance_geometry>
            <instance_geometry url="#ID63">
                <bind_material>
                    <technique_common>
                        <instance_material symbol="Material2" target="#ID64">
                            <bind_vertex_input semantic="UVSET0" input_semantic="TEXCOORD" input_set="0" />
                        </instance_material>
                    </technique_common>
                </bind_material>
            </instance_geometry>
            <instance_geometry url="#ID76">
                <bind_material>
                    <technique_common>
                        <instance_material symbol="Material2" target="#ID51">
                            <bind_vertex_input semantic="UVSET0" input_semantic="TEXCOORD" input_set="0" />
                        </instance_material>
                    </technique_common>
                </bind_material>
            </instance_geometry>
            <instance_geometry url="#ID84">
                <bind_material>
                    <technique_common>
                        <instance_material symbol="Material2" target="#ID85">
                            <bind_vertex_input semantic="UVSET0" input_semantic="TEXCOORD" input_set="0" />
                        </instance_material>
                    </technique_common>
                </bind_material>
            </instance_geometry>
        </node>
        <node id="ID98" name="key_core">
            <instance_geometry url="#ID122">
                <bind_material>
                    <technique_common>
                        <instance_material symbol="Material2" target="#ID123">
                            <bind_vertex_input semantic="UVSET0" input_semantic="TEXCOORD" input_set="0" />
                        </instance_material>
                    </technique_common>
                </bind_material>
            </instance_geometry>
            <instance_geometry url="#ID135">
                <bind_material>
                    <technique_common>
                        <instance_material symbol="Material2" target="#ID136">
                            <bind_vertex_input semantic="UVSET0" input_semantic="TEXCOORD" input_set="0" />
                        </instance_material>
                    </technique_common>
                </bind_material>
            </instance_geometry>
            <node id="ID99" name="instance_3">
                <matrix>-0.9244729 0 -5.012361e-16 -1.509903e-14 0 0.9244729 0 -0.9452181 5.012361e-16 0 -0.9244729 0.1226016 0 0 0 1</matrix>
                <instance_node url="#ID100" />
            </node>
        </node>
        <node id="ID100" name="key">
            <instance_geometry url="#ID101">
                <bind_material>
                    <technique_common>
                        <instance_material symbol="Material2" target="#ID102">
                            <bind_vertex_input semantic="UVSET0" input_semantic="TEXCOORD" input_set="0" />
                        </instance_material>
                    </technique_common>
                </bind_material>
            </instance_geometry>
            <instance_geometry url="#ID114">
                <bind_material>
                    <technique_common>
                        <instance_material symbol="Material2" target="#ID102">
                            <bind_vertex_input semantic="UVSET0" input_semantic="TEXCOORD" input_set="0" />
                        </instance_material>
                    </technique_common>
                </bind_material>
            </instance_geometry>
        </node>
        <node id="ID149" name="keybind_hint">
            <instance_geometry url="#ID150">
                <bind_material>
                    <technique_common>
                        <instance_material symbol="Material2" target="#ID151">
                            <bind_vertex_input semantic="UVSET0" input_semantic="TEXCOORD" input_set="0" />
                        </instance_material>
                    </technique_common>
                </bind_material>
            </instance_geometry>
        </node>
    </library_nodes>
    <library_geometries>
        <geometry id="ID5">
            <mesh>
                <source id="ID8">
                    <float_array id="ID11" count="432">-0.5317155 -0.007874016 0.1424728 -0.4658126 -0.0177126 0.268937 -0.5195464 -0.0177126 0.139212 -0.4767231 -0.007874016 0.2752362 -0.4767231 -0.007874016 0.2752362 -0.5317155 -0.04335433 0.1424728 -0.4767231 -0.04335433 0.2752362 -0.5317155 -0.007874016 0.1424728 -0.3803344 -0.0177126 0.3803344 -0.3892428 -0.007874016 0.3892428 -0.537874 -0.0177126 -1.110223e-16 -0.5504724 -0.007874016 -1.110223e-16 -0.3892428 -0.007874016 0.3892428 -0.3892428 -0.04335433 0.3892428 -0.5504724 -0.04335433 -1.110223e-16 -0.5504724 -0.007874016 -1.110223e-16 -0.4659059 -0.03351575 0.2689909 -0.5317155 -0.04335433 0.1424728 -0.5196505 -0.03351575 0.1392399 -0.4767231 -0.04335433 0.2752362 -0.268937 -0.0177126 0.4658126 -0.2752362 -0.007874016 0.4767231 -0.5195464 -0.0177126 -0.139212 -0.5317155 -0.007874016 -0.1424728 -0.2752362 -0.04335433 0.4767231 -0.2752362 -0.007874016 0.4767231 -0.3804106 -0.03351575 0.3804106 -0.3892428 -0.04335433 0.3892428 -0.5317155 -0.04335433 -0.1424728 -0.5317155 -0.007874016 -0.1424728 -0.5504724 -0.04335433 -1.110223e-16 -0.5379818 -0.03351575 -2.220446e-16 -0.139212 -0.0177126 0.5195464 -0.1424728 -0.007874016 0.5317155 -0.4658126 -0.0177126 -0.268937 -0.4767231 -0.007874016 -0.2752362 -0.2689909 -0.03351575 0.4659059 -0.2752362 -0.04335433 0.4767231 -0.1424728 -0.04335433 0.5317155 -0.1424728 -0.007874016 0.5317155 -0.4767231 -0.04335433 -0.2752362 -0.4767231 -0.007874016 -0.2752362 -0.5196505 -0.03351575 -0.1392399 -0.5317155 -0.04335433 -0.1424728 0 -0.0177126 0.537874 0 -0.007874016 0.5504724 -0.3803344 -0.0177126 -0.3803344 -0.3892428 -0.007874016 -0.3892428 -0.1392399 -0.03351575 0.5196505 -0.1424728 -0.04335433 0.5317155 0 -0.04335433 0.5504724 0 -0.007874016 0.5504724 -0.3892428 -0.04335433 -0.3892428 -0.3892428 -0.007874016 -0.3892428 -0.4659059 -0.03351575 -0.2689909 -0.4767231 -0.04335433 -0.2752362 0.1424728 -0.007874016 0.5317155 0.139212 -0.0177126 0.5195464 -0.268937 -0.0177126 -0.4658126 -0.2752362 -0.007874016 -0.4767231 -8.881784e-16 -0.03351575 0.5379818 0 -0.04335433 0.5504724 0.1424728 -0.04335433 0.5317155 0.1424728 -0.007874016 0.5317155 -0.2752362 -0.007874016 -0.4767231 -0.2752362 -0.04335433 -0.4767231 -0.3804106 -0.03351575 -0.3804106 -0.3892428 -0.04335433 -0.3892428 0.2752362 -0.007874016 0.4767231 0.268937 -0.0177126 0.4658126 -0.139212 -0.0177126 -0.5195464 -0.1424728 -0.007874016 -0.5317155 0.1424728 -0.04335433 0.5317155 0.1392399 -0.03351575 0.5196505 0.2752362 -0.04335433 0.4767231 0.2752362 -0.007874016 0.4767231 -0.1424728 -0.007874016 -0.5317155 -0.1424728 -0.04335433 -0.5317155 -0.2689909 -0.03351575 -0.4659059 -0.2752362 -0.04335433 -0.4767231 0.3892428 -0.007874016 0.3892428 0.3803344 -0.0177126 0.3803344 0 -0.0177126 -0.537874 0 -0.007874016 -0.5504724 0.2752362 -0.04335433 0.4767231 0.2689909 -0.03351575 0.4659059 0.3892428 -0.04335433 0.3892428 0.3892428 -0.007874016 0.3892428 0 -0.007874016 -0.5504724 0 -0.04335433 -0.5504724 -0.1392399 -0.03351575 -0.5196505 -0.1424728 -0.04335433 -0.5317155 0.4767231 -0.007874016 0.2752362 0.4658126 -0.0177126 0.268937 0.1424728 -0.007874016 -0.5317155 0.139212 -0.0177126 -0.5195464 0.3892428 -0.04335433 0.3892428 0.3804106 -0.03351575 0.3804106 0.4767231 -0.007874016 0.2752362 0.4767231 -0.04335433 0.2752362 0.1424728 -0.007874016 -0.5317155 0.1424728 -0.04335433 -0.5317155 6.661338e-16 -0.03351575 -0.5379818 0 -0.04335433 -0.5504724 0.5317155 -0.007874016 0.1424728 0.5195464 -0.0177126 0.139212 0.2752362 -0.007874016 -0.4767231 0.268937 -0.0177126 -0.4658126 0.4767231 -0.04335433 0.2752362 0.4659059 -0.03351575 0.2689909 0.5317155 -0.007874016 0.1424728 0.5317155 -0.04335433 0.1424728 0.2752362 -0.007874016 -0.4767231 0.2752362 -0.04335433 -0.4767231 0.1424728 -0.04335433 -0.5317155 0.1392399 -0.03351575 -0.5196505 0.5504724 -0.007874016 0 0.537874 -0.0177126 0 0.3892428 -0.007874016 -0.3892428 0.3803344 -0.0177126 -0.3803344 0.5317155 -0.04335433 0.1424728 0.5196505 -0.03351575 0.1392399 0.5504724 -0.007874016 0 0.5504724 -0.04335433 0 0.3892428 -0.007874016 -0.3892428 0.3892428 -0.04335433 -0.3892428 0.2752362 -0.04335433 -0.4767231 0.2689909 -0.03351575 -0.4659059 0.5195464 -0.0177126 -0.139212 0.5317155 -0.007874016 -0.1424728 0.4767231 -0.007874016 -0.2752362 0.4658126 -0.0177126 -0.268937 0.5379818 -0.03351575 5.551115e-16 0.5504724 -0.04335433 0 0.5317155 -0.007874016 -0.1424728 0.5317155 -0.04335433 -0.1424728 0.4767231 -0.04335433 -0.2752362 0.4767231 -0.007874016 -0.2752362 0.3892428 -0.04335433 -0.3892428 0.3804106 -0.03351575 -0.3804106 0.5196505 -0.03351575 -0.1392399 0.5317155 -0.04335433 -0.1424728 0.4767231 -0.04335433 -0.2752362 0.4659059 -0.03351575 -0.2689909</float_array>
                    <technique_common>
                        <accessor count="144" source="#ID11" stride="3">
                            <param name="X" type="float" />
                            <param name="Y" type="float" />
                            <param name="Z" type="float" />
                        </accessor>
                    </technique_common>
                </source>
                <source id="ID9">
                    <float_array id="ID12" count="432">0.5945187 0.7881438 -0.1593008 0.5330309 0.7881438 -0.3077455 0.5945187 0.7881438 -0.1593008 0.5330309 0.7881438 -0.3077455 -0.8660254 7.748474e-32 0.5 -0.9659258 8.548474e-32 0.258819 -0.8660254 7.748474e-32 0.5 -0.9659258 8.548474e-32 0.258819 0.4352179 0.7881438 -0.4352179 0.4352179 0.7881438 -0.4352179 0.6154911 0.7881438 1.58044e-16 0.6154911 0.7881438 1.660084e-16 -0.7071068 -5.148425e-32 0.7071068 -0.7071068 -5.148425e-32 0.7071068 -1 -1.043899e-31 -2.762444e-16 -1 -1.043899e-31 -2.762444e-16 0.535874 -0.785569 -0.309387 0.5976898 -0.785569 -0.1601505 0.5976898 -0.785569 -0.1601505 0.535874 -0.785569 -0.309387 0.3077455 0.7881438 -0.5330309 0.3077455 0.7881438 -0.5330309 0.5945187 0.7881438 0.1593008 0.5945187 0.7881438 0.1593008 -0.5 5.550954e-32 0.8660254 -0.5 5.550954e-32 0.8660254 0.4375393 -0.785569 -0.4375393 0.4375393 -0.785569 -0.4375393 -0.9659258 -1.02672e-31 -0.258819 -0.9659258 -1.02672e-31 -0.258819 0.618774 -0.785569 -1.138121e-16 0.618774 -0.785569 6.406456e-16 0.1593008 0.7881438 -0.5945187 0.1593008 0.7881438 -0.5945187 0.5330309 0.7881438 0.3077455 0.5330309 0.7881438 0.3077455 0.309387 -0.785569 -0.535874 0.309387 -0.785569 -0.535874 -0.258819 9.899379e-32 0.9659258 -0.258819 9.899379e-32 0.9659258 -0.8660254 4.176635e-32 -0.5 -0.8660254 4.176635e-32 -0.5 0.5976898 -0.785569 0.1601505 0.5976898 -0.785569 0.1601505 3.99269e-16 0.7881438 -0.6154911 3.604754e-16 0.7881438 -0.6154911 0.4352179 0.7881438 0.4352179 0.4352179 0.7881438 0.4352179 0.1601505 -0.785569 -0.5976898 0.1601505 -0.785569 -0.5976898 -5.346666e-16 1.383958e-47 1 -5.346666e-16 1.383958e-47 1 -0.7071068 8.35327e-32 -0.7071068 -0.7071068 8.35327e-32 -0.7071068 0.535874 -0.785569 0.309387 0.535874 -0.785569 0.309387 -0.1593008 0.7881438 -0.5945187 -0.1593008 0.7881438 -0.5945187 0.3077455 0.7881438 0.5330309 0.3077455 0.7881438 0.5330309 3.46947e-15 -0.785569 -0.618774 -2.375828e-15 -0.785569 -0.618774 0.258819 -1.179115e-32 0.9659258 0.258819 -1.179115e-32 0.9659258 -0.5 1.32749e-32 -0.8660254 -0.5 1.32749e-32 -0.8660254 0.4375393 -0.785569 0.4375393 0.4375393 -0.785569 0.4375393 -0.3077455 0.7881438 -0.5330309 -0.3077455 0.7881438 -0.5330309 0.1593008 0.7881438 0.5945187 0.1593008 0.7881438 0.5945187 -0.1601505 -0.785569 -0.5976898 -0.1601505 -0.785569 -0.5976898 0.5 -5.18396e-32 0.8660254 0.5 -5.18396e-32 0.8660254 -0.258819 -1.328813e-31 -0.9659258 -0.258819 -1.328813e-31 -0.9659258 0.309387 -0.785569 0.535874 0.309387 -0.785569 0.535874 -0.4352179 0.7881438 -0.4352179 -0.4352179 0.7881438 -0.4352179 3.327241e-17 0.7881438 0.6154911 2.845859e-17 0.7881438 0.6154911 -0.309387 -0.785569 -0.535874 -0.309387 -0.785569 -0.535874 0.7071068 -8.35327e-32 0.7071068 0.7071068 -8.35327e-32 0.7071068 -5.346666e-17 -2.122156e-31 -1 -5.346666e-17 -2.122156e-31 -1 0.1601505 -0.785569 0.5976898 0.1601505 -0.785569 0.5976898 -0.5330309 0.7881438 -0.3077455 -0.5330309 0.7881438 -0.3077455 -0.1593008 0.7881438 0.5945187 -0.1593008 0.7881438 0.5945187 -0.4375393 -0.785569 -0.4375393 -0.4375393 -0.785569 -0.4375393 0.8660254 1.694484e-32 0.5 0.8660254 1.694484e-32 0.5 0.258819 -6.926099e-32 -0.9659258 0.258819 -6.926099e-32 -0.9659258 -2.421141e-15 -0.785569 0.618774 1.968001e-15 -0.785569 0.618774 -0.5945187 0.7881438 -0.1593008 -0.5945187 0.7881438 -0.1593008 -0.3077455 0.7881438 0.5330309 -0.3077455 0.7881438 0.5330309 -0.535874 -0.785569 -0.309387 -0.535874 -0.785569 -0.309387 0.9659258 5.871119e-32 0.258819 0.9659258 5.871119e-32 0.258819 0.5 -3.201653e-33 -0.8660254 0.5 -3.201653e-33 -0.8660254 -0.1601505 -0.785569 0.5976898 -0.1601505 -0.785569 0.5976898 -0.6154911 0.7881438 -1.138343e-16 -0.6154911 0.7881438 -1.663621e-16 -0.4352179 0.7881438 0.4352179 -0.4352179 0.7881438 0.4352179 -0.5976898 -0.785569 -0.1601505 -0.5976898 -0.785569 -0.1601505 1 -1.043899e-31 1.693111e-16 1 -1.043899e-31 1.693111e-16 0.7071068 -8.35327e-32 -0.7071068 0.7071068 -8.35327e-32 -0.7071068 -0.309387 -0.785569 0.535874 -0.309387 -0.785569 0.535874 -0.5945187 0.7881438 0.1593008 -0.5945187 0.7881438 0.1593008 -0.5330309 0.7881438 0.3077455 -0.5330309 0.7881438 0.3077455 -0.618774 -0.785569 -2.104978e-15 -0.618774 -0.785569 1.517495e-15 0.9659258 -1.731743e-31 -0.258819 0.9659258 -1.731743e-31 -0.258819 0.8660254 -1.105508e-31 -0.5 0.8660254 -1.105508e-31 -0.5 -0.4375393 -0.785569 0.4375393 -0.4375393 -0.785569 0.4375393 -0.5976898 -0.785569 0.1601505 -0.5976898 -0.785569 0.1601505 -0.535874 -0.785569 0.309387 -0.535874 -0.785569 0.309387</float_array>
                    <technique_common>
                        <accessor count="144" source="#ID12" stride="3">
                            <param name="X" type="float" />
                            <param name="Y" type="float" />
                            <param name="Z" type="float" />
                        </accessor>
                    </technique_common>
                </source>
                <vertices id="ID10">
                    <input semantic="POSITION" source="#ID8" />
                    <input semantic="NORMAL" source="#ID9" />
                </vertices>
                <triangles count="144" material="Material2">
                    <input offset="0" semantic="VERTEX" source="#ID10" />
                    <p>0 1 2 1 0 3 4 5 6 5 4 7 3 8 1 8 3 9 0 10 11 10 0 2 12 6 13 6 12 4 7 14 5 14 7 15 16 17 18 17 16 19 9 20 8 20 9 21 11 22 23 22 11 10 24 12 13 12 24 25 26 19 16 19 26 27 15 28 14 28 15 29 18 30 31 30 18 17 21 32 20 32 21 33 23 34 35 34 23 22 36 27 26 27 36 37 38 25 24 25 38 39 29 40 28 40 29 41 42 30 43 30 42 31 33 44 32 44 33 45 35 46 47 46 35 34 48 37 36 37 48 49 50 39 38 39 50 51 41 52 40 52 41 53 54 43 55 43 54 42 44 56 57 56 44 45 47 58 59 58 47 46 60 49 48 49 60 61 62 51 50 51 62 63 64 52 53 52 64 65 66 55 67 55 66 54 57 68 69 68 57 56 59 70 71 70 59 58 72 60 73 60 72 61 74 63 62 63 74 75 76 65 64 65 76 77 78 67 79 67 78 66 69 80 81 80 69 68 71 82 83 82 71 70 84 73 85 73 84 72 86 75 74 75 86 87 88 77 76 77 88 89 90 79 91 79 90 78 81 92 93 92 81 80 82 94 83 94 82 95 96 85 97 85 96 84 98 86 99 86 98 87 100 89 88 89 100 101 102 91 103 91 102 90 93 104 105 104 93 92 95 106 94 106 95 107 108 97 109 97 108 96 110 99 111 99 110 98 112 101 100 101 112 113 114 102 103 102 114 115 105 116 117 116 105 104 107 118 106 118 107 119 120 109 121 109 120 108 122 111 123 111 122 110 124 113 112 113 124 125 126 115 114 115 126 127 128 116 129 116 128 117 119 130 118 130 119 131 120 132 133 132 120 121 134 123 135 123 134 122 124 136 125 136 124 137 138 127 126 127 138 139 131 129 130 129 131 128 133 140 141 140 133 132 137 135 136 135 137 134 142 139 138 139 142 143 141 143 142 143 141 140</p>
                </triangles>
            </mesh>
        </geometry>
        <geometry id="ID13">
            <mesh>
                <source id="ID19">
                    <float_array id="ID23" count="144">-0.268937 -0.0177126 0.4658126 -0.3803344 0 0.3803344 -0.3803344 -0.0177126 0.3803344 -0.268937 0 0.4658126 -0.4658126 -0.0177126 0.268937 -0.4658126 0 0.268937 -0.139212 -0.0177126 0.5195464 -0.139212 0 0.5195464 -0.5195464 -0.0177126 0.139212 -0.5195464 0 0.139212 0 -0.0177126 0.537874 0 0 0.537874 -0.537874 -0.0177126 -1.110223e-16 -0.537874 0 -1.110223e-16 0.139212 -0.0177126 0.5195464 0.139212 0 0.5195464 -0.5195464 -0.0177126 -0.139212 -0.5195464 0 -0.139212 0.268937 -0.0177126 0.4658126 0.268937 0 0.4658126 -0.4658126 -0.0177126 -0.268937 -0.4658126 0 -0.268937 0.3803344 -0.0177126 0.3803344 0.3803344 0 0.3803344 -0.3803344 -0.0177126 -0.3803344 -0.3803344 0 -0.3803344 0.4658126 0 0.268937 0.4658126 -0.0177126 0.268937 -0.268937 0 -0.4658126 -0.268937 -0.0177126 -0.4658126 0.5195464 0 0.139212 0.5195464 -0.0177126 0.139212 -0.139212 0 -0.5195464 -0.139212 -0.0177126 -0.5195464 0.537874 0 0 0.537874 -0.0177126 0 0 0 -0.537874 0 -0.0177126 -0.537874 0.5195464 0 -0.139212 0.5195464 -0.0177126 -0.139212 0.139212 0 -0.5195464 0.139212 -0.0177126 -0.5195464 0.4658126 0 -0.268937 0.4658126 -0.0177126 -0.268937 0.268937 0 -0.4658126 0.268937 -0.0177126 -0.4658126 0.3803344 0 -0.3803344 0.3803344 -0.0177126 -0.3803344</float_array>
                    <technique_common>
                        <accessor count="48" source="#ID23" stride="3">
                            <param name="X" type="float" />
                            <param name="Y" type="float" />
                            <param name="Z" type="float" />
                        </accessor>
                    </technique_common>
                </source>
                <source id="ID20">
                    <float_array id="ID24" count="144">-0.5 0 0.8660254 -0.7071068 0 0.7071068 -0.7071068 0 0.7071068 -0.5 0 0.8660254 -0.8660254 0 0.5 -0.8660254 0 0.5 -0.258819 0 0.9659258 -0.258819 0 0.9659258 -0.9659258 0 0.258819 -0.9659258 0 0.258819 -6.059555e-16 0 1 -6.059555e-16 0 1 -1 0 -2.762444e-16 -1 0 -2.762444e-16 0.258819 0 0.9659258 0.258819 0 0.9659258 -0.9659258 0 -0.258819 -0.9659258 0 -0.258819 0.5 0 0.8660254 0.5 0 0.8660254 -0.8660254 0 -0.5 -0.8660254 0 -0.5 0.7071068 0 0.7071068 0.7071068 0 0.7071068 -0.7071068 0 -0.7071068 -0.7071068 0 -0.7071068 0.8660254 0 0.5 0.8660254 0 0.5 -0.5 0 -0.8660254 -0.5 0 -0.8660254 0.9659258 0 0.258819 0.9659258 0 0.258819 -0.258819 0 -0.9659258 -0.258819 0 -0.9659258 1 0 1.782222e-16 1 0 1.782222e-16 -7.128888e-17 0 -1 -7.128888e-17 0 -1 0.9659258 0 -0.258819 0.9659258 0 -0.258819 0.258819 0 -0.9659258 0.258819 0 -0.9659258 0.8660254 0 -0.5 0.8660254 0 -0.5 0.5 0 -0.8660254 0.5 0 -0.8660254 0.7071068 0 -0.7071068 0.7071068 0 -0.7071068</float_array>
                    <technique_common>
                        <accessor count="48" source="#ID24" stride="3">
                            <param name="X" type="float" />
                            <param name="Y" type="float" />
                            <param name="Z" type="float" />
                        </accessor>
                    </technique_common>
                </source>
                <source id="ID22">
                    <float_array id="ID25" count="88">-0.13662 -0.008998 -0.1932099 0 -0.1932099 -0.008998 -0.13662 0 -0.2366328 -0.008998 -0.2366328 0 -0.07071972 -0.008998 -0.07071972 0 -0.2639296 -0.008998 -0.2639296 0 0 -0.008998 0 0 -0.27324 -0.008998 -0.27324 0 0.07071972 -0.008998 0.07071972 0 0.13662 -0.008998 0.13662 0 -0.2366328 -0.008998 -0.2366328 0 0.1932099 -0.008998 0.1932099 0 -0.1932099 -0.008998 -0.1932099 0 0.2366328 0 0.2366328 -0.008998 -0.13662 0 -0.13662 -0.008998 0.2639296 0 0.2639296 -0.008998 -0.07071972 0 -0.07071972 -0.008998 0.27324 0 0.27324 -0.008998 0.2639296 0 0.2639296 -0.008998 0.07071972 0 0.07071972 -0.008998 0.2366328 0 0.2366328 -0.008998 0.13662 0 0.13662 -0.008998 0.1932099 0 0.1932099 -0.008998</float_array>
                    <technique_common>
                        <accessor count="44" source="#ID25" stride="2">
                            <param name="S" type="float" />
                            <param name="T" type="float" />
                        </accessor>
                    </technique_common>
                </source>
                <vertices id="ID21">
                    <input semantic="POSITION" source="#ID19" />
                    <input semantic="NORMAL" source="#ID20" />
                </vertices>
                <triangles count="48" material="Material2">
                    <input offset="0" semantic="VERTEX" source="#ID21" />
                    <input offset="1" semantic="TEXCOORD" source="#ID22" />
                    <p>0 0 1 1 2 2 1 1 0 0 3 3 1 1 4 4 2 2 4 4 1 1 5 5 6 6 3 3 0 0 3 3 6 6 7 7 5 5 8 8 4 4 8 8 5 5 9 9 10 10 7 7 6 6 7 7 10 10 11 11 9 9 12 12 8 8 12 12 9 9 13 13 14 14 11 11 10 10 11 11 14 14 15 15 13 13 16 8 12 12 16 8 13 13 17 9 18 16 15 15 14 14 15 15 18 16 19 17 17 9 20 18 16 8 20 18 17 9 21 19 22 20 19 17 18 16 19 17 22 20 23 21 21 19 24 22 20 18 24 22 21 19 25 23 26 24 22 20 27 25 22 20 26 24 23 21 28 26 24 22 25 23 24 22 28 26 29 27 30 28 27 25 31 29 27 25 30 28 26 24 32 30 29 27 28 26 29 27 32 30 33 31 34 32 31 29 35 33 31 29 34 32 30 28 36 11 33 31 32 30 33 31 36 11 37 10 38 34 35 33 39 35 35 33 38 34 34 32 40 36 37 10 36 11 37 10 40 36 41 37 42 38 39 35 43 39 39 35 42 38 38 34 44 40 41 37 40 36 41 37 44 40 45 41 46 42 43 39 47 43 43 39 46 42 42 38 46 42 45 41 44 40 45 41 46 42 47 43</p>
                </triangles>
            </mesh>
        </geometry>
        <geometry id="ID26">
            <mesh>
                <source id="ID27">
                    <float_array id="ID31" count="144">6.661338e-16 -0.03351575 -0.5379818 -0.1392399 -0.05125591 -0.5196505 -0.1392399 -0.03351575 -0.5196505 6.661338e-16 -0.05125591 -0.5379818 0.1392399 -0.03351575 -0.5196505 0.1392399 -0.05125591 -0.5196505 -0.2689909 -0.05125591 -0.4659059 -0.2689909 -0.03351575 -0.4659059 0.2689909 -0.03351575 -0.4659059 0.2689909 -0.05125591 -0.4659059 -0.3804106 -0.05125591 -0.3804106 -0.3804106 -0.03351575 -0.3804106 0.3804106 -0.03351575 -0.3804106 0.3804106 -0.05125591 -0.3804106 -0.4659059 -0.03351575 -0.2689909 -0.4659059 -0.05125591 -0.2689909 0.4659059 -0.05125591 -0.2689909 0.4659059 -0.03351575 -0.2689909 -0.5196505 -0.03351575 -0.1392399 -0.5196505 -0.05125591 -0.1392399 0.5196505 -0.05125591 -0.1392399 0.5196505 -0.03351575 -0.1392399 -0.5379818 -0.03351575 -2.220446e-16 -0.5379818 -0.05125591 -2.220446e-16 0.5379818 -0.05125591 5.551115e-16 0.5379818 -0.03351575 5.551115e-16 -0.5196505 -0.03351575 0.1392399 -0.5196505 -0.05125591 0.1392399 0.5196505 -0.05125591 0.1392399 0.5196505 -0.03351575 0.1392399 -0.4659059 -0.03351575 0.2689909 -0.4659059 -0.05125591 0.2689909 0.4659059 -0.05125591 0.2689909 0.4659059 -0.03351575 0.2689909 -0.3804106 -0.03351575 0.3804106 -0.3804106 -0.05125591 0.3804106 0.3804106 -0.05125591 0.3804106 0.3804106 -0.03351575 0.3804106 -0.2689909 -0.05125591 0.4659059 -0.2689909 -0.03351575 0.4659059 0.2689909 -0.03351575 0.4659059 0.2689909 -0.05125591 0.4659059 -0.1392399 -0.05125591 0.5196505 -0.1392399 -0.03351575 0.5196505 0.1392399 -0.03351575 0.5196505 0.1392399 -0.05125591 0.5196505 -8.881784e-16 -0.05125591 0.5379818 -8.881784e-16 -0.03351575 0.5379818</float_array>
                    <technique_common>
                        <accessor count="48" source="#ID31" stride="3">
                            <param name="X" type="float" />
                            <param name="Y" type="float" />
                            <param name="Z" type="float" />
                        </accessor>
                    </technique_common>
                </source>
                <source id="ID28">
                    <float_array id="ID32" count="144">8.643777e-16 0 -1 -0.258819 0 -0.9659258 -0.258819 0 -0.9659258 8.643777e-16 0 -1 0.258819 0 -0.9659258 0.258819 0 -0.9659258 -0.5 0 -0.8660254 -0.5 0 -0.8660254 0.5 0 -0.8660254 0.5 0 -0.8660254 -0.7071068 0 -0.7071068 -0.7071068 0 -0.7071068 0.7071068 0 -0.7071068 0.7071068 0 -0.7071068 -0.8660254 0 -0.5 -0.8660254 0 -0.5 0.8660254 0 -0.5 0.8660254 0 -0.5 -0.9659258 0 -0.258819 -0.9659258 0 -0.258819 0.9659258 0 -0.258819 0.9659258 0 -0.258819 -1 0 -8.287332e-16 -1 0 -8.287332e-16 1 0 8.019999e-16 1 0 8.019999e-16 -0.9659258 0 0.258819 -0.9659258 0 0.258819 0.9659258 0 0.258819 0.9659258 0 0.258819 -0.8660254 0 0.5 -0.8660254 0 0.5 0.8660254 0 0.5 0.8660254 0 0.5 -0.7071068 0 0.7071068 -0.7071068 0 0.7071068 0.7071068 0 0.7071068 0.7071068 0 0.7071068 -0.5 0 0.8660254 -0.5 0 0.8660254 0.5 0 0.8660254 0.5 0 0.8660254 -0.258819 0 0.9659258 -0.258819 0 0.9659258 0.258819 0 0.9659258 0.258819 0 0.9659258 -1.220822e-15 0 1 -1.220822e-15 0 1</float_array>
                    <technique_common>
                        <accessor count="48" source="#ID32" stride="3">
                            <param name="X" type="float" />
                            <param name="Y" type="float" />
                            <param name="Z" type="float" />
                        </accessor>
                    </technique_common>
                </source>
                <source id="ID30">
                    <float_array id="ID33" count="92">3.38396e-16 -0.017026 -0.07073389 -0.026038 -0.07073389 -0.017026 3.38396e-16 -0.026038 0.07073389 -0.017026 0.07073389 -0.026038 -0.1366474 -0.026038 -0.1366474 -0.017026 0.1366474 -0.017026 0.1366474 -0.026038 -0.1932486 -0.026038 -0.1932486 -0.017026 0.1932486 -0.017026 0.1932486 -0.026038 -0.2366802 -0.017026 -0.2366802 -0.026038 0.2366802 -0.026038 0.2366802 -0.017026 -0.2639825 -0.017026 -0.2639825 -0.026038 0.2639825 -0.026038 0.2639825 -0.017026 -0.2732948 -0.017026 -0.2732948 -0.026038 0.2732948 -0.026038 0.2732948 -0.017026 -0.2639825 -0.017026 -0.2639825 -0.026038 -0.2366802 -0.017026 -0.2366802 -0.026038 0.2366802 -0.026038 0.2366802 -0.017026 -0.1932486 -0.017026 -0.1932486 -0.026038 0.1932486 -0.026038 0.1932486 -0.017026 -0.1366474 -0.026038 -0.1366474 -0.017026 0.1366474 -0.017026 0.1366474 -0.026038 -0.07073389 -0.026038 -0.07073389 -0.017026 0.07073389 -0.017026 0.07073389 -0.026038 -4.511946e-16 -0.026038 -4.511946e-16 -0.017026</float_array>
                    <technique_common>
                        <accessor count="46" source="#ID33" stride="2">
                            <param name="S" type="float" />
                            <param name="T" type="float" />
                        </accessor>
                    </technique_common>
                </source>
                <vertices id="ID29">
                    <input semantic="POSITION" source="#ID27" />
                    <input semantic="NORMAL" source="#ID28" />
                </vertices>
                <triangles count="48" material="Material2">
                    <input offset="0" semantic="VERTEX" source="#ID29" />
                    <input offset="1" semantic="TEXCOORD" source="#ID30" />
                    <p>0 0 1 1 2 2 1 1 0 0 3 3 4 4 3 3 0 0 3 3 4 4 5 5 2 2 6 6 7 7 6 6 2 2 1 1 8 8 5 5 4 4 5 5 8 8 9 9 7 7 10 10 11 11 10 10 7 7 6 6 12 12 9 9 8 8 9 9 12 12 13 13 14 14 10 10 15 15 10 10 14 14 11 11 12 12 16 16 13 13 16 16 12 12 17 17 18 18 15 15 19 19 15 15 18 18 14 14 17 17 20 20 16 16 20 20 17 17 21 21 22 22 19 19 23 23 19 19 22 22 18 18 21 21 24 24 20 20 24 24 21 21 25 25 26 26 23 23 27 27 23 23 26 26 22 22 25 25 28 20 24 24 28 20 25 25 29 21 30 28 27 27 31 29 27 27 30 28 26 26 29 21 32 30 28 20 32 30 29 21 33 31 34 32 31 29 35 33 31 29 34 32 30 28 33 31 36 34 32 30 36 34 33 31 37 35 38 36 34 32 35 33 34 32 38 36 39 37 36 34 40 38 41 39 40 38 36 34 37 35 42 40 39 37 38 36 39 37 42 40 43 41 41 39 44 42 45 43 44 42 41 39 40 38 46 44 43 41 42 40 43 41 46 44 47 45 45 43 47 45 46 44 47 45 45 43 44 42</p>
                </triangles>
            </mesh>
        </geometry>
        <geometry id="ID34">
            <mesh>
                <source id="ID35">
                    <float_array id="ID39" count="720">-0.1444394 -0.05125591 -0.5390551 0.1444394 -0.05125591 -0.5390551 0 -0.05125591 -0.5580709 6.661338e-16 -0.05125591 -0.5379818 -0.1392399 -0.05125591 -0.5196505 -0.2790354 -0.05125591 -0.4833035 -0.2689909 -0.05125591 -0.4659059 -0.3946157 -0.05125591 -0.3946157 -0.3804106 -0.05125591 -0.3804106 -0.4833035 -0.05125591 -0.2790354 -0.4659059 -0.05125591 -0.2689909 -0.5390551 -0.05125591 -0.1444394 -0.5196505 -0.05125591 -0.1392399 -0.5580709 -0.05125591 -1.110223e-16 -0.5379818 -0.05125591 -2.220446e-16 -0.5196505 -0.05125591 0.1392399 -0.5390551 -0.05125591 0.1444394 -0.4659059 -0.05125591 0.2689909 -0.4833035 -0.05125591 0.2790354 -0.3804106 -0.05125591 0.3804106 -0.3946157 -0.05125591 0.3946157 -0.2689909 -0.05125591 0.4659059 -0.2790354 -0.05125591 0.4833035 -0.1392399 -0.05125591 0.5196505 -0.1444394 -0.05125591 0.5390551 -8.881784e-16 -0.05125591 0.5379818 0.1392399 -0.05125591 -0.5196505 0.2790354 -0.05125591 -0.4833035 0.2689909 -0.05125591 -0.4659059 0.3946157 -0.05125591 -0.3946157 0.3804106 -0.05125591 -0.3804106 0.4833035 -0.05125591 -0.2790354 0.4659059 -0.05125591 -0.2689909 0.5390551 -0.05125591 -0.1444394 0.5196505 -0.05125591 -0.1392399 0.5580709 -0.05125591 0 0.5379818 -0.05125591 5.551115e-16 0.5390551 -0.05125591 0.1444394 0.5196505 -0.05125591 0.1392399 0.4659059 -0.05125591 0.2689909 0.4833035 -0.05125591 0.2790354 0.3804106 -0.05125591 0.3804106 0.3946157 -0.05125591 0.3946157 0.2689909 -0.05125591 0.4659059 0.2790354 -0.05125591 0.4833035 0.1392399 -0.05125591 0.5196505 0.1444394 -0.05125591 0.5390551 0 -0.05125591 0.5580709 0.1444394 -0.05125591 -0.5390551 0 -0.1595669 -0.5580709 0 -0.05125591 -0.5580709 0.1444394 -0.1595669 -0.5390551 -0.1444394 -0.1595669 -0.5390551 -0.1444394 -0.05125591 -0.5390551 -0.2790354 -0.1595669 -0.4833035 -0.2790354 -0.05125591 -0.4833035 -0.3946157 -0.1595669 -0.3946157 -0.3946157 -0.05125591 -0.3946157 -0.4833035 -0.05125591 -0.2790354 -0.4833035 -0.1595669 -0.2790354 -0.5390551 -0.05125591 -0.1444394 -0.5390551 -0.1595669 -0.1444394 -0.5580709 -0.05125591 -1.110223e-16 -0.5580709 -0.1595669 -1.110223e-16 -0.5390551 -0.05125591 0.1444394 -0.5390551 -0.1595669 0.1444394 -0.4833035 -0.05125591 0.2790354 -0.4833035 -0.1595669 0.2790354 -0.3946157 -0.05125591 0.3946157 -0.3946157 -0.1595669 0.3946157 -0.2790354 -0.1595669 0.4833035 -0.2790354 -0.05125591 0.4833035 -0.1444394 -0.1595669 0.5390551 -0.1444394 -0.05125591 0.5390551 0 -0.1595669 0.5580709 0 -0.05125591 0.5580709 0.1444394 -0.1595669 0.5390551 0.1444394 -0.05125591 0.5390551 0.2790354 -0.1595669 0.4833035 0.2790354 -0.05125591 0.4833035 0.3946157 -0.1595669 0.3946157 0.3946157 -0.05125591 0.3946157 0.4833035 -0.05125591 0.2790354 0.4833035 -0.1595669 0.2790354 0.5390551 -0.05125591 0.1444394 0.5390551 -0.1595669 0.1444394 0.5580709 -0.05125591 0 0.5580709 -0.1595669 0 0.5390551 -0.05125591 -0.1444394 0.5390551 -0.1595669 -0.1444394 0.4833035 -0.05125591 -0.2790354 0.4833035 -0.1595669 -0.2790354 0.3946157 -0.05125591 -0.3946157 0.3946157 -0.1595669 -0.3946157 0.2790354 -0.1595669 -0.4833035 0.2790354 -0.05125591 -0.4833035 0.1444394 -0.1595669 -0.5390551 1.110223e-16 -0.3308228 -0.5777559 0 -0.1595669 -0.5580709 0.1495342 -0.3308228 -0.5580694 -0.1444394 -0.1595669 -0.5390551 -0.1495342 -0.3308228 -0.5580694 -0.2790354 -0.1595669 -0.4833035 -0.288878 -0.3308228 -0.5003513 -0.3946157 -0.1595669 -0.3946157 -0.4085351 -0.3308228 -0.4085351 -0.4833035 -0.1595669 -0.2790354 -0.5003513 -0.3308228 -0.288878 -0.5390551 -0.1595669 -0.1444394 -0.5580694 -0.3308228 -0.1495342 -0.5580709 -0.1595669 -1.110223e-16 -0.5777559 -0.3308228 0 -0.5390551 -0.1595669 0.1444394 -0.5580694 -0.3308228 0.1495342 -0.4833035 -0.1595669 0.2790354 -0.5003513 -0.3308228 0.288878 -0.3946157 -0.1595669 0.3946157 -0.4085351 -0.3308228 0.4085351 -0.288878 -0.3308228 0.5003513 -0.2790354 -0.1595669 0.4833035 -0.1495342 -0.3308228 0.5580694 -0.1444394 -0.1595669 0.5390551 1.110223e-16 -0.3308228 0.5777559 0 -0.1595669 0.5580709 0.1444394 -0.1595669 0.5390551 0.1495342 -0.3308228 0.5580694 0.2790354 -0.1595669 0.4833035 0.288878 -0.3308228 0.5003513 0.3946157 -0.1595669 0.3946157 0.4085351 -0.3308228 0.4085351 0.4833035 -0.1595669 0.2790354 0.5003513 -0.3308228 0.288878 0.5390551 -0.1595669 0.1444394 0.5580694 -0.3308228 0.1495342 0.5580709 -0.1595669 0 0.5777559 -0.3308228 1.110223e-16 0.5390551 -0.1595669 -0.1444394 0.5580694 -0.3308228 -0.1495342 0.4833035 -0.1595669 -0.2790354 0.5003513 -0.3308228 -0.288878 0.3946157 -0.1595669 -0.3946157 0.4085351 -0.3308228 -0.4085351 0.288878 -0.3308228 -0.5003513 0.2790354 -0.1595669 -0.4833035 0.1495342 -0.3308228 -0.5580694 2.220446e-16 -0.417437 -0.5296772 1.110223e-16 -0.3308228 -0.5777559 0.1370905 -0.417437 -0.5116289 -0.1370905 -0.417437 -0.5116289 -0.1495342 -0.3308228 -0.5580694 -0.2648386 -0.417437 -0.4587139 -0.288878 -0.3308228 -0.5003513 -0.3745383 -0.417437 -0.3745383 -0.4085351 -0.3308228 -0.4085351 -0.5003513 -0.3308228 -0.288878 -0.4587139 -0.417437 -0.2648386 -0.5580694 -0.3308228 -0.1495342 -0.5116289 -0.417437 -0.1370905 -0.5777559 -0.3308228 0 -0.5296772 -0.417437 -1.110223e-16 -0.5580694 -0.3308228 0.1495342 -0.5116289 -0.417437 0.1370905 -0.5003513 -0.3308228 0.288878 -0.4587139 -0.417437 0.2648386 -0.4085351 -0.3308228 0.4085351 -0.3745383 -0.417437 0.3745383 -0.288878 -0.3308228 0.5003513 -0.2648386 -0.417437 0.4587139 -0.1495342 -0.3308228 0.5580694 -0.1370905 -0.417437 0.5116289 1.110223e-16 -0.3308228 0.5777559 4.440892e-16 -0.417437 0.5296772 0.1495342 -0.3308228 0.5580694 0.1370905 -0.417437 0.5116289 0.2648386 -0.417437 0.4587139 0.288878 -0.3308228 0.5003513 0.3745383 -0.417437 0.3745383 0.4085351 -0.3308228 0.4085351 0.5003513 -0.3308228 0.288878 0.4587139 -0.417437 0.2648386 0.5580694 -0.3308228 0.1495342 0.5116289 -0.417437 0.1370905 0.5777559 -0.3308228 1.110223e-16 0.5296772 -0.417437 7.771561e-16 0.5580694 -0.3308228 -0.1495342 0.5116289 -0.417437 -0.1370905 0.5003513 -0.3308228 -0.288878 0.4587139 -0.417437 -0.2648386 0.4085351 -0.3308228 -0.4085351 0.3745383 -0.417437 -0.3745383 0.288878 -0.3308228 -0.5003513 0.2648386 -0.417437 -0.4587139 0.1370905 -0.417437 -0.5116289 2.220446e-16 -0.417437 -0.5154961 2.220446e-16 -0.417437 -0.5296772 0.1334202 -0.417437 -0.497931 0.2648386 -0.417437 -0.4587139 0.257748 -0.417437 -0.4464327 0.3745383 -0.417437 -0.3745383 0.3645108 -0.417437 -0.3645108 0.4587139 -0.417437 -0.2648386 0.4464327 -0.417437 -0.257748 0.5116289 -0.417437 -0.1370905 0.497931 -0.417437 -0.1334202 0.5296772 -0.417437 7.771561e-16 0.5154961 -0.417437 7.771561e-16 0.5116289 -0.417437 0.1370905 0.497931 -0.417437 0.1334202 0.4464327 -0.417437 0.257748 0.4587139 -0.417437 0.2648386 0.3645108 -0.417437 0.3645108 0.3745383 -0.417437 0.3745383 0.257748 -0.417437 0.4464327 0.2648386 -0.417437 0.4587139 0.1334202 -0.417437 0.497931 0.1370905 -0.417437 0.5116289 3.330669e-16 -0.417437 0.5154961 4.440892e-16 -0.417437 0.5296772 -0.1370905 -0.417437 -0.5116289 -0.1334202 -0.417437 -0.497931 -0.2648386 -0.417437 -0.4587139 -0.257748 -0.417437 -0.4464327 -0.3745383 -0.417437 -0.3745383 -0.3645108 -0.417437 -0.3645108 -0.4587139 -0.417437 -0.2648386 -0.4464327 -0.417437 -0.257748 -0.5116289 -0.417437 -0.1370905 -0.497931 -0.417437 -0.1334202 -0.5296772 -0.417437 -1.110223e-16 -0.5154961 -0.417437 -1.110223e-16 -0.497931 -0.417437 0.1334202 -0.5116289 -0.417437 0.1370905 -0.4464327 -0.417437 0.257748 -0.4587139 -0.417437 0.2648386 -0.3645108 -0.417437 0.3645108 -0.3745383 -0.417437 0.3745383 -0.257748 -0.417437 0.4464327 -0.2648386 -0.417437 0.4587139 -0.1334202 -0.417437 0.497931 -0.1370905 -0.417437 0.5116289</float_array>
                    <technique_common>
                        <accessor count="240" source="#ID39" stride="3">
                            <param name="X" type="float" />
                            <param name="Y" type="float" />
                            <param name="Z" type="float" />
                        </accessor>
                    </technique_common>
                </source>
                <source id="ID36">
                    <float_array id="ID40" count="720">0 1 0 0 1 0 0 1 0 0 1 0 0 1 0 0 1 0 0 1 0 0 1 0 0 1 0 0 1 0 0 1 0 0 1 0 0 1 0 0 1 0 0 1 0 0 1 0 0 1 0 0 1 0 0 1 0 0 1 0 0 1 0 0 1 0 0 1 0 0 1 0 0 1 0 0 1 0 0 1 0 0 1 0 0 1 0 0 1 0 0 1 0 0 1 0 0 1 0 0 1 0 0 1 0 0 1 0 0 1 0 0 1 0 0 1 0 0 1 0 0 1 0 0 1 0 0 1 0 0 1 0 0 1 0 0 1 0 0 1 0 0 1 0 0.258819 0 -0.9659258 3.920888e-16 0 -1 3.920888e-16 0 -1 0.258819 0 -0.9659258 -0.258819 0 -0.9659258 -0.258819 0 -0.9659258 -0.5 0 -0.8660254 -0.5 0 -0.8660254 -0.7071068 0 -0.7071068 -0.7071068 0 -0.7071068 -0.8660254 0 -0.5 -0.8660254 0 -0.5 -0.9659258 0 -0.258819 -0.9659258 0 -0.258819 -1 0 8.019999e-17 -1 0 8.019999e-17 -0.9659258 0 0.258819 -0.9659258 0 0.258819 -0.8660254 0 0.5 -0.8660254 0 0.5 -0.7071068 0 0.7071068 -0.7071068 0 0.7071068 -0.5 0 0.8660254 -0.5 0 0.8660254 -0.258819 0 0.9659258 -0.258819 0 0.9659258 2.227777e-16 0 1 2.227777e-16 0 1 0.258819 0 0.9659258 0.258819 0 0.9659258 0.5 0 0.8660254 0.5 0 0.8660254 0.7071068 0 0.7071068 0.7071068 0 0.7071068 0.8660254 0 0.5 0.8660254 0 0.5 0.9659258 0 0.258819 0.9659258 0 0.258819 1 0 -2.049555e-16 1 0 -2.049555e-16 0.9659258 0 -0.258819 0.9659258 0 -0.258819 0.8660254 0 -0.5 0.8660254 0 -0.5 0.7071068 0 -0.7071068 0.7071068 0 -0.7071068 0.5 0 -0.8660254 0.5 0 -0.8660254 0.257126 0.1141933 -0.9596073 3.958012e-16 0.1141933 -0.9934586 3.000964e-16 0.1141933 -0.9934586 0.257126 0.1141933 -0.9596073 -0.257126 0.1141933 -0.9596073 -0.257126 0.1141933 -0.9596073 -0.4967293 0.1141933 -0.8603603 -0.4967293 0.1141933 -0.8603603 -0.7024813 0.1141933 -0.7024813 -0.7024813 0.1141933 -0.7024813 -0.8603603 0.1141933 -0.4967293 -0.8603603 0.1141933 -0.4967293 -0.9596073 0.1141933 -0.257126 -0.9596073 0.1141933 -0.257126 -0.9934586 0.1141933 3.530546e-17 -0.9934586 0.1141933 1.349322e-16 -0.9596073 0.1141933 0.257126 -0.9596073 0.1141933 0.257126 -0.8603603 0.1141933 0.4967293 -0.8603603 0.1141933 0.4967293 -0.7024813 0.1141933 0.7024813 -0.7024813 0.1141933 0.7024813 -0.4967293 0.1141933 0.8603603 -0.4967293 0.1141933 0.8603603 -0.257126 0.1141933 0.9596073 -0.257126 0.1141933 0.9596073 1.979006e-16 0.1141933 0.9934586 8.826364e-17 0.1141933 0.9934586 0.257126 0.1141933 0.9596073 0.257126 0.1141933 0.9596073 0.4967293 0.1141933 0.8603603 0.4967293 0.1141933 0.8603603 0.7024813 0.1141933 0.7024813 0.7024813 0.1141933 0.7024813 0.8603603 0.1141933 0.4967293 0.8603603 0.1141933 0.4967293 0.9596073 0.1141933 0.257126 0.9596073 0.1141933 0.257126 0.9934586 0.1141933 -2.471382e-16 0.9934586 0.1141933 -1.439277e-16 0.9596073 0.1141933 -0.257126 0.9596073 0.1141933 -0.257126 0.8603603 0.1141933 -0.4967293 0.8603603 0.1141933 -0.4967293 0.7024813 0.1141933 -0.7024813 0.7024813 0.1141933 -0.7024813 0.4967293 0.1141933 -0.8603603 0.4967293 0.1141933 -0.8603603 0.2262932 -0.4853325 -0.8445376 2.393507e-16 -0.4853325 -0.8743297 6.487039e-17 -0.4853325 -0.8743297 0.2262932 -0.4853325 -0.8445376 -0.2262932 -0.4853325 -0.8445376 -0.2262932 -0.4853325 -0.8445376 -0.4371648 -0.4853325 -0.7571917 -0.4371648 -0.4853325 -0.7571917 -0.6182445 -0.4853325 -0.6182445 -0.6182445 -0.4853325 -0.6182445 -0.7571917 -0.4853325 -0.4371648 -0.7571917 -0.4853325 -0.4371648 -0.8445376 -0.4853325 -0.2262932 -0.8445376 -0.4853325 -0.2262932 -0.8743297 -0.4853325 0 -0.8743297 -0.4853325 -1.79513e-16 -0.8445376 -0.4853325 0.2262932 -0.8445376 -0.4853325 0.2262932 -0.7571917 -0.4853325 0.4371648 -0.7571917 -0.4853325 0.4371648 -0.6182445 -0.4853325 0.6182445 -0.6182445 -0.4853325 0.6182445 -0.4371648 -0.4853325 0.7571917 -0.4371648 -0.4853325 0.7571917 -0.2262932 -0.4853325 0.8445376 -0.2262932 -0.4853325 0.8445376 1.760768e-16 -0.4853325 0.8743297 7.009556e-16 -0.4853325 0.8743297 0.2262932 -0.4853325 0.8445376 0.2262932 -0.4853325 0.8445376 0.4371648 -0.4853325 0.7571917 0.4371648 -0.4853325 0.7571917 0.6182445 -0.4853325 0.6182445 0.6182445 -0.4853325 0.6182445 0.7571917 -0.4853325 0.4371648 0.7571917 -0.4853325 0.4371648 0.8445376 -0.4853325 0.2262932 0.8445376 -0.4853325 0.2262932 0.8743297 -0.4853325 -2.78016e-16 0.8743297 -0.4853325 7.351485e-16 0.8445376 -0.4853325 -0.2262932 0.8445376 -0.4853325 -0.2262932 0.7571917 -0.4853325 -0.4371648 0.7571917 -0.4853325 -0.4371648 0.6182445 -0.4853325 -0.6182445 0.6182445 -0.4853325 -0.6182445 0.4371648 -0.4853325 -0.7571917 0.4371648 -0.4853325 -0.7571917 0 -1 0 0 -1 0 0 -1 0 0 -1 0 0 -1 0 0 -1 0 0 -1 0 0 -1 0 0 -1 0 0 -1 0 0 -1 0 0 -1 0 0 -1 0 0 -1 0 0 -1 0 0 -1 0 0 -1 0 0 -1 0 0 -1 0 0 -1 0 0 -1 0 0 -1 0 0 -1 0 0 -1 0 0 -1 0 0 -1 0 0 -1 0 0 -1 0 0 -1 0 0 -1 0 0 -1 0 0 -1 0 0 -1 0 0 -1 0 0 -1 0 0 -1 0 0 -1 0 0 -1 0 0 -1 0 0 -1 0 0 -1 0 0 -1 0 0 -1 0 0 -1 0 0 -1 0 0 -1 0 0 -1 0 0 -1 0</float_array>
                    <technique_common>
                        <accessor count="240" source="#ID40" stride="3">
                            <param name="X" type="float" />
                            <param name="Y" type="float" />
                            <param name="Z" type="float" />
                        </accessor>
                    </technique_common>
                </source>
                <source id="ID38">
                    <float_array id="ID41" count="298">0.0733752 -0.27384 -0.0733752 -0.27384 0 -0.2835 -3.38396e-16 -0.2732948 0.07073389 -0.2639825 0.14175 -0.2455182 0.1366474 -0.2366802 0.2004648 -0.2004648 0.1932486 -0.1932486 0.2455182 -0.14175 0.2366802 -0.1366474 0.27384 -0.0733752 0.2639825 -0.07073389 0.2835 -5.639933e-17 0.2732948 -1.127987e-16 0.2639825 0.07073389 0.27384 0.0733752 0.2366802 0.1366474 0.2455182 0.14175 0.1932486 0.1932486 0.2004648 0.2004648 0.1366474 0.2366802 0.14175 0.2455182 0.07073389 0.2639825 0.0733752 0.27384 4.511946e-16 0.2732948 -0.07073389 -0.2639825 -0.14175 -0.2455182 -0.1366474 -0.2366802 -0.2004648 -0.2004648 -0.1932486 -0.1932486 -0.2455182 -0.14175 -0.2366802 -0.1366474 -0.27384 -0.0733752 -0.2639825 -0.07073389 -0.2835 0 -0.2732948 2.819966e-16 -0.27384 0.0733752 -0.2639825 0.07073389 -0.2366802 0.1366474 -0.2455182 0.14175 -0.1932486 0.1932486 -0.2004648 0.2004648 -0.1366474 0.2366802 -0.14175 0.2455182 -0.07073389 0.2639825 -0.0733752 0.27384 0 0.2835 0.0733752 -0.026038 0 -0.08106 0 -0.026038 0.0733752 -0.08106 -0.0733752 -0.08106 -0.0733752 -0.026038 -0.14175 -0.08106 -0.14175 -0.026038 -0.2004648 -0.08106 -0.2004648 -0.026038 -0.2455182 -0.026038 -0.2455182 -0.08106 -0.27384 -0.026038 -0.27384 -0.08106 -0.2835 -0.026038 -0.2835 -0.08106 -0.2455182 -0.026038 -0.2455182 -0.08106 -0.2004648 -0.026038 -0.2004648 -0.08106 -0.14175 -0.08106 -0.14175 -0.026038 -0.0733752 -0.08106 -0.0733752 -0.026038 0.14175 -0.08106 0.14175 -0.026038 0.2004648 -0.08106 0.2004648 -0.026038 0.2455182 -0.026038 0.2455182 -0.08106 0.27384 -0.026038 0.27384 -0.08106 0.2835 -0.026038 0.2835 -0.08106 0.2004648 -0.026038 0.2004648 -0.08106 0.14175 -0.08106 0.14175 -0.026038 5.639933e-17 -0.168058 0.07596339 -0.168058 -0.07596339 -0.168058 -0.14675 -0.168058 -0.2075358 -0.168058 -0.2541785 -0.168058 -0.2834992 -0.168058 -0.2935 -0.168058 -0.2541785 -0.168058 -0.2075358 -0.168058 -0.14675 -0.168058 -0.07596339 -0.168058 0.14675 -0.168058 0.2075358 -0.168058 0.2541785 -0.168058 0.2834992 -0.168058 0.2935 -0.168058 0.2075358 -0.168058 0.14675 -0.168058 1.127987e-16 -0.212058 0.06964199 -0.212058 -0.06964199 -0.212058 -0.134538 -0.212058 -0.1902655 -0.212058 -0.2330267 -0.212058 -0.2599075 -0.212058 -0.269076 -0.212058 -0.2599075 -0.212058 -0.2330267 -0.212058 -0.1902655 -0.212058 -0.134538 -0.212058 2.255973e-16 -0.212058 0.134538 -0.212058 0.1902655 -0.212058 0.2330267 -0.212058 0.2599075 -0.212058 0.269076 -0.212058 0.2599075 -0.212058 0.2330267 -0.212058 0.1902655 -0.212058 0.134538 -0.212058 0.06777746 -0.212058 0.130936 -0.212058 0.1851715 -0.212058 0.2267878 -0.212058 0.2529489 -0.212058 0.261872 -0.212058 0.2529489 -0.212058 0.2267878 -0.212058 0.1851715 -0.212058 0.130936 -0.212058 1.69198e-16 -0.212058 -0.06777746 -0.212058 -0.130936 -0.212058 -0.1851715 -0.212058 -0.2267878 -0.212058 -0.2529489 -0.212058 -0.261872 -0.212058 -0.2529489 -0.212058 -0.2267878 -0.212058 -0.1851715 -0.212058 -0.130936 -0.212058 -0.06777746 -0.212058</float_array>
                    <technique_common>
                        <accessor count="149" source="#ID41" stride="2">
                            <param name="S" type="float" />
                            <param name="T" type="float" />
                        </accessor>
                    </technique_common>
                </source>
                <vertices id="ID37">
                    <input semantic="POSITION" source="#ID35" />
                    <input semantic="NORMAL" source="#ID36" />
                </vertices>
                <triangles count="240" material="Material2">
                    <input offset="0" semantic="VERTEX" source="#ID37" />
                    <input offset="1" semantic="TEXCOORD" source="#ID38" />
                    <p>0 0 1 1 2 2 1 1 0 0 3 3 3 3 0 0 4 4 4 4 0 0 5 5 4 4 5 5 6 6 6 6 5 5 7 7 6 6 7 7 8 8 8 8 7 7 9 9 8 8 9 9 10 10 10 10 9 9 11 11 10 10 11 11 12 12 12 12 11 11 13 13 12 12 13 13 14 14 14 14 13 13 15 15 15 15 13 13 16 16 15 15 16 16 17 17 17 17 16 16 18 18 17 17 18 18 19 19 19 19 18 18 20 20 19 19 20 20 21 21 21 21 20 20 22 22 21 21 22 22 23 23 23 23 22 22 24 24 23 23 24 24 25 25 1 1 26 26 27 27 26 26 1 1 3 3 27 27 26 26 28 28 27 27 28 28 29 29 29 29 28 28 30 30 29 29 30 30 31 31 31 31 30 30 32 32 31 31 32 32 33 33 33 33 32 32 34 34 33 33 34 34 35 35 35 35 34 34 36 36 35 35 36 36 37 37 37 37 36 36 38 38 37 37 38 38 39 39 37 37 39 39 40 40 40 40 39 39 41 41 40 40 41 41 42 42 42 42 41 41 43 43 42 42 43 43 44 44 44 44 43 43 45 45 44 44 45 45 46 46 46 46 45 45 25 25 46 46 25 25 24 24 46 46 24 24 47 47 48 48 49 49 50 50 49 49 48 48 51 51 50 50 52 52 53 53 52 52 50 50 49 49 53 53 54 54 55 55 54 54 53 53 52 52 55 55 56 56 57 57 56 56 55 55 54 54 58 58 56 56 59 59 56 56 58 58 57 57 60 60 59 59 61 61 59 59 60 60 58 58 62 62 61 61 63 63 61 61 62 62 60 60 64 60 63 63 65 61 63 63 64 60 62 62 66 64 65 61 67 65 65 61 66 64 64 60 68 66 67 65 69 67 67 65 68 66 66 64 70 68 68 66 69 67 68 66 70 68 71 69 72 70 71 69 70 68 71 69 72 70 73 71 74 49 73 71 72 70 73 71 74 49 75 50 76 51 75 50 74 49 75 50 76 51 77 48 78 72 77 48 76 51 77 48 78 72 79 73 80 74 79 73 78 72 79 73 80 74 81 75 82 76 80 74 83 77 80 74 82 76 81 75 84 78 83 77 85 79 83 77 84 78 82 76 86 80 85 79 87 81 85 79 86 80 84 78 88 78 87 81 89 79 87 81 88 78 86 80 90 76 89 79 91 77 89 79 90 76 88 78 92 82 91 77 93 83 91 77 92 82 90 76 92 82 94 84 95 85 94 84 92 82 93 83 95 85 51 51 48 48 51 51 95 85 94 84 96 51 97 86 98 49 97 86 96 51 99 87 100 52 97 86 101 88 97 86 100 52 98 49 102 54 101 88 103 89 101 88 102 54 100 52 104 56 103 89 105 90 103 89 104 56 102 54 106 59 105 90 107 91 105 90 106 59 104 56 108 61 107 91 109 92 107 91 108 61 106 59 110 63 109 92 111 93 109 92 110 63 108 61 112 61 111 93 113 92 111 93 112 61 110 63 114 65 113 92 115 94 113 92 114 65 112 61 116 67 115 94 117 95 115 94 116 67 114 65 118 96 116 67 117 95 116 67 118 96 119 68 120 97 119 68 118 96 119 68 120 97 121 70 122 86 121 70 120 97 121 70 122 86 123 49 122 86 124 51 123 49 124 51 122 86 125 87 125 87 126 72 124 51 126 72 125 87 127 98 127 98 128 74 126 72 128 74 127 98 129 99 130 77 129 99 131 100 129 99 130 77 128 74 132 79 131 100 133 101 131 100 132 79 130 77 134 81 133 101 135 102 133 101 134 81 132 79 136 79 135 102 137 101 135 102 136 79 134 81 138 77 137 101 139 100 137 101 138 77 136 79 140 83 139 100 141 103 139 100 140 83 138 77 140 83 142 104 143 84 142 104 140 83 141 103 143 84 99 87 96 51 99 87 143 84 142 104 144 87 145 105 146 86 145 105 144 87 147 106 146 86 148 107 149 88 148 107 146 86 145 105 149 88 150 108 151 89 150 108 149 88 148 107 151 89 152 109 153 90 152 109 151 89 150 108 154 91 152 109 155 110 152 109 154 91 153 90 156 92 155 110 157 111 155 110 156 92 154 91 158 93 157 111 159 112 157 111 158 93 156 92 160 92 159 112 161 113 159 112 160 92 158 93 162 94 161 113 163 114 161 113 162 94 160 92 164 95 163 114 165 115 163 114 164 95 162 94 165 115 166 96 164 95 166 96 165 115 167 116 167 116 168 97 166 96 168 97 167 116 169 107 169 107 170 86 168 97 170 86 169 107 171 117 171 117 172 87 170 86 172 87 171 117 173 106 174 118 172 87 173 106 172 87 174 118 175 98 176 119 175 98 174 118 175 98 176 119 177 99 178 100 176 119 179 120 176 119 178 100 177 99 180 101 179 120 181 121 179 120 180 101 178 100 182 102 181 121 183 122 181 121 182 102 180 101 184 101 183 122 185 123 183 122 184 101 182 102 186 100 185 123 187 124 185 123 186 100 184 101 188 103 187 124 189 125 187 124 188 103 186 100 190 104 189 125 191 126 189 125 190 104 188 103 144 87 191 126 147 106 191 126 144 87 190 104 192 106 193 105 194 105 193 105 192 106 195 127 195 127 192 106 196 126 195 127 196 126 197 128 197 128 196 126 198 125 197 128 198 125 199 129 199 129 198 125 200 124 199 129 200 124 201 130 201 130 200 124 202 123 201 130 202 123 203 131 203 131 202 123 204 122 203 131 204 122 205 132 205 132 204 122 206 121 205 132 206 121 207 133 207 133 206 121 208 134 208 134 206 121 209 120 208 134 209 120 210 135 210 135 209 120 211 119 210 135 211 119 212 136 212 136 211 119 213 118 212 136 213 118 214 127 214 127 213 118 215 106 214 127 215 106 216 137 216 137 215 106 217 117 193 105 218 107 194 105 218 107 193 105 219 138 218 107 219 138 220 108 220 108 219 138 221 139 220 108 221 139 222 109 222 109 221 139 223 140 222 109 223 140 224 110 224 110 223 140 225 141 224 110 225 141 226 111 226 111 225 141 227 142 226 111 227 142 228 112 228 112 227 142 229 143 228 112 229 143 230 144 228 112 230 144 231 113 231 113 230 144 232 145 231 113 232 145 233 114 233 114 232 145 234 146 233 114 234 146 235 115 235 115 234 146 236 147 235 115 236 147 237 116 237 116 236 147 238 148 237 116 238 148 239 107 239 107 238 148 216 137 239 107 216 137 217 117</p>
                </triangles>
            </mesh>
        </geometry>
        <geometry id="ID42">
            <mesh>
                <source id="ID43">
                    <float_array id="ID46" count="936">0.497931 -0.417437 -0.1334202 0.5102162 -1.244659 8.881784e-16 0.492831 -1.244659 -0.1320537 0.5154961 -0.417437 7.771561e-16 0.492831 -1.244659 0.1320537 0.497931 -0.417437 0.1334202 0.492831 -1.244659 -0.1320537 0.4995997 -1.269847 8.881784e-16 0.4825762 -1.269847 -0.1293059 0.5102162 -1.244659 8.881784e-16 0.4464327 -0.417437 -0.257748 0.4418602 -1.244659 -0.2551081 0.4418602 -1.244659 0.2551081 0.4464327 -0.417437 0.257748 0.4825762 -1.269847 0.1293059 0.492831 -1.244659 0.1320537 0.4995997 -1.269847 8.881784e-16 0.4224355 -1.331587 -0.1131913 0.4825762 -1.269847 -0.1293059 0.4373374 -1.331587 6.661338e-16 0.4418602 -1.244659 -0.2551081 0.432666 -1.269847 -0.2497998 0.3645108 -0.417437 -0.3645108 0.3607773 -1.244659 -0.3607773 0.3607773 -1.244659 0.3607773 0.3645108 -0.417437 0.3645108 0.432666 -1.269847 0.2497998 0.4418602 -1.244659 0.2551081 0.4224355 -1.331587 0.1131913 0.4825762 -1.269847 0.1293059 0.4373374 -1.331587 6.661338e-16 0.4085469 -1.337492 -0.1094698 0.4224355 -1.331587 -0.1131913 0.4229588 -1.337492 4.440892e-16 0.3787453 -1.331587 -0.2186687 0.432666 -1.269847 -0.2497998 0.3607773 -1.244659 -0.3607773 0.3532703 -1.269847 -0.3532703 0.257748 -0.417437 -0.4464327 0.2551081 -1.244659 -0.4418602 0.257748 -0.417437 0.4464327 0.2551081 -1.244659 0.4418602 0.3532703 -1.269847 0.3532703 0.3607773 -1.244659 0.3607773 0.3787453 -1.331587 0.2186687 0.432666 -1.269847 0.2497998 0.4085469 -1.337492 0.1094698 0.4224355 -1.331587 0.1131913 0.4229588 -1.337492 4.440892e-16 0.3778615 -1.334551 -0.1012477 0.4085469 -1.337492 -0.1094698 0.391191 -1.334551 3.330669e-16 0.3662931 -1.337492 -0.2114794 0.3787453 -1.331587 -0.2186687 0.3092443 -1.331587 -0.3092443 0.3532703 -1.269847 -0.3532703 0.2551081 -1.244659 -0.4418602 0.2497998 -1.269847 -0.432666 0.1334202 -0.417437 -0.497931 0.1320537 -1.244659 -0.492831 0.1334202 -0.417437 0.497931 0.1320537 -1.244659 0.492831 0.2551081 -1.244659 0.4418602 0.2497998 -1.269847 0.432666 0.3092443 -1.331587 0.3092443 0.3532703 -1.269847 0.3532703 0.3662931 -1.337492 0.2114794 0.3787453 -1.331587 0.2186687 0.3778615 -1.334551 0.1012477 0.4085469 -1.337492 0.1094698 0.391191 -1.306638 3.330669e-16 0.3778615 -1.334551 -0.1012477 0.391191 -1.334551 3.330669e-16 0.3778615 -1.306638 -0.1012477 0.3387813 -1.334551 -0.1955955 0.3662931 -1.337492 -0.2114794 0.2990771 -1.337492 -0.2990771 0.3092443 -1.331587 -0.3092443 0.2186687 -1.331587 -0.3787453 0.2497998 -1.269847 -0.432666 0.1320537 -1.244659 -0.492831 0.1293059 -1.269847 -0.4825762 2.220446e-16 -1.244659 -0.5102162 2.220446e-16 -0.417437 -0.5154961 3.330669e-16 -0.417437 0.5154961 -1.110223e-16 -1.244659 0.5102162 0.1320537 -1.244659 0.492831 0.1293059 -1.269847 0.4825762 0.2186687 -1.331587 0.3787453 0.2497998 -1.269847 0.432666 0.2990771 -1.337492 0.2990771 0.3092443 -1.331587 0.3092443 0.3387813 -1.334551 0.1955955 0.3662931 -1.337492 0.2114794 0.3778615 -1.306638 0.1012477 0.3778615 -1.334551 0.1012477 0.1012477 -1.306638 -0.3778615 -0.1012477 -1.306638 -0.3778615 2.220446e-16 -1.306638 -0.391191 -0.1955955 -1.306638 -0.3387813 0.1955955 -1.306638 -0.3387813 -0.2766138 -1.306638 -0.2766138 0.2766138 -1.306638 -0.2766138 0.3387813 -1.306638 -0.1955955 -0.3387813 -1.306638 -0.1955955 -0.3778615 -1.306638 -0.1012477 0.3778615 -1.306638 -0.1012477 -0.391191 -1.306638 0 0.391191 -1.306638 3.330669e-16 -0.3778615 -1.306638 0.1012477 0.3778615 -1.306638 0.1012477 -0.3387813 -1.306638 0.1955955 0.3387813 -1.306638 0.1955955 0.2766138 -1.306638 0.2766138 -0.2766138 -1.306638 0.2766138 -0.1955955 -1.306638 0.3387813 0.1955955 -1.306638 0.3387813 0.1012477 -1.306638 0.3778615 -0.1012477 -1.306638 0.3778615 -6.661338e-16 -1.306638 0.391191 0.3387813 -1.334551 -0.1955955 0.3387813 -1.306638 -0.1955955 0.2766138 -1.334551 -0.2766138 0.2990771 -1.337492 -0.2990771 0.2114794 -1.337492 -0.3662931 0.2186687 -1.331587 -0.3787453 0.1131913 -1.331587 -0.4224355 0.1293059 -1.269847 -0.4825762 2.220446e-16 -1.269847 -0.4995997 2.220446e-16 -1.244659 -0.5102162 -0.1320537 -1.244659 -0.492831 -0.1334202 -0.417437 -0.497931 -0.1320537 -1.244659 0.492831 -0.1334202 -0.417437 0.497931 0 -1.269847 0.4995997 -1.110223e-16 -1.244659 0.5102162 0.1131913 -1.331587 0.4224355 0.1293059 -1.269847 0.4825762 0.2114794 -1.337492 0.3662931 0.2186687 -1.331587 0.3787453 0.2766138 -1.334551 0.2766138 0.2990771 -1.337492 0.2990771 0.3387813 -1.306638 0.1955955 0.3387813 -1.334551 0.1955955 -6.661338e-16 -1.306638 0.391191 -0.1012477 -1.334551 0.3778615 -0.1012477 -1.306638 0.3778615 -6.661338e-16 -1.334551 0.391191 -0.1955955 -1.334551 0.3387813 -0.1955955 -1.306638 0.3387813 -0.2766138 -1.334551 0.2766138 -0.2766138 -1.306638 0.2766138 -0.3387813 -1.306638 0.1955955 -0.3387813 -1.334551 0.1955955 -0.3778615 -1.306638 0.1012477 -0.3778615 -1.334551 0.1012477 -0.391191 -1.306638 0 -0.391191 -1.334551 0 -0.3778615 -1.306638 -0.1012477 -0.3778615 -1.334551 -0.1012477 -0.3387813 -1.306638 -0.1955955 -0.3387813 -1.334551 -0.1955955 -0.2766138 -1.306638 -0.2766138 -0.2766138 -1.334551 -0.2766138 -0.1955955 -1.334551 -0.3387813 -0.1955955 -1.306638 -0.3387813 -0.1012477 -1.334551 -0.3778615 -0.1012477 -1.306638 -0.3778615 2.220446e-16 -1.334551 -0.391191 2.220446e-16 -1.306638 -0.391191 0.1012477 -1.334551 -0.3778615 0.1012477 -1.306638 -0.3778615 0.1955955 -1.334551 -0.3387813 0.1955955 -1.306638 -0.3387813 0.2766138 -1.334551 -0.2766138 0.2766138 -1.306638 -0.2766138 0.2766138 -1.306638 0.2766138 0.2766138 -1.334551 0.2766138 0.1955955 -1.334551 0.3387813 0.1955955 -1.306638 0.3387813 0.1012477 -1.334551 0.3778615 0.1012477 -1.306638 0.3778615 0.1955955 -1.334551 -0.3387813 0.2114794 -1.337492 -0.3662931 0.1094698 -1.337492 -0.4085469 0.1131913 -1.331587 -0.4224355 2.220446e-16 -1.331587 -0.4373374 2.220446e-16 -1.269847 -0.4995997 -0.1293059 -1.269847 -0.4825762 -0.1320537 -1.244659 -0.492831 -0.2551081 -1.244659 -0.4418602 -0.257748 -0.417437 -0.4464327 -0.2551081 -1.244659 0.4418602 -0.257748 -0.417437 0.4464327 -0.1293059 -1.269847 0.4825762 -0.1320537 -1.244659 0.492831 -5.551115e-16 -1.331587 0.4373374 0 -1.269847 0.4995997 0.1094698 -1.337492 0.4085469 0.1131913 -1.331587 0.4224355 0.1955955 -1.334551 0.3387813 0.2114794 -1.337492 0.3662931 -6.661338e-16 -1.334551 0.391191 -0.1094698 -1.337492 0.4085469 -0.1012477 -1.334551 0.3778615 -6.661338e-16 -1.337492 0.4229588 -0.2114794 -1.337492 0.3662931 -0.1955955 -1.334551 0.3387813 -0.2990771 -1.337492 0.2990771 -0.2766138 -1.334551 0.2766138 -0.3662931 -1.337492 0.2114794 -0.3387813 -1.334551 0.1955955 -0.4085469 -1.337492 0.1094698 -0.3778615 -1.334551 0.1012477 -0.4229588 -1.337492 0 -0.391191 -1.334551 0 -0.3778615 -1.334551 -0.1012477 -0.4085469 -1.337492 -0.1094698 -0.3387813 -1.334551 -0.1955955 -0.3662931 -1.337492 -0.2114794 -0.2766138 -1.334551 -0.2766138 -0.2990771 -1.337492 -0.2990771 -0.1955955 -1.334551 -0.3387813 -0.2114794 -1.337492 -0.3662931 -0.1012477 -1.334551 -0.3778615 -0.1094698 -1.337492 -0.4085469 2.220446e-16 -1.334551 -0.391191 2.220446e-16 -1.337492 -0.4229588 0.1094698 -1.337492 -0.4085469 0.1012477 -1.334551 -0.3778615 0.1012477 -1.334551 0.3778615 0.1094698 -1.337492 0.4085469 2.220446e-16 -1.337492 -0.4229588 2.220446e-16 -1.331587 -0.4373374 -0.1293059 -1.269847 -0.4825762 -0.1131913 -1.331587 -0.4224355 -0.2497998 -1.269847 -0.432666 -0.2551081 -1.244659 -0.4418602 -0.3607773 -1.244659 -0.3607773 -0.3645108 -0.417437 -0.3645108 -0.3607773 -1.244659 0.3607773 -0.3645108 -0.417437 0.3645108 -0.2497998 -1.269847 0.432666 -0.2551081 -1.244659 0.4418602 -0.1293059 -1.269847 0.4825762 -0.1131913 -1.331587 0.4224355 -6.661338e-16 -1.337492 0.4229588 -5.551115e-16 -1.331587 0.4373374 -0.1131913 -1.331587 0.4224355 -0.1094698 -1.337492 0.4085469 -0.2186687 -1.331587 0.3787453 -0.2114794 -1.337492 0.3662931 -0.3092443 -1.331587 0.3092443 -0.2990771 -1.337492 0.2990771 -0.3787453 -1.331587 0.2186687 -0.3662931 -1.337492 0.2114794 -0.4224355 -1.331587 0.1131913 -0.4085469 -1.337492 0.1094698 -0.4373374 -1.331587 0 -0.4229588 -1.337492 0 -0.4085469 -1.337492 -0.1094698 -0.4224355 -1.331587 -0.1131913 -0.3662931 -1.337492 -0.2114794 -0.3787453 -1.331587 -0.2186687 -0.2990771 -1.337492 -0.2990771 -0.3092443 -1.331587 -0.3092443 -0.2114794 -1.337492 -0.3662931 -0.2186687 -1.331587 -0.3787453 -0.1094698 -1.337492 -0.4085469 -0.1131913 -1.331587 -0.4224355 -0.2497998 -1.269847 -0.432666 -0.2186687 -1.331587 -0.3787453 -0.3532703 -1.269847 -0.3532703 -0.3607773 -1.244659 -0.3607773 -0.4464327 -0.417437 -0.257748 -0.4418602 -1.244659 -0.2551081 -0.4418602 -1.244659 0.2551081 -0.4464327 -0.417437 0.257748 -0.3532703 -1.269847 0.3532703 -0.3607773 -1.244659 0.3607773 -0.2497998 -1.269847 0.432666 -0.2186687 -1.331587 0.3787453 -0.3532703 -1.269847 0.3532703 -0.3092443 -1.331587 0.3092443 -0.432666 -1.269847 0.2497998 -0.3787453 -1.331587 0.2186687 -0.4825762 -1.269847 0.1293059 -0.4224355 -1.331587 0.1131913 -0.4373374 -1.331587 0 -0.4995997 -1.269847 -4.440892e-16 -0.4224355 -1.331587 -0.1131913 -0.4825762 -1.269847 -0.1293059 -0.3787453 -1.331587 -0.2186687 -0.432666 -1.269847 -0.2497998 -0.3092443 -1.331587 -0.3092443 -0.3532703 -1.269847 -0.3532703 -0.4418602 -1.244659 -0.2551081 -0.432666 -1.269847 -0.2497998 -0.497931 -0.417437 -0.1334202 -0.492831 -1.244659 -0.1320537 -0.492831 -1.244659 0.1320537 -0.497931 -0.417437 0.1334202 -0.432666 -1.269847 0.2497998 -0.4418602 -1.244659 0.2551081 -0.4825762 -1.269847 0.1293059 -0.492831 -1.244659 0.1320537 -0.4995997 -1.269847 -4.440892e-16 -0.5102162 -1.244659 -4.440892e-16 -0.4825762 -1.269847 -0.1293059 -0.492831 -1.244659 -0.1320537 -0.5154961 -0.417437 -1.110223e-16 -0.5102162 -1.244659 -4.440892e-16</float_array>
                    <technique_common>
                        <accessor count="312" source="#ID46" stride="3">
                            <param name="X" type="float" />
                            <param name="Y" type="float" />
                            <param name="Z" type="float" />
                        </accessor>
                    </technique_common>
                </source>
                <source id="ID44">
                    <float_array id="ID47" count="936">0.9659062 -0.006382491 -0.2588138 0.9999796 -0.006382491 1.834715e-15 0.9659062 -0.006382491 -0.2588138 0.9999796 -0.006382491 1.809915e-15 0.9659062 -0.006382491 0.2588138 0.9659062 -0.006382491 0.2588138 0.8900937 -0.3883955 -0.2384999 0.9214928 -0.3883955 1.879441e-15 0.8900937 -0.3883955 -0.2384999 0.9214928 -0.3883955 1.756548e-15 0.8660078 -0.006382491 -0.4999898 0.8660078 -0.006382491 -0.4999898 0.8660078 -0.006382491 0.4999898 0.8660078 -0.006382491 0.4999898 0.8900937 -0.3883955 0.2384999 0.8900937 -0.3883955 0.2384999 0.7041181 -0.7100828 1.357915e-15 0.6801259 -0.7100828 -0.1822392 0.6801259 -0.7100828 -0.1822392 0.7041181 -0.7100828 1.214769e-15 0.7980361 -0.3883955 -0.4607464 0.7980361 -0.3883955 -0.4607464 0.7070924 -0.006382491 -0.7070924 0.7070924 -0.006382491 -0.7070924 0.7070924 -0.006382491 0.7070924 0.7070924 -0.006382491 0.7070924 0.7980361 -0.3883955 0.4607464 0.7980361 -0.3883955 0.4607464 0.6801259 -0.7100828 0.1822392 0.6801259 -0.7100828 0.1822392 0.3799197 -0.9250195 9.919882e-16 0.3669742 -0.9250195 -0.09833045 0.3669742 -0.9250195 -0.09833045 0.3799197 -0.9250195 1.847942e-16 0.6097842 -0.7100828 -0.3520591 0.6097842 -0.7100828 -0.3520591 0.6515938 -0.3883955 -0.6515938 0.6515938 -0.3883955 -0.6515938 0.4999898 -0.006382491 -0.8660078 0.4999898 -0.006382491 -0.8660078 0.4999898 -0.006382491 0.8660078 0.4999898 -0.006382491 0.8660078 0.6515938 -0.3883955 0.6515938 0.6515938 -0.3883955 0.6515938 0.6097842 -0.7100828 0.3520591 0.6097842 -0.7100828 0.3520591 0.3669742 -0.9250195 0.09833045 0.3669742 -0.9250195 0.09833045 -0.09218199 -0.9957422 -1.842694e-16 -0.08904097 -0.9957422 0.02385845 -0.08904097 -0.9957422 0.02385845 -0.09218199 -0.9957422 -1.601117e-16 0.3290201 -0.9250195 -0.1899598 0.3290201 -0.9250195 -0.1899598 0.4978867 -0.7100828 -0.4978867 0.4978867 -0.7100828 -0.4978867 0.4607464 -0.3883955 -0.7980361 0.4607464 -0.3883955 -0.7980361 0.2588138 -0.006382491 -0.9659062 0.2588138 -0.006382491 -0.9659062 0.2588138 -0.006382491 0.9659062 0.2588138 -0.006382491 0.9659062 0.4607464 -0.3883955 0.7980361 0.4607464 -0.3883955 0.7980361 0.4978867 -0.7100828 0.4978867 0.4978867 -0.7100828 0.4978867 0.3290201 -0.9250195 0.1899598 0.3290201 -0.9250195 0.1899598 -0.08904097 -0.9957422 -0.02385845 -0.08904097 -0.9957422 -0.02385845 -1 0 -1.969355e-15 -0.9659258 0 0.258819 -1 0 -1.969355e-15 -0.9659258 0 0.258819 -0.07983195 -0.9957422 0.046091 -0.07983195 -0.9957422 0.046091 0.2686438 -0.9250195 -0.2686438 0.2686438 -0.9250195 -0.2686438 0.3520591 -0.7100828 -0.6097842 0.3520591 -0.7100828 -0.6097842 0.2384999 -0.3883955 -0.8900937 0.2384999 -0.3883955 -0.8900937 2.048468e-16 -0.006382491 -0.9999796 2.1398e-16 -0.006382491 -0.9999796 9.450785e-16 -0.006382491 0.9999796 8.461064e-16 -0.006382491 0.9999796 0.2384999 -0.3883955 0.8900937 0.2384999 -0.3883955 0.8900937 0.3520591 -0.7100828 0.6097842 0.3520591 -0.7100828 0.6097842 0.2686438 -0.9250195 0.2686438 0.2686438 -0.9250195 0.2686438 -0.07983195 -0.9957422 -0.046091 -0.07983195 -0.9957422 -0.046091 -0.9659258 0 -0.258819 -0.9659258 0 -0.258819 0 -1 0 0 -1 0 0 -1 0 0 -1 0 0 -1 0 0 -1 0 0 -1 0 0 -1 0 0 -1 0 0 -1 0 0 -1 0 0 -1 0 0 -1 0 0 -1 0 0 -1 0 0 -1 0 0 -1 0 0 -1 0 0 -1 0 0 -1 0 0 -1 0 0 -1 0 0 -1 0 0 -1 0 -0.8660254 0 0.5 -0.8660254 0 0.5 -0.06518251 -0.9957422 0.06518251 -0.06518251 -0.9957422 0.06518251 0.1899598 -0.9250195 -0.3290201 0.1899598 -0.9250195 -0.3290201 0.1822392 -0.7100828 -0.6801259 0.1822392 -0.7100828 -0.6801259 0 -0.3883955 -0.9214928 0 -0.3883955 -0.9214928 -0.2588138 -0.006382491 -0.9659062 -0.2588138 -0.006382491 -0.9659062 -0.2588138 -0.006382491 0.9659062 -0.2588138 -0.006382491 0.9659062 1.293193e-15 -0.3883955 0.9214928 6.161715e-16 -0.3883955 0.9214928 0.1822392 -0.7100828 0.6801259 0.1822392 -0.7100828 0.6801259 0.1899598 -0.9250195 0.3290201 0.1899598 -0.9250195 0.3290201 -0.06518251 -0.9957422 -0.06518251 -0.06518251 -0.9957422 -0.06518251 -0.8660254 0 -0.5 -0.8660254 0 -0.5 2.673333e-16 0 -1 0.258819 0 -0.9659258 0.258819 0 -0.9659258 2.673333e-16 0 -1 0.5 0 -0.8660254 0.5 0 -0.8660254 0.7071068 0 -0.7071068 0.7071068 0 -0.7071068 0.8660254 0 -0.5 0.8660254 0 -0.5 0.9659258 0 -0.258819 0.9659258 0 -0.258819 1 0 1.336666e-16 1 0 1.336666e-16 0.9659258 0 0.258819 0.9659258 0 0.258819 0.8660254 0 0.5 0.8660254 0 0.5 0.7071068 0 0.7071068 0.7071068 0 0.7071068 0.5 0 0.8660254 0.5 0 0.8660254 0.258819 0 0.9659258 0.258819 0 0.9659258 -2.495111e-16 0 1 -2.495111e-16 0 1 -0.258819 0 0.9659258 -0.258819 0 0.9659258 -0.5 0 0.8660254 -0.5 0 0.8660254 -0.7071068 0 0.7071068 -0.7071068 0 0.7071068 -0.7071068 0 -0.7071068 -0.7071068 0 -0.7071068 -0.5 0 -0.8660254 -0.5 0 -0.8660254 -0.258819 0 -0.9659258 -0.258819 0 -0.9659258 -0.046091 -0.9957422 0.07983195 -0.046091 -0.9957422 0.07983195 0.09833045 -0.9250195 -0.3669742 0.09833045 -0.9250195 -0.3669742 1.675543e-16 -0.7100828 -0.7041181 1.414495e-16 -0.7100828 -0.7041181 -0.2384999 -0.3883955 -0.8900937 -0.2384999 -0.3883955 -0.8900937 -0.4999898 -0.006382491 -0.8660078 -0.4999898 -0.006382491 -0.8660078 -0.4999898 -0.006382491 0.8660078 -0.4999898 -0.006382491 0.8660078 -0.2384999 -0.3883955 0.8900937 -0.2384999 -0.3883955 0.8900937 3.099755e-16 -0.7100828 0.7041181 9.807163e-16 -0.7100828 0.7041181 0.09833045 -0.9250195 0.3669742 0.09833045 -0.9250195 0.3669742 -0.046091 -0.9957422 -0.07983195 -0.046091 -0.9957422 -0.07983195 -5.099098e-18 -0.9957422 -0.09218199 0.02385845 -0.9957422 -0.08904097 0.02385845 -0.9957422 -0.08904097 -6.021877e-18 -0.9957422 -0.09218199 0.046091 -0.9957422 -0.07983195 0.046091 -0.9957422 -0.07983195 0.06518251 -0.9957422 -0.06518251 0.06518251 -0.9957422 -0.06518251 0.07983195 -0.9957422 -0.046091 0.07983195 -0.9957422 -0.046091 0.08904097 -0.9957422 -0.02385845 0.08904097 -0.9957422 -0.02385845 0.09218199 -0.9957422 2.890501e-17 0.09218199 -0.9957422 3.365404e-17 0.08904097 -0.9957422 0.02385845 0.08904097 -0.9957422 0.02385845 0.07983195 -0.9957422 0.046091 0.07983195 -0.9957422 0.046091 0.06518251 -0.9957422 0.06518251 0.06518251 -0.9957422 0.06518251 0.046091 -0.9957422 0.07983195 0.046091 -0.9957422 0.07983195 0.02385845 -0.9957422 0.08904097 0.02385845 -0.9957422 0.08904097 -1.121801e-17 -0.9957422 0.09218199 -8.430628e-18 -0.9957422 0.09218199 -0.02385845 -0.9957422 0.08904097 -0.02385845 -0.9957422 0.08904097 -0.02385845 -0.9957422 -0.08904097 -0.02385845 -0.9957422 -0.08904097 2.012204e-16 -0.9250195 -0.3799197 1.821041e-16 -0.9250195 -0.3799197 -0.1822392 -0.7100828 -0.6801259 -0.1822392 -0.7100828 -0.6801259 -0.4607464 -0.3883955 -0.7980361 -0.4607464 -0.3883955 -0.7980361 -0.7070924 -0.006382491 -0.7070924 -0.7070924 -0.006382491 -0.7070924 -0.7070924 -0.006382491 0.7070924 -0.7070924 -0.006382491 0.7070924 -0.4607464 -0.3883955 0.7980361 -0.4607464 -0.3883955 0.7980361 -0.1822392 -0.7100828 0.6801259 -0.1822392 -0.7100828 0.6801259 -2.053269e-17 -0.9250195 0.3799197 4.169226e-16 -0.9250195 0.3799197 -0.09833045 -0.9250195 0.3669742 -0.09833045 -0.9250195 0.3669742 -0.1899598 -0.9250195 0.3290201 -0.1899598 -0.9250195 0.3290201 -0.2686438 -0.9250195 0.2686438 -0.2686438 -0.9250195 0.2686438 -0.3290201 -0.9250195 0.1899598 -0.3290201 -0.9250195 0.1899598 -0.3669742 -0.9250195 0.09833045 -0.3669742 -0.9250195 0.09833045 -0.3799197 -0.9250195 -1.054287e-16 -0.3799197 -0.9250195 -1.355158e-16 -0.3669742 -0.9250195 -0.09833045 -0.3669742 -0.9250195 -0.09833045 -0.3290201 -0.9250195 -0.1899598 -0.3290201 -0.9250195 -0.1899598 -0.2686438 -0.9250195 -0.2686438 -0.2686438 -0.9250195 -0.2686438 -0.1899598 -0.9250195 -0.3290201 -0.1899598 -0.9250195 -0.3290201 -0.09833045 -0.9250195 -0.3669742 -0.09833045 -0.9250195 -0.3669742 -0.3520591 -0.7100828 -0.6097842 -0.3520591 -0.7100828 -0.6097842 -0.6515938 -0.3883955 -0.6515938 -0.6515938 -0.3883955 -0.6515938 -0.8660078 -0.006382491 -0.4999898 -0.8660078 -0.006382491 -0.4999898 -0.8660078 -0.006382491 0.4999898 -0.8660078 -0.006382491 0.4999898 -0.6515938 -0.3883955 0.6515938 -0.6515938 -0.3883955 0.6515938 -0.3520591 -0.7100828 0.6097842 -0.3520591 -0.7100828 0.6097842 -0.4978867 -0.7100828 0.4978867 -0.4978867 -0.7100828 0.4978867 -0.6097842 -0.7100828 0.3520591 -0.6097842 -0.7100828 0.3520591 -0.6801259 -0.7100828 0.1822392 -0.6801259 -0.7100828 0.1822392 -0.7041181 -0.7100828 -3.351087e-16 -0.7041181 -0.7100828 -8.581268e-16 -0.6801259 -0.7100828 -0.1822392 -0.6801259 -0.7100828 -0.1822392 -0.6097842 -0.7100828 -0.3520591 -0.6097842 -0.7100828 -0.3520591 -0.4978867 -0.7100828 -0.4978867 -0.4978867 -0.7100828 -0.4978867 -0.7980361 -0.3883955 -0.4607464 -0.7980361 -0.3883955 -0.4607464 -0.9659062 -0.006382491 -0.2588138 -0.9659062 -0.006382491 -0.2588138 -0.9659062 -0.006382491 0.2588138 -0.9659062 -0.006382491 0.2588138 -0.7980361 -0.3883955 0.4607464 -0.7980361 -0.3883955 0.4607464 -0.8900937 -0.3883955 0.2384999 -0.8900937 -0.3883955 0.2384999 -0.9214928 -0.3883955 -1.034555e-15 -0.9214928 -0.3883955 -9.656418e-16 -0.8900937 -0.3883955 -0.2384999 -0.8900937 -0.3883955 -0.2384999 -0.9999796 -0.006382491 -7.57846e-16 -0.9999796 -0.006382491 -8.282936e-16</float_array>
                    <technique_common>
                        <accessor count="312" source="#ID47" stride="3">
                            <param name="X" type="float" />
                            <param name="Y" type="float" />
                            <param name="Z" type="float" />
                        </accessor>
                    </technique_common>
                </source>
                <vertices id="ID45">
                    <input semantic="POSITION" source="#ID43" />
                    <input semantic="NORMAL" source="#ID44" />
                </vertices>
                <triangles count="310" material="Material2">
                    <input offset="0" semantic="VERTEX" source="#ID45" />
                    <p>0 1 2 1 0 3 3 4 1 4 3 5 6 7 8 7 6 9 10 2 11 2 10 0 5 12 4 12 5 13 9 14 7 14 9 15 16 17 18 17 16 19 20 8 21 8 20 6 22 11 23 11 22 10 13 24 12 24 13 25 15 26 14 26 15 27 16 28 19 28 16 29 30 31 32 31 30 33 18 34 35 34 18 17 36 21 37 21 36 20 38 23 39 23 38 22 24 40 41 40 24 25 27 42 26 42 27 43 29 44 28 44 29 45 30 46 33 46 30 47 48 49 50 49 48 51 32 52 53 52 32 31 35 54 55 54 35 34 56 37 57 37 56 36 58 39 59 39 58 38 41 60 61 60 41 40 42 62 63 62 42 43 45 64 44 64 45 65 47 66 46 66 47 67 48 68 51 68 48 69 70 71 72 71 70 73 50 74 75 74 50 49 53 76 77 76 53 52 55 78 79 78 55 54 80 57 81 57 80 56 58 82 83 82 58 59 61 84 85 84 61 60 63 86 87 86 63 62 65 88 64 88 65 89 67 90 66 90 67 91 69 92 68 92 69 93 94 72 95 72 94 70 96 97 98 97 96 99 99 96 100 99 100 101 101 100 102 101 102 103 101 103 104 104 103 105 105 103 106 105 106 107 107 106 108 107 108 109 109 108 110 109 110 111 111 110 112 111 112 113 111 113 114 114 113 115 115 113 116 115 116 117 115 117 118 118 117 119 73 120 71 120 73 121 75 122 123 122 75 74 77 124 125 124 77 76 79 126 127 126 79 78 80 128 129 128 80 81 83 130 131 130 83 82 132 84 133 84 132 85 134 86 135 86 134 87 89 136 88 136 89 137 91 138 90 138 91 139 93 140 92 140 93 141 142 95 143 95 142 94 144 145 146 145 144 147 146 148 149 148 146 145 149 150 151 150 149 148 152 150 153 150 152 151 154 153 155 153 154 152 156 155 157 155 156 154 158 157 159 157 158 156 160 159 161 159 160 158 162 161 163 161 162 160 164 162 163 162 164 165 166 165 164 165 166 167 168 167 166 167 168 169 170 169 168 169 170 171 172 171 170 171 172 173 174 173 172 173 174 175 121 174 120 174 121 175 176 143 177 143 176 142 176 178 179 178 176 177 179 180 181 180 179 178 181 147 144 147 181 180 123 182 183 182 123 122 125 184 185 184 125 124 127 186 187 186 127 126 129 188 189 188 129 128 131 190 191 190 131 130 192 133 193 133 192 132 194 135 195 135 194 134 137 196 136 196 137 197 139 198 138 198 139 199 141 200 140 200 141 201 202 203 204 203 202 205 204 206 207 206 204 203 207 208 209 208 207 206 209 210 211 210 209 208 211 212 213 212 211 210 213 214 215 214 213 212 216 214 217 214 216 215 218 217 219 217 218 216 220 219 221 219 220 218 222 221 223 221 222 220 224 223 225 223 224 222 226 225 227 225 226 224 228 226 227 226 228 229 183 229 228 229 183 182 201 230 200 230 201 231 231 202 230 202 231 205 185 232 233 232 185 184 186 234 187 234 186 235 189 236 237 236 189 188 191 238 239 238 191 190 240 193 241 193 240 192 242 195 243 195 242 194 196 244 245 244 196 197 199 246 198 246 199 247 246 248 249 248 246 247 249 250 251 250 249 248 251 252 253 252 251 250 253 254 255 254 253 252 255 256 257 256 255 254 257 258 259 258 257 256 260 258 261 258 260 259 262 261 263 261 262 260 264 263 265 263 264 262 266 265 267 265 266 264 268 267 269 267 268 266 232 269 233 269 232 268 235 270 234 270 235 271 237 272 273 272 237 236 274 238 275 238 274 239 241 276 240 276 241 277 278 243 279 243 278 242 245 280 281 280 245 244 281 282 283 282 281 280 283 284 285 284 283 282 285 286 287 286 285 284 288 286 289 286 288 287 290 289 291 289 290 288 292 291 293 291 292 290 294 293 295 293 294 292 271 295 270 295 271 294 296 272 297 272 296 273 298 275 299 275 298 274 277 300 276 300 277 301 279 302 278 302 279 303 303 304 302 304 303 305 305 306 304 306 305 307 307 308 306 308 307 309 309 297 308 297 309 296 310 299 311 299 310 298 301 311 300 311 301 310</p>
                </triangles>
            </mesh>
        </geometry>
        <geometry id="ID50">
            <mesh>
                <source id="ID56">
                    <float_array id="ID60" count="222">0.7433971 -0.1181102 0.02012254 0.4377053 -0.1181102 0.02012254 0.5905512 -0.1181102 -6.661338e-16 0.8858268 -0.1181102 0.07911886 0.2952756 -0.1181102 0.07911886 1.008134 -0.1181102 0.1729684 0.1729684 -0.1181102 0.1729684 1.101984 -0.1181102 0.2952756 0.07911886 -0.1181102 0.2952756 1.16098 -0.1181102 0.4377053 0.02012254 -0.1181102 0.4377053 1.181102 -0.1181102 0.5905512 0 -0.1181102 0.5905512 1.122047 -0.1181102 1.219937 1.181102 -0.1181102 1.968504 1.122047 -0.1181102 1.909449 0.05905512 -0.1181102 1.909449 0.05905512 -0.1181102 1.219937 0 -0.1181102 1.968504 0 0 1.968504 0 -0.1181102 0.5905512 0 -0.1181102 1.968504 0 0 0.5905512 0 0 0.5905512 0.02012254 -0.1181102 0.4377053 0 -0.1181102 0.5905512 0.02012254 0 0.4377053 0.07911886 -0.1181102 0.2952756 0.07911886 0 0.2952756 0.1729684 -0.1181102 0.1729684 0.1729684 0 0.1729684 0.2952756 0 0.07911886 0.2952756 -0.1181102 0.07911886 0.4377053 0 0.02012254 0.4377053 -0.1181102 0.02012254 0.5905512 0 -6.661338e-16 0.5905512 -0.1181102 -6.661338e-16 0.7433971 0 0.02012254 0.5905512 -0.1181102 -6.661338e-16 0.5905512 0 -6.661338e-16 0.7433971 -0.1181102 0.02012254 0.8858268 0 0.07911886 0.8858268 -0.1181102 0.07911886 1.008134 0 0.1729684 1.008134 -0.1181102 0.1729684 1.101984 -0.1181102 0.2952756 1.101984 0 0.2952756 1.16098 -0.1181102 0.4377053 1.16098 0 0.4377053 1.181102 -0.1181102 0.5905512 1.181102 0 0.5905512 1.181102 0 0.5905512 1.181102 -0.1181102 1.968504 1.181102 -0.1181102 0.5905512 1.181102 0 1.968504 1.181102 -0.1181102 1.968504 0 0 1.968504 0 -0.1181102 1.968504 1.181102 0 1.968504 0.4377053 0 0.02012254 0.7433971 0 0.02012254 0.5905512 0 -6.661338e-16 0.2952756 0 0.07911886 0.8858268 0 0.07911886 1.008134 0 0.1729684 0.1729684 0 0.1729684 0.07911886 0 0.2952756 1.101984 0 0.2952756 1.16098 0 0.4377053 0.02012254 0 0.4377053 1.181102 0 0.5905512 0 0 0.5905512 1.181102 0 1.968504 0 0 1.968504</float_array>
                    <technique_common>
                        <accessor count="74" source="#ID60" stride="3">
                            <param name="X" type="float" />
                            <param name="Y" type="float" />
                            <param name="Z" type="float" />
                        </accessor>
                    </technique_common>
                </source>
                <source id="ID57">
                    <float_array id="ID61" count="222">0 -1 0 0 -1 0 0 -1 0 0 -1 0 0 -1 0 0 -1 0 0 -1 0 0 -1 0 0 -1 0 0 -1 0 0 -1 0 0 -1 0 0 -1 0 0 -1 0 0 -1 0 0 -1 0 0 -1 0 0 -1 0 0 -1 0 -1 0 0 -1 0 0 -1 0 0 -1 0 0 -0.9914449 0 -0.1305262 -0.9659258 0 -0.258819 -0.9914449 0 -0.1305262 -0.9659258 0 -0.258819 -0.8660254 0 -0.5 -0.8660254 0 -0.5 -0.7071068 0 -0.7071068 -0.7071068 0 -0.7071068 -0.5 0 -0.8660254 -0.5 0 -0.8660254 -0.258819 0 -0.9659258 -0.258819 0 -0.9659258 -0.1305262 0 -0.9914449 -0.1305262 0 -0.9914449 0.258819 0 -0.9659258 0.1305262 0 -0.9914449 0.1305262 0 -0.9914449 0.258819 0 -0.9659258 0.5 0 -0.8660254 0.5 0 -0.8660254 0.7071068 0 -0.7071068 0.7071068 0 -0.7071068 0.8660254 0 -0.5 0.8660254 0 -0.5 0.9659258 0 -0.258819 0.9659258 0 -0.258819 0.9914449 0 -0.1305262 0.9914449 0 -0.1305262 1 0 0 1 0 0 1 0 0 1 0 0 0 0 1 0 0 1 0 0 1 0 0 1 0 1 0 0 1 0 0 1 0 0 1 0 0 1 0 0 1 0 0 1 0 0 1 0 0 1 0 0 1 0 0 1 0 0 1 0 0 1 0 0 1 0 0 1 0</float_array>
                    <technique_common>
                        <accessor count="74" source="#ID61" stride="3">
                            <param name="X" type="float" />
                            <param name="Y" type="float" />
                            <param name="Z" type="float" />
                        </accessor>
                    </technique_common>
                </source>
                <source id="ID59">
                    <float_array id="ID62" count="178">0.3776457 0.01022225 0.2223543 0.01022225 0.3 -3.38396e-16 0.45 0.04019238 0.15 0.04019238 0.512132 0.08786797 0.08786797 0.08786797 0.5598076 0.15 0.04019238 0.15 0.5897777 0.2223543 0.01022225 0.2223543 0.6 0.3 0 0.3 0.57 0.619728 0.6 1 0.57 0.97 0.03 0.97 0.03 0.619728 0 1 0.06 0.3 0.06 1 0 0.2974335 0.06 0.2191177 0.06 0.2974335 0 0.2191177 0 0.2015167 0.06 0.123201 0.06 0.2015167 0 0.123201 0 0.09453543 0.06 0.01621972 0.06 0.09453543 0 0.01621972 0 -0.09453543 0.06 -0.01621972 0 -0.01621972 0.06 -0.09453543 0 -0.2015167 0.06 -0.123201 0 -0.123201 0.06 -0.2015167 0 -0.2974335 0.06 -0.2191177 0 -0.2191177 0.06 -0.2974335 0 0.3757492 -0.06 0.2974335 0 0.2974335 -0.06 0.3757492 0 0.4311267 -0.06 0.352811 0 0.352811 -0.06 0.4311267 0 0.4597923 -0.06 0.3814766 0 0.3814766 -0.06 0.4597923 0 0.3814766 -0.06 0.4597923 -0.06 0.3814766 0 0.4597923 0 0.352811 -0.06 0.4311267 -0.06 0.352811 0 0.4311267 0 0.2974335 -0.06 0.3757492 -0.06 0.2974335 0 0.3757492 0 0.3 -0.06 1 -0.06 0.3 0.6 -0.06 0 0 0 -0.06 0.6 0 -0.2223543 0.01022225 -0.3776457 0.01022225 -0.3 -3.38396e-16 -0.15 0.04019238 -0.45 0.04019238 -0.512132 0.08786797 -0.08786797 0.08786797 -0.04019238 0.15 -0.5598076 0.15 -0.5897777 0.2223543 -0.01022225 0.2223543 -0.6 0.3 -0.6 1</float_array>
                    <technique_common>
                        <accessor count="89" source="#ID62" stride="2">
                            <param name="S" type="float" />
                            <param name="T" type="float" />
                        </accessor>
                    </technique_common>
                </source>
                <vertices id="ID58">
                    <input semantic="POSITION" source="#ID56" />
                    <input semantic="NORMAL" source="#ID57" />
                </vertices>
                <triangles count="62" material="Material2">
                    <input offset="0" semantic="VERTEX" source="#ID58" />
                    <input offset="1" semantic="TEXCOORD" source="#ID59" />
                    <p>0 0 1 1 2 2 1 1 0 0 3 3 1 1 3 3 4 4 4 4 3 3 5 5 4 4 5 5 6 6 6 6 5 5 7 7 6 6 7 7 8 8 8 8 7 7 9 9 8 8 9 9 10 10 10 10 9 9 11 11 10 10 11 11 12 12 12 12 11 11 13 13 13 13 11 11 14 14 13 13 14 14 15 15 15 15 14 14 16 16 12 12 17 17 18 18 17 17 12 12 13 13 18 18 17 17 16 16 18 18 16 16 14 14 19 18 20 19 21 20 20 19 19 18 22 12 23 21 24 22 25 23 24 22 23 21 26 24 26 25 27 26 24 27 27 26 26 25 28 28 28 29 29 30 27 31 29 30 28 29 30 32 31 33 29 34 30 35 29 34 31 33 32 36 33 37 32 38 31 39 32 38 33 37 34 40 35 41 34 42 33 43 34 42 35 41 36 44 37 45 38 46 39 47 38 46 37 45 40 48 41 49 40 50 37 51 40 50 41 49 42 52 43 53 42 54 41 55 42 54 43 53 44 56 43 57 45 58 44 59 45 58 43 57 46 60 46 61 47 62 45 63 47 62 46 61 48 64 48 65 49 66 47 67 49 66 48 65 50 68 51 69 52 70 53 71 52 70 51 69 54 18 55 72 56 73 57 74 56 73 55 72 58 75 59 76 60 77 61 78 60 77 59 76 62 79 60 77 62 79 63 80 63 80 62 79 64 81 64 81 62 79 65 82 64 81 65 82 66 83 64 81 66 83 67 84 67 84 66 83 68 85 68 85 66 83 69 86 68 85 69 86 70 87 70 87 69 86 71 12 70 87 71 12 72 88 72 88 71 12 73 18</p>
                </triangles>
            </mesh>
        </geometry>
        <geometry id="ID63">
            <mesh>
                <source id="ID69">
                    <float_array id="ID73" count="12">1.122047 -0.05905512 1.909449 0.05905512 -0.05905512 1.219937 1.122047 -0.05905512 1.219937 0.05905512 -0.05905512 1.909449</float_array>
                    <technique_common>
                        <accessor count="4" source="#ID73" stride="3">
                            <param name="X" type="float" />
                            <param name="Y" type="float" />
                            <param name="Z" type="float" />
                        </accessor>
                    </technique_common>
                </source>
                <source id="ID70">
                    <float_array id="ID74" count="12">0 -1 0 0 -1 0 0 -1 0 0 -1 0</float_array>
                    <technique_common>
                        <accessor count="4" source="#ID74" stride="3">
                            <param name="X" type="float" />
                            <param name="Y" type="float" />
                            <param name="Z" type="float" />
                        </accessor>
                    </technique_common>
                </source>
                <source id="ID72">
                    <float_array id="ID75" count="8">0.9999999 0.9999999 -3.866455e-08 0.4208466 0.9999999 0.4208465 -1.387779e-17 1</float_array>
                    <technique_common>
                        <accessor count="4" source="#ID75" stride="2">
                            <param name="S" type="float" />
                            <param name="T" type="float" />
                        </accessor>
                    </technique_common>
                </source>
                <vertices id="ID71">
                    <input semantic="POSITION" source="#ID69" />
                    <input semantic="NORMAL" source="#ID70" />
                </vertices>
                <triangles count="2" material="Material2">
                    <input offset="0" semantic="VERTEX" source="#ID71" />
                    <input offset="1" semantic="TEXCOORD" source="#ID72" />
                    <p>0 0 1 1 2 2 1 1 0 0 3 3</p>
                </triangles>
            </mesh>
        </geometry>
        <geometry id="ID76">
            <mesh>
                <source id="ID77">
                    <float_array id="ID81" count="48">0.05905512 -0.05905512 1.219937 0.05905512 -0.1181102 1.909449 0.05905512 -0.1181102 1.219937 0.05905512 -0.05905512 1.909449 1.122047 -0.1181102 1.219937 0.05905512 -0.05905512 1.219937 0.05905512 -0.1181102 1.219937 1.122047 -0.05905512 1.219937 1.122047 -0.05905512 1.909449 0.05905512 -0.1181102 1.909449 0.05905512 -0.05905512 1.909449 1.122047 -0.1181102 1.909449 1.122047 -0.05905512 1.909449 1.122047 -0.1181102 1.219937 1.122047 -0.1181102 1.909449 1.122047 -0.05905512 1.219937</float_array>
                    <technique_common>
                        <accessor count="16" source="#ID81" stride="3">
                            <param name="X" type="float" />
                            <param name="Y" type="float" />
                            <param name="Z" type="float" />
                        </accessor>
                    </technique_common>
                </source>
                <source id="ID78">
                    <float_array id="ID82" count="48">1 0 0 1 0 0 1 0 0 1 0 0 0 0 1 0 0 1 0 0 1 0 0 1 -0 -0 -1 -0 -0 -1 -0 -0 -1 -0 -0 -1 -1 0 0 -1 0 0 -1 0 0 -1 0 0</float_array>
                    <technique_common>
                        <accessor count="16" source="#ID82" stride="3">
                            <param name="X" type="float" />
                            <param name="Y" type="float" />
                            <param name="Z" type="float" />
                        </accessor>
                    </technique_common>
                </source>
                <source id="ID80">
                    <float_array id="ID83" count="32">-0.03 0.619728 -0.06 0.97 -0.06 0.619728 -0.03 0.97 0.57 -0.06 0.03 -0.03 0.03 -0.06 0.57 -0.03 -0.57 -0.03 -0.03 -0.06 -0.03 -0.03 -0.57 -0.06 0.03 0.97 0.06 0.619728 0.06 0.97 0.03 0.619728</float_array>
                    <technique_common>
                        <accessor count="16" source="#ID83" stride="2">
                            <param name="S" type="float" />
                            <param name="T" type="float" />
                        </accessor>
                    </technique_common>
                </source>
                <vertices id="ID79">
                    <input semantic="POSITION" source="#ID77" />
                    <input semantic="NORMAL" source="#ID78" />
                </vertices>
                <triangles count="8" material="Material2">
                    <input offset="0" semantic="VERTEX" source="#ID79" />
                    <input offset="1" semantic="TEXCOORD" source="#ID80" />
                    <p>0 0 1 1 2 2 1 1 0 0 3 3 4 4 5 5 6 6 5 5 4 4 7 7 8 8 9 9 10 10 9 9 8 8 11 11 12 12 13 13 14 14 13 13 12 12 15 15</p>
                </triangles>
            </mesh>
        </geometry>
        <geometry id="ID84">
            <mesh>
                <source id="ID90">
                    <float_array id="ID94" count="24">1.122047 -0.1181102 1.909449 0.05905512 -0.1181102 1.219937 1.122047 -0.1181102 1.219937 0.05905512 -0.1181102 1.909449 0.05905512 -0.1181102 1.909449 1.122047 -0.1181102 1.909449 0.05905512 -0.1181102 1.219937 1.122047 -0.1181102 1.219937</float_array>
                    <technique_common>
                        <accessor count="8" source="#ID94" stride="3">
                            <param name="X" type="float" />
                            <param name="Y" type="float" />
                            <param name="Z" type="float" />
                        </accessor>
                    </technique_common>
                </source>
                <source id="ID91">
                    <float_array id="ID95" count="24">0 -1 0 0 -1 0 0 -1 0 0 -1 0 -0 1 -0 -0 1 -0 -0 1 -0 -0 1 -0</float_array>
                    <technique_common>
                        <accessor count="8" source="#ID95" stride="3">
                            <param name="X" type="float" />
                            <param name="Y" type="float" />
                            <param name="Z" type="float" />
                        </accessor>
                    </technique_common>
                </source>
                <source id="ID93">
                    <float_array id="ID96" count="8">0.01558399 0.02652012 0.00082021 0.01694357 0.01558399 0.01694357 0.00082021 0.02652012</float_array>
                    <technique_common>
                        <accessor count="4" source="#ID96" stride="2">
                            <param name="S" type="float" />
                            <param name="T" type="float" />
                        </accessor>
                    </technique_common>
                </source>
                <vertices id="ID92">
                    <input semantic="POSITION" source="#ID90" />
                    <input semantic="NORMAL" source="#ID91" />
                </vertices>
                <triangles count="4" material="Material2">
                    <input offset="0" semantic="VERTEX" source="#ID92" />
                    <input offset="1" semantic="TEXCOORD" source="#ID93" />
                    <p>0 0 1 1 2 2 1 1 0 0 3 3 4 3 5 0 6 1 7 2 6 1 5 0</p>
                </triangles>
            </mesh>
        </geometry>
        <geometry id="ID101">
            <mesh>
                <source id="ID107">
                    <float_array id="ID111" count="708">0.0492126 1.54045 0.2322835 -0.0492126 1.61539 0.2322835 -0.0492126 1.54045 0.2322835 0.0492126 1.61539 0.2322835 -0.0492126 1.693988 0.1536859 0.0492126 1.61539 0.2322835 0.0492126 1.693988 0.1536859 -0.0492126 1.61539 0.2322835 -0.0492126 0.502773 0.4549943 -0.0492126 0.1878123 0.2581439 -0.0492126 0.1878123 0.4549943 -0.0492126 0.2467625 0.06959712 -0.0492126 0.2755906 -1.110223e-16 -0.0492126 0.06868374 0.1885987 -0.0492126 0 3.330669e-16 -0.0492126 0 0.0689713 -0.0492126 0 -0.0689713 -0.0492126 0.06868374 -0.1885987 -0.0492126 0.07874016 -1.110223e-16 -0.0492126 0.1075682 0.06959712 -0.0492126 0.1771654 0.0984252 -0.0492126 0.1075682 -0.06959712 -0.0492126 0.1878123 -0.2581439 -0.0492126 0.1771654 -0.0984252 -0.0492126 0.2467625 -0.06959712 -0.0492126 0.1878123 -0.4549943 -0.0492126 0.502773 -0.4549943 -0.0492126 0.7254838 0.2322835 -0.0492126 0.7254838 -0.2322835 -0.0492126 0.8042239 0.06692913 -0.0492126 0.9523664 0.2322835 -0.0492126 1.021343 0.1814846 -0.0492126 1.262939 0.1350488 -0.0492126 1.693988 0.06692913 -0.0492126 1.082366 0.1814846 -0.0492126 1.12912 0.2322835 -0.0492126 1.202969 0.2322835 -0.0492126 1.308608 0.1350488 -0.0492126 1.4517 0.1527654 -0.0492126 1.352899 0.1974039 -0.0492126 1.416285 0.1974039 -0.0492126 1.49107 0.1527654 -0.0492126 1.54045 0.2322835 -0.0492126 1.61539 0.2322835 -0.0492126 1.693988 0.1536859 -0.0492126 0.9223342 0.007874016 -0.0492126 1.693988 -0.2322835 -0.0492126 0.8042239 0.04724409 -0.0492126 1.693988 0.007874016 0.0492126 1.54045 0.2322835 -0.0492126 1.49107 0.1527654 0.0492126 1.49107 0.1527654 -0.0492126 1.54045 0.2322835 0.0492126 0.502773 -0.4549943 0.0492126 0.1878123 -0.2581439 0.0492126 0.1878123 -0.4549943 0.0492126 0.2467625 -0.06959712 0.0492126 0.2755906 -1.110223e-16 0.0492126 0.06868374 -0.1885987 0.0492126 0 -1.110223e-16 0.0492126 0 -0.0689713 0.0492126 0 0.0689713 0.0492126 0.06868374 0.1885987 0.0492126 0.07874016 -1.110223e-16 0.0492126 0.1075682 -0.06959712 0.0492126 0.1771654 -0.0984252 0.0492126 0.1075682 0.06959712 0.0492126 0.1878123 0.2581439 0.0492126 0.1771654 0.0984252 0.0492126 0.2467625 0.06959712 0.0492126 0.1878123 0.4549943 0.0492126 0.502773 0.4549943 0.0492126 0.7254838 -0.2322835 0.0492126 0.7254838 0.2322835 0.0492126 0.8042239 -0.1929134 0.0492126 1.693988 -0.2322835 0.0492126 1.693988 -0.1929134 0.0492126 1.693988 -0.07480315 0.0492126 0.8042239 -0.05511811 0.0492126 0.8042239 -0.07480315 0.0492126 1.693988 -0.05511811 0.0492126 0.8042239 -0.03543307 0.0492126 0.9523664 0.2322835 0.0492126 0.9223342 0.003937008 0.0492126 1.021343 0.1814846 0.0492126 1.693988 0.003937008 0.0492126 1.082366 0.1814846 0.0492126 1.262939 0.1350488 0.0492126 1.12912 0.2322835 0.0492126 1.202969 0.2322835 0.0492126 1.308608 0.1350488 0.0492126 1.352899 0.1974039 0.0492126 1.4517 0.1527654 0.0492126 1.416285 0.1974039 0.0492126 1.49107 0.1527654 0.0492126 1.54045 0.2322835 0.0492126 1.61539 0.2322835 0.0492126 1.693988 0.1536859 -0.0492126 1.693988 -0.2322835 0.0492126 1.693988 -0.1929134 0.0492126 1.693988 -0.2322835 -0.00984252 1.693988 -0.1929134 -0.0492126 1.693988 0.007874016 -0.00984252 1.693988 -0.07480315 -0.00984252 1.693988 -0.05511811 -0.00984252 1.693988 0.003937008 0.0492126 1.693988 0.003937008 0.00984252 1.693988 0.007874016 -0.0492126 1.693988 0.1536859 0.00984252 1.693988 0.06692913 -0.0492126 1.693988 0.06692913 0.0492126 1.693988 0.1536859 0.0492126 1.693988 -0.05511811 0.0492126 1.693988 -0.07480315 -0.0492126 1.693988 0.06692913 0.00984252 0.9223342 0.06692913 -0.0492126 0.8042239 0.06692913 0.00984252 1.693988 0.06692913 0.00984252 0.9223342 0.06692913 -0.0492126 0.8042239 0.04724409 -0.0492126 0.8042239 0.06692913 0.00984252 0.9223342 0.007874016 0.00984252 0.9223342 0.007874016 -0.0492126 0.9223342 0.007874016 -0.0492126 0.8042239 0.04724409 -0.0492126 1.693988 0.007874016 0.00984252 1.693988 0.007874016 0.0492126 1.693988 -0.2322835 -0.0492126 0.7254838 -0.2322835 -0.0492126 1.693988 -0.2322835 0.0492126 0.7254838 -0.2322835 -0.0492126 0.502773 -0.4549943 0.0492126 0.502773 -0.4549943 -0.0492126 0.1878123 -0.4549943 0.0492126 0.1878123 -0.4549943 0.0492126 0.1878123 -0.2581439 -0.0492126 0.1878123 -0.4549943 0.0492126 0.1878123 -0.4549943 -0.0492126 0.1878123 -0.2581439 0.0492126 0.1878123 -0.2581439 -0.0492126 0.06868374 -0.1885987 -0.0492126 0.1878123 -0.2581439 0.0492126 0.06868374 -0.1885987 0.0492126 0 -0.0689713 -0.0492126 0 -0.0689713 0.0492126 0 -1.110223e-16 -0.0492126 0 3.330669e-16 0.0492126 0 0.0689713 -0.0492126 0 0.0689713 0.0492126 0.06868374 0.1885987 -0.0492126 0.06868374 0.1885987 -0.0492126 0.1878123 0.2581439 0.0492126 0.1878123 0.2581439 0.0492126 0.1878123 0.4549943 -0.0492126 0.1878123 0.2581439 0.0492126 0.1878123 0.2581439 -0.0492126 0.1878123 0.4549943 0.0492126 0.1878123 0.4549943 -0.0492126 0.502773 0.4549943 -0.0492126 0.1878123 0.4549943 0.0492126 0.502773 0.4549943 -0.0492126 0.7254838 0.2322835 0.0492126 0.7254838 0.2322835 0.0492126 0.9523664 0.2322835 -0.0492126 0.9523664 0.2322835 0.0492126 0.9523664 0.2322835 -0.0492126 1.021343 0.1814846 -0.0492126 0.9523664 0.2322835 0.0492126 1.021343 0.1814846 0.0492126 1.021343 0.1814846 -0.0492126 1.082366 0.1814846 -0.0492126 1.021343 0.1814846 0.0492126 1.082366 0.1814846 0.0492126 1.082366 0.1814846 -0.0492126 1.12912 0.2322835 -0.0492126 1.082366 0.1814846 0.0492126 1.12912 0.2322835 0.0492126 1.12912 0.2322835 -0.0492126 1.202969 0.2322835 -0.0492126 1.12912 0.2322835 0.0492126 1.202969 0.2322835 -0.0492126 1.202969 0.2322835 0.0492126 1.262939 0.1350488 -0.0492126 1.262939 0.1350488 0.0492126 1.202969 0.2322835 0.0492126 1.262939 0.1350488 -0.0492126 1.308608 0.1350488 -0.0492126 1.262939 0.1350488 0.0492126 1.308608 0.1350488 0.0492126 1.352899 0.1974039 -0.0492126 1.308608 0.1350488 0.0492126 1.308608 0.1350488 -0.0492126 1.352899 0.1974039 0.0492126 1.352899 0.1974039 -0.0492126 1.416285 0.1974039 -0.0492126 1.352899 0.1974039 0.0492126 1.416285 0.1974039 -0.0492126 1.416285 0.1974039 0.0492126 1.4517 0.1527654 -0.0492126 1.4517 0.1527654 0.0492126 1.416285 0.1974039 0.0492126 1.4517 0.1527654 -0.0492126 1.49107 0.1527654 -0.0492126 1.4517 0.1527654 0.0492126 1.49107 0.1527654 0.0492126 0.8042239 -0.1929134 -0.00984252 1.693988 -0.1929134 -0.00984252 0.9223342 -0.1929134 0.0492126 1.693988 -0.1929134 -0.00984252 0.9223342 -0.1929134 0.0492126 0.8042239 -0.07480315 0.0492126 0.8042239 -0.1929134 -0.00984252 0.9223342 -0.07480315 0.0492126 1.693988 -0.07480315 -0.00984252 0.9223342 -0.07480315 -0.00984252 1.693988 -0.07480315 0.0492126 0.8042239 -0.07480315 0.0492126 0.8042239 -0.05511811 -0.00984252 1.693988 -0.05511811 -0.00984252 0.9223342 -0.05511811 0.0492126 1.693988 -0.05511811 -0.00984252 0.9223342 -0.05511811 0.0492126 0.8042239 -0.03543307 0.0492126 0.8042239 -0.05511811 -0.00984252 0.9223342 0.003937008 0.0492126 0.8042239 -0.03543307 -0.00984252 0.9223342 0.003937008 0.0492126 0.9223342 0.003937008 0.0492126 1.693988 0.003937008 -0.00984252 1.693988 0.003937008 -0.00984252 1.693988 -0.05511811 -0.00984252 1.693988 0.003937008 -0.00984252 1.693988 -0.1929134 -0.00984252 1.693988 -0.07480315 0.00984252 1.693988 0.06692913 0.00984252 1.693988 0.007874016</float_array>
                    <technique_common>
                        <accessor count="236" source="#ID111" stride="3">
                            <param name="X" type="float" />
                            <param name="Y" type="float" />
                            <param name="Z" type="float" />
                        </accessor>
                    </technique_common>
                </source>
                <source id="ID108">
                    <float_array id="ID112" count="708">1.127987e-15 -1.481485e-15 1 1.127987e-15 -1.481485e-15 1 1.127987e-15 -1.481485e-15 1 1.127987e-15 -1.481485e-15 1 1.614406e-15 0.7071068 0.7071068 1.614406e-15 0.7071068 0.7071068 1.614406e-15 0.7071068 0.7071068 1.614406e-15 0.7071068 0.7071068 -1 8.83413e-16 3.099951e-15 -1 8.83413e-16 3.099951e-15 -1 8.83413e-16 3.099951e-15 -1 8.83413e-16 3.099951e-15 -1 8.83413e-16 3.099951e-15 -1 8.83413e-16 3.099951e-15 -1 8.83413e-16 3.099951e-15 -1 8.83413e-16 3.099951e-15 -1 8.83413e-16 3.099951e-15 -1 8.83413e-16 3.099951e-15 -1 8.83413e-16 3.099951e-15 -1 8.83413e-16 3.099951e-15 -1 8.83413e-16 3.099951e-15 -1 8.83413e-16 3.099951e-15 -1 8.83413e-16 3.099951e-15 -1 8.83413e-16 3.099951e-15 -1 8.83413e-16 3.099951e-15 -1 8.83413e-16 3.099951e-15 -1 8.83413e-16 3.099951e-15 -1 8.83413e-16 3.099951e-15 -1 8.83413e-16 3.099951e-15 -1 8.83413e-16 3.099951e-15 -1 8.83413e-16 3.099951e-15 -1 8.83413e-16 3.099951e-15 -1 8.83413e-16 3.099951e-15 -1 8.83413e-16 3.099951e-15 -1 8.83413e-16 3.099951e-15 -1 8.83413e-16 3.099951e-15 -1 8.83413e-16 3.099951e-15 -1 8.83413e-16 3.099951e-15 -1 8.83413e-16 3.099951e-15 -1 8.83413e-16 3.099951e-15 -1 8.83413e-16 3.099951e-15 -1 8.83413e-16 3.099951e-15 -1 8.83413e-16 3.099951e-15 -1 8.83413e-16 3.099951e-15 -1 8.83413e-16 3.099951e-15 -1 8.83413e-16 3.099951e-15 -1 8.83413e-16 3.099951e-15 -1 8.83413e-16 3.099951e-15 -1 8.83413e-16 3.099951e-15 0 -0.8495226 0.5275523 0 -0.8495226 0.5275523 0 -0.8495226 0.5275523 0 -0.8495226 0.5275523 1 1.632902e-16 -2.767148e-15 1 1.632902e-16 -2.767148e-15 1 1.632902e-16 -2.767148e-15 1 1.632902e-16 -2.767148e-15 1 1.632902e-16 -2.767148e-15 1 1.632902e-16 -2.767148e-15 1 1.632902e-16 -2.767148e-15 1 1.632902e-16 -2.767148e-15 1 1.632902e-16 -2.767148e-15 1 1.632902e-16 -2.767148e-15 1 1.632902e-16 -2.767148e-15 1 1.632902e-16 -2.767148e-15 1 1.632902e-16 -2.767148e-15 1 1.632902e-16 -2.767148e-15 1 1.632902e-16 -2.767148e-15 1 1.632902e-16 -2.767148e-15 1 1.632902e-16 -2.767148e-15 1 1.632902e-16 -2.767148e-15 1 1.632902e-16 -2.767148e-15 1 1.632902e-16 -2.767148e-15 1 1.632902e-16 -2.767148e-15 1 1.632902e-16 -2.767148e-15 1 1.632902e-16 -2.767148e-15 1 1.632902e-16 -2.767148e-15 1 1.632902e-16 -2.767148e-15 1 1.632902e-16 -2.767148e-15 1 1.632902e-16 -2.767148e-15 1 1.632902e-16 -2.767148e-15 1 1.632902e-16 -2.767148e-15 1 1.632902e-16 -2.767148e-15 1 1.632902e-16 -2.767148e-15 1 1.632902e-16 -2.767148e-15 1 1.632902e-16 -2.767148e-15 1 1.632902e-16 -2.767148e-15 1 1.632902e-16 -2.767148e-15 1 1.632902e-16 -2.767148e-15 1 1.632902e-16 -2.767148e-15 1 1.632902e-16 -2.767148e-15 1 1.632902e-16 -2.767148e-15 1 1.632902e-16 -2.767148e-15 1 1.632902e-16 -2.767148e-15 1 1.632902e-16 -2.767148e-15 1 1.632902e-16 -2.767148e-15 1 1.632902e-16 -2.767148e-15 1 1.632902e-16 -2.767148e-15 -1.280292e-16 1 -4.752842e-16 -1.280292e-16 1 -4.752842e-16 -1.280292e-16 1 -4.752842e-16 -1.280292e-16 1 -4.752842e-16 -1.280292e-16 1 -4.752842e-16 -1.280292e-16 1 -4.752842e-16 -1.280292e-16 1 -4.752842e-16 -1.280292e-16 1 -4.752842e-16 -1.280292e-16 1 -4.752842e-16 -1.280292e-16 1 -4.752842e-16 -1.280292e-16 1 -4.752842e-16 -1.280292e-16 1 -4.752842e-16 -1.280292e-16 1 -4.752842e-16 -1.280292e-16 1 -4.752842e-16 -1.280292e-16 1 -4.752842e-16 -1.280292e-16 1 -4.752842e-16 6.827872e-15 -7.652462e-16 -1 6.827872e-15 -7.652462e-16 -1 6.827872e-15 -7.652462e-16 -1 6.827872e-15 -7.652462e-16 -1 -0.973249 0.2297529 9.929342e-15 -0.8944272 0.4472136 9.973816e-15 -0.8944272 0.4472136 9.973816e-15 -0.9784782 0.2063503 9.894125e-15 1.040627e-14 0.1338455 0.9910022 1.033938e-14 0.1601822 0.9870875 9.781357e-15 0.3162278 0.9486833 1.063039e-14 -2.052991e-32 1 1.063039e-14 -2.052991e-32 1 -5.551115e-15 -5.338274e-16 -1 -5.615576e-15 0.3826834 -0.9238795 -5.551115e-15 -5.338274e-16 -1 -5.615576e-15 0.3826834 -0.9238795 -4.458943e-15 0.3826834 -0.9238795 -4.458943e-15 0.3826834 -0.9238795 -3.413936e-15 0 -1 -3.413936e-15 0 -1 1.967286e-16 -1 -1.198157e-30 1.967286e-16 -1 -1.198157e-30 1.967286e-16 -1 -1.198157e-30 1.967286e-16 -1 -1.198157e-30 -2.542164e-15 -0.5041605 -0.86361 -2.069781e-15 -0.7096535 -0.7045508 -2.542164e-15 -0.5041605 -0.86361 -2.069781e-15 -0.7096535 -0.7045508 -7.542826e-16 -0.9662364 -0.2576571 -7.542826e-16 -0.9662364 -0.2576571 0 -1 0 0 -1 0 8.404589e-16 -0.9662364 0.2576571 8.404589e-16 -0.9662364 0.2576571 2.364217e-15 -0.7096535 0.7045508 2.364217e-15 -0.7096535 0.7045508 2.94462e-15 -0.5041605 0.86361 2.94462e-15 -0.5041605 0.86361 1.967286e-16 -1 -1.000942e-30 1.967286e-16 -1 -1.000942e-30 1.967286e-16 -1 -1.000942e-30 1.967286e-16 -1 -1.000942e-30 3.524958e-15 0 1 2.80661e-15 0.3826834 0.9238795 3.524958e-15 0 1 2.80661e-15 0.3826834 0.9238795 1.204147e-15 0.3826834 0.9238795 1.204147e-15 0.3826834 0.9238795 5.639933e-16 3.180697e-15 1 5.639933e-16 3.180697e-15 1 -3.640684e-15 0.593003 0.8052003 -3.640684e-15 0.593003 0.8052003 -3.640684e-15 0.593003 0.8052003 -3.640684e-15 0.593003 0.8052003 -4.511946e-15 0 1 -4.511946e-15 0 1 -4.511946e-15 0 1 -4.511946e-15 0 1 -3.061945e-15 -0.735797 0.6772022 -3.061945e-15 -0.735797 0.6772022 -3.061945e-15 -0.735797 0.6772022 -3.061945e-15 -0.735797 0.6772022 -2.255973e-15 -3.00674e-15 1 -2.255973e-15 -3.00674e-15 1 -2.255973e-15 -3.00674e-15 1 -2.255973e-15 -3.00674e-15 1 0 0.8511359 0.5249454 0 0.8511359 0.5249454 0 0.8511359 0.5249454 0 0.8511359 0.5249454 0 0 1 0 0 1 0 0 1 0 0 1 9.880685e-18 -0.8152714 0.579079 9.880685e-18 -0.8152714 0.579079 9.880685e-18 -0.8152714 0.579079 9.880685e-18 -0.8152714 0.579079 0 0 1 0 0 1 0 0 1 0 0 1 -8.683563e-18 0.7833944 0.6215249 -8.683563e-18 0.7833944 0.6215249 -8.683563e-18 0.7833944 0.6215249 -8.683563e-18 0.7833944 0.6215249 0 0 1 0 0 1 0 0 1 0 0 1 2.63678e-15 -1.483892e-16 1 2.63678e-15 -1.483892e-16 1 2.63678e-15 -1.483892e-16 1 2.63678e-15 -1.483892e-16 1 0.973249 0.2297529 -3.327316e-15 0.8944272 0.4472136 -2.951655e-15 0.8944272 0.4472136 -2.951655e-15 0.973249 0.2297529 -3.327316e-15 -3.330669e-15 2.888993e-17 -1 -3.330669e-15 2.888993e-17 -1 -3.330669e-15 2.888993e-17 -1 -3.330669e-15 2.888993e-17 -1 1.776357e-15 -6.027491e-16 1 1.776357e-15 -6.027491e-16 1 1.776357e-15 -6.027491e-16 1 1.776357e-15 -6.027491e-16 1 0.973249 0.2297529 -3.134816e-15 0.8944272 0.4472136 -3.326355e-15 0.8944272 0.4472136 -3.326355e-15 0.9784782 0.2063503 -3.105173e-15 -1.177129e-15 0.3162278 -0.9486833 -2.134324e-15 0.1338455 -0.9910022 -2.002197e-15 0.1601822 -0.9870875 -2.775558e-15 0 -1 -2.775558e-15 0 -1 1 -9.510864e-17 -2.775558e-15 1 -9.510864e-17 -2.775558e-15 1 9.331414e-17 -3.524958e-15 1 9.331414e-17 -3.524958e-15 -1 -9.331414e-17 9.353629e-15 -1 -9.331414e-17 9.353629e-15</float_array>
                    <technique_common>
                        <accessor count="236" source="#ID112" stride="3">
                            <param name="X" type="float" />
                            <param name="Y" type="float" />
                            <param name="Z" type="float" />
                        </accessor>
                    </technique_common>
                </source>
                <source id="ID110">
                    <float_array id="ID113" count="524">0.125 3.912744 -0.125 4.103091 -0.125 3.912744 0.125 4.103091 0.125 -2.766461 -0.125 -2.48413 -0.125 -2.766461 0.125 -2.48413 -1.277043 1.155685 -0.4770433 0.6556854 -0.4770433 1.155685 -0.6267767 0.1767767 -0.7 -6.694905e-16 -0.1744567 0.4790406 1.104266e-16 4.584961e-16 1.104266e-16 0.1751871 1.104266e-16 -0.1751871 -0.1744567 -0.4790406 -0.2 -6.694905e-16 -0.2732233 0.1767767 -0.45 0.25 -0.2732233 -0.1767767 -0.4770433 -0.6556854 -0.45 -0.25 -0.6267767 -0.1767767 -0.4770433 -1.155685 -1.277043 -1.155685 -1.842729 0.59 -1.842729 -0.59 -2.042729 0.17 -2.419011 0.59 -2.594211 0.460971 -3.207866 0.343024 -4.302729 0.17 -2.749211 0.460971 -2.867965 0.59 -3.055541 0.59 -3.323866 0.343024 -3.687317 0.388024 -3.436363 0.501406 -3.597363 0.501406 -3.787317 0.388024 -3.912744 0.59 -4.103091 0.59 -4.302729 0.3903622 -2.342729 0.02 -4.302729 -0.59 -2.042729 0.12 -4.302729 0.02 0.125 2.565395 -0.125 2.327643 0.125 2.327643 -0.125 2.565395 1.277043 -1.155685 0.4770433 -0.6556854 0.4770433 -1.155685 0.6267767 -0.1767767 0.7 6.389684e-17 0.1744567 -0.4790406 -2.041128e-17 6.389684e-17 -2.041128e-17 -0.1751871 -2.041128e-17 0.1751871 0.1744567 0.4790406 0.2 6.389684e-17 0.2732233 -0.1767767 0.45 -0.25 0.2732233 0.1767767 0.4770433 0.6556854 0.45 0.25 0.6267767 0.1767767 0.4770433 1.155685 1.277043 1.155685 1.842729 -0.59 1.842729 0.59 2.042729 -0.49 4.302729 -0.59 4.302729 -0.49 4.302729 -0.19 2.042729 -0.14 2.042729 -0.19 4.302729 -0.14 2.042729 -0.09 2.419011 0.59 2.342729 0.01 2.594211 0.460971 4.302729 0.01 2.749211 0.460971 3.207866 0.343024 2.867965 0.59 3.055541 0.59 3.323866 0.343024 3.436363 0.501406 3.687317 0.388024 3.597363 0.501406 3.787317 0.388024 3.912744 0.59 4.103091 0.59 4.302729 0.3903622 0.125 -0.59 -0.125 -0.49 -0.125 -0.59 0.025 -0.49 0.125 0.02 0.025 -0.19 0.025 -0.14 0.025 0.01 -0.125 0.01 -0.025 0.02 0.125 0.3903622 -0.025 0.17 0.125 0.17 -0.125 0.3903622 -0.125 -0.14 -0.125 -0.19 0.125 4.302729 -0.025 2.342729 0.125 2.042729 -0.025 4.302729 -2.106581 0.17 -1.77117 0.12 -1.77117 0.17 -2.106581 0.02 -0.025 -2.216183 0.125 -2.216183 0.125 -1.899955 0.025 2.342729 -0.125 4.302729 -0.125 2.342729 0.025 4.302729 -0.125 4.302729 0.125 1.842729 0.125 4.302729 -0.125 1.842729 0.125 0.08581301 -0.125 0.885813 -0.125 0.08581301 0.125 0.885813 -0.125 1.277043 0.125 0.4770433 0.125 1.277043 -0.125 0.4770433 0.125 -0.6556854 -0.125 -1.155685 0.125 -1.155685 -0.125 -0.6556854 0.125 -0.7425501 -0.125 -0.3921759 -0.125 -0.7425501 0.125 -0.3921759 0.125 -0.1519267 -0.125 -0.5023009 0.125 -0.5023009 -0.125 -0.1519267 0.125 -2.819966e-16 -0.125 -0.1751871 0.125 -0.1751871 -0.125 8.459899e-16 0.125 0.1751871 -0.125 0.1751871 0.125 0.5023009 -0.125 0.1519267 0.125 0.1519267 -0.125 0.5023009 0.125 0.3921759 -0.125 0.7425501 -0.125 0.3921759 0.125 0.7425501 0.125 1.155685 -0.125 0.6556854 0.125 0.6556854 -0.125 1.155685 0.125 0.4770433 -0.125 1.277043 -0.125 0.4770433 0.125 1.277043 -0.125 -0.08581301 0.125 -0.885813 0.125 -0.08581301 -0.125 -0.885813 -0.125 1.842729 0.125 2.419011 -0.125 2.419011 0.125 1.842729 -0.125 -1.597916 0.125 -1.815502 0.125 -1.597916 -0.125 -1.815502 0.125 2.594211 -0.125 2.749211 -0.125 2.594211 0.125 2.749211 0.125 2.200953 -0.125 2.376312 -0.125 2.200953 0.125 2.376312 0.125 2.867965 -0.125 3.055541 -0.125 2.867965 0.125 3.055541 0.125 -1.101822 -0.125 -1.391994 0.125 -1.391994 -0.125 -1.101822 0.125 3.207866 -0.125 3.323866 -0.125 3.207866 0.125 3.323866 0.125 2.398708 -0.125 2.204439 0.125 2.204439 -0.125 2.398708 0.125 3.436363 -0.125 3.597363 -0.125 3.436363 0.125 3.597363 0.125 -1.843052 -0.125 -1.987783 0.125 -1.987783 -0.125 -1.843052 0.125 3.687317 -0.125 3.787317 -0.125 3.687317 0.125 3.787317 0.125 2.042729 -0.025 4.302729 -0.025 2.342729 0.125 4.302729 2.106581 -0.49 1.77117 -0.19 1.77117 -0.49 2.106581 -0.19 -0.125 4.302729 0.025 2.342729 0.025 4.302729 -0.125 2.042729 0.125 2.042729 -0.025 4.302729 -0.025 2.342729 0.125 4.302729 2.106581 -0.14 1.77117 -0.09 1.77117 -0.14 2.106581 0.01 -0.125 1.909442 0.025 2.22567 -0.125 2.22567 -0.125 4.302729 0.025 2.342729 0.025 4.302729 -0.125 2.342729 4.302729 -0.14 2.342729 0.01 2.342729 -0.14 4.302729 0.01 4.302729 -0.49 2.342729 -0.19 2.342729 -0.49 4.302729 -0.19 -4.302729 0.17 -2.342729 0.02 -2.342729 0.17 -4.302729 0.02</float_array>
                    <technique_common>
                        <accessor count="262" source="#ID113" stride="2">
                            <param name="S" type="float" />
                            <param name="T" type="float" />
                        </accessor>
                    </technique_common>
                </source>
                <vertices id="ID109">
                    <input semantic="POSITION" source="#ID107" />
                    <input semantic="NORMAL" source="#ID108" />
                </vertices>
                <triangles count="180" material="Material2">
                    <input offset="0" semantic="VERTEX" source="#ID109" />
                    <input offset="1" semantic="TEXCOORD" source="#ID110" />
                    <p>0 0 1 1 2 2 1 1 0 0 3 3 4 4 5 5 6 6 5 5 4 4 7 7 8 8 9 9 10 10 9 9 8 8 11 11 11 11 8 8 12 12 13 13 14 14 15 15 14 14 13 13 16 16 16 16 13 13 17 17 17 17 13 13 18 18 18 18 13 13 19 19 19 19 13 13 9 9 19 19 9 9 20 20 20 20 9 9 11 11 17 17 21 21 22 22 21 21 17 17 18 18 22 22 21 21 23 23 22 22 23 23 24 24 22 22 24 24 25 25 25 25 24 24 26 26 26 26 24 24 12 12 26 26 12 12 8 8 26 26 8 8 27 27 26 26 27 27 28 28 28 28 27 27 29 29 29 29 27 27 30 30 29 29 30 30 31 31 29 29 31 31 32 32 29 29 32 32 33 33 32 32 31 31 34 34 32 32 34 34 35 35 32 32 35 35 36 36 33 33 32 32 37 37 33 33 37 37 38 38 38 38 37 37 39 39 38 38 39 39 40 40 33 33 38 38 41 41 33 33 41 41 42 42 33 33 42 42 43 43 33 33 43 43 44 44 28 28 45 45 46 46 45 45 28 28 47 47 47 47 28 28 29 29 46 46 45 45 48 48 49 49 50 50 51 51 50 50 49 49 52 52 53 53 54 54 55 55 54 54 53 53 56 56 56 56 53 53 57 57 58 58 59 59 60 60 59 59 58 58 61 61 61 61 58 58 62 62 62 62 58 58 63 63 63 63 58 58 64 64 64 64 58 58 54 54 64 64 54 54 65 65 65 65 54 54 56 56 62 62 66 66 67 67 66 66 62 62 63 63 67 67 66 66 68 68 67 67 68 68 69 69 67 67 69 69 70 70 70 70 69 69 71 71 71 71 69 69 57 57 71 71 57 57 53 53 71 71 53 53 72 72 71 71 72 72 73 73 73 73 72 72 74 74 74 74 72 72 75 75 74 74 75 75 76 76 77 77 78 78 79 79 78 78 77 77 80 80 73 73 81 81 82 82 81 81 73 73 74 74 81 81 74 74 79 79 81 81 79 79 78 78 82 82 81 81 83 83 82 82 83 83 84 84 84 84 83 83 85 85 84 84 85 85 86 86 86 86 85 85 87 87 86 86 87 87 88 88 88 88 87 87 89 89 87 87 85 85 90 90 90 90 85 85 91 91 91 91 85 85 92 92 91 91 92 92 93 93 92 92 85 85 94 94 94 94 85 85 95 95 95 95 85 85 96 96 96 96 85 85 97 97 98 98 99 99 100 100 99 99 98 98 101 101 102 102 101 101 98 98 101 101 102 102 103 103 103 103 102 102 104 104 104 104 102 102 105 105 105 105 102 102 106 106 106 106 102 102 107 107 108 108 109 109 110 110 109 109 108 108 111 111 107 107 111 111 106 106 111 111 107 107 109 109 103 103 112 112 113 113 112 112 103 103 104 104 114 114 115 115 116 116 115 115 114 114 117 117 118 118 119 119 120 120 119 119 118 118 121 121 122 122 123 123 124 124 122 125 125 126 123 127 125 126 122 125 126 128 127 129 128 130 129 131 128 130 127 129 130 132 131 133 130 134 132 135 130 134 131 133 128 136 132 137 133 138 131 139 133 138 132 137 134 140 135 141 136 142 137 143 136 142 135 141 138 144 139 145 140 146 141 147 140 146 139 145 142 148 143 149 140 150 142 151 140 150 143 149 144 152 145 153 144 154 143 155 144 154 145 153 146 156 146 156 145 153 147 157 146 156 147 157 148 158 149 159 148 160 147 161 148 160 149 159 150 162 149 163 151 164 150 165 151 164 149 163 152 166 153 167 154 168 155 169 154 168 153 167 156 170 157 171 158 172 159 173 158 172 157 171 160 174 160 175 161 176 158 177 161 176 160 175 162 178 161 179 163 180 164 181 163 180 161 179 162 182 165 183 166 184 167 185 166 184 165 183 168 186 169 187 170 188 171 189 170 188 169 187 172 190 173 191 174 192 175 193 174 192 173 191 176 194 177 195 178 196 179 197 178 196 177 195 180 198 181 199 182 200 183 201 182 200 181 199 184 202 185 203 186 204 187 205 186 204 185 203 188 206 189 207 190 208 191 209 190 208 189 207 192 210 193 211 194 212 195 213 194 212 193 211 196 214 197 215 198 216 199 217 198 216 197 215 200 218 201 219 202 220 203 221 202 220 201 219 204 222 205 223 206 224 207 225 206 224 205 223 208 226 209 227 210 228 211 229 210 228 209 227 212 230 213 231 214 232 215 233 214 232 213 231 216 234 217 235 218 236 219 237 218 236 217 235 220 238 221 239 222 240 223 241 222 240 221 239 224 242 225 243 226 244 227 245 228 246 226 247 229 248 226 247 228 246 227 249 230 250 224 251 221 252 224 251 230 250 231 253 232 254 212 255 209 256 212 255 232 254 233 257 234 258 121 259 118 260 121 259 234 258 235 261</p>
                </triangles>
            </mesh>
        </geometry>
        <geometry id="ID114">
            <mesh>
                <source id="ID115">
                    <float_array id="ID119" count="48">0.0492126 0.1771654 0.0984252 -0.0492126 0.1075682 0.06959712 -0.0492126 0.1771654 0.0984252 0.0492126 0.1075682 0.06959712 0.0492126 0.07874016 -1.110223e-16 -0.0492126 0.07874016 -1.110223e-16 0.0492126 0.2467625 0.06959712 -0.0492126 0.2467625 0.06959712 0.0492126 0.1075682 -0.06959712 -0.0492126 0.1075682 -0.06959712 -0.0492126 0.2755906 -1.110223e-16 0.0492126 0.2755906 -1.110223e-16 -0.0492126 0.1771654 -0.0984252 0.0492126 0.1771654 -0.0984252 -0.0492126 0.2467625 -0.06959712 0.0492126 0.2467625 -0.06959712</float_array>
                    <technique_common>
                        <accessor count="16" source="#ID119" stride="3">
                            <param name="X" type="float" />
                            <param name="Y" type="float" />
                            <param name="Z" type="float" />
                        </accessor>
                    </technique_common>
                </source>
                <source id="ID116">
                    <float_array id="ID120" count="48">-2.767176e-15 0 -1 -1.94596e-15 0.7071068 -0.7071068 -2.767176e-15 0 -1 -1.94596e-15 0.7071068 -0.7071068 0 1 0 -1.019217e-30 1 -3.82512e-16 -1.94596e-15 -0.7071068 -0.7071068 -1.94596e-15 -0.7071068 -0.7071068 2.013555e-15 0.7071068 0.7071068 2.013555e-15 0.7071068 0.7071068 -1.019217e-30 -1 -3.82512e-16 0 -1 0 2.902367e-15 0 1 2.902367e-15 0 1 2.013555e-15 -0.7071068 0.7071068 2.013555e-15 -0.7071068 0.7071068</float_array>
                    <technique_common>
                        <accessor count="16" source="#ID120" stride="3">
                            <param name="X" type="float" />
                            <param name="Y" type="float" />
                            <param name="Z" type="float" />
                        </accessor>
                    </technique_common>
                </source>
                <source id="ID118">
                    <float_array id="ID121" count="62">-0.125 0.5114166 0.125 0.3200749 0.125 0.5114166 -0.125 0.3200749 0.125 0.2678784 -0.125 0.07653669 0.125 0.07653669 -0.125 0.2678784 0.125 -0.5114166 -0.125 -0.3200749 -0.125 -0.5114166 0.125 -0.3200749 0.125 -0.07653669 -0.125 -0.2678784 0.125 -0.2678784 -0.125 -0.07653669 0.125 -0.07653669 -0.125 -0.2678784 0.125 -0.2678784 -0.125 -0.07653669 -0.125 -0.3200749 0.125 -0.5114166 -0.125 -0.5114166 0.125 0.2678784 -0.125 0.07653669 0.125 0.07653669 -0.125 0.2678784 0.125 0.3200749 -0.125 0.5114166 -0.125 0.3200749 0.125 0.5114166</float_array>
                    <technique_common>
                        <accessor count="31" source="#ID121" stride="2">
                            <param name="S" type="float" />
                            <param name="T" type="float" />
                        </accessor>
                    </technique_common>
                </source>
                <vertices id="ID117">
                    <input semantic="POSITION" source="#ID115" />
                    <input semantic="NORMAL" source="#ID116" />
                </vertices>
                <triangles count="16" material="Material2">
                    <input offset="0" semantic="VERTEX" source="#ID117" />
                    <input offset="1" semantic="TEXCOORD" source="#ID118" />
                    <p>0 0 1 1 2 2 1 1 0 0 3 3 1 4 4 5 5 6 4 5 1 4 3 7 6 8 2 9 7 10 2 9 6 8 0 11 5 12 8 13 9 14 8 13 5 12 4 15 6 16 10 17 11 18 10 17 6 16 7 19 8 20 12 21 9 11 12 21 8 20 13 22 11 23 14 24 15 25 14 24 11 23 10 26 13 27 14 28 12 29 14 28 13 27 15 30</p>
                </triangles>
            </mesh>
        </geometry>
        <geometry id="ID122">
            <mesh>
                <source id="ID128">
                    <float_array id="ID132" count="360">-0.3703261 0 0.09922857 -0.3833898 -0.01574803 1.713907e-15 -0.3703261 -0.01574803 0.09922857 -0.3833898 0 0 -0.3703261 4.440892e-16 -0.09922857 -0.3703261 -0.01574803 -0.09922857 -0.3703261 -0.01574803 0.09922857 -0.3775744 -0.02966746 1.721483e-15 -0.3647089 -0.02966746 0.09772345 -0.3833898 -0.01574803 1.713907e-15 -0.3320253 0 0.1916949 -0.3320253 -0.01574803 0.1916949 -0.3320253 -0.01574803 -0.1916949 -0.3320253 4.440892e-16 -0.1916949 -0.3703261 -0.01574803 -0.09922857 -0.3647089 -0.02966746 -0.09772345 -0.3511477 -0.03543307 0.09408975 -0.3635349 -0.03543307 1.651457e-15 -0.3320253 -0.01574803 0.1916949 -0.326989 -0.02966746 0.1887872 -0.2710975 4.440892e-16 0.2710975 -0.2710975 -0.01574803 0.2710975 -0.2710975 -0.01574803 -0.2710975 -0.2710975 4.440892e-16 -0.2710975 -0.326989 -0.02966746 -0.1887872 -0.3320253 -0.01574803 -0.1916949 -0.3511477 -0.03543307 -0.09408975 -0.3148304 -0.03543307 0.1817674 -0.2669854 -0.02966746 0.2669854 -0.2710975 -0.01574803 0.2710975 -0.1916949 0 0.3320253 -0.1916949 -0.01574803 0.3320253 -0.1916949 -0.01574803 -0.3320253 -0.1916949 4.440892e-16 -0.3320253 -0.2669854 -0.02966746 -0.2669854 -0.2710975 -0.01574803 -0.2710975 -0.3148304 -0.03543307 -0.1817674 -0.257058 -0.03543307 0.257058 -0.1916949 -0.01574803 0.3320253 -0.1887872 -0.02966746 0.326989 -0.09922857 0 0.3703261 -0.09922857 -0.01574803 0.3703261 -0.09922857 4.440892e-16 -0.3703261 -0.09922857 -0.01574803 -0.3703261 -0.1916949 -0.01574803 -0.3320253 -0.1887872 -0.02966746 -0.326989 -0.257058 -0.03543307 -0.257058 -0.1817674 -0.03543307 0.3148304 -0.09922857 -0.01574803 0.3703261 -0.09772345 -0.02966746 0.3647089 0 -0.01574803 0.3833898 0 4.440892e-16 0.3833898 0 4.440892e-16 -0.3833898 0 -0.01574803 -0.3833898 -0.09922857 -0.01574803 -0.3703261 -0.09772345 -0.02966746 -0.3647089 -0.1817674 -0.03543307 -0.3148304 -0.09408975 -0.03543307 0.3511477 0 -0.01574803 0.3833898 0 -0.02966746 0.3775744 0.09922857 -0.01574803 0.3703261 0.09922857 0 0.3703261 0.09922857 4.440892e-16 -0.3703261 0.09922857 -0.01574803 -0.3703261 0 -0.01574803 -0.3833898 0 -0.02966746 -0.3775744 -0.09408975 -0.03543307 -0.3511477 0 -0.03543307 0.3635349 0.09772345 -0.02966746 0.3647089 0.09922857 -0.01574803 0.3703261 0.1916949 -0.01574803 0.3320253 0.1916949 0 0.3320253 0.1916949 4.440892e-16 -0.3320253 0.1916949 -0.01574803 -0.3320253 0.09922857 -0.01574803 -0.3703261 0.09772345 -0.02966746 -0.3647089 0 -0.03543307 -0.3635349 0.09408975 -0.03543307 0.3511477 0.1887872 -0.02966746 0.326989 0.1916949 -0.01574803 0.3320253 0.2710975 4.440892e-16 0.2710975 0.2710975 -0.01574803 0.2710975 0.2710975 -0.01574803 -0.2710975 0.2710975 4.440892e-16 -0.2710975 0.1887872 -0.02966746 -0.326989 0.1916949 -0.01574803 -0.3320253 0.09408975 -0.03543307 -0.3511477 0.1817674 -0.03543307 0.3148304 0.2669854 -0.02966746 0.2669854 0.2710975 -0.01574803 0.2710975 0.3320253 0 0.1916949 0.3320253 -0.01574803 0.1916949 0.3320253 -0.01574803 -0.1916949 0.3320253 4.440892e-16 -0.1916949 0.2669854 -0.02966746 -0.2669854 0.2710975 -0.01574803 -0.2710975 0.1817674 -0.03543307 -0.3148304 0.257058 -0.03543307 0.257058 0.3320253 -0.01574803 0.1916949 0.326989 -0.02966746 0.1887872 0.3703261 0 0.09922857 0.3703261 -0.01574803 0.09922857 0.3703261 -0.01574803 -0.09922857 0.3703261 4.440892e-16 -0.09922857 0.326989 -0.02966746 -0.1887872 0.3320253 -0.01574803 -0.1916949 0.257058 -0.03543307 -0.257058 0.3148304 -0.03543307 0.1817674 0.3703261 -0.01574803 0.09922857 0.3647089 -0.02966746 0.09772345 0.3833898 -0.01574803 1.811051e-15 0.3833898 0 0 0.3647089 -0.02966746 -0.09772345 0.3703261 -0.01574803 -0.09922857 0.3148304 -0.03543307 -0.1817674 0.3511477 -0.03543307 0.09408975 0.3775744 -0.02966746 1.777373e-15 0.3833898 -0.01574803 1.811051e-15 0.3511477 -0.03543307 -0.09408975 0.3635349 -0.03543307 1.745132e-15</float_array>
                    <technique_common>
                        <accessor count="120" source="#ID132" stride="3">
                            <param name="X" type="float" />
                            <param name="Y" type="float" />
                            <param name="Z" type="float" />
                        </accessor>
                    </technique_common>
                </source>
                <source id="ID129">
                    <float_array id="ID133" count="360">-0.9659258 1.616169e-15 0.258819 -1 6.052351e-15 9.63291e-15 -0.9659258 1.616169e-15 0.258819 -1 6.052351e-15 -8.643777e-15 -0.9659258 2.276441e-14 -0.258819 -0.9659258 2.276441e-14 -0.258819 -0.8912687 -0.3854967 0.2388147 -0.7202881 -0.693675 2.033613e-15 -0.6957449 -0.693675 0.1864243 -0.9227092 -0.3854967 2.326202e-15 -0.8660254 -9.419159e-15 0.5 -0.8660254 -9.419159e-15 0.5 -0.8660254 3.828382e-14 -0.5 -0.8660254 3.828382e-14 -0.5 -0.8912687 -0.3854967 -0.2388147 -0.6957449 -0.693675 -0.1864243 -0.3669395 -0.9250342 0.09832114 -0.3798837 -0.9250342 1.0061e-15 -0.7990896 -0.3854967 0.4613546 -0.6237878 -0.693675 0.3601441 -0.7071068 8.674702e-15 0.7071068 -0.7071068 8.674702e-15 0.7071068 -0.7071068 3.508941e-14 -0.7071068 -0.7071068 3.508941e-14 -0.7071068 -0.6237878 -0.693675 -0.3601441 -0.7990896 -0.3854967 -0.4613546 -0.3669395 -0.9250342 -0.09832114 -0.328989 -0.9250342 0.1899419 -0.5093206 -0.693675 0.5093206 -0.652454 -0.3854967 0.652454 -0.5 4.232253e-14 0.8660254 -0.5 4.232253e-14 0.8660254 -0.5 7.822099e-14 -0.8660254 -0.5 7.822099e-14 -0.8660254 -0.5093206 -0.693675 -0.5093206 -0.652454 -0.3854967 -0.652454 -0.328989 -0.9250342 -0.1899419 -0.2686184 -0.9250342 0.2686184 -0.4613546 -0.3854967 0.7990896 -0.3601441 -0.693675 0.6237878 -0.258819 3.834939e-15 0.9659258 -0.258819 3.834939e-15 0.9659258 -0.258819 9.628697e-14 -0.9659258 -0.258819 9.628697e-14 -0.9659258 -0.4613546 -0.3854967 -0.7990896 -0.3601441 -0.693675 -0.6237878 -0.2686184 -0.9250342 -0.2686184 -0.1899419 -0.9250342 0.328989 -0.2388147 -0.3854967 0.8912687 -0.1864243 -0.693675 0.6957449 -3.653555e-16 -4.359518e-14 1 -3.564444e-16 -4.359518e-14 1 3.118888e-16 7.049486e-14 -1 3.118888e-16 7.049486e-14 -1 -0.2388147 -0.3854967 -0.8912687 -0.1864243 -0.693675 -0.6957449 -0.1899419 -0.9250342 -0.328989 -0.09832114 -0.9250342 0.3669395 -3.4939e-16 -0.3854967 0.9227092 -2.112206e-16 -0.693675 0.7202881 0.258819 4.512386e-15 0.9659258 0.258819 4.512386e-15 0.9659258 0.258819 9.412224e-14 -0.9659258 0.258819 9.412224e-14 -0.9659258 2.758342e-16 -0.3854967 -0.9227092 2.210448e-16 -0.693675 -0.7202881 -0.09832114 -0.9250342 -0.3669395 0 -0.9250342 0.3798837 0.1864243 -0.693675 0.6957449 0.2388147 -0.3854967 0.8912687 0.5 4.527784e-14 0.8660254 0.5 4.527784e-14 0.8660254 0.5 7.290218e-14 -0.8660254 0.5 7.290218e-14 -0.8660254 0.2388147 -0.3854967 -0.8912687 0.1864243 -0.693675 -0.6957449 1.31409e-16 -0.9250342 -0.3798837 0.09832114 -0.9250342 0.3669395 0.3601441 -0.693675 0.6237878 0.4613546 -0.3854967 0.7990896 0.7071068 1.010866e-14 0.7071068 0.7071068 1.010866e-14 0.7071068 0.7071068 3.069403e-14 -0.7071068 0.7071068 3.069403e-14 -0.7071068 0.3601441 -0.693675 -0.6237878 0.4613546 -0.3854967 -0.7990896 0.09832114 -0.9250342 -0.3669395 0.1899419 -0.9250342 0.328989 0.5093206 -0.693675 0.5093206 0.652454 -0.3854967 0.652454 0.8660254 -1.219213e-14 0.5 0.8660254 -1.219213e-14 0.5 0.8660254 3.916259e-14 -0.5 0.8660254 3.916259e-14 -0.5 0.5093206 -0.693675 -0.5093206 0.652454 -0.3854967 -0.652454 0.1899419 -0.9250342 -0.328989 0.2686184 -0.9250342 0.2686184 0.7990896 -0.3854967 0.4613546 0.6237878 -0.693675 0.3601441 0.9659258 9.314751e-16 0.258819 0.9659258 9.314751e-16 0.258819 0.9659258 2.49708e-14 -0.258819 0.9659258 2.49708e-14 -0.258819 0.6237878 -0.693675 -0.3601441 0.7990896 -0.3854967 -0.4613546 0.2686184 -0.9250342 -0.2686184 0.328989 -0.9250342 0.1899419 0.8912687 -0.3854967 0.2388147 0.6957449 -0.693675 0.1864243 1 6.095518e-15 1.057749e-14 1 6.095518e-15 -8.715065e-15 0.6957449 -0.693675 -0.1864243 0.8912687 -0.3854967 -0.2388147 0.328989 -0.9250342 -0.1899419 0.3669395 -0.9250342 0.09832114 0.7202881 -0.693675 1.918178e-15 0.9227092 -0.3854967 2.767537e-15 0.3669395 -0.9250342 -0.09832114 0.3798837 -0.9250342 8.705849e-16</float_array>
                    <technique_common>
                        <accessor count="120" source="#ID133" stride="3">
                            <param name="X" type="float" />
                            <param name="Y" type="float" />
                            <param name="Z" type="float" />
                        </accessor>
                    </technique_common>
                </source>
                <source id="ID131">
                    <float_array id="ID134" count="544">4.510281e-17 -0.008 0.05084308 -1.561251e-16 1.734723e-17 2.480655e-16 0.05084308 -0.008 0.05084308 -0.008 0.05084308 -5.117434e-16 8.291978e-16 -0.008 5.89806e-17 -5.828671e-16 0.05045748 0.007653669 0.0003856012 0.007653669 0.05084308 -5.828671e-16 -5.065393e-16 -0.008 0.05084308 -6.002143e-16 -2.775558e-17 -5.152129e-16 0.05084308 -0.008 -1.394718e-15 -0.008 0.05084308 -6.765422e-17 0.05084308 -0.008 0.0003856012 0.007653669 0.05084308 -1.249001e-16 0.05045748 0.007653669 6.938894e-18 -1.110223e-16 0.04914096 -0.007653669 6.938894e-18 -2.498002e-16 0.0009309237 -0.007653669 0.05007188 -2.498002e-16 3.469447e-18 -1.387779e-16 0.05045748 0.007653669 0.05084308 -1.665335e-16 1.110223e-16 -0.008 0.05084308 6.158268e-16 -1.00614e-16 3.937822e-16 0.05084308 -0.008 -1.873501e-16 -0.008 1.040834e-17 5.568462e-16 0.05084308 -0.008 2.428613e-17 4.163336e-17 0.05045748 0.007653669 0.0003856012 0.007653669 0.05084308 4.163336e-17 0.0009309237 -0.007653669 0.04914096 -0.007653669 0.04914096 -0.007653669 0.0009309237 -0.007653669 0.05007188 -1.110223e-16 0.0003856012 0.007653669 0.05084308 2.775558e-17 0.05045748 0.007653669 1.526557e-16 0 2.081668e-16 -0.008 0.05084308 -0.008 -2.983724e-16 5.793976e-16 -2.671474e-16 -0.008 0.05084308 2.602085e-16 7.285839e-17 2.63678e-16 0.05084308 -0.008 -1.00614e-16 -1.387779e-16 0.05045748 0.007653669 0.0003856012 0.007653669 0.05084308 -1.387779e-16 0.0009309237 -0.007653669 0.05007188 -3.608225e-16 -1.422473e-16 -3.608225e-16 0.04914096 -0.007653669 0.04914096 -0.007653669 -4.510281e-17 -8.326673e-17 0.0009309237 -0.007653669 0.05007188 -1.110223e-16 0.05045748 0.007653669 1.283695e-16 -9.714451e-17 0.05084308 -9.714451e-17 0.0003856012 0.007653669 0.05084308 -1.561251e-16 1.31839e-16 -0.008 0.05084308 -0.008 1.144917e-16 -5.811324e-16 0.05084308 -0.008 -5.89806e-17 -1.075529e-16 -2.046974e-16 -0.008 0.05084308 -3.122502e-17 0.05084308 -1.526557e-16 0.0003856012 0.007653669 -4.163336e-17 -1.387779e-16 0.05045748 0.007653669 0.0009309237 -0.007653669 0.05007188 2.775558e-17 0.04914096 -0.007653669 0.04914096 -0.007653669 -1.31839e-16 0 0.0009309237 -0.007653669 0.05007188 0 0.05045748 0.007653669 -1.491862e-16 4.857226e-16 0.05084308 4.996004e-16 0.0003856012 0.007653669 1.00614e-16 2.272488e-16 0.05084308 -0.008 0.05084308 2.307182e-16 1.734723e-17 -0.008 0.05084308 -0.008 1.179612e-16 -5.308254e-16 -1.353084e-16 -0.008 0.05084308 -4.753142e-16 0.05084308 -1.804112e-16 0.0003856012 0.007653669 -6.938894e-18 -1.804112e-16 0.05045748 0.007653669 0.0009309237 -0.007653669 0.05007188 -8.326673e-17 -1.873501e-16 -8.326673e-17 0.04914096 -0.007653669 0.04914096 -0.007653669 -2.081668e-17 -5.551115e-17 0.0009309237 -0.007653669 0.05007188 -5.551115e-17 0.05045748 0.007653669 4.857226e-17 6.938894e-17 0.05084308 6.938894e-17 0.0003856012 0.007653669 5.89806e-17 2.688821e-16 0.05084308 -0.008 0.05084308 9.176687e-16 9.020562e-17 -0.008 0.05084308 -0.008 -7.979728e-17 -4.492934e-16 -1.040834e-16 -0.008 0.05084308 2.307182e-16 0.05084308 -6.800116e-16 0.0003856012 0.007653669 -3.469447e-18 -6.938894e-16 0.05045748 0.007653669 0.0009309237 -0.007653669 0.05007188 2.498002e-16 -3.608225e-16 2.498002e-16 0.04914096 -0.007653669 0.04914096 -0.007653669 -2.428613e-17 -1.94289e-16 0.0009309237 -0.007653669 0.05007188 -1.94289e-16 0.0003856012 0.007653669 0.05084308 6.106227e-16 0.05045748 0.007653669 -1.353084e-16 6.245005e-16 -1.00614e-16 -1.31839e-16 0.05084308 -0.008 0.05084308 -1.769418e-16 -1.491862e-16 -0.008 0.05084308 -0.008 -2.775558e-17 4.874573e-16 7.285839e-16 -0.008 0.05084308 4.475587e-16 0.05084308 9.714451e-17 0.0003856012 0.007653669 -2.428613e-17 1.110223e-16 0.05045748 0.007653669 0.0009309237 -0.007653669 0.05007188 -5.273559e-16 9.367507e-17 -5.273559e-16 0.04914096 -0.007653669 0.05007188 -8.326673e-17 0.0009309237 -0.007653669 0.04914096 -0.007653669 5.20417e-17 -8.326673e-17 0.0003856012 0.007653669 0.05084308 -3.191891e-16 0.05045748 0.007653669 3.816392e-17 -3.053113e-16 0.05084308 -4.336809e-17 -5.724587e-16 -0.008 0.05084308 -0.008 2.463307e-16 -0.008 0.05084308 -4.198031e-16 3.122502e-17 -2.914335e-16 0.05084308 -0.008 -2.220446e-16 -4.163336e-17 0.05045748 0.007653669 0.0003856012 0.007653669 0.05084308 -2.775558e-17 2.810252e-16 -1.665335e-16 0.04914096 -0.007653669 0.05007188 -1.94289e-16 0.0009309237 -0.007653669 0.05007188 2.775558e-16 0.0009309237 -0.007653669 0.04914096 -0.007653669 2.081668e-17 2.775558e-16 0.0003856012 0.007653669 0.05084308 -9.714451e-17 0.05045748 0.007653669 -1.595946e-16 -1.249001e-16 2.463307e-16 -0.008 0.05084308 4.527628e-16 -1.94289e-16 2.792905e-16 0.05084308 -0.008 7.494005e-16 -0.008 0.05084308 3.295975e-17 2.393918e-16 -1.283695e-16 0.05084308 -0.008 9.367507e-17 6.938894e-17 0.05045748 0.007653669 0.0003856012 0.007653669 0.05084308 4.163336e-17 -1.457168e-16 -1.387779e-16 0.04914096 -0.007653669 0.05007188 -1.387779e-16 0.0009309237 -0.007653669 0.05007188 1.94289e-16 0.0009309237 -0.007653669 0.04914096 -0.007653669 1.214306e-16 1.94289e-16 -1.63064e-16 -2.775558e-16 0.05045748 0.007653669 0.0003856012 0.007653669 0.05084308 -2.63678e-16 -1.387779e-16 -0.008 0.05084308 3.833739e-16 0.05084308 -0.008 -3.816392e-17 -0.008 0.05084308 -1.665335e-16 -6.938894e-17 2.255141e-17 0.05045748 0.007653669 0.0003856012 0.007653669 -2.081668e-17 -2.775558e-17 0.04914096 -0.007653669 0.05007188 -5.551115e-17 0.0009309237 -0.007653669 0.05007188 5.551115e-17 0.0009309237 -0.007653669 0.04914096 -0.007653669 2.255141e-16 5.551115e-17 -2.602085e-16 -3.608225e-16 0.05045748 0.007653669 0.0003856012 0.007653669 0.05084308 -3.608225e-16 2.775558e-17 -3.920475e-16 0.05084308 -0.008 0.05084308 -4.440892e-16 -9.263423e-16 -0.008 1.595946e-15 -0.008 0.05084308 5.70724e-16 1.387779e-17 2.532696e-16 0.05084308 -0.008 -4.163336e-17 2.498002e-16 0.05045748 0.007653669 0.0003856012 0.007653669 0.05084308 2.63678e-16 8.326673e-17 2.775558e-17 0.04914096 -0.007653669 0.0009309237 -0.007653669 0.05007188 2.775558e-17 0.0009309237 -0.007653669 0.04914096 -0.007653669 9.714451e-17 2.775558e-17 0.0003856012 0.007653669 0.05084308 9.714451e-17 0.05045748 0.007653669 -4.510281e-17 1.110223e-16 -2.428613e-17 -2.63678e-16 0.05045748 0.007653669 0.0003856012 0.007653669 0.05084308 -2.498002e-16 4.163336e-17 0 0.04914096 -0.007653669 0.05007188 0 0.0009309237 -0.007653669 0.05007188 1.387779e-16 0.04914096 -0.007653669 4.163336e-17 1.387779e-16 -8.673617e-17 3.053113e-16 0.04914096 -0.007653669 0.05007188 3.330669e-16 0.0009309237 -0.007653669</float_array>
                    <technique_common>
                        <accessor count="272" source="#ID134" stride="2">
                            <param name="S" type="float" />
                            <param name="T" type="float" />
                        </accessor>
                    </technique_common>
                </source>
                <vertices id="ID130">
                    <input semantic="POSITION" source="#ID128" />
                    <input semantic="NORMAL" source="#ID129" />
                </vertices>
                <triangles count="144" material="Material2">
                    <input offset="0" semantic="VERTEX" source="#ID130" />
                    <input offset="1" semantic="TEXCOORD" source="#ID131" />
                    <p>0 0 1 1 2 2 1 1 0 0 3 3 1 2 4 4 5 5 4 4 1 2 3 6 6 7 7 8 8 9 7 8 6 7 9 10 10 11 2 12 11 13 2 12 10 11 0 14 4 15 12 16 5 13 12 16 4 15 13 17 7 18 14 19 15 20 14 19 7 18 9 21 16 22 7 23 17 24 7 23 16 22 8 25 18 26 8 27 19 18 8 27 18 26 6 28 20 29 11 30 21 31 11 30 20 29 10 32 13 33 22 28 12 34 22 28 13 33 23 35 14 36 24 37 15 38 24 37 14 36 25 39 26 40 7 25 15 34 7 25 26 40 17 41 27 42 8 26 16 43 8 26 27 42 19 44 28 45 18 46 19 47 18 46 28 45 29 48 21 46 30 49 20 50 30 49 21 46 31 51 23 52 32 53 22 54 32 53 23 52 33 55 25 56 34 57 24 58 34 57 25 56 35 59 36 60 15 61 24 62 15 61 36 60 26 63 37 64 19 65 27 66 19 65 37 64 28 67 28 68 38 69 29 70 38 69 28 68 39 71 31 72 40 73 30 74 40 73 31 72 41 75 42 76 32 77 33 78 32 77 42 76 43 79 44 80 34 81 35 82 34 81 44 80 45 83 46 84 24 85 34 34 24 85 46 84 36 86 47 87 28 88 37 89 28 88 47 87 39 90 39 91 48 92 38 93 48 92 39 91 49 94 50 95 40 96 41 97 40 96 50 95 51 98 52 99 43 100 42 101 43 100 52 99 53 102 54 103 45 104 44 105 45 104 54 103 55 106 56 107 34 108 45 109 34 108 56 107 46 110 57 111 39 112 47 113 39 112 57 111 49 114 49 115 58 116 48 117 58 116 49 115 59 118 60 119 51 120 50 121 51 120 60 119 61 122 62 123 53 124 52 125 53 124 62 123 63 126 64 127 55 128 54 129 55 128 64 127 65 130 66 131 45 132 55 133 45 132 66 131 56 134 67 135 49 136 57 137 49 136 67 135 59 138 68 139 58 140 59 141 58 140 68 139 69 142 70 143 61 144 60 145 61 144 70 143 71 146 72 147 63 148 62 149 63 148 72 147 73 150 74 151 65 152 64 153 65 152 74 151 75 154 76 155 55 156 65 157 55 156 76 155 66 158 68 159 67 160 77 161 67 160 68 159 59 162 78 163 69 164 68 165 69 164 78 163 79 166 70 167 80 168 71 169 80 168 70 167 81 124 72 170 82 171 73 172 82 171 72 170 83 173 74 174 84 175 75 176 84 175 74 174 85 177 75 178 76 179 65 180 76 179 75 178 86 181 78 182 77 183 87 184 77 183 78 182 68 185 88 186 79 187 78 188 79 187 88 186 89 189 90 190 81 191 91 192 81 191 90 190 80 193 83 194 92 195 82 196 92 195 83 194 93 197 85 198 94 199 84 200 94 199 85 198 95 201 84 202 86 203 75 204 86 203 84 202 96 205 88 206 87 207 97 208 87 207 88 206 78 209 98 210 88 211 99 212 88 211 98 210 89 213 100 214 91 215 101 69 91 215 100 214 90 216 93 217 102 218 92 219 102 218 93 217 103 120 95 129 104 220 94 221 104 220 95 129 105 151 94 222 96 223 84 224 96 223 94 222 106 225 99 226 97 227 107 228 97 227 99 226 88 229 108 230 99 231 109 232 99 231 108 230 98 233 110 234 100 235 101 236 100 235 110 234 111 237 103 238 110 239 102 240 110 239 103 238 111 241 105 242 112 243 104 244 112 243 105 242 113 245 104 246 106 247 94 180 106 247 104 246 114 248 109 249 107 250 115 251 107 250 109 249 99 252 116 253 108 254 109 255 108 254 116 253 117 256 113 257 116 258 112 259 116 258 113 257 117 260 112 261 114 262 104 263 114 262 112 261 118 264 116 265 115 43 119 266 115 43 116 265 109 267 116 268 118 269 112 270 118 269 116 268 119 271</p>
                </triangles>
            </mesh>
        </geometry>
        <geometry id="ID135">
            <mesh>
                <source id="ID141">
                    <float_array id="ID145" count="72">0.09408975 -0.03543307 -0.3511477 -0.09408975 -0.03543307 -0.3511477 0 -0.03543307 -0.3635349 0.1817674 -0.03543307 -0.3148304 -0.1817674 -0.03543307 -0.3148304 0.257058 -0.03543307 -0.257058 -0.257058 -0.03543307 -0.257058 0.3148304 -0.03543307 -0.1817674 -0.3148304 -0.03543307 -0.1817674 -0.3511477 -0.03543307 -0.09408975 0.3511477 -0.03543307 -0.09408975 0.3635349 -0.03543307 1.745132e-15 -0.3635349 -0.03543307 1.651457e-15 -0.3511477 -0.03543307 0.09408975 0.3511477 -0.03543307 0.09408975 0.3148304 -0.03543307 0.1817674 -0.3148304 -0.03543307 0.1817674 -0.257058 -0.03543307 0.257058 0.257058 -0.03543307 0.257058 -0.1817674 -0.03543307 0.3148304 0.1817674 -0.03543307 0.3148304 0.09408975 -0.03543307 0.3511477 -0.09408975 -0.03543307 0.3511477 0 -0.03543307 0.3635349</float_array>
                    <technique_common>
                        <accessor count="24" source="#ID145" stride="3">
                            <param name="X" type="float" />
                            <param name="Y" type="float" />
                            <param name="Z" type="float" />
                        </accessor>
                    </technique_common>
                </source>
                <source id="ID142">
                    <float_array id="ID146" count="72">0 -1 0 0 -1 0 0 -1 0 0 -1 0 0 -1 0 0 -1 0 0 -1 0 0 -1 0 0 -1 0 0 -1 0 0 -1 0 0 -1 0 0 -1 0 0 -1 0 0 -1 0 0 -1 0 0 -1 0 0 -1 0 0 -1 0 0 -1 0 0 -1 0 0 -1 0 0 -1 0 0 -1 0</float_array>
                    <technique_common>
                        <accessor count="24" source="#ID146" stride="3">
                            <param name="X" type="float" />
                            <param name="Y" type="float" />
                            <param name="Z" type="float" />
                        </accessor>
                    </technique_common>
                </source>
                <source id="ID144">
                    <float_array id="ID147" count="48">-0.5868019 -0.1760506 -0.413198 -0.1760506 -0.4999999 -0.164623 -0.6676884 -0.209555 -0.3323114 -0.209555 -0.7371473 -0.2628526 -0.2628526 -0.2628526 -0.7904449 -0.3323115 -0.2095549 -0.3323115 -0.1760506 -0.413198 -0.8239492 -0.413198 -0.8353769 -0.5 -0.1646229 -0.5 -0.1760505 -0.5868019 -0.8239492 -0.5868019 -0.7904448 -0.6676885 -0.2095548 -0.6676885 -0.2628525 -0.7371473 -0.7371472 -0.7371473 -0.3323113 -0.790445 -0.6676883 -0.790445 -0.5868018 -0.8239493 -0.4131979 -0.8239493 -0.4999998 -0.835377</float_array>
                    <technique_common>
                        <accessor count="24" source="#ID147" stride="2">
                            <param name="S" type="float" />
                            <param name="T" type="float" />
                        </accessor>
                    </technique_common>
                </source>
                <vertices id="ID143">
                    <input semantic="POSITION" source="#ID141" />
                    <input semantic="NORMAL" source="#ID142" />
                </vertices>
                <triangles count="22" material="Material2">
                    <input offset="0" semantic="VERTEX" source="#ID143" />
                    <input offset="1" semantic="TEXCOORD" source="#ID144" />
                    <p>0 0 1 1 2 2 1 1 0 0 3 3 1 1 3 3 4 4 4 4 3 3 5 5 4 4 5 5 6 6 6 6 5 5 7 7 6 6 7 7 8 8 8 8 7 7 9 9 9 9 7 7 10 10 9 9 10 10 11 11 9 9 11 11 12 12 12 12 11 11 13 13 13 13 11 11 14 14 13 13 14 14 15 15 13 13 15 15 16 16 16 16 15 15 17 17 17 17 15 15 18 18 17 17 18 18 19 19 19 19 18 18 20 20 19 19 20 20 21 21 19 19 21 21 22 22 22 22 21 21 23 23</p>
                </triangles>
            </mesh>
        </geometry>
        <geometry id="ID150">
            <mesh>
                <source id="ID156">
                    <float_array id="ID160" count="24">0.6889764 0 0.6889764 -0.6889764 0 -0.6889764 0.6889764 0 -0.6889764 -0.6889764 0 0.6889764 -0.6889764 0 0.6889764 0.6889764 0 0.6889764 -0.6889764 0 -0.6889764 0.6889764 0 -0.6889764</float_array>
                    <technique_common>
                        <accessor count="8" source="#ID160" stride="3">
                            <param name="X" type="float" />
                            <param name="Y" type="float" />
                            <param name="Z" type="float" />
                        </accessor>
                    </technique_common>
                </source>
                <source id="ID157">
                    <float_array id="ID161" count="24">0 -1 0 0 -1 0 0 -1 0 0 -1 0 -0 1 -0 -0 1 -0 -0 1 -0 -0 1 -0</float_array>
                    <technique_common>
                        <accessor count="8" source="#ID161" stride="3">
                            <param name="X" type="float" />
                            <param name="Y" type="float" />
                            <param name="Z" type="float" />
                        </accessor>
                    </technique_common>
                </source>
                <source id="ID159">
                    <float_array id="ID162" count="8">1 1 0 -5.551115e-17 1 -5.551115e-17 0 1</float_array>
                    <technique_common>
                        <accessor count="4" source="#ID162" stride="2">
                            <param name="S" type="float" />
                            <param name="T" type="float" />
                        </accessor>
                    </technique_common>
                </source>
                <vertices id="ID158">
                    <input semantic="POSITION" source="#ID156" />
                    <input semantic="NORMAL" source="#ID157" />
                </vertices>
                <triangles count="4" material="Material2">
                    <input offset="0" semantic="VERTEX" source="#ID158" />
                    <input offset="1" semantic="TEXCOORD" source="#ID159" />
                    <p>0 0 1 1 2 2 1 1 0 0 3 3 4 3 5 0 6 1 7 2 6 1 5 0</p>
                </triangles>
            </mesh>
        </geometry>
    </library_geometries>
    <library_materials>
        <material id="ID6" name="plastic_black">
            <instance_effect url="#ID7" />
        </material>
        <material id="ID14" name="housing">
            <instance_effect url="#ID15" />
        </material>
        <material id="ID51" name="plastic_black_textured">
            <instance_effect url="#ID52" />
        </material>
        <material id="ID64" name="placard">
            <instance_effect url="#ID65" />
        </material>
        <material id="ID85" name="plastic_glass">
            <instance_effect url="#ID86" />
        </material>
        <material id="ID102" name="key">
            <instance_effect url="#ID103" />
        </material>
        <material id="ID123" name="metal">
            <instance_effect url="#ID124" />
        </material>
        <material id="ID136" name="key_hole">
            <instance_effect url="#ID137" />
        </material>
        <material id="ID151" name="keybind_hint">
            <instance_effect url="#ID152" />
        </material>
    </library_materials>
    <library_effects>
        <effect id="ID7">
            <profile_COMMON>
                <technique sid="COMMON">
                    <lambert>
                        <diffuse>
                            <color>0.1372549 0.1372549 0.1372549 1</color>
                        </diffuse>
                    </lambert>
                </technique>
            </profile_COMMON>
        </effect>
        <effect id="ID15">
            <profile_COMMON>
                <newparam sid="ID17">
                    <surface type="2D">
                        <init_from>ID16</init_from>
                    </surface>
                </newparam>
                <newparam sid="ID18">
                    <sampler2D>
                        <source>ID17</source>
                    </sampler2D>
                </newparam>
                <technique sid="COMMON">
                    <lambert>
                        <diffuse>
                            <texture texture="ID18" texcoord="UVSET0" />
                        </diffuse>
                    </lambert>
                </technique>
            </profile_COMMON>
        </effect>
        <effect id="ID52">
            <profile_COMMON>
                <newparam sid="ID54">
                    <surface type="2D">
                        <init_from>ID53</init_from>
                    </surface>
                </newparam>
                <newparam sid="ID55">
                    <sampler2D>
                        <source>ID54</source>
                    </sampler2D>
                </newparam>
                <technique sid="COMMON">
                    <lambert>
                        <diffuse>
                            <texture texture="ID55" texcoord="UVSET0" />
                        </diffuse>
                    </lambert>
                </technique>
            </profile_COMMON>
        </effect>
        <effect id="ID65">
            <profile_COMMON>
                <newparam sid="ID67">
                    <surface type="2D">
                        <init_from>ID66</init_from>
                    </surface>
                </newparam>
                <newparam sid="ID68">
                    <sampler2D>
                        <source>ID67</source>
                    </sampler2D>
                </newparam>
                <technique sid="COMMON">
                    <lambert>
                        <diffuse>
                            <texture texture="ID68" texcoord="UVSET0" />
                        </diffuse>
                    </lambert>
                </technique>
            </profile_COMMON>
        </effect>
        <effect id="ID86">
            <profile_COMMON>
                <newparam sid="ID88">
                    <surface type="2D">
                        <init_from>ID87</init_from>
                    </surface>
                </newparam>
                <newparam sid="ID89">
                    <sampler2D>
                        <source>ID88</source>
                    </sampler2D>
                </newparam>
                <technique sid="COMMON">
                    <lambert>
                        <diffuse>
                            <texture texture="ID89" texcoord="UVSET0" />
                        </diffuse>
                        <transparent opaque="RGB_ZERO">
                            <color>0.48 0.48 0.48 1</color>
                        </transparent>
                        <transparency>
                            <float>1</float>
                        </transparency>
                    </lambert>
                </technique>
            </profile_COMMON>
        </effect>
        <effect id="ID103">
            <profile_COMMON>
                <newparam sid="ID105">
                    <surface type="2D">
                        <init_from>ID104</init_from>
                    </surface>
                </newparam>
                <newparam sid="ID106">
                    <sampler2D>
                        <source>ID105</source>
                    </sampler2D>
                </newparam>
                <technique sid="COMMON">
                    <lambert>
                        <diffuse>
                            <texture texture="ID106" texcoord="UVSET0" />
                        </diffuse>
                    </lambert>
                </technique>
            </profile_COMMON>
        </effect>
        <effect id="ID124">
            <profile_COMMON>
                <newparam sid="ID126">
                    <surface type="2D">
                        <init_from>ID125</init_from>
                    </surface>
                </newparam>
                <newparam sid="ID127">
                    <sampler2D>
                        <source>ID126</source>
                    </sampler2D>
                </newparam>
                <technique sid="COMMON">
                    <lambert>
                        <diffuse>
                            <texture texture="ID127" texcoord="UVSET0" />
                        </diffuse>
                    </lambert>
                </technique>
            </profile_COMMON>
        </effect>
        <effect id="ID137">
            <profile_COMMON>
                <newparam sid="ID139">
                    <surface type="2D">
                        <init_from>ID138</init_from>
                    </surface>
                </newparam>
                <newparam sid="ID140">
                    <sampler2D>
                        <source>ID139</source>
                    </sampler2D>
                </newparam>
                <technique sid="COMMON">
                    <lambert>
                        <diffuse>
                            <texture texture="ID140" texcoord="UVSET0" />
                        </diffuse>
                    </lambert>
                </technique>
            </profile_COMMON>
        </effect>
        <effect id="ID152">
            <profile_COMMON>
                <newparam sid="ID154">
                    <surface type="2D">
                        <init_from>ID153</init_from>
                    </surface>
                </newparam>
                <newparam sid="ID155">
                    <sampler2D>
                        <source>ID154</source>
                    </sampler2D>
                </newparam>
                <technique sid="COMMON">
                    <lambert>
                        <diffuse>
                            <texture texture="ID155" texcoord="UVSET0" />
                        </diffuse>
                        <transparent opaque="A_ONE">
                            <texture texture="ID155" texcoord="UVSET0" />
                        </transparent>
                    </lambert>
                </technique>
            </profile_COMMON>
        </effect>
    </library_effects>
    <library_images>
        <image id="ID16">
            <init_from>key_switch_ronis/housing.jpg</init_from>
        </image>
        <image id="ID53">
            <init_from>key_switch_ronis/plastic_black_textured.jpg</init_from>
        </image>
        <image id="ID66">
            <init_from>key_switch_ronis/placard.png</init_from>
        </image>
        <image id="ID87">
            <init_from>key_switch_ronis/plastic_glass.jpg</init_from>
        </image>
        <image id="ID104">
            <init_from>key_switch_ronis/key.jpg</init_from>
        </image>
        <image id="ID125">
            <init_from>key_switch_ronis/metal.jpg</init_from>
        </image>
        <image id="ID138">
            <init_from>key_switch_ronis/key_hole.png</init_from>
        </image>
        <image id="ID153">
            <init_from>key_switch_ronis/keybind_hint.png</init_from>
        </image>
    </library_images>
    <scene>
        <instance_visual_scene url="#ID2" />
    </scene>
</COLLADA>
