<?xml version="1.0" encoding="UTF-8" standalone="no" ?>
<COLLADA xmlns="http://www.collada.org/2005/11/COLLADASchema" version="1.4.1">
    <asset>
        <contributor>
            <authoring_tool>SketchUp 17.2.2555</authoring_tool>
        </contributor>
        <created>2026-03-31T20:30:40Z</created>
        <modified>2026-03-31T20:30:40Z</modified>
        <unit meter="0.0254" name="inch" />
        <up_axis>Z_UP</up_axis>
    </asset>
    <library_cameras>
        <camera id="ID1" name="skp_camera_Last_Saved_SketchUp_View">
            <optics>
                <technique_common>
                    <perspective>
                        <yfov>35</yfov>
                        <aspect_ratio>0</aspect_ratio>
                        <znear>0.1</znear>
                        <zfar>2</zfar>
                    </perspective>
                </technique_common>
            </optics>
        </camera>
    </library_cameras>
    <library_visual_scenes>
        <visual_scene id="ID2">
            <node name="SketchUp">
                <node name="skp_camera_Last_Saved_SketchUp_View">
                    <matrix>0.7380556 0.2316445 -0.6337307 -3.246106 -0.6747398 0.2533815 -0.6931984 -4.444573 0 0.9392223 0.3433094 2.945649 0 0 0 1</matrix>
                    <instance_camera url="#ID1" />
                </node>
                <node id="ID3" name="instance_0">
                    <matrix>1 0 0 0.5905512 0 1 0 -0.1181102 0 0 1 0.5804409 0 0 0 1</matrix>
                    <instance_node url="#ID4" />
                </node>
                <node id="ID42" name="instance_1">
                    <matrix>1 0 0 0 0 1 0 0 0 0 1 0 0 0 0 1</matrix>
                    <instance_node url="#ID43" />
                </node>
                <node id="ID91" name="instance_2">
                    <matrix>1 0 0 0.5905512 0 1 0 -0.7559449 0 0 1 0.5804409 0 0 0 1</matrix>
                    <instance_node url="#ID92" />
                </node>
            </node>
        </visual_scene>
    </library_visual_scenes>
    <library_nodes>
        <node id="ID4" name="housing">
            <instance_geometry url="#ID5">
                <bind_material>
                    <technique_common>
                        <instance_material symbol="Material2" target="#ID6">
                            <bind_vertex_input semantic="UVSET0" input_semantic="TEXCOORD" input_set="0" />
                        </instance_material>
                    </technique_common>
                </bind_material>
            </instance_geometry>
            <instance_geometry url="#ID13">
                <bind_material>
                    <technique_common>
                        <instance_material symbol="Material2" target="#ID14">
                            <bind_vertex_input semantic="UVSET0" input_semantic="TEXCOORD" input_set="0" />
                        </instance_material>
                    </technique_common>
                </bind_material>
            </instance_geometry>
            <instance_geometry url="#ID26">
                <bind_material>
                    <technique_common>
                        <instance_material symbol="Material2" target="#ID14">
                            <bind_vertex_input semantic="UVSET0" input_semantic="TEXCOORD" input_set="0" />
                        </instance_material>
                    </technique_common>
                </bind_material>
            </instance_geometry>
            <instance_geometry url="#ID34">
                <bind_material>
                    <technique_common>
                        <instance_material symbol="Material2" target="#ID14">
                            <bind_vertex_input semantic="UVSET0" input_semantic="TEXCOORD" input_set="0" />
                        </instance_material>
                    </technique_common>
                </bind_material>
            </instance_geometry>
        </node>
        <node id="ID43" name="placard">
            <instance_geometry url="#ID44">
                <bind_material>
                    <technique_common>
                        <instance_material symbol="Material2" target="#ID45">
                            <bind_vertex_input semantic="UVSET0" input_semantic="TEXCOORD" input_set="0" />
                        </instance_material>
                    </technique_common>
                </bind_material>
            </instance_geometry>
            <instance_geometry url="#ID57">
                <bind_material>
                    <technique_common>
                        <instance_material symbol="Material2" target="#ID58">
                            <bind_vertex_input semantic="UVSET0" input_semantic="TEXCOORD" input_set="0" />
                        </instance_material>
                    </technique_common>
                </bind_material>
            </instance_geometry>
            <instance_geometry url="#ID70">
                <bind_material>
                    <technique_common>
                        <instance_material symbol="Material2" target="#ID45">
                            <bind_vertex_input semantic="UVSET0" input_semantic="TEXCOORD" input_set="0" />
                        </instance_material>
                    </technique_common>
                </bind_material>
            </instance_geometry>
            <instance_geometry url="#ID78">
                <bind_material>
                    <technique_common>
                        <instance_material symbol="Material2" target="#ID79">
                            <bind_vertex_input semantic="UVSET0" input_semantic="TEXCOORD" input_set="0" />
                        </instance_material>
                    </technique_common>
                </bind_material>
            </instance_geometry>
        </node>
        <node id="ID92" name="button">
            <instance_geometry url="#ID93">
                <bind_material>
                    <technique_common>
                        <instance_material symbol="Material2" target="#ID94">
                            <bind_vertex_input semantic="UVSET0" input_semantic="TEXCOORD" input_set="0" />
                        </instance_material>
                    </technique_common>
                </bind_material>
            </instance_geometry>
            <instance_geometry url="#ID106">
                <bind_material>
                    <technique_common>
                        <instance_material symbol="Material2" target="#ID107">
                            <bind_vertex_input semantic="UVSET0" input_semantic="TEXCOORD" input_set="0" />
                        </instance_material>
                    </technique_common>
                </bind_material>
            </instance_geometry>
        </node>
    </library_nodes>
    <library_geometries>
        <geometry id="ID5">
            <mesh>
                <source id="ID8">
                    <float_array id="ID11" count="432">-0.5317155 -0.007874016 0.1424728 -0.4658126 -0.0177126 0.268937 -0.5195464 -0.0177126 0.139212 -0.4767231 -0.007874016 0.2752362 -0.4767231 -0.007874016 0.2752362 -0.5317155 -0.04335433 0.1424728 -0.4767231 -0.04335433 0.2752362 -0.5317155 -0.007874016 0.1424728 -0.3803344 -0.0177126 0.3803344 -0.3892428 -0.007874016 0.3892428 -0.537874 -0.0177126 -1.110223e-16 -0.5504724 -0.007874016 -1.110223e-16 -0.3892428 -0.007874016 0.3892428 -0.3892428 -0.04335433 0.3892428 -0.5504724 -0.04335433 -1.110223e-16 -0.5504724 -0.007874016 -1.110223e-16 -0.4659059 -0.03351575 0.2689909 -0.5317155 -0.04335433 0.1424728 -0.5196505 -0.03351575 0.1392399 -0.4767231 -0.04335433 0.2752362 -0.268937 -0.0177126 0.4658126 -0.2752362 -0.007874016 0.4767231 -0.5195464 -0.0177126 -0.139212 -0.5317155 -0.007874016 -0.1424728 -0.2752362 -0.04335433 0.4767231 -0.2752362 -0.007874016 0.4767231 -0.3804106 -0.03351575 0.3804106 -0.3892428 -0.04335433 0.3892428 -0.5317155 -0.04335433 -0.1424728 -0.5317155 -0.007874016 -0.1424728 -0.5504724 -0.04335433 -1.110223e-16 -0.5379818 -0.03351575 -2.220446e-16 -0.139212 -0.0177126 0.5195464 -0.1424728 -0.007874016 0.5317155 -0.4658126 -0.0177126 -0.268937 -0.4767231 -0.007874016 -0.2752362 -0.2689909 -0.03351575 0.4659059 -0.2752362 -0.04335433 0.4767231 -0.1424728 -0.04335433 0.5317155 -0.1424728 -0.007874016 0.5317155 -0.4767231 -0.04335433 -0.2752362 -0.4767231 -0.007874016 -0.2752362 -0.5196505 -0.03351575 -0.1392399 -0.5317155 -0.04335433 -0.1424728 0 -0.0177126 0.537874 0 -0.007874016 0.5504724 -0.3803344 -0.0177126 -0.3803344 -0.3892428 -0.007874016 -0.3892428 -0.1392399 -0.03351575 0.5196505 -0.1424728 -0.04335433 0.5317155 0 -0.04335433 0.5504724 0 -0.007874016 0.5504724 -0.3892428 -0.04335433 -0.3892428 -0.3892428 -0.007874016 -0.3892428 -0.4659059 -0.03351575 -0.2689909 -0.4767231 -0.04335433 -0.2752362 0.1424728 -0.007874016 0.5317155 0.139212 -0.0177126 0.5195464 -0.268937 -0.0177126 -0.4658126 -0.2752362 -0.007874016 -0.4767231 -8.881784e-16 -0.03351575 0.5379818 0 -0.04335433 0.5504724 0.1424728 -0.04335433 0.5317155 0.1424728 -0.007874016 0.5317155 -0.2752362 -0.007874016 -0.4767231 -0.2752362 -0.04335433 -0.4767231 -0.3804106 -0.03351575 -0.3804106 -0.3892428 -0.04335433 -0.3892428 0.2752362 -0.007874016 0.4767231 0.268937 -0.0177126 0.4658126 -0.139212 -0.0177126 -0.5195464 -0.1424728 -0.007874016 -0.5317155 0.1424728 -0.04335433 0.5317155 0.1392399 -0.03351575 0.5196505 0.2752362 -0.04335433 0.4767231 0.2752362 -0.007874016 0.4767231 -0.1424728 -0.007874016 -0.5317155 -0.1424728 -0.04335433 -0.5317155 -0.2689909 -0.03351575 -0.4659059 -0.2752362 -0.04335433 -0.4767231 0.3892428 -0.007874016 0.3892428 0.3803344 -0.0177126 0.3803344 0 -0.0177126 -0.537874 0 -0.007874016 -0.5504724 0.2752362 -0.04335433 0.4767231 0.2689909 -0.03351575 0.4659059 0.3892428 -0.04335433 0.3892428 0.3892428 -0.007874016 0.3892428 0 -0.007874016 -0.5504724 0 -0.04335433 -0.5504724 -0.1392399 -0.03351575 -0.5196505 -0.1424728 -0.04335433 -0.5317155 0.4767231 -0.007874016 0.2752362 0.4658126 -0.0177126 0.268937 0.1424728 -0.007874016 -0.5317155 0.139212 -0.0177126 -0.5195464 0.3892428 -0.04335433 0.3892428 0.3804106 -0.03351575 0.3804106 0.4767231 -0.007874016 0.2752362 0.4767231 -0.04335433 0.2752362 0.1424728 -0.007874016 -0.5317155 0.1424728 -0.04335433 -0.5317155 6.661338e-16 -0.03351575 -0.5379818 0 -0.04335433 -0.5504724 0.5317155 -0.007874016 0.1424728 0.5195464 -0.0177126 0.139212 0.2752362 -0.007874016 -0.4767231 0.268937 -0.0177126 -0.4658126 0.4767231 -0.04335433 0.2752362 0.4659059 -0.03351575 0.2689909 0.5317155 -0.007874016 0.1424728 0.5317155 -0.04335433 0.1424728 0.2752362 -0.007874016 -0.4767231 0.2752362 -0.04335433 -0.4767231 0.1424728 -0.04335433 -0.5317155 0.1392399 -0.03351575 -0.5196505 0.5504724 -0.007874016 0 0.537874 -0.0177126 0 0.3892428 -0.007874016 -0.3892428 0.3803344 -0.0177126 -0.3803344 0.5317155 -0.04335433 0.1424728 0.5196505 -0.03351575 0.1392399 0.5504724 -0.007874016 0 0.5504724 -0.04335433 0 0.3892428 -0.007874016 -0.3892428 0.3892428 -0.04335433 -0.3892428 0.2752362 -0.04335433 -0.4767231 0.2689909 -0.03351575 -0.4659059 0.5195464 -0.0177126 -0.139212 0.5317155 -0.007874016 -0.1424728 0.4767231 -0.007874016 -0.2752362 0.4658126 -0.0177126 -0.268937 0.5379818 -0.03351575 5.551115e-16 0.5504724 -0.04335433 0 0.5317155 -0.007874016 -0.1424728 0.5317155 -0.04335433 -0.1424728 0.4767231 -0.04335433 -0.2752362 0.4767231 -0.007874016 -0.2752362 0.3892428 -0.04335433 -0.3892428 0.3804106 -0.03351575 -0.3804106 0.5196505 -0.03351575 -0.1392399 0.5317155 -0.04335433 -0.1424728 0.4767231 -0.04335433 -0.2752362 0.4659059 -0.03351575 -0.2689909</float_array>
                    <technique_common>
                        <accessor count="144" source="#ID11" stride="3">
                            <param name="X" type="float" />
                            <param name="Y" type="float" />
                            <param name="Z" type="float" />
                        </accessor>
                    </technique_common>
                </source>
                <source id="ID9">
                    <float_array id="ID12" count="432">0.5945187 0.7881438 -0.1593008 0.5330309 0.7881438 -0.3077455 0.5945187 0.7881438 -0.1593008 0.5330309 0.7881438 -0.3077455 -0.8660254 7.748474e-32 0.5 -0.9659258 8.548474e-32 0.258819 -0.8660254 7.748474e-32 0.5 -0.9659258 8.548474e-32 0.258819 0.4352179 0.7881438 -0.4352179 0.4352179 0.7881438 -0.4352179 0.6154911 0.7881438 1.58044e-16 0.6154911 0.7881438 1.660084e-16 -0.7071068 -5.148425e-32 0.7071068 -0.7071068 -5.148425e-32 0.7071068 -1 -1.043899e-31 -2.762444e-16 -1 -1.043899e-31 -2.762444e-16 0.535874 -0.785569 -0.309387 0.5976898 -0.785569 -0.1601505 0.5976898 -0.785569 -0.1601505 0.535874 -0.785569 -0.309387 0.3077455 0.7881438 -0.5330309 0.3077455 0.7881438 -0.5330309 0.5945187 0.7881438 0.1593008 0.5945187 0.7881438 0.1593008 -0.5 5.550954e-32 0.8660254 -0.5 5.550954e-32 0.8660254 0.4375393 -0.785569 -0.4375393 0.4375393 -0.785569 -0.4375393 -0.9659258 -1.02672e-31 -0.258819 -0.9659258 -1.02672e-31 -0.258819 0.618774 -0.785569 -1.138121e-16 0.618774 -0.785569 6.406456e-16 0.1593008 0.7881438 -0.5945187 0.1593008 0.7881438 -0.5945187 0.5330309 0.7881438 0.3077455 0.5330309 0.7881438 0.3077455 0.309387 -0.785569 -0.535874 0.309387 -0.785569 -0.535874 -0.258819 9.899379e-32 0.9659258 -0.258819 9.899379e-32 0.9659258 -0.8660254 4.176635e-32 -0.5 -0.8660254 4.176635e-32 -0.5 0.5976898 -0.785569 0.1601505 0.5976898 -0.785569 0.1601505 4.075871e-16 0.7881438 -0.6154911 3.699616e-16 0.7881438 -0.6154911 0.4352179 0.7881438 0.4352179 0.4352179 0.7881438 0.4352179 0.1601505 -0.785569 -0.5976898 0.1601505 -0.785569 -0.5976898 -5.524888e-16 1.427893e-47 1 -5.524888e-16 1.427893e-47 1 -0.7071068 8.35327e-32 -0.7071068 -0.7071068 8.35327e-32 -0.7071068 0.535874 -0.785569 0.309387 0.535874 -0.785569 0.309387 -0.1593008 0.7881438 -0.5945187 -0.1593008 0.7881438 -0.5945187 0.3077455 0.7881438 0.5330309 0.3077455 0.7881438 0.5330309 3.46115e-15 -0.785569 -0.618774 -2.385312e-15 -0.785569 -0.618774 0.258819 -1.179115e-32 0.9659258 0.258819 -1.179115e-32 0.9659258 -0.5 1.32749e-32 -0.8660254 -0.5 1.32749e-32 -0.8660254 0.4375393 -0.785569 0.4375393 0.4375393 -0.785569 0.4375393 -0.3077455 0.7881438 -0.5330309 -0.3077455 0.7881438 -0.5330309 0.1593008 0.7881438 0.5945187 0.1593008 0.7881438 0.5945187 -0.1601505 -0.785569 -0.5976898 -0.1601505 -0.785569 -0.5976898 0.5 -5.18396e-32 0.8660254 0.5 -5.18396e-32 0.8660254 -0.258819 -1.328813e-31 -0.9659258 -0.258819 -1.328813e-31 -0.9659258 0.309387 -0.785569 0.535874 0.309387 -0.785569 0.535874 -0.4352179 0.7881438 -0.4352179 -0.4352179 0.7881438 -0.4352179 3.327241e-17 0.7881438 0.6154911 2.845859e-17 0.7881438 0.6154911 -0.309387 -0.785569 -0.535874 -0.309387 -0.785569 -0.535874 0.7071068 -8.35327e-32 0.7071068 0.7071068 -8.35327e-32 0.7071068 -5.346666e-17 -2.122156e-31 -1 -5.346666e-17 -2.122156e-31 -1 0.1601505 -0.785569 0.5976898 0.1601505 -0.785569 0.5976898 -0.5330309 0.7881438 -0.3077455 -0.5330309 0.7881438 -0.3077455 -0.1593008 0.7881438 0.5945187 -0.1593008 0.7881438 0.5945187 -0.4375393 -0.785569 -0.4375393 -0.4375393 -0.785569 -0.4375393 0.8660254 1.694484e-32 0.5 0.8660254 1.694484e-32 0.5 0.258819 -6.926099e-32 -0.9659258 0.258819 -6.926099e-32 -0.9659258 -2.429461e-15 -0.785569 0.618774 1.958517e-15 -0.785569 0.618774 -0.5945187 0.7881438 -0.1593008 -0.5945187 0.7881438 -0.1593008 -0.3077455 0.7881438 0.5330309 -0.3077455 0.7881438 0.5330309 -0.535874 -0.785569 -0.309387 -0.535874 -0.785569 -0.309387 0.9659258 5.871119e-32 0.258819 0.9659258 5.871119e-32 0.258819 0.5 -3.201653e-33 -0.8660254 0.5 -3.201653e-33 -0.8660254 -0.1601505 -0.785569 0.5976898 -0.1601505 -0.785569 0.5976898 -0.6154911 0.7881438 -1.138343e-16 -0.6154911 0.7881438 -1.663621e-16 -0.4352179 0.7881438 0.4352179 -0.4352179 0.7881438 0.4352179 -0.5976898 -0.785569 -0.1601505 -0.5976898 -0.785569 -0.1601505 1 -1.043899e-31 1.871333e-16 1 -1.043899e-31 1.871333e-16 0.7071068 -8.35327e-32 -0.7071068 0.7071068 -8.35327e-32 -0.7071068 -0.309387 -0.785569 0.535874 -0.309387 -0.785569 0.535874 -0.5945187 0.7881438 0.1593008 -0.5945187 0.7881438 0.1593008 -0.5330309 0.7881438 0.3077455 -0.5330309 0.7881438 0.3077455 -0.618774 -0.785569 -2.104978e-15 -0.618774 -0.785569 1.517495e-15 0.9659258 -1.731743e-31 -0.258819 0.9659258 -1.731743e-31 -0.258819 0.8660254 -1.105508e-31 -0.5 0.8660254 -1.105508e-31 -0.5 -0.4375393 -0.785569 0.4375393 -0.4375393 -0.785569 0.4375393 -0.5976898 -0.785569 0.1601505 -0.5976898 -0.785569 0.1601505 -0.535874 -0.785569 0.309387 -0.535874 -0.785569 0.309387</float_array>
                    <technique_common>
                        <accessor count="144" source="#ID12" stride="3">
                            <param name="X" type="float" />
                            <param name="Y" type="float" />
                            <param name="Z" type="float" />
                        </accessor>
                    </technique_common>
                </source>
                <vertices id="ID10">
                    <input semantic="POSITION" source="#ID8" />
                    <input semantic="NORMAL" source="#ID9" />
                </vertices>
                <triangles count="144" material="Material2">
                    <input offset="0" semantic="VERTEX" source="#ID10" />
                    <p>0 1 2 1 0 3 4 5 6 5 4 7 3 8 1 8 3 9 0 10 11 10 0 2 12 6 13 6 12 4 7 14 5 14 7 15 16 17 18 17 16 19 9 20 8 20 9 21 11 22 23 22 11 10 24 12 13 12 24 25 26 19 16 19 26 27 15 28 14 28 15 29 18 30 31 30 18 17 21 32 20 32 21 33 23 34 35 34 23 22 36 27 26 27 36 37 38 25 24 25 38 39 29 40 28 40 29 41 42 30 43 30 42 31 33 44 32 44 33 45 35 46 47 46 35 34 48 37 36 37 48 49 50 39 38 39 50 51 41 52 40 52 41 53 54 43 55 43 54 42 44 56 57 56 44 45 47 58 59 58 47 46 60 49 48 49 60 61 62 51 50 51 62 63 64 52 53 52 64 65 66 55 67 55 66 54 57 68 69 68 57 56 59 70 71 70 59 58 72 60 73 60 72 61 74 63 62 63 74 75 76 65 64 65 76 77 78 67 79 67 78 66 69 80 81 80 69 68 71 82 83 82 71 70 84 73 85 73 84 72 86 75 74 75 86 87 88 77 76 77 88 89 90 79 91 79 90 78 81 92 93 92 81 80 82 94 83 94 82 95 96 85 97 85 96 84 98 86 99 86 98 87 100 89 88 89 100 101 102 91 103 91 102 90 93 104 105 104 93 92 95 106 94 106 95 107 108 97 109 97 108 96 110 99 111 99 110 98 112 101 100 101 112 113 114 102 103 102 114 115 105 116 117 116 105 104 107 118 106 118 107 119 120 109 121 109 120 108 122 111 123 111 122 110 124 113 112 113 124 125 126 115 114 115 126 127 128 116 129 116 128 117 119 130 118 130 119 131 120 132 133 132 120 121 134 123 135 123 134 122 124 136 125 136 124 137 138 127 126 127 138 139 131 129 130 129 131 128 133 140 141 140 133 132 137 135 136 135 137 134 142 139 138 139 142 143 141 143 142 143 141 140</p>
                </triangles>
            </mesh>
        </geometry>
        <geometry id="ID13">
            <mesh>
                <source id="ID19">
                    <float_array id="ID23" count="936">0 -0.1593701 0.5580709 -0.1444394 -0.05125591 0.5390551 -0.1444394 -0.1593701 0.5390551 0 -0.05125591 0.5580709 -0.1444394 -0.05125591 -0.5390551 0.1444394 -0.05125591 -0.5390551 0 -0.05125591 -0.5580709 6.661338e-16 -0.05125591 -0.5379818 -0.1392399 -0.05125591 -0.5196505 -0.2790354 -0.05125591 -0.4833035 -0.2689909 -0.05125591 -0.4659059 -0.3946157 -0.05125591 -0.3946157 -0.3804106 -0.05125591 -0.3804106 -0.4833035 -0.05125591 -0.2790354 -0.4659059 -0.05125591 -0.2689909 -0.5390551 -0.05125591 -0.1444394 -0.5196505 -0.05125591 -0.1392399 -0.5580709 -0.05125591 -1.110223e-16 -0.5379818 -0.05125591 -2.220446e-16 -0.5196505 -0.05125591 0.1392399 -0.5390551 -0.05125591 0.1444394 -0.4659059 -0.05125591 0.2689909 -0.4833035 -0.05125591 0.2790354 -0.3804106 -0.05125591 0.3804106 -0.3946157 -0.05125591 0.3946157 -0.2689909 -0.05125591 0.4659059 -0.2790354 -0.05125591 0.4833035 -0.1392399 -0.05125591 0.5196505 -0.1444394 -0.05125591 0.5390551 -8.881784e-16 -0.05125591 0.5379818 0.1392399 -0.05125591 -0.5196505 0.2790354 -0.05125591 -0.4833035 0.2689909 -0.05125591 -0.4659059 0.3946157 -0.05125591 -0.3946157 0.3804106 -0.05125591 -0.3804106 0.4833035 -0.05125591 -0.2790354 0.4659059 -0.05125591 -0.2689909 0.5390551 -0.05125591 -0.1444394 0.5196505 -0.05125591 -0.1392399 0.5580709 -0.05125591 0 0.5379818 -0.05125591 5.551115e-16 0.5390551 -0.05125591 0.1444394 0.5196505 -0.05125591 0.1392399 0.4659059 -0.05125591 0.2689909 0.4833035 -0.05125591 0.2790354 0.3804106 -0.05125591 0.3804106 0.3946157 -0.05125591 0.3946157 0.2689909 -0.05125591 0.4659059 0.2790354 -0.05125591 0.4833035 0.1392399 -0.05125591 0.5196505 0.1444394 -0.05125591 0.5390551 0 -0.05125591 0.5580709 -0.2790354 -0.05125591 0.4833035 -0.2790354 -0.1593701 0.4833035 0 -0.3425945 0.5804409 -0.1444394 -0.1593701 0.5390551 -0.1502292 -0.3425945 0.5606629 0 -0.1593701 0.5580709 0.1444394 -0.1593701 0.5390551 0.1444394 -0.05125591 0.5390551 0.1444394 -0.05125591 -0.5390551 0 -0.1593701 -0.5580709 0 -0.05125591 -0.5580709 0.1444394 -0.1593701 -0.5390551 -0.1444394 -0.1593701 -0.5390551 -0.1444394 -0.05125591 -0.5390551 -0.2790354 -0.1593701 -0.4833035 -0.2790354 -0.05125591 -0.4833035 -0.3946157 -0.1593701 -0.3946157 -0.3946157 -0.05125591 -0.3946157 -0.4833035 -0.05125591 -0.2790354 -0.4833035 -0.1593701 -0.2790354 -0.5390551 -0.05125591 -0.1444394 -0.5390551 -0.1593701 -0.1444394 -0.5580709 -0.05125591 -1.110223e-16 -0.5580709 -0.1593701 -1.110223e-16 -0.5390551 -0.05125591 0.1444394 -0.5390551 -0.1593701 0.1444394 -0.4833035 -0.05125591 0.2790354 -0.4833035 -0.1593701 0.2790354 -0.3946157 -0.05125591 0.3946157 -0.3946157 -0.1593701 0.3946157 0.2790354 -0.1593701 0.4833035 0.2790354 -0.05125591 0.4833035 0.3946157 -0.1593701 0.3946157 0.3946157 -0.05125591 0.3946157 0.4833035 -0.05125591 0.2790354 0.4833035 -0.1593701 0.2790354 0.5390551 -0.05125591 0.1444394 0.5390551 -0.1593701 0.1444394 0.5580709 -0.05125591 0 0.5580709 -0.1593701 0 0.5390551 -0.05125591 -0.1444394 0.5390551 -0.1593701 -0.1444394 0.4833035 -0.05125591 -0.2790354 0.4833035 -0.1593701 -0.2790354 0.3946157 -0.05125591 -0.3946157 0.3946157 -0.1593701 -0.3946157 0.2790354 -0.1593701 -0.4833035 0.2790354 -0.05125591 -0.4833035 -0.2790354 -0.1593701 0.4833035 -0.2902205 -0.3425945 0.5026766 -0.1339552 -0.4331457 0.4999275 0 -0.3425945 0.5804409 -0.1502292 -0.3425945 0.5606629 0 -0.4331457 0.517563 0.1502292 -0.3425945 0.5606629 0.1444394 -0.1593701 0.5390551 0.1444394 -0.1593701 -0.5390551 0 -0.3425945 -0.5804409 0 -0.1593701 -0.5580709 0.1502292 -0.3425945 -0.5606629 -0.1444394 -0.1593701 -0.5390551 -0.1502292 -0.3425945 -0.5606629 -0.2790354 -0.1593701 -0.4833035 -0.2902205 -0.3425945 -0.5026766 -0.3946157 -0.1593701 -0.3946157 -0.4104337 -0.3425945 -0.4104337 -0.4833035 -0.1593701 -0.2790354 -0.5026766 -0.3425945 -0.2902205 -0.5390551 -0.1593701 -0.1444394 -0.5606629 -0.3425945 -0.1502292 -0.5580709 -0.1593701 -1.110223e-16 -0.5804409 -0.3425945 -1.110223e-16 -0.5390551 -0.1593701 0.1444394 -0.5606629 -0.3425945 0.1502292 -0.5026766 -0.3425945 0.2902205 -0.4833035 -0.1593701 0.2790354 -0.3946157 -0.1593701 0.3946157 -0.4104337 -0.3425945 0.4104337 0.2790354 -0.1593701 0.4833035 0.2902205 -0.3425945 0.5026766 0.3946157 -0.1593701 0.3946157 0.4104337 -0.3425945 0.4104337 0.5026766 -0.3425945 0.2902205 0.4833035 -0.1593701 0.2790354 0.5390551 -0.1593701 0.1444394 0.5606629 -0.3425945 0.1502292 0.5580709 -0.1593701 0 0.5804409 -0.3425945 0 0.5390551 -0.1593701 -0.1444394 0.5606629 -0.3425945 -0.1502292 0.4833035 -0.1593701 -0.2790354 0.5026766 -0.3425945 -0.2902205 0.3946157 -0.1593701 -0.3946157 0.4104337 -0.3425945 -0.4104337 0.2902205 -0.3425945 -0.5026766 0.2790354 -0.1593701 -0.4833035 -0.2587815 -0.4331457 0.4482227 -0.2902205 -0.3425945 0.5026766 0 -0.4284213 0.4776457 -0.1339552 -0.4331457 0.4999275 -0.1236238 -0.4284213 0.4613703 0 -0.4331457 0.517563 0.1339552 -0.4331457 0.4999275 0.1502292 -0.3425945 0.5606629 0.1502292 -0.3425945 -0.5606629 0 -0.4331457 -0.517563 0 -0.3425945 -0.5804409 0.1339552 -0.4331457 -0.4999275 -0.1339552 -0.4331457 -0.4999275 -0.1502292 -0.3425945 -0.5606629 -0.2587815 -0.4331457 -0.4482227 -0.2902205 -0.3425945 -0.5026766 -0.3659723 -0.4331457 -0.3659723 -0.4104337 -0.3425945 -0.4104337 -0.5026766 -0.3425945 -0.2902205 -0.4482227 -0.4331457 -0.2587815 -0.4999275 -0.4331457 -0.1339552 -0.5606629 -0.3425945 -0.1502292 -0.5804409 -0.3425945 -1.110223e-16 -0.517563 -0.4331457 0 -0.5606629 -0.3425945 0.1502292 -0.4999275 -0.4331457 0.1339552 -0.5026766 -0.3425945 0.2902205 -0.4482227 -0.4331457 0.2587815 -0.4104337 -0.3425945 0.4104337 -0.3659723 -0.4331457 0.3659723 0.2587815 -0.4331457 0.4482227 0.2902205 -0.3425945 0.5026766 0.3659723 -0.4331457 0.3659723 0.4104337 -0.3425945 0.4104337 0.5026766 -0.3425945 0.2902205 0.4482227 -0.4331457 0.2587815 0.5606629 -0.3425945 0.1502292 0.4999275 -0.4331457 0.1339552 0.5804409 -0.3425945 0 0.517563 -0.4331457 1.110223e-16 0.5606629 -0.3425945 -0.1502292 0.4999275 -0.4331457 -0.1339552 0.5026766 -0.3425945 -0.2902205 0.4482227 -0.4331457 -0.2587815 0.3659723 -0.4331457 -0.3659723 0.4104337 -0.3425945 -0.4104337 0.2902205 -0.3425945 -0.5026766 0.2587815 -0.4331457 -0.4482227 -0.2587815 -0.4331457 0.4482227 -0.2388228 -0.4284213 0.4136533 0 -0.007874016 0.4776457 -0.1236238 -0.4284213 0.4613703 -0.1236238 -0.007874016 0.4613703 0 -0.4284213 0.4776457 0.1339552 -0.4331457 0.4999275 0.1236238 -0.4284213 0.4613703 0.1339552 -0.4331457 -0.4999275 0 -0.4284213 -0.4776457 0 -0.4331457 -0.517563 0.1236238 -0.4284213 -0.4613703 -0.1339552 -0.4331457 -0.4999275 -0.1236238 -0.4284213 -0.4613703 -0.2587815 -0.4331457 -0.4482227 -0.2388228 -0.4284213 -0.4136533 -0.3659723 -0.4331457 -0.3659723 -0.3377465 -0.4284213 -0.3377465 -0.4482227 -0.4331457 -0.2587815 -0.4136533 -0.4284213 -0.2388228 -0.4999275 -0.4331457 -0.1339552 -0.4613703 -0.4284213 -0.1236238 -0.517563 -0.4331457 0 -0.4776457 -0.4284213 0 -0.4613703 -0.4284213 0.1236238 -0.4999275 -0.4331457 0.1339552 -0.4136533 -0.4284213 0.2388228 -0.4482227 -0.4331457 0.2587815 -0.3377465 -0.4284213 0.3377465 -0.3659723 -0.4331457 0.3659723 0.2587815 -0.4331457 0.4482227 0.2388228 -0.4284213 0.4136533 0.3659723 -0.4331457 0.3659723 0.3377465 -0.4284213 0.3377465 0.4482227 -0.4331457 0.2587815 0.4136533 -0.4284213 0.2388228 0.4999275 -0.4331457 0.1339552 0.4613703 -0.4284213 0.1236238 0.4776457 -0.4284213 1.110223e-16 0.517563 -0.4331457 1.110223e-16 0.4613703 -0.4284213 -0.1236238 0.4999275 -0.4331457 -0.1339552 0.4136533 -0.4284213 -0.2388228 0.4482227 -0.4331457 -0.2587815 0.3377465 -0.4284213 -0.3377465 0.3659723 -0.4331457 -0.3659723 0.2388228 -0.4284213 -0.4136533 0.2587815 -0.4331457 -0.4482227 -0.2388228 -0.4284213 0.4136533 -0.2388228 -0.007874016 0.4136533 0.1236238 -0.007874016 -0.4613703 -0.1236238 -0.007874016 -0.4613703 0 -0.007874016 -0.4776457 -0.2388228 -0.007874016 -0.4136533 0.2388228 -0.007874016 -0.4136533 -0.3377465 -0.007874016 -0.3377465 0.3377465 -0.007874016 -0.3377465 0.4136533 -0.007874016 -0.2388228 -0.4136533 -0.007874016 -0.2388228 -0.4613703 -0.007874016 -0.1236238 0.4613703 -0.007874016 -0.1236238 -0.4776457 -0.007874016 0 0.4776457 -0.007874016 1.110223e-16 -0.4613703 -0.007874016 0.1236238 0.4613703 -0.007874016 0.1236238 -0.4136533 -0.007874016 0.2388228 0.4136533 -0.007874016 0.2388228 -0.3377465 -0.007874016 0.3377465 0.3377465 -0.007874016 0.3377465 -0.2388228 -0.007874016 0.4136533 0.2388228 -0.007874016 0.4136533 -0.1236238 -0.007874016 0.4613703 0.1236238 -0.007874016 0.4613703 0 -0.007874016 0.4776457 0.1236238 -0.007874016 0.4613703 0.1236238 -0.4284213 0.4613703 0.1236238 -0.4284213 -0.4613703 0 -0.007874016 -0.4776457 0 -0.4284213 -0.4776457 0.1236238 -0.007874016 -0.4613703 -0.1236238 -0.007874016 -0.4613703 -0.1236238 -0.4284213 -0.4613703 -0.2388228 -0.007874016 -0.4136533 -0.2388228 -0.4284213 -0.4136533 -0.3377465 -0.007874016 -0.3377465 -0.3377465 -0.4284213 -0.3377465 -0.4136533 -0.4284213 -0.2388228 -0.4136533 -0.007874016 -0.2388228 -0.4613703 -0.4284213 -0.1236238 -0.4613703 -0.007874016 -0.1236238 -0.4776457 -0.4284213 0 -0.4776457 -0.007874016 0 -0.4613703 -0.4284213 0.1236238 -0.4613703 -0.007874016 0.1236238 -0.4136533 -0.4284213 0.2388228 -0.4136533 -0.007874016 0.2388228 -0.3377465 -0.4284213 0.3377465 -0.3377465 -0.007874016 0.3377465 0.2388228 -0.007874016 0.4136533 0.2388228 -0.4284213 0.4136533 0.3377465 -0.007874016 0.3377465 0.3377465 -0.4284213 0.3377465 0.4136533 -0.4284213 0.2388228 0.4136533 -0.007874016 0.2388228 0.4613703 -0.4284213 0.1236238 0.4613703 -0.007874016 0.1236238 0.4776457 -0.4284213 1.110223e-16 0.4776457 -0.007874016 1.110223e-16 0.4613703 -0.4284213 -0.1236238 0.4613703 -0.007874016 -0.1236238 0.4136533 -0.4284213 -0.2388228 0.4136533 -0.007874016 -0.2388228 0.3377465 -0.4284213 -0.3377465 0.3377465 -0.007874016 -0.3377465 0.2388228 -0.007874016 -0.4136533 0.2388228 -0.4284213 -0.4136533</float_array>
                    <technique_common>
                        <accessor count="312" source="#ID23" stride="3">
                            <param name="X" type="float" />
                            <param name="Y" type="float" />
                            <param name="Z" type="float" />
                        </accessor>
                    </technique_common>
                </source>
                <source id="ID20">
                    <float_array id="ID24" count="936">-1.782222e-16 0 1 -0.258819 0 0.9659258 -0.258819 0 0.9659258 -1.782222e-16 0 1 0 1 0 0 1 0 0 1 0 0 1 0 0 1 0 0 1 0 0 1 0 0 1 0 0 1 0 0 1 0 0 1 0 0 1 0 0 1 0 0 1 0 0 1 0 0 1 0 0 1 0 0 1 0 0 1 0 0 1 0 0 1 0 0 1 0 0 1 0 0 1 0 0 1 0 0 1 0 0 1 0 0 1 0 0 1 0 0 1 0 0 1 0 0 1 0 0 1 0 0 1 0 0 1 0 0 1 0 0 1 0 0 1 0 0 1 0 0 1 0 0 1 0 0 1 0 0 1 0 0 1 0 0 1 0 0 1 0 0 1 0 0 1 0 -0.5 0 0.8660254 -0.5 0 0.8660254 -4.770339e-16 0.1211912 0.9926292 -0.2569113 0.1211912 0.9588062 -0.2569113 0.1211912 0.9588062 -4.763425e-16 0.1211912 0.9926292 0.258819 0 0.9659258 0.258819 0 0.9659258 0.258819 0 -0.9659258 3.208e-16 0 -1 3.208e-16 0 -1 0.258819 0 -0.9659258 -0.258819 0 -0.9659258 -0.258819 0 -0.9659258 -0.5 0 -0.8660254 -0.5 0 -0.8660254 -0.7071068 0 -0.7071068 -0.7071068 0 -0.7071068 -0.8660254 0 -0.5 -0.8660254 0 -0.5 -0.9659258 0 -0.258819 -0.9659258 0 -0.258819 -1 0 -2.584222e-16 -1 0 -2.584222e-16 -0.9659258 0 0.258819 -0.9659258 0 0.258819 -0.8660254 0 0.5 -0.8660254 0 0.5 -0.7071068 0 0.7071068 -0.7071068 0 0.7071068 0.5 0 0.8660254 0.5 0 0.8660254 0.7071068 0 0.7071068 0.7071068 0 0.7071068 0.8660254 0 0.5 0.8660254 0 0.5 0.9659258 0 0.258819 0.9659258 0 0.258819 1 0 1.693111e-16 1 0 1.693111e-16 0.9659258 0 -0.258819 0.9659258 0 -0.258819 0.8660254 0 -0.5 0.8660254 0 -0.5 0.7071068 0 -0.7071068 0.7071068 0 -0.7071068 0.5 0 -0.8660254 0.5 0 -0.8660254 -0.4963146 0.1211912 0.8596421 -0.4963146 0.1211912 0.8596421 -0.2125915 -0.5703664 0.7934022 -6.157097e-16 -0.5703664 0.8213904 -0.2125915 -0.5703664 0.7934022 -6.787131e-16 -0.5703664 0.8213904 0.2569113 0.1211912 0.9588062 0.2569113 0.1211912 0.9588062 0.2569113 0.1211912 -0.9588062 9.090646e-16 0.1211912 -0.9926292 9.350428e-16 0.1211912 -0.9926292 0.2569113 0.1211912 -0.9588062 -0.2569113 0.1211912 -0.9588062 -0.2569113 0.1211912 -0.9588062 -0.4963146 0.1211912 -0.8596421 -0.4963146 0.1211912 -0.8596421 -0.7018948 0.1211912 -0.7018948 -0.7018948 0.1211912 -0.7018948 -0.8596421 0.1211912 -0.4963146 -0.8596421 0.1211912 -0.4963146 -0.9588062 0.1211912 -0.2569113 -0.9588062 0.1211912 -0.2569113 -0.9926292 0.1211912 -4.410579e-16 -0.9926292 0.1211912 -4.410313e-16 -0.9588062 0.1211912 0.2569113 -0.9588062 0.1211912 0.2569113 -0.8596421 0.1211912 0.4963146 -0.8596421 0.1211912 0.4963146 -0.7018948 0.1211912 0.7018948 -0.7018948 0.1211912 0.7018948 0.4963146 0.1211912 0.8596421 0.4963146 0.1211912 0.8596421 0.7018948 0.1211912 0.7018948 0.7018948 0.1211912 0.7018948 0.8596421 0.1211912 0.4963146 0.8596421 0.1211912 0.4963146 0.9588062 0.1211912 0.2569113 0.9588062 0.1211912 0.2569113 0.9926292 0.1211912 1.67602e-16 0.9926292 0.1211912 1.620115e-16 0.9588062 0.1211912 -0.2569113 0.9588062 0.1211912 -0.2569113 0.8596421 0.1211912 -0.4963146 0.8596421 0.1211912 -0.4963146 0.7018948 0.1211912 -0.7018948 0.7018948 0.1211912 -0.7018948 0.4963146 0.1211912 -0.8596421 0.4963146 0.1211912 -0.8596421 -0.4106952 -0.5703664 0.711345 -0.4106952 -0.5703664 0.711345 1.356703e-16 -0.9930688 -0.1175345 0.03042017 -0.9930688 -0.1135296 0.03042017 -0.9930688 -0.1135296 1.155971e-16 -0.9930688 -0.1175345 0.2125915 -0.5703664 0.7934022 0.2125915 -0.5703664 0.7934022 0.2125915 -0.5703664 -0.7934022 1.722235e-15 -0.5703664 -0.8213904 1.567261e-15 -0.5703664 -0.8213904 0.2125915 -0.5703664 -0.7934022 -0.2125915 -0.5703664 -0.7934022 -0.2125915 -0.5703664 -0.7934022 -0.4106952 -0.5703664 -0.711345 -0.4106952 -0.5703664 -0.711345 -0.5808107 -0.5703664 -0.5808107 -0.5808107 -0.5703664 -0.5808107 -0.711345 -0.5703664 -0.4106952 -0.711345 -0.5703664 -0.4106952 -0.7934022 -0.5703664 -0.2125915 -0.7934022 -0.5703664 -0.2125915 -0.8213904 -0.5703664 -1.39934e-16 -0.8213904 -0.5703664 -5.090348e-17 -0.7934022 -0.5703664 0.2125915 -0.7934022 -0.5703664 0.2125915 -0.711345 -0.5703664 0.4106952 -0.711345 -0.5703664 0.4106952 -0.5808107 -0.5703664 0.5808107 -0.5808107 -0.5703664 0.5808107 0.4106952 -0.5703664 0.711345 0.4106952 -0.5703664 0.711345 0.5808107 -0.5703664 0.5808107 0.5808107 -0.5703664 0.5808107 0.711345 -0.5703664 0.4106952 0.711345 -0.5703664 0.4106952 0.7934022 -0.5703664 0.2125915 0.7934022 -0.5703664 0.2125915 0.8213904 -0.5703664 1.679208e-16 0.8213904 -0.5703664 2.884531e-16 0.7934022 -0.5703664 -0.2125915 0.7934022 -0.5703664 -0.2125915 0.711345 -0.5703664 -0.4106952 0.711345 -0.5703664 -0.4106952 0.5808107 -0.5703664 -0.5808107 0.5808107 -0.5703664 -0.5808107 0.4106952 -0.5703664 -0.711345 0.4106952 -0.5703664 -0.711345 0.05876726 -0.9930688 -0.1017879 0.05876726 -0.9930688 -0.1017879 4.188222e-16 0 -1 0.258819 0 -0.9659258 0.258819 0 -0.9659258 4.188222e-16 0 -1 -0.03042017 -0.9930688 -0.1135296 -0.03042017 -0.9930688 -0.1135296 -0.03042017 -0.9930688 0.1135296 -2.509391e-16 -0.9930688 0.1175345 -2.179487e-16 -0.9930688 0.1175345 -0.03042017 -0.9930688 0.1135296 0.03042017 -0.9930688 0.1135296 0.03042017 -0.9930688 0.1135296 0.05876726 -0.9930688 0.1017879 0.05876726 -0.9930688 0.1017879 0.08310946 -0.9930688 0.08310946 0.08310946 -0.9930688 0.08310946 0.1017879 -0.9930688 0.05876726 0.1017879 -0.9930688 0.05876726 0.1135296 -0.9930688 0.03042017 0.1135296 -0.9930688 0.03042017 0.1175345 -0.9930688 3.648534e-16 0.1175345 -0.9930688 3.702882e-16 0.1135296 -0.9930688 -0.03042017 0.1135296 -0.9930688 -0.03042017 0.1017879 -0.9930688 -0.05876726 0.1017879 -0.9930688 -0.05876726 0.08310946 -0.9930688 -0.08310946 0.08310946 -0.9930688 -0.08310946 -0.05876726 -0.9930688 -0.1017879 -0.05876726 -0.9930688 -0.1017879 -0.08310946 -0.9930688 -0.08310946 -0.08310946 -0.9930688 -0.08310946 -0.1017879 -0.9930688 -0.05876726 -0.1017879 -0.9930688 -0.05876726 -0.1135296 -0.9930688 -0.03042017 -0.1135296 -0.9930688 -0.03042017 -0.1175345 -0.9930688 3.305051e-16 -0.1175345 -0.9930688 3.275252e-16 -0.1135296 -0.9930688 0.03042017 -0.1135296 -0.9930688 0.03042017 -0.1017879 -0.9930688 0.05876726 -0.1017879 -0.9930688 0.05876726 -0.08310946 -0.9930688 0.08310946 -0.08310946 -0.9930688 0.08310946 -0.05876726 -0.9930688 0.1017879 -0.05876726 -0.9930688 0.1017879 0.5 0 -0.8660254 0.5 0 -0.8660254 0 -1 0 0 -1 0 0 -1 0 0 -1 0 0 -1 0 0 -1 0 0 -1 0 0 -1 0 0 -1 0 0 -1 0 0 -1 0 0 -1 0 0 -1 0 0 -1 0 0 -1 0 0 -1 0 0 -1 0 0 -1 0 0 -1 0 0 -1 0 0 -1 0 0 -1 0 0 -1 0 0 -1 0 -0.258819 0 -0.9659258 -0.258819 0 -0.9659258 -0.258819 0 0.9659258 -1.693111e-16 0 1 -1.693111e-16 0 1 -0.258819 0 0.9659258 0.258819 0 0.9659258 0.258819 0 0.9659258 0.5 0 0.8660254 0.5 0 0.8660254 0.7071068 0 0.7071068 0.7071068 0 0.7071068 0.8660254 0 0.5 0.8660254 0 0.5 0.9659258 0 0.258819 0.9659258 0 0.258819 1 0 3.208e-16 1 0 3.208e-16 0.9659258 0 -0.258819 0.9659258 0 -0.258819 0.8660254 0 -0.5 0.8660254 0 -0.5 0.7071068 0 -0.7071068 0.7071068 0 -0.7071068 -0.5 0 -0.8660254 -0.5 0 -0.8660254 -0.7071068 0 -0.7071068 -0.7071068 0 -0.7071068 -0.8660254 0 -0.5 -0.8660254 0 -0.5 -0.9659258 0 -0.258819 -0.9659258 0 -0.258819 -1 0 1.960444e-16 -1 0 1.960444e-16 -0.9659258 0 0.258819 -0.9659258 0 0.258819 -0.8660254 0 0.5 -0.8660254 0 0.5 -0.7071068 0 0.7071068 -0.7071068 0 0.7071068 -0.5 0 0.8660254 -0.5 0 0.8660254</float_array>
                    <technique_common>
                        <accessor count="312" source="#ID24" stride="3">
                            <param name="X" type="float" />
                            <param name="Y" type="float" />
                            <param name="Z" type="float" />
                        </accessor>
                    </technique_common>
                </source>
                <source id="ID22">
                    <float_array id="ID25" count="600">0 -0.08096 -0.0733752 -0.026038 -0.0733752 -0.08096 0 -0.026038 0.0733752 -0.27384 -0.0733752 -0.27384 0 -0.2835 -3.38396e-16 -0.2732948 0.07073389 -0.2639825 0.14175 -0.2455182 0.1366474 -0.2366802 0.2004648 -0.2004648 0.1932486 -0.1932486 0.2455182 -0.14175 0.2366802 -0.1366474 0.27384 -0.0733752 0.2639825 -0.07073389 0.2835 -5.639933e-17 0.2732948 -1.127987e-16 0.2639825 0.07073389 0.27384 0.0733752 0.2366802 0.1366474 0.2455182 0.14175 0.1932486 0.1932486 0.2004648 0.2004648 0.1366474 0.2366802 0.14175 0.2455182 0.07073389 0.2639825 0.0733752 0.27384 4.511946e-16 0.2732948 -0.07073389 -0.2639825 -0.14175 -0.2455182 -0.1366474 -0.2366802 -0.2004648 -0.2004648 -0.1932486 -0.1932486 -0.2455182 -0.14175 -0.2366802 -0.1366474 -0.27384 -0.0733752 -0.2639825 -0.07073389 -0.2835 0 -0.2732948 2.819966e-16 -0.27384 0.0733752 -0.2639825 0.07073389 -0.2366802 0.1366474 -0.2455182 0.14175 -0.1932486 0.1932486 -0.2004648 0.2004648 -0.1366474 0.2366802 -0.14175 0.2455182 -0.07073389 0.2639825 -0.0733752 0.27384 0 0.2835 -0.14175 -0.026038 -0.14175 -0.08096 0 -0.174038 -0.07631642 -0.174038 0.0733752 -0.08096 0.0733752 -0.026038 -0.0733752 -0.08096 -0.0733752 -0.026038 -0.14175 -0.08096 -0.14175 -0.026038 -0.2004648 -0.08096 -0.2004648 -0.026038 -0.2455182 -0.026038 -0.2455182 -0.08096 -0.27384 -0.026038 -0.27384 -0.08096 -0.2835 -0.026038 -0.2835 -0.08096 -0.2455182 -0.026038 -0.2455182 -0.08096 -0.2004648 -0.026038 -0.2004648 -0.08096 0.14175 -0.08096 0.14175 -0.026038 0.2004648 -0.08096 0.2004648 -0.026038 0.2455182 -0.026038 0.2455182 -0.08096 0.27384 -0.026038 0.27384 -0.08096 0.2835 -0.026038 0.2835 -0.08096 0.2004648 -0.026038 0.2004648 -0.08096 0.14175 -0.08096 0.14175 -0.026038 -0.147432 -0.174038 -0.06804922 -0.220038 0 -0.220038 0.07631642 -0.174038 0 -0.174038 0.07631642 -0.174038 -0.147432 -0.174038 -0.2085003 -0.174038 -0.2553597 -0.174038 -0.2848168 -0.174038 -0.294864 -0.174038 -0.2848168 -0.174038 -0.2553597 -0.174038 -0.2085003 -0.174038 0.147432 -0.174038 0.2085003 -0.174038 0.2553597 -0.174038 0.2848168 -0.174038 0.294864 -0.174038 0.2553597 -0.174038 0.147432 -0.174038 -0.131461 -0.220038 0.294864 -0.462492 0.2268148 -0.4511728 0.2320631 -0.4707599 0.294864 -0.442214 0.06804922 -0.220038 0 -0.220038 0.06804922 -0.220038 -0.06804922 -0.220038 -0.1859139 -0.220038 -0.2276971 -0.220038 -0.2539632 -0.220038 -0.262922 -0.220038 -0.2539632 -0.220038 -0.2276971 -0.220038 0.131461 -0.220038 0.1859139 -0.220038 0.2276971 -0.220038 0.2539632 -0.220038 0.262922 -0.220038 0.2276971 -0.220038 0.1859139 -0.220038 0.131461 -0.220038 0.163403 -0.4774389 0.173542 -0.4950001 0.2540962 0 0.3176203 -0.213638 0.3176203 0 0.2540962 -0.213638 0.3629132 -0.4511728 0.3576649 -0.4707599 0.3629132 -0.9590992 0.294864 -0.94778 0.294864 -0.968058 0.3576649 -0.9395121 0.2268148 -0.9590992 0.2320631 -0.9395121 0.2320631 -0.9395121 0.163403 -0.9328331 0.2268148 -0.9590992 0.173542 -0.9152719 0.1089501 -0.8910499 0.1232888 -0.8767112 0.06716687 -0.836597 0.08472813 -0.826458 0.04090085 -0.7731852 0.06048789 -0.7679369 0.06048789 -0.7679369 0.031942 -0.705136 0.04090085 -0.7731852 0.05222 -0.705136 0.06048789 -0.6423351 0.04090085 -0.6370868 0.08472813 -0.583814 0.06716687 -0.573675 0.1232888 -0.5335608 0.1089501 -0.5192221 0.173542 -0.4950001 0.163403 -0.4774389 0.426325 -0.4774389 0.416186 -0.4950001 0.4807779 -0.5192221 0.4664392 -0.5335608 0.5225611 -0.573675 0.5049999 -0.583814 0.5488272 -0.6370868 0.5292401 -0.6423351 0.537508 -0.705136 0.557786 -0.705136 0.5292401 -0.7679369 0.5488272 -0.7731852 0.5049999 -0.826458 0.5225611 -0.836597 0.5225611 -0.836597 0.4664392 -0.8767112 0.4807779 -0.8910499 0.5049999 -0.826458 0.416186 -0.9152719 0.426325 -0.9328331 0.3176203 0 0.3811443 -0.213638 0.3811443 0 0.3176203 -0.213638 0.06280089 -0.2343761 -0.06280089 -0.2343761 0 -0.242644 -0.121322 -0.2101359 0.121322 -0.2101359 -0.1715752 -0.1715752 0.1715752 -0.1715752 0.2101359 -0.121322 -0.2101359 -0.121322 -0.2343761 -0.06280089 0.2343761 -0.06280089 -0.242644 0 0.242644 5.639933e-17 -0.2343761 0.06280089 0.2343761 0.06280089 -0.2101359 0.121322 0.2101359 0.121322 -0.1715752 0.1715752 0.1715752 0.1715752 -0.121322 0.2101359 0.121322 0.2101359 -0.06280089 0.2343761 0.06280089 0.2343761 0 0.242644 0.1905722 0 0.2540962 -0.213638 0.1905722 -0.213638 1.079909 -0.213638 1.016385 8.673617e-19 1.016385 -0.213638 1.079909 8.673617e-19 1.016385 -0.213638 0.9528608 0 0.9528608 -0.213638 1.016385 0 0.9528608 -0.213638 0.8893367 0 0.8893367 -0.213638 0.9528608 0 0.8893367 -0.213638 0.8258127 0 0.8258127 -0.213638 0.8893367 0 0.8258127 0 0.7622886 -0.213638 0.8258127 -0.213638 0.7622886 0 0.7622886 -3.469447e-17 0.6987646 -0.213638 0.7622886 -0.213638 0.6987646 -3.469447e-17 0.6987646 0 0.6352405 -0.213638 0.6987646 -0.213638 0.6352405 0 0.6352405 0 0.5717165 -0.213638 0.6352405 -0.213638 0.5717165 0 0.5717165 0 0.5081924 -0.213638 0.5081924 0 0.5081924 0 0.4446684 -0.213638 0.5081924 -0.213638 0.4446684 0 0.3811443 0 0.4446684 -0.213638 0.4446684 0 0.3811443 -0.213638 0.1270481 0 0.1905722 -0.213638 0.1905722 0 0.1270481 -0.213638 0.06352405 0 0.1270481 -0.213638 0.1270481 0 0.06352405 -0.213638 0.06352405 0 3.885781e-16 -0.213638 0.06352405 -0.213638 3.885781e-16 0 1.524577 0 1.461053 -0.213638 1.524577 -0.213638 1.461053 0 1.461053 0 1.397529 -0.213638 1.461053 -0.213638 1.397529 0 1.397529 0 1.334005 -0.213638 1.397529 -0.213638 1.334005 0 1.334005 0 1.270481 -0.213638 1.334005 -0.213638 1.270481 0 1.270481 0 1.206957 -0.213638 1.270481 -0.213638 1.206957 0 1.143433 0 1.143433 -0.213638 1.143433 -0.213638 1.079909 0 1.079909 -0.213638 1.143433 0</float_array>
                    <technique_common>
                        <accessor count="300" source="#ID25" stride="2">
                            <param name="S" type="float" />
                            <param name="T" type="float" />
                        </accessor>
                    </technique_common>
                </source>
                <vertices id="ID21">
                    <input semantic="POSITION" source="#ID19" />
                    <input semantic="NORMAL" source="#ID20" />
                </vertices>
                <triangles count="310" material="Material2">
                    <input offset="0" semantic="VERTEX" source="#ID21" />
                    <input offset="1" semantic="TEXCOORD" source="#ID22" />
                    <p>0 0 1 1 2 2 1 1 0 0 3 3 4 4 5 5 6 6 5 5 4 4 7 7 7 7 4 4 8 8 8 8 4 4 9 9 8 8 9 9 10 10 10 10 9 9 11 11 10 10 11 11 12 12 12 12 11 11 13 13 12 12 13 13 14 14 14 14 13 13 15 15 14 14 15 15 16 16 16 16 15 15 17 17 16 16 17 17 18 18 18 18 17 17 19 19 19 19 17 17 20 20 19 19 20 20 21 21 21 21 20 20 22 22 21 21 22 22 23 23 23 23 22 22 24 24 23 23 24 24 25 25 25 25 24 24 26 26 25 25 26 26 27 27 27 27 26 26 28 28 27 27 28 28 29 29 5 5 30 30 31 31 30 30 5 5 7 7 31 31 30 30 32 32 31 31 32 32 33 33 33 33 32 32 34 34 33 33 34 34 35 35 35 35 34 34 36 36 35 35 36 36 37 37 37 37 36 36 38 38 37 37 38 38 39 39 39 39 38 38 40 40 39 39 40 40 41 41 41 41 40 40 42 42 41 41 42 42 43 43 41 41 43 43 44 44 44 44 43 43 45 45 44 44 45 45 46 46 46 46 45 45 47 47 46 46 47 47 48 48 48 48 47 47 49 49 48 48 49 49 50 50 50 50 49 49 29 29 50 50 29 29 28 28 50 50 28 28 51 51 2 2 52 52 53 53 52 52 2 2 1 1 54 54 55 2 56 55 55 2 54 54 57 0 58 56 3 3 0 0 3 3 58 56 59 57 60 57 61 0 62 3 61 0 60 57 63 56 62 3 64 58 65 59 64 58 62 3 61 0 65 59 66 60 67 61 66 60 65 59 64 58 67 61 68 62 69 63 68 62 67 61 66 60 70 64 68 62 71 65 68 62 70 64 69 63 72 66 71 65 73 67 71 65 72 66 70 64 74 68 73 67 75 69 73 67 74 68 72 66 76 66 75 69 77 67 75 69 76 66 74 68 78 70 77 67 79 71 77 67 78 70 76 66 80 72 79 71 81 73 79 71 80 72 78 70 53 53 80 72 81 73 80 72 53 53 52 52 82 74 59 57 58 56 59 57 82 74 83 75 84 76 83 75 82 74 83 75 84 76 85 77 86 78 84 76 87 79 84 76 86 78 85 77 88 80 87 79 89 81 87 79 88 80 86 78 90 82 89 81 91 83 89 81 90 82 88 80 92 80 91 83 93 81 91 83 92 80 90 82 94 78 93 81 95 79 93 81 94 78 92 80 96 84 95 79 97 85 95 79 96 84 94 78 96 84 98 86 99 87 98 86 96 84 97 85 99 87 63 56 60 57 63 56 99 87 98 86 56 55 100 53 101 88 100 53 56 55 55 2 102 89 103 54 104 55 103 54 102 89 105 90 106 91 57 0 54 54 57 0 106 91 107 56 108 56 109 92 110 0 109 92 108 56 111 93 112 58 109 92 113 55 109 92 112 58 110 0 114 60 113 55 115 94 113 55 114 60 112 58 116 62 115 94 117 95 115 94 116 62 114 60 118 65 117 95 119 96 117 95 118 65 116 62 120 67 119 96 121 97 119 96 120 67 118 65 122 69 121 97 123 98 121 97 122 69 120 67 124 67 123 98 125 99 123 98 124 67 122 69 126 100 124 67 125 99 124 67 126 100 127 71 128 73 126 100 129 101 126 100 128 73 127 71 101 88 128 73 129 101 128 73 101 88 100 53 106 91 130 74 107 56 130 74 106 91 131 102 131 102 132 76 130 74 132 76 131 102 133 103 134 104 132 76 133 103 132 76 134 104 135 79 136 81 134 104 137 105 134 104 136 81 135 79 138 83 137 105 139 106 137 105 138 83 136 81 140 81 139 106 141 105 139 106 140 81 138 83 142 79 141 105 143 107 141 105 142 79 140 81 144 85 143 107 145 103 143 107 144 85 142 79 144 85 146 108 147 86 146 108 144 85 145 103 147 86 111 93 108 56 111 93 147 86 146 108 148 109 104 55 149 88 104 55 148 109 102 89 150 110 151 111 152 112 151 111 150 110 153 113 154 114 103 54 105 90 103 54 154 114 155 91 156 93 157 115 158 92 157 115 156 93 159 116 158 92 160 117 161 55 160 117 158 92 157 115 161 55 162 109 163 94 162 109 161 55 160 117 163 94 164 118 165 95 164 118 163 94 162 109 166 96 164 118 167 119 164 118 166 96 165 95 168 120 166 96 167 119 166 96 168 120 169 97 170 98 168 120 171 121 168 120 170 98 169 97 172 99 171 121 173 122 171 121 172 99 170 98 174 100 173 122 175 123 173 122 174 100 172 99 176 101 175 123 177 118 175 123 176 101 174 100 177 118 149 88 176 101 149 88 177 118 148 109 178 124 155 91 154 114 155 91 178 124 179 102 180 125 179 102 178 124 179 102 180 125 181 103 182 104 180 125 183 126 180 125 182 104 181 103 184 105 183 126 185 127 183 126 184 105 182 104 186 106 185 127 187 128 185 127 186 106 184 105 188 105 187 128 189 127 187 128 188 105 186 106 190 107 189 127 191 129 189 127 190 107 188 105 192 130 190 107 191 129 190 107 192 130 193 103 194 108 192 130 195 131 192 130 194 108 193 103 156 93 195 131 159 116 195 131 156 93 194 108 152 112 196 132 197 133 196 132 152 112 151 111 198 134 199 135 200 136 199 135 198 134 201 137 202 138 150 110 203 139 150 110 202 138 153 113 204 140 205 141 206 142 205 141 204 140 207 143 205 141 208 144 206 142 208 144 205 141 209 145 209 146 210 147 208 148 210 147 209 146 211 149 211 149 212 150 210 147 212 150 211 149 213 151 213 151 214 152 212 150 214 152 213 151 215 153 215 153 216 154 214 152 216 154 215 153 217 155 217 156 218 157 216 158 218 157 217 156 219 159 220 160 218 157 219 159 218 157 220 160 221 161 222 162 221 161 220 160 221 161 222 162 223 163 224 164 223 163 222 162 223 163 224 164 225 165 197 166 225 165 224 164 225 165 197 166 196 167 226 168 203 139 227 169 203 139 226 168 202 138 228 170 227 169 229 171 227 169 228 170 226 168 230 172 229 171 231 173 229 171 230 172 228 170 232 174 231 173 233 175 231 173 232 174 230 172 232 174 234 176 235 177 234 176 232 174 233 175 235 177 236 178 237 179 236 178 235 177 234 176 237 179 238 180 239 181 238 180 237 179 236 178 239 182 240 183 241 184 240 183 239 182 238 185 241 184 242 186 243 187 242 186 241 184 240 183 243 187 207 143 204 140 207 143 243 187 242 186 200 188 244 189 245 190 244 189 200 188 199 191 246 192 247 193 248 194 247 193 246 192 249 195 249 195 246 192 250 196 249 195 250 196 251 197 251 197 250 196 252 198 251 197 252 198 253 199 251 197 253 199 254 200 254 200 253 199 255 201 255 201 253 199 256 202 255 201 256 202 257 203 257 203 256 202 258 204 257 203 258 204 259 205 259 205 258 204 260 206 259 205 260 206 261 207 261 207 260 206 262 208 261 207 262 208 263 209 263 209 262 208 264 210 263 209 264 210 265 211 265 211 264 210 266 212 265 211 266 212 267 213 267 213 266 212 268 214 267 213 268 214 269 215 270 216 201 217 198 134 201 217 270 216 271 218 272 219 273 220 274 221 273 220 272 219 275 222 274 223 276 224 277 225 276 224 274 223 273 226 277 227 278 228 279 229 278 228 277 227 276 230 279 231 280 232 281 233 280 232 279 231 278 234 280 235 282 236 281 237 282 236 280 235 283 238 283 239 284 240 282 241 284 240 283 239 285 242 285 243 286 244 284 245 286 244 285 243 287 246 287 247 288 248 286 249 288 248 287 247 289 250 289 251 290 252 288 248 290 252 289 251 291 253 291 254 292 255 290 256 292 255 291 254 293 257 245 258 292 259 293 260 292 259 245 258 244 261 294 262 271 263 270 264 271 263 294 262 295 265 296 266 295 267 294 268 295 267 296 266 297 269 296 270 298 271 297 272 298 271 296 270 299 273 299 274 300 275 298 276 300 275 299 274 301 277 301 278 302 279 300 280 302 279 301 278 303 281 303 282 304 283 302 284 304 283 303 282 305 285 305 286 306 287 304 288 306 287 305 286 307 289 307 290 308 291 306 292 308 291 307 290 309 293 308 291 310 294 311 295 310 294 308 291 309 293 311 296 275 297 272 298 275 297 311 296 310 299</p>
                </triangles>
            </mesh>
        </geometry>
        <geometry id="ID26">
            <mesh>
                <source id="ID27">
                    <float_array id="ID31" count="144">-0.268937 -0.0177126 0.4658126 -0.3803344 0 0.3803344 -0.3803344 -0.0177126 0.3803344 -0.268937 0 0.4658126 -0.4658126 -0.0177126 0.268937 -0.4658126 0 0.268937 -0.139212 -0.0177126 0.5195464 -0.139212 0 0.5195464 -0.5195464 -0.0177126 0.139212 -0.5195464 0 0.139212 0 -0.0177126 0.537874 0 0 0.537874 -0.537874 -0.0177126 -1.110223e-16 -0.537874 0 -1.110223e-16 0.139212 -0.0177126 0.5195464 0.139212 0 0.5195464 -0.5195464 -0.0177126 -0.139212 -0.5195464 0 -0.139212 0.268937 -0.0177126 0.4658126 0.268937 0 0.4658126 -0.4658126 -0.0177126 -0.268937 -0.4658126 0 -0.268937 0.3803344 -0.0177126 0.3803344 0.3803344 0 0.3803344 -0.3803344 -0.0177126 -0.3803344 -0.3803344 0 -0.3803344 0.4658126 0 0.268937 0.4658126 -0.0177126 0.268937 -0.268937 0 -0.4658126 -0.268937 -0.0177126 -0.4658126 0.5195464 0 0.139212 0.5195464 -0.0177126 0.139212 -0.139212 0 -0.5195464 -0.139212 -0.0177126 -0.5195464 0.537874 0 0 0.537874 -0.0177126 0 0 0 -0.537874 0 -0.0177126 -0.537874 0.5195464 0 -0.139212 0.5195464 -0.0177126 -0.139212 0.139212 0 -0.5195464 0.139212 -0.0177126 -0.5195464 0.4658126 0 -0.268937 0.4658126 -0.0177126 -0.268937 0.268937 0 -0.4658126 0.268937 -0.0177126 -0.4658126 0.3803344 0 -0.3803344 0.3803344 -0.0177126 -0.3803344</float_array>
                    <technique_common>
                        <accessor count="48" source="#ID31" stride="3">
                            <param name="X" type="float" />
                            <param name="Y" type="float" />
                            <param name="Z" type="float" />
                        </accessor>
                    </technique_common>
                </source>
                <source id="ID28">
                    <float_array id="ID32" count="144">-0.5 0 0.8660254 -0.7071068 0 0.7071068 -0.7071068 0 0.7071068 -0.5 0 0.8660254 -0.8660254 0 0.5 -0.8660254 0 0.5 -0.258819 0 0.9659258 -0.258819 0 0.9659258 -0.9659258 0 0.258819 -0.9659258 0 0.258819 -6.059555e-16 0 1 -6.059555e-16 0 1 -1 0 -2.762444e-16 -1 0 -2.762444e-16 0.258819 0 0.9659258 0.258819 0 0.9659258 -0.9659258 0 -0.258819 -0.9659258 0 -0.258819 0.5 0 0.8660254 0.5 0 0.8660254 -0.8660254 0 -0.5 -0.8660254 0 -0.5 0.7071068 0 0.7071068 0.7071068 0 0.7071068 -0.7071068 0 -0.7071068 -0.7071068 0 -0.7071068 0.8660254 0 0.5 0.8660254 0 0.5 -0.5 0 -0.8660254 -0.5 0 -0.8660254 0.9659258 0 0.258819 0.9659258 0 0.258819 -0.258819 0 -0.9659258 -0.258819 0 -0.9659258 1 0 1.782222e-16 1 0 1.782222e-16 -7.128888e-17 0 -1 -7.128888e-17 0 -1 0.9659258 0 -0.258819 0.9659258 0 -0.258819 0.258819 0 -0.9659258 0.258819 0 -0.9659258 0.8660254 0 -0.5 0.8660254 0 -0.5 0.5 0 -0.8660254 0.5 0 -0.8660254 0.7071068 0 -0.7071068 0.7071068 0 -0.7071068</float_array>
                    <technique_common>
                        <accessor count="48" source="#ID32" stride="3">
                            <param name="X" type="float" />
                            <param name="Y" type="float" />
                            <param name="Z" type="float" />
                        </accessor>
                    </technique_common>
                </source>
                <source id="ID30">
                    <float_array id="ID33" count="88">-0.13662 -0.008998 -0.1932099 0 -0.1932099 -0.008998 -0.13662 0 -0.2366328 -0.008998 -0.2366328 0 -0.07071972 -0.008998 -0.07071972 0 -0.2639296 -0.008998 -0.2639296 0 0 -0.008998 0 0 -0.27324 -0.008998 -0.27324 0 0.07071972 -0.008998 0.07071972 0 0.13662 -0.008998 0.13662 0 -0.2366328 -0.008998 -0.2366328 0 0.1932099 -0.008998 0.1932099 0 -0.1932099 -0.008998 -0.1932099 0 0.2366328 0 0.2366328 -0.008998 -0.13662 0 -0.13662 -0.008998 0.2639296 0 0.2639296 -0.008998 -0.07071972 0 -0.07071972 -0.008998 0.27324 0 0.27324 -0.008998 0.2639296 0 0.2639296 -0.008998 0.07071972 0 0.07071972 -0.008998 0.2366328 0 0.2366328 -0.008998 0.13662 0 0.13662 -0.008998 0.1932099 0 0.1932099 -0.008998</float_array>
                    <technique_common>
                        <accessor count="44" source="#ID33" stride="2">
                            <param name="S" type="float" />
                            <param name="T" type="float" />
                        </accessor>
                    </technique_common>
                </source>
                <vertices id="ID29">
                    <input semantic="POSITION" source="#ID27" />
                    <input semantic="NORMAL" source="#ID28" />
                </vertices>
                <triangles count="48" material="Material2">
                    <input offset="0" semantic="VERTEX" source="#ID29" />
                    <input offset="1" semantic="TEXCOORD" source="#ID30" />
                    <p>0 0 1 1 2 2 1 1 0 0 3 3 1 1 4 4 2 2 4 4 1 1 5 5 6 6 3 3 0 0 3 3 6 6 7 7 5 5 8 8 4 4 8 8 5 5 9 9 10 10 7 7 6 6 7 7 10 10 11 11 9 9 12 12 8 8 12 12 9 9 13 13 14 14 11 11 10 10 11 11 14 14 15 15 13 13 16 8 12 12 16 8 13 13 17 9 18 16 15 15 14 14 15 15 18 16 19 17 17 9 20 18 16 8 20 18 17 9 21 19 22 20 19 17 18 16 19 17 22 20 23 21 21 19 24 22 20 18 24 22 21 19 25 23 26 24 22 20 27 25 22 20 26 24 23 21 28 26 24 22 25 23 24 22 28 26 29 27 30 28 27 25 31 29 27 25 30 28 26 24 32 30 29 27 28 26 29 27 32 30 33 31 34 32 31 29 35 33 31 29 34 32 30 28 36 11 33 31 32 30 33 31 36 11 37 10 38 34 35 33 39 35 35 33 38 34 34 32 40 36 37 10 36 11 37 10 40 36 41 37 42 38 39 35 43 39 39 35 42 38 38 34 44 40 41 37 40 36 41 37 44 40 45 41 46 42 43 39 47 43 43 39 46 42 42 38 46 42 45 41 44 40 45 41 46 42 47 43</p>
                </triangles>
            </mesh>
        </geometry>
        <geometry id="ID34">
            <mesh>
                <source id="ID35">
                    <float_array id="ID39" count="144">6.661338e-16 -0.03351575 -0.5379818 -0.1392399 -0.05125591 -0.5196505 -0.1392399 -0.03351575 -0.5196505 6.661338e-16 -0.05125591 -0.5379818 0.1392399 -0.03351575 -0.5196505 0.1392399 -0.05125591 -0.5196505 -0.2689909 -0.05125591 -0.4659059 -0.2689909 -0.03351575 -0.4659059 0.2689909 -0.03351575 -0.4659059 0.2689909 -0.05125591 -0.4659059 -0.3804106 -0.05125591 -0.3804106 -0.3804106 -0.03351575 -0.3804106 0.3804106 -0.03351575 -0.3804106 0.3804106 -0.05125591 -0.3804106 -0.4659059 -0.03351575 -0.2689909 -0.4659059 -0.05125591 -0.2689909 0.4659059 -0.05125591 -0.2689909 0.4659059 -0.03351575 -0.2689909 -0.5196505 -0.03351575 -0.1392399 -0.5196505 -0.05125591 -0.1392399 0.5196505 -0.05125591 -0.1392399 0.5196505 -0.03351575 -0.1392399 -0.5379818 -0.03351575 -2.220446e-16 -0.5379818 -0.05125591 -2.220446e-16 0.5379818 -0.05125591 5.551115e-16 0.5379818 -0.03351575 5.551115e-16 -0.5196505 -0.03351575 0.1392399 -0.5196505 -0.05125591 0.1392399 0.5196505 -0.05125591 0.1392399 0.5196505 -0.03351575 0.1392399 -0.4659059 -0.03351575 0.2689909 -0.4659059 -0.05125591 0.2689909 0.4659059 -0.05125591 0.2689909 0.4659059 -0.03351575 0.2689909 -0.3804106 -0.03351575 0.3804106 -0.3804106 -0.05125591 0.3804106 0.3804106 -0.05125591 0.3804106 0.3804106 -0.03351575 0.3804106 -0.2689909 -0.05125591 0.4659059 -0.2689909 -0.03351575 0.4659059 0.2689909 -0.03351575 0.4659059 0.2689909 -0.05125591 0.4659059 -0.1392399 -0.05125591 0.5196505 -0.1392399 -0.03351575 0.5196505 0.1392399 -0.03351575 0.5196505 0.1392399 -0.05125591 0.5196505 -8.881784e-16 -0.05125591 0.5379818 -8.881784e-16 -0.03351575 0.5379818</float_array>
                    <technique_common>
                        <accessor count="48" source="#ID39" stride="3">
                            <param name="X" type="float" />
                            <param name="Y" type="float" />
                            <param name="Z" type="float" />
                        </accessor>
                    </technique_common>
                </source>
                <source id="ID36">
                    <float_array id="ID40" count="144">8.643777e-16 0 -1 -0.258819 0 -0.9659258 -0.258819 0 -0.9659258 8.643777e-16 0 -1 0.258819 0 -0.9659258 0.258819 0 -0.9659258 -0.5 0 -0.8660254 -0.5 0 -0.8660254 0.5 0 -0.8660254 0.5 0 -0.8660254 -0.7071068 0 -0.7071068 -0.7071068 0 -0.7071068 0.7071068 0 -0.7071068 0.7071068 0 -0.7071068 -0.8660254 0 -0.5 -0.8660254 0 -0.5 0.8660254 0 -0.5 0.8660254 0 -0.5 -0.9659258 0 -0.258819 -0.9659258 0 -0.258819 0.9659258 0 -0.258819 0.9659258 0 -0.258819 -1 0 -8.287332e-16 -1 0 -8.287332e-16 1 0 8.019999e-16 1 0 8.019999e-16 -0.9659258 0 0.258819 -0.9659258 0 0.258819 0.9659258 0 0.258819 0.9659258 0 0.258819 -0.8660254 0 0.5 -0.8660254 0 0.5 0.8660254 0 0.5 0.8660254 0 0.5 -0.7071068 0 0.7071068 -0.7071068 0 0.7071068 0.7071068 0 0.7071068 0.7071068 0 0.7071068 -0.5 0 0.8660254 -0.5 0 0.8660254 0.5 0 0.8660254 0.5 0 0.8660254 -0.258819 0 0.9659258 -0.258819 0 0.9659258 0.258819 0 0.9659258 0.258819 0 0.9659258 -1.211911e-15 0 1 -1.211911e-15 0 1</float_array>
                    <technique_common>
                        <accessor count="48" source="#ID40" stride="3">
                            <param name="X" type="float" />
                            <param name="Y" type="float" />
                            <param name="Z" type="float" />
                        </accessor>
                    </technique_common>
                </source>
                <source id="ID38">
                    <float_array id="ID41" count="92">3.38396e-16 -0.017026 -0.07073389 -0.026038 -0.07073389 -0.017026 3.38396e-16 -0.026038 0.07073389 -0.017026 0.07073389 -0.026038 -0.1366474 -0.026038 -0.1366474 -0.017026 0.1366474 -0.017026 0.1366474 -0.026038 -0.1932486 -0.026038 -0.1932486 -0.017026 0.1932486 -0.017026 0.1932486 -0.026038 -0.2366802 -0.017026 -0.2366802 -0.026038 0.2366802 -0.026038 0.2366802 -0.017026 -0.2639825 -0.017026 -0.2639825 -0.026038 0.2639825 -0.026038 0.2639825 -0.017026 -0.2732948 -0.017026 -0.2732948 -0.026038 0.2732948 -0.026038 0.2732948 -0.017026 -0.2639825 -0.017026 -0.2639825 -0.026038 -0.2366802 -0.017026 -0.2366802 -0.026038 0.2366802 -0.026038 0.2366802 -0.017026 -0.1932486 -0.017026 -0.1932486 -0.026038 0.1932486 -0.026038 0.1932486 -0.017026 -0.1366474 -0.026038 -0.1366474 -0.017026 0.1366474 -0.017026 0.1366474 -0.026038 -0.07073389 -0.026038 -0.07073389 -0.017026 0.07073389 -0.017026 0.07073389 -0.026038 -4.511946e-16 -0.026038 -4.511946e-16 -0.017026</float_array>
                    <technique_common>
                        <accessor count="46" source="#ID41" stride="2">
                            <param name="S" type="float" />
                            <param name="T" type="float" />
                        </accessor>
                    </technique_common>
                </source>
                <vertices id="ID37">
                    <input semantic="POSITION" source="#ID35" />
                    <input semantic="NORMAL" source="#ID36" />
                </vertices>
                <triangles count="48" material="Material2">
                    <input offset="0" semantic="VERTEX" source="#ID37" />
                    <input offset="1" semantic="TEXCOORD" source="#ID38" />
                    <p>0 0 1 1 2 2 1 1 0 0 3 3 4 4 3 3 0 0 3 3 4 4 5 5 2 2 6 6 7 7 6 6 2 2 1 1 8 8 5 5 4 4 5 5 8 8 9 9 7 7 10 10 11 11 10 10 7 7 6 6 12 12 9 9 8 8 9 9 12 12 13 13 14 14 10 10 15 15 10 10 14 14 11 11 12 12 16 16 13 13 16 16 12 12 17 17 18 18 15 15 19 19 15 15 18 18 14 14 17 17 20 20 16 16 20 20 17 17 21 21 22 22 19 19 23 23 19 19 22 22 18 18 21 21 24 24 20 20 24 24 21 21 25 25 26 26 23 23 27 27 23 23 26 26 22 22 25 25 28 20 24 24 28 20 25 25 29 21 30 28 27 27 31 29 27 27 30 28 26 26 29 21 32 30 28 20 32 30 29 21 33 31 34 32 31 29 35 33 31 29 34 32 30 28 33 31 36 34 32 30 36 34 33 31 37 35 38 36 34 32 35 33 34 32 38 36 39 37 36 34 40 38 41 39 40 38 36 34 37 35 42 40 39 37 38 36 39 37 42 40 43 41 41 39 44 42 45 43 44 42 41 39 40 38 46 44 43 41 42 40 43 41 46 44 47 45 45 43 47 45 46 44 47 45 45 43 44 42</p>
                </triangles>
            </mesh>
        </geometry>
        <geometry id="ID44">
            <mesh>
                <source id="ID50">
                    <float_array id="ID54" count="222">0.7433971 -0.1181102 0.02012254 0.4377053 -0.1181102 0.02012254 0.5905512 -0.1181102 -6.661338e-16 0.8858268 -0.1181102 0.07911886 0.2952756 -0.1181102 0.07911886 1.008134 -0.1181102 0.1729684 0.1729684 -0.1181102 0.1729684 1.101984 -0.1181102 0.2952756 0.07911886 -0.1181102 0.2952756 1.16098 -0.1181102 0.4377053 0.02012254 -0.1181102 0.4377053 1.181102 -0.1181102 0.5905512 0 -0.1181102 0.5905512 1.122047 -0.1181102 1.219937 1.181102 -0.1181102 1.968504 1.122047 -0.1181102 1.909449 0.05905512 -0.1181102 1.909449 0.05905512 -0.1181102 1.219937 0 -0.1181102 1.968504 0 0 1.968504 0 -0.1181102 0.5905512 0 -0.1181102 1.968504 0 0 0.5905512 0 0 0.5905512 0.02012254 -0.1181102 0.4377053 0 -0.1181102 0.5905512 0.02012254 0 0.4377053 0.07911886 -0.1181102 0.2952756 0.07911886 0 0.2952756 0.1729684 -0.1181102 0.1729684 0.1729684 0 0.1729684 0.2952756 0 0.07911886 0.2952756 -0.1181102 0.07911886 0.4377053 0 0.02012254 0.4377053 -0.1181102 0.02012254 0.5905512 0 -6.661338e-16 0.5905512 -0.1181102 -6.661338e-16 0.7433971 0 0.02012254 0.5905512 -0.1181102 -6.661338e-16 0.5905512 0 -6.661338e-16 0.7433971 -0.1181102 0.02012254 0.8858268 0 0.07911886 0.8858268 -0.1181102 0.07911886 1.008134 0 0.1729684 1.008134 -0.1181102 0.1729684 1.101984 -0.1181102 0.2952756 1.101984 0 0.2952756 1.16098 -0.1181102 0.4377053 1.16098 0 0.4377053 1.181102 -0.1181102 0.5905512 1.181102 0 0.5905512 1.181102 0 0.5905512 1.181102 -0.1181102 1.968504 1.181102 -0.1181102 0.5905512 1.181102 0 1.968504 1.181102 -0.1181102 1.968504 0 0 1.968504 0 -0.1181102 1.968504 1.181102 0 1.968504 0.4377053 0 0.02012254 0.7433971 0 0.02012254 0.5905512 0 -6.661338e-16 0.2952756 0 0.07911886 0.8858268 0 0.07911886 1.008134 0 0.1729684 0.1729684 0 0.1729684 0.07911886 0 0.2952756 1.101984 0 0.2952756 1.16098 0 0.4377053 0.02012254 0 0.4377053 1.181102 0 0.5905512 0 0 0.5905512 1.181102 0 1.968504 0 0 1.968504</float_array>
                    <technique_common>
                        <accessor count="74" source="#ID54" stride="3">
                            <param name="X" type="float" />
                            <param name="Y" type="float" />
                            <param name="Z" type="float" />
                        </accessor>
                    </technique_common>
                </source>
                <source id="ID51">
                    <float_array id="ID55" count="222">0 -1 0 0 -1 0 0 -1 0 0 -1 0 0 -1 0 0 -1 0 0 -1 0 0 -1 0 0 -1 0 0 -1 0 0 -1 0 0 -1 0 0 -1 0 0 -1 0 0 -1 0 0 -1 0 0 -1 0 0 -1 0 0 -1 0 -1 0 0 -1 0 0 -1 0 0 -1 0 0 -0.9914449 0 -0.1305262 -0.9659258 0 -0.258819 -0.9914449 0 -0.1305262 -0.9659258 0 -0.258819 -0.8660254 0 -0.5 -0.8660254 0 -0.5 -0.7071068 0 -0.7071068 -0.7071068 0 -0.7071068 -0.5 0 -0.8660254 -0.5 0 -0.8660254 -0.258819 0 -0.9659258 -0.258819 0 -0.9659258 -0.1305262 0 -0.9914449 -0.1305262 0 -0.9914449 0.258819 0 -0.9659258 0.1305262 0 -0.9914449 0.1305262 0 -0.9914449 0.258819 0 -0.9659258 0.5 0 -0.8660254 0.5 0 -0.8660254 0.7071068 0 -0.7071068 0.7071068 0 -0.7071068 0.8660254 0 -0.5 0.8660254 0 -0.5 0.9659258 0 -0.258819 0.9659258 0 -0.258819 0.9914449 0 -0.1305262 0.9914449 0 -0.1305262 1 0 0 1 0 0 1 0 0 1 0 0 0 0 1 0 0 1 0 0 1 0 0 1 0 1 0 0 1 0 0 1 0 0 1 0 0 1 0 0 1 0 0 1 0 0 1 0 0 1 0 0 1 0 0 1 0 0 1 0 0 1 0 0 1 0 0 1 0</float_array>
                    <technique_common>
                        <accessor count="74" source="#ID55" stride="3">
                            <param name="X" type="float" />
                            <param name="Y" type="float" />
                            <param name="Z" type="float" />
                        </accessor>
                    </technique_common>
                </source>
                <source id="ID53">
                    <float_array id="ID56" count="178">0.3776457 0.01022225 0.2223543 0.01022225 0.3 -3.38396e-16 0.45 0.04019238 0.15 0.04019238 0.512132 0.08786797 0.08786797 0.08786797 0.5598076 0.15 0.04019238 0.15 0.5897777 0.2223543 0.01022225 0.2223543 0.6 0.3 0 0.3 0.57 0.619728 0.6 1 0.57 0.97 0.03 0.97 0.03 0.619728 0 1 0.06 0.3 0.06 1 0 0.2974335 0.06 0.2191177 0.06 0.2974335 0 0.2191177 0 0.2015167 0.06 0.123201 0.06 0.2015167 0 0.123201 0 0.09453543 0.06 0.01621972 0.06 0.09453543 0 0.01621972 0 -0.09453543 0.06 -0.01621972 0 -0.01621972 0.06 -0.09453543 0 -0.2015167 0.06 -0.123201 0 -0.123201 0.06 -0.2015167 0 -0.2974335 0.06 -0.2191177 0 -0.2191177 0.06 -0.2974335 0 0.3757492 -0.06 0.2974335 0 0.2974335 -0.06 0.3757492 0 0.4311267 -0.06 0.352811 0 0.352811 -0.06 0.4311267 0 0.4597923 -0.06 0.3814766 0 0.3814766 -0.06 0.4597923 0 0.3814766 -0.06 0.4597923 -0.06 0.3814766 0 0.4597923 0 0.352811 -0.06 0.4311267 -0.06 0.352811 0 0.4311267 0 0.2974335 -0.06 0.3757492 -0.06 0.2974335 0 0.3757492 0 0.3 -0.06 1 -0.06 0.3 0.6 -0.06 0 0 0 -0.06 0.6 0 -0.2223543 0.01022225 -0.3776457 0.01022225 -0.3 -3.38396e-16 -0.15 0.04019238 -0.45 0.04019238 -0.512132 0.08786797 -0.08786797 0.08786797 -0.04019238 0.15 -0.5598076 0.15 -0.5897777 0.2223543 -0.01022225 0.2223543 -0.6 0.3 -0.6 1</float_array>
                    <technique_common>
                        <accessor count="89" source="#ID56" stride="2">
                            <param name="S" type="float" />
                            <param name="T" type="float" />
                        </accessor>
                    </technique_common>
                </source>
                <vertices id="ID52">
                    <input semantic="POSITION" source="#ID50" />
                    <input semantic="NORMAL" source="#ID51" />
                </vertices>
                <triangles count="62" material="Material2">
                    <input offset="0" semantic="VERTEX" source="#ID52" />
                    <input offset="1" semantic="TEXCOORD" source="#ID53" />
                    <p>0 0 1 1 2 2 1 1 0 0 3 3 1 1 3 3 4 4 4 4 3 3 5 5 4 4 5 5 6 6 6 6 5 5 7 7 6 6 7 7 8 8 8 8 7 7 9 9 8 8 9 9 10 10 10 10 9 9 11 11 10 10 11 11 12 12 12 12 11 11 13 13 13 13 11 11 14 14 13 13 14 14 15 15 15 15 14 14 16 16 12 12 17 17 18 18 17 17 12 12 13 13 18 18 17 17 16 16 18 18 16 16 14 14 19 18 20 19 21 20 20 19 19 18 22 12 23 21 24 22 25 23 24 22 23 21 26 24 26 25 27 26 24 27 27 26 26 25 28 28 28 29 29 30 27 31 29 30 28 29 30 32 31 33 29 34 30 35 29 34 31 33 32 36 33 37 32 38 31 39 32 38 33 37 34 40 35 41 34 42 33 43 34 42 35 41 36 44 37 45 38 46 39 47 38 46 37 45 40 48 41 49 40 50 37 51 40 50 41 49 42 52 43 53 42 54 41 55 42 54 43 53 44 56 43 57 45 58 44 59 45 58 43 57 46 60 46 61 47 62 45 63 47 62 46 61 48 64 48 65 49 66 47 67 49 66 48 65 50 68 51 69 52 70 53 71 52 70 51 69 54 18 55 72 56 73 57 74 56 73 55 72 58 75 59 76 60 77 61 78 60 77 59 76 62 79 60 77 62 79 63 80 63 80 62 79 64 81 64 81 62 79 65 82 64 81 65 82 66 83 64 81 66 83 67 84 67 84 66 83 68 85 68 85 66 83 69 86 68 85 69 86 70 87 70 87 69 86 71 12 70 87 71 12 72 88 72 88 71 12 73 18</p>
                </triangles>
            </mesh>
        </geometry>
        <geometry id="ID57">
            <mesh>
                <source id="ID63">
                    <float_array id="ID67" count="12">1.122047 -0.05905512 1.909449 0.05905512 -0.05905512 1.219937 1.122047 -0.05905512 1.219937 0.05905512 -0.05905512 1.909449</float_array>
                    <technique_common>
                        <accessor count="4" source="#ID67" stride="3">
                            <param name="X" type="float" />
                            <param name="Y" type="float" />
                            <param name="Z" type="float" />
                        </accessor>
                    </technique_common>
                </source>
                <source id="ID64">
                    <float_array id="ID68" count="12">0 -1 0 0 -1 0 0 -1 0 0 -1 0</float_array>
                    <technique_common>
                        <accessor count="4" source="#ID68" stride="3">
                            <param name="X" type="float" />
                            <param name="Y" type="float" />
                            <param name="Z" type="float" />
                        </accessor>
                    </technique_common>
                </source>
                <source id="ID66">
                    <float_array id="ID69" count="8">0.9999999 0.9999999 -3.866455e-08 0.4208466 0.9999999 0.4208465 -1.387779e-17 1</float_array>
                    <technique_common>
                        <accessor count="4" source="#ID69" stride="2">
                            <param name="S" type="float" />
                            <param name="T" type="float" />
                        </accessor>
                    </technique_common>
                </source>
                <vertices id="ID65">
                    <input semantic="POSITION" source="#ID63" />
                    <input semantic="NORMAL" source="#ID64" />
                </vertices>
                <triangles count="2" material="Material2">
                    <input offset="0" semantic="VERTEX" source="#ID65" />
                    <input offset="1" semantic="TEXCOORD" source="#ID66" />
                    <p>0 0 1 1 2 2 1 1 0 0 3 3</p>
                </triangles>
            </mesh>
        </geometry>
        <geometry id="ID70">
            <mesh>
                <source id="ID71">
                    <float_array id="ID75" count="48">0.05905512 -0.05905512 1.219937 0.05905512 -0.1181102 1.909449 0.05905512 -0.1181102 1.219937 0.05905512 -0.05905512 1.909449 1.122047 -0.1181102 1.219937 0.05905512 -0.05905512 1.219937 0.05905512 -0.1181102 1.219937 1.122047 -0.05905512 1.219937 1.122047 -0.05905512 1.909449 0.05905512 -0.1181102 1.909449 0.05905512 -0.05905512 1.909449 1.122047 -0.1181102 1.909449 1.122047 -0.05905512 1.909449 1.122047 -0.1181102 1.219937 1.122047 -0.1181102 1.909449 1.122047 -0.05905512 1.219937</float_array>
                    <technique_common>
                        <accessor count="16" source="#ID75" stride="3">
                            <param name="X" type="float" />
                            <param name="Y" type="float" />
                            <param name="Z" type="float" />
                        </accessor>
                    </technique_common>
                </source>
                <source id="ID72">
                    <float_array id="ID76" count="48">1 0 0 1 0 0 1 0 0 1 0 0 0 0 1 0 0 1 0 0 1 0 0 1 -0 -0 -1 -0 -0 -1 -0 -0 -1 -0 -0 -1 -1 0 0 -1 0 0 -1 0 0 -1 0 0</float_array>
                    <technique_common>
                        <accessor count="16" source="#ID76" stride="3">
                            <param name="X" type="float" />
                            <param name="Y" type="float" />
                            <param name="Z" type="float" />
                        </accessor>
                    </technique_common>
                </source>
                <source id="ID74">
                    <float_array id="ID77" count="32">-0.03 0.619728 -0.06 0.97 -0.06 0.619728 -0.03 0.97 0.57 -0.06 0.03 -0.03 0.03 -0.06 0.57 -0.03 -0.57 -0.03 -0.03 -0.06 -0.03 -0.03 -0.57 -0.06 0.03 0.97 0.06 0.619728 0.06 0.97 0.03 0.619728</float_array>
                    <technique_common>
                        <accessor count="16" source="#ID77" stride="2">
                            <param name="S" type="float" />
                            <param name="T" type="float" />
                        </accessor>
                    </technique_common>
                </source>
                <vertices id="ID73">
                    <input semantic="POSITION" source="#ID71" />
                    <input semantic="NORMAL" source="#ID72" />
                </vertices>
                <triangles count="8" material="Material2">
                    <input offset="0" semantic="VERTEX" source="#ID73" />
                    <input offset="1" semantic="TEXCOORD" source="#ID74" />
                    <p>0 0 1 1 2 2 1 1 0 0 3 3 4 4 5 5 6 6 5 5 4 4 7 7 8 8 9 9 10 10 9 9 8 8 11 11 12 12 13 13 14 14 13 13 12 12 15 15</p>
                </triangles>
            </mesh>
        </geometry>
        <geometry id="ID78">
            <mesh>
                <source id="ID84">
                    <float_array id="ID88" count="24">1.122047 -0.1181102 1.909449 0.05905512 -0.1181102 1.219937 1.122047 -0.1181102 1.219937 0.05905512 -0.1181102 1.909449 0.05905512 -0.1181102 1.909449 1.122047 -0.1181102 1.909449 0.05905512 -0.1181102 1.219937 1.122047 -0.1181102 1.219937</float_array>
                    <technique_common>
                        <accessor count="8" source="#ID88" stride="3">
                            <param name="X" type="float" />
                            <param name="Y" type="float" />
                            <param name="Z" type="float" />
                        </accessor>
                    </technique_common>
                </source>
                <source id="ID85">
                    <float_array id="ID89" count="24">0 -1 0 0 -1 0 0 -1 0 0 -1 0 -0 1 -0 -0 1 -0 -0 1 -0 -0 1 -0</float_array>
                    <technique_common>
                        <accessor count="8" source="#ID89" stride="3">
                            <param name="X" type="float" />
                            <param name="Y" type="float" />
                            <param name="Z" type="float" />
                        </accessor>
                    </technique_common>
                </source>
                <source id="ID87">
                    <float_array id="ID90" count="8">0.01558399 0.02652012 0.00082021 0.01694357 0.01558399 0.01694357 0.00082021 0.02652012</float_array>
                    <technique_common>
                        <accessor count="4" source="#ID90" stride="2">
                            <param name="S" type="float" />
                            <param name="T" type="float" />
                        </accessor>
                    </technique_common>
                </source>
                <vertices id="ID86">
                    <input semantic="POSITION" source="#ID84" />
                    <input semantic="NORMAL" source="#ID85" />
                </vertices>
                <triangles count="4" material="Material2">
                    <input offset="0" semantic="VERTEX" source="#ID86" />
                    <input offset="1" semantic="TEXCOORD" source="#ID87" />
                    <p>0 0 1 1 2 2 1 1 0 0 3 3 4 3 5 0 6 1 7 2 6 1 5 0</p>
                </triangles>
            </mesh>
        </geometry>
        <geometry id="ID93">
            <mesh>
                <source id="ID99">
                    <float_array id="ID103" count="435">-0.1501649 0.01832557 0.04023657 -0.1554622 0.01832557 0 0 0.02224409 1.110223e-16 -0.1501649 0.01832557 -0.04023657 -0.1346342 0.01832557 0.07773109 -0.3107968 0.01090962 0 -0.3002066 0.01090962 0.08044013 -0.1346342 0.01832557 -0.07773109 -0.3002066 0.01090962 -0.08044013 -0.1099284 0.01832557 0.1099284 -0.2691579 0.01090962 0.1553984 -0.4460703 0.001396323 1.110223e-16 -0.4308708 0.001396323 0.1154515 -0.1099284 0.01832557 -0.1099284 -0.2691579 0.01090962 -0.1553984 -0.4308708 0.001396323 -0.1154515 -0.07773109 0.01832557 0.1346342 -0.2197665 0.01090962 0.2197665 -0.3863082 0.001396323 0.2230351 -0.4460703 0.001396323 1.110223e-16 -0.444432 0.006189075 0.1190852 -0.4601098 0.006189075 0 -0.4308708 0.001396323 0.1154515 -0.07773109 0.01832557 -0.1346342 -0.2197665 0.01090962 -0.2197665 -0.3863082 0.001396323 -0.2230351 -0.4308708 0.001396323 -0.1154515 -0.444432 0.006189075 -0.1190852 -0.04023657 0.01832557 0.1501649 -0.1553984 0.01090962 0.2691579 -0.3154193 0.001396323 0.3154193 -0.3863082 0.001396323 0.2230351 -0.3984668 0.006189075 0.2300549 -0.4500492 0.0197345 0.1205903 -0.4659252 0.0197345 1.110223e-16 -0.04023657 0.01832557 -0.1501649 -0.1553984 0.01090962 -0.2691579 -0.3154193 0.001396323 -0.3154193 -0.3863082 0.001396323 -0.2230351 -0.3984668 0.006189075 -0.2300549 -0.4500492 0.0197345 -0.1205903 0 0.01832557 0.1554622 -0.08044013 0.01090962 0.3002066 -0.2230351 0.001396323 0.3863082 -0.3154193 0.001396323 0.3154193 -0.3253468 0.006189075 0.3253468 -0.4035031 0.0197345 0.2329626 0 0.01832557 -0.1554622 -0.08044013 0.01090962 -0.3002066 -0.2230351 0.001396323 -0.3863082 -0.3154193 0.001396323 -0.3154193 -0.3253468 0.006189075 -0.3253468 -0.4035031 0.0197345 -0.2329626 0.04023657 0.01832557 0.1501649 0 0.01090962 0.3107968 -0.1154515 0.001396323 0.4308708 -0.2230351 0.001396323 0.3863082 -0.2300549 0.006189075 0.3984668 -0.3294589 0.0197345 0.3294589 0.04023657 0.01832557 -0.1501649 0 0.01090962 -0.3107968 -0.1154515 0.001396323 -0.4308708 -0.2230351 0.001396323 -0.3863082 -0.2300549 0.006189075 -0.3984668 -0.3294589 0.0197345 -0.3294589 0.07773109 0.01832557 0.1346342 0.08044013 0.01090962 0.3002066 0 0.001396323 0.4460703 -0.1154515 0.001396323 0.4308708 -0.1190852 0.006189075 0.444432 -0.2329626 0.0197345 0.4035031 0.07773109 0.01832557 -0.1346342 0.08044013 0.01090962 -0.3002066 -4.440892e-16 0.001396323 -0.4460703 -0.1154515 0.001396323 -0.4308708 -0.1190852 0.006189075 -0.444432 -0.2329626 0.0197345 -0.4035031 0.1099284 0.01832557 0.1099284 0.1553984 0.01090962 0.2691579 0.1154515 0.001396323 0.4308708 0 0.001396323 0.4460703 0 0.006189075 0.4601098 -0.1205903 0.0197345 0.4500492 0.1099284 0.01832557 -0.1099284 0.1553984 0.01090962 -0.2691579 0.1154515 0.001396323 -0.4308708 -4.440892e-16 0.001396323 -0.4460703 -2.220446e-16 0.006189075 -0.4601098 -0.1205903 0.0197345 -0.4500492 0.1346342 0.01832557 0.07773109 0.2197665 0.01090962 0.2197665 0.2230351 0.001396323 0.3863082 0.1190852 0.006189075 0.444432 0.1154515 0.001396323 0.4308708 0 0.0197345 0.4659252 0.1346342 0.01832557 -0.07773109 0.2197665 0.01090962 -0.2197665 0.2230351 0.001396323 -0.3863082 0.1190852 0.006189075 -0.444432 0.1154515 0.001396323 -0.4308708 -4.440892e-16 0.0197345 -0.4659252 0.1501649 0.01832557 0.04023657 0.2691579 0.01090962 0.1553984 0.3154193 0.001396323 0.3154193 0.2300549 0.006189075 0.3984668 0.2230351 0.001396323 0.3863082 0.1205903 0.0197345 0.4500492 0.1501649 0.01832557 -0.04023657 0.2691579 0.01090962 -0.1553984 0.3154193 0.001396323 -0.3154193 0.2300549 0.006189075 -0.3984668 0.2230351 0.001396323 -0.3863082 0.1205903 0.0197345 -0.4500492 0.1554622 0.01832557 0 0.3002066 0.01090962 0.08044013 0.3863082 0.001396323 0.2230351 0.3253468 0.006189075 0.3253468 0.3154193 0.001396323 0.3154193 0.2329626 0.0197345 0.4035031 0.3002066 0.01090962 -0.08044013 0.3863082 0.001396323 -0.2230351 0.3253468 0.006189075 -0.3253468 0.3154193 0.001396323 -0.3154193 0.2329626 0.0197345 -0.4035031 0.3107968 0.01090962 0 0.4308708 0.001396323 0.1154515 0.3984668 0.006189075 0.2300549 0.3863082 0.001396323 0.2230351 0.3294589 0.0197345 0.3294589 0.4308708 0.001396323 -0.1154515 0.3984668 0.006189075 -0.2300549 0.3863082 0.001396323 -0.2230351 0.3294589 0.0197345 -0.3294589 0.4460703 0.001396323 1.110223e-16 0.444432 0.006189075 0.1190852 0.4308708 0.001396323 0.1154515 0.4035031 0.0197345 0.2329626 0.444432 0.006189075 -0.1190852 0.4308708 0.001396323 -0.1154515 0.4035031 0.0197345 -0.2329626 0.4460703 0.001396323 1.110223e-16 0.4601098 0.006189075 1.110223e-16 0.4500492 0.0197345 0.1205903 0.4500492 0.0197345 -0.1205903 0.4659252 0.0197345 1.110223e-16</float_array>
                    <technique_common>
                        <accessor count="145" source="#ID103" stride="3">
                            <param name="X" type="float" />
                            <param name="Y" type="float" />
                            <param name="Z" type="float" />
                        </accessor>
                    </technique_common>
                </source>
                <source id="ID100">
                    <float_array id="ID104" count="435">0.03610752 -0.9993011 -0.00967498 0.03738125 -0.9993011 -2.623143e-17 6.077879e-18 -1 -2.154885e-17 0.03610752 -0.9993011 0.00967498 0.03237311 -0.9993011 -0.01869063 0.05985834 -0.9982069 -2.926993e-17 0.05781871 -0.9982069 -0.01549248 0.03237311 -0.9993011 0.01869063 0.05781871 -0.9982069 0.01549248 0.02643254 -0.9993011 -0.02643254 0.05183884 -0.9982069 -0.02992917 0.0701531 -0.9975362 -4.095421e-17 0.06776269 -0.9975362 -0.01815696 0.02643254 -0.9993011 0.02643254 0.05183884 -0.9982069 0.02992917 0.06776269 -0.9975362 0.01815696 0.01869063 -0.9993011 -0.03237311 0.04232624 -0.9982069 -0.04232624 0.06075436 -0.9975362 -0.03507655 -0.3230693 -0.9463753 1.803259e-16 -0.6731735 -0.7171484 0.1803763 -0.6969205 -0.7171484 -6.805513e-16 -0.3120609 -0.9463753 0.08361648 0.01869063 -0.9993011 0.03237311 0.04232624 -0.9982069 0.04232624 0.06075436 -0.9975362 0.03507655 -0.3120609 -0.9463753 -0.08361648 -0.6731735 -0.7171484 -0.1803763 0.00967498 -0.9993011 -0.03610752 0.02992917 -0.9982069 -0.05183884 0.04960573 -0.9975362 -0.04960573 -0.2797862 -0.9463753 0.1615346 -0.6035509 -0.7171484 0.3484603 -0.8875841 -0.3945029 0.2378275 -0.9188947 -0.3945029 2.11624e-16 0.00967498 -0.9993011 0.03610752 0.02992917 -0.9982069 0.05183884 0.04960573 -0.9975362 0.04960573 -0.2797862 -0.9463753 -0.1615346 -0.6035509 -0.7171484 -0.3484603 -0.8875841 -0.3945029 -0.2378275 2.319411e-17 -0.9993011 -0.03738125 0.01549248 -0.9982069 -0.05781871 0.03507655 -0.9975362 -0.06075436 -0.2284445 -0.9463753 0.2284445 -0.4927972 -0.7171484 0.4927972 -0.7957862 -0.3945029 0.4594474 -4.417925e-18 -0.9993011 0.03738125 0.01549248 -0.9982069 0.05781871 0.03507655 -0.9975362 0.06075436 -0.2284445 -0.9463753 -0.2284445 -0.4927972 -0.7171484 -0.4927972 -0.7957862 -0.3945029 -0.4594474 -0.00967498 -0.9993011 -0.03610752 4.30765e-17 -0.9982069 -0.05985834 0.01815696 -0.9975362 -0.06776269 -0.1615346 -0.9463753 0.2797862 -0.3484603 -0.7171484 0.6035509 -0.6497567 -0.3945029 0.6497567 -0.00967498 -0.9993011 0.03610752 -1.270204e-17 -0.9982069 0.05985834 0.01815696 -0.9975362 0.06776269 -0.1615346 -0.9463753 -0.2797862 -0.3484603 -0.7171484 -0.6035509 -0.6497567 -0.3945029 -0.6497567 -0.01869063 -0.9993011 -0.03237311 -0.01549248 -0.9982069 -0.05781871 3.974968e-17 -0.9975362 -0.0701531 -0.08361648 -0.9463753 0.3120609 -0.1803763 -0.7171484 0.6731735 -0.4594474 -0.3945029 0.7957862 -0.01869063 -0.9993011 0.03237311 -0.01549248 -0.9982069 0.05781871 2.288618e-17 -0.9975362 0.0701531 -0.08361648 -0.9463753 -0.3120609 -0.1803763 -0.7171484 -0.6731735 -0.4594474 -0.3945029 -0.7957862 -0.02643254 -0.9993011 -0.02643254 -0.02992917 -0.9982069 -0.05183884 -0.01815696 -0.9975362 -0.06776269 -3.032754e-16 -0.9463753 0.3230693 -6.010708e-16 -0.7171484 0.6969205 -0.2378275 -0.3945029 0.8875841 -0.02643254 -0.9993011 0.02643254 -0.02992917 -0.9982069 0.05183884 -0.01815696 -0.9975362 0.06776269 -4.303232e-16 -0.9463753 -0.3230693 8.395122e-16 -0.7171484 -0.6969205 -0.2378275 -0.3945029 -0.8875841 -0.03237311 -0.9993011 -0.01869063 -0.04232624 -0.9982069 -0.04232624 -0.03507655 -0.9975362 -0.06075436 0.1803763 -0.7171484 0.6731735 0.08361648 -0.9463753 0.3120609 -7.636867e-16 -0.3945029 0.9188947 -0.03237311 -0.9993011 0.01869063 -0.04232624 -0.9982069 0.04232624 -0.03507655 -0.9975362 0.06075436 0.1803763 -0.7171484 -0.6731735 0.08361648 -0.9463753 -0.3120609 -1.196136e-15 -0.3945029 -0.9188947 -0.03610752 -0.9993011 -0.00967498 -0.05183884 -0.9982069 -0.02992917 -0.04960573 -0.9975362 -0.04960573 0.3484603 -0.7171484 0.6035509 0.1615346 -0.9463753 0.2797862 0.2378275 -0.3945029 0.8875841 -0.03610752 -0.9993011 0.00967498 -0.05183884 -0.9982069 0.02992917 -0.04960573 -0.9975362 0.04960573 0.3484603 -0.7171484 -0.6035509 0.1615346 -0.9463753 -0.2797862 0.2378275 -0.3945029 -0.8875841 -0.03738125 -0.9993011 1.988066e-17 -0.05781871 -0.9982069 -0.01549248 -0.06075436 -0.9975362 -0.03507655 0.4927972 -0.7171484 0.4927972 0.2284445 -0.9463753 0.2284445 0.4594474 -0.3945029 0.7957862 -0.05781871 -0.9982069 0.01549248 -0.06075436 -0.9975362 0.03507655 0.4927972 -0.7171484 -0.4927972 0.2284445 -0.9463753 -0.2284445 0.4594474 -0.3945029 -0.7957862 -0.05985834 -0.9982069 3.921066e-17 -0.06776269 -0.9975362 -0.01815696 0.6035509 -0.7171484 0.3484603 0.2797862 -0.9463753 0.1615346 0.6497567 -0.3945029 0.6497567 -0.06776269 -0.9975362 0.01815696 0.6035509 -0.7171484 -0.3484603 0.2797862 -0.9463753 -0.1615346 0.6497567 -0.3945029 -0.6497567 -0.0701531 -0.9975362 4.215875e-18 0.6731735 -0.7171484 0.1803763 0.3120609 -0.9463753 0.08361648 0.7957862 -0.3945029 0.4594474 0.6731735 -0.7171484 -0.1803763 0.3120609 -0.9463753 -0.08361648 0.7957862 -0.3945029 -0.4594474 0.3230693 -0.9463753 -2.102436e-15 0.6969205 -0.7171484 -1.177304e-15 0.8875841 -0.3945029 0.2378275 0.8875841 -0.3945029 -0.2378275 0.9188947 -0.3945029 -3.404387e-16</float_array>
                    <technique_common>
                        <accessor count="145" source="#ID104" stride="3">
                            <param name="X" type="float" />
                            <param name="Y" type="float" />
                            <param name="Z" type="float" />
                        </accessor>
                    </technique_common>
                </source>
                <source id="ID102">
                    <float_array id="ID105" count="242">-0.661147 0.5431792 -0.6668317 0.5 -0.5 0.5 -0.661147 0.4568208 -0.6444805 0.5834159 -0.8335265 0.5 -0.8221618 0.586323 -0.6444805 0.4165842 -0.8221619 0.413677 -0.6179678 0.6179678 -0.7888424 0.6667633 -0.978693 0.5 -0.962382 0.6238949 -0.6179678 0.3820322 -0.7888424 0.3332368 -0.962382 0.3761051 -0.5834158 0.6444805 -0.7358388 0.7358389 -0.9145603 0.7393465 -0.9769349 0.6277943 -0.9937593 0.5 -0.5834158 0.3555195 -0.7358388 0.2641612 -0.9145603 0.2606535 -0.9769349 0.3722057 -0.5431792 0.661147 -0.6667632 0.7888424 -0.8384871 0.8384871 -0.9276081 0.7468797 -0.9829629 0.6294095 -1 0.5 -0.5431792 0.338853 -0.6667632 0.2111576 -0.8384871 0.1615129 -0.9276081 0.2531203 -0.9829629 0.3705905 -0.5 0.6668317 -0.586323 0.8221619 -0.7393465 0.9145603 -0.8491406 0.8491406 -0.9330127 0.75 -0.5 0.3331683 -0.586323 0.1778381 -0.7393465 0.08543967 -0.8491406 0.1508594 -0.9330127 0.25 -0.4568208 0.661147 -0.5 0.8335265 -0.6238949 0.962382 -0.7468797 0.9276081 -0.8535534 0.8535534 -0.4568208 0.338853 -0.5 0.1664735 -0.6238949 0.03761803 -0.7468797 0.07239187 -0.8535534 0.1464466 -0.4165841 0.6444805 -0.413677 0.8221619 -0.5 0.9786931 -0.6277943 0.9769349 -0.75 0.9330127 -0.4165842 0.3555195 -0.413677 0.1778381 -0.5 0.02130696 -0.6277943 0.02306511 -0.75 0.0669873 -0.3820322 0.6179678 -0.3332367 0.7888424 -0.3761051 0.962382 -0.5 0.9937594 -0.6294095 0.9829629 -0.3820322 0.3820322 -0.3332368 0.2111576 -0.3761051 0.03761803 -0.5 0.006240665 -0.6294095 0.01703709 -0.3555195 0.5834159 -0.2641611 0.7358389 -0.2606535 0.9145603 -0.3722057 0.9769349 -0.5 1 -0.3555195 0.4165842 -0.2641612 0.2641612 -0.2606535 0.08543967 -0.3722057 0.02306511 -0.5 2.38698e-14 -0.338853 0.5431792 -0.2111576 0.6667633 -0.1615129 0.8384871 -0.2531203 0.9276081 -0.3705905 0.9829629 -0.338853 0.4568208 -0.2111576 0.3332368 -0.1615129 0.1615129 -0.2531203 0.07239187 -0.3705905 0.01703709 -0.3331683 0.5 -0.1778381 0.586323 -0.08543965 0.7393465 -0.1508594 0.8491406 -0.25 0.9330127 -0.1778381 0.413677 -0.08543966 0.2606535 -0.1508594 0.1508594 -0.25 0.0669873 -0.1664735 0.5 -0.03761801 0.6238949 -0.07239185 0.7468797 -0.1464466 0.8535534 -0.03761802 0.3761051 -0.07239187 0.2531203 -0.1464466 0.1464466 -0.02130695 0.5 -0.02306509 0.6277943 -0.06698728 0.75 -0.0230651 0.3722057 -0.06698729 0.25 -0.00624065 0.5 -0.01703707 0.6294095 -0.01703708 0.3705905 1.490117e-08 0.5</float_array>
                    <technique_common>
                        <accessor count="121" source="#ID105" stride="2">
                            <param name="S" type="float" />
                            <param name="T" type="float" />
                        </accessor>
                    </technique_common>
                </source>
                <vertices id="ID101">
                    <input semantic="POSITION" source="#ID99" />
                    <input semantic="NORMAL" source="#ID100" />
                </vertices>
                <triangles count="216" material="Material2">
                    <input offset="0" semantic="VERTEX" source="#ID101" />
                    <input offset="1" semantic="TEXCOORD" source="#ID102" />
                    <p>0 0 1 1 2 2 2 2 1 1 3 3 4 4 0 0 2 2 0 0 5 5 1 1 5 5 0 0 6 6 2 2 3 3 7 7 3 3 5 5 8 8 5 5 3 3 1 1 9 9 4 4 2 2 4 4 6 6 0 0 6 6 4 4 10 10 6 6 11 11 5 5 11 11 6 6 12 12 2 2 7 7 13 13 7 7 8 8 14 14 8 8 7 7 3 3 8 8 11 11 15 15 11 11 8 8 5 5 16 16 9 9 2 2 9 9 10 10 4 4 10 10 9 9 17 17 10 10 12 12 6 6 12 12 10 10 18 18 19 11 20 19 21 20 20 19 19 11 22 12 2 2 13 13 23 21 13 13 14 14 24 22 14 14 13 13 7 7 14 14 15 15 25 23 15 15 14 14 8 8 26 15 21 20 27 24 21 20 26 15 19 11 28 25 16 16 2 2 16 16 17 17 9 9 17 17 16 16 29 26 17 17 18 18 10 10 18 18 17 17 30 27 31 18 20 19 22 12 20 19 31 18 32 28 33 29 21 20 20 19 21 20 33 29 34 30 2 2 23 21 35 31 23 21 24 22 36 32 24 22 23 21 13 13 24 22 25 23 37 33 25 23 24 22 14 14 38 23 27 24 39 34 27 24 38 23 26 15 34 30 27 24 21 20 27 24 34 30 40 35 41 36 28 25 2 2 28 25 29 26 16 16 29 26 28 25 42 37 29 26 30 27 17 17 30 27 29 26 43 38 44 27 32 28 31 18 32 28 44 27 45 39 46 40 20 19 32 28 20 19 46 40 33 29 2 2 35 31 47 41 35 31 36 32 48 42 36 32 35 31 23 21 36 32 37 33 49 43 37 33 36 32 24 22 50 33 39 34 51 44 39 34 50 33 38 23 40 35 39 34 27 24 39 34 40 35 52 45 41 36 2 2 53 46 41 36 42 37 28 25 42 37 41 36 54 47 42 37 43 38 29 26 43 38 42 37 55 48 56 38 45 39 44 27 45 39 56 38 57 49 58 50 32 28 45 39 32 28 58 50 46 40 2 2 47 41 59 51 47 41 48 42 60 52 48 42 47 41 35 31 48 42 49 43 61 53 49 43 48 42 36 32 62 43 51 44 63 54 51 44 62 43 50 33 52 45 51 44 39 34 51 44 52 45 64 55 53 46 2 2 65 56 66 57 41 36 53 46 41 36 66 57 54 47 54 47 55 48 42 37 55 48 54 47 67 58 68 48 57 49 56 38 57 49 68 48 69 59 45 39 70 60 58 50 70 60 45 39 57 49 2 2 59 51 71 61 72 62 47 41 60 52 47 41 72 62 59 51 60 52 61 53 73 63 61 53 60 52 48 42 74 53 63 54 75 64 63 54 74 53 62 43 76 65 51 44 64 55 51 44 76 65 63 54 65 56 2 2 77 66 78 67 53 46 65 56 53 46 78 67 66 57 79 68 54 47 66 57 54 47 79 68 67 58 80 58 69 59 68 48 69 59 80 58 81 69 57 49 82 70 70 60 82 70 57 49 69 59 2 2 71 61 83 71 84 72 59 51 72 62 59 51 84 72 71 61 85 73 60 52 73 63 60 52 85 73 72 62 86 63 75 64 87 74 75 64 86 63 74 53 88 75 63 54 76 65 63 54 88 75 75 64 77 66 2 2 89 76 90 77 65 56 77 66 65 56 90 77 78 67 91 78 66 57 78 67 66 57 91 78 79 68 92 79 80 58 93 68 80 58 92 79 81 69 69 59 94 80 82 70 94 80 69 59 81 69 2 2 83 71 95 81 96 82 71 61 84 72 71 61 96 82 83 71 97 83 72 62 85 73 72 62 97 83 84 72 98 84 86 63 87 74 86 63 98 84 99 73 100 85 75 64 88 75 75 64 100 85 87 74 89 76 2 2 101 86 102 87 77 66 89 76 77 66 102 87 90 77 103 88 78 67 90 77 78 67 103 88 91 78 104 89 93 68 105 78 93 68 104 89 92 79 92 79 94 80 81 69 94 80 92 79 106 90 2 2 95 81 107 91 108 92 83 71 96 82 83 71 108 92 95 81 109 93 84 72 97 83 84 72 109 93 96 82 110 94 99 73 98 84 99 73 110 94 111 83 112 95 87 74 100 85 87 74 112 95 98 84 101 86 2 2 113 96 114 97 89 76 101 86 89 76 114 97 102 87 115 98 90 77 102 87 90 77 115 98 103 88 116 99 105 78 117 88 105 78 116 99 104 89 104 89 106 90 92 79 106 90 104 89 118 100 2 2 107 91 113 96 119 101 95 81 108 92 95 81 119 101 107 91 120 102 96 82 109 93 96 82 120 102 108 92 121 103 111 83 110 94 111 83 121 103 122 93 112 95 110 94 98 84 110 94 112 95 123 104 114 97 113 96 124 105 113 96 114 97 101 86 125 106 102 87 114 97 102 87 125 106 115 98 126 107 117 88 127 98 117 88 126 107 116 99 116 99 118 100 104 89 118 100 116 99 128 108 124 105 107 91 119 101 107 91 124 105 113 96 129 109 108 92 120 102 108 92 129 109 119 101 130 110 122 93 121 103 122 93 130 110 131 102 123 104 121 103 110 94 121 103 123 104 132 111 133 112 114 97 124 105 114 97 133 112 125 106 134 113 127 98 135 106 127 98 134 113 126 107 136 114 116 99 126 107 116 99 136 114 128 108 133 112 119 101 129 109 119 101 133 112 124 105 137 115 131 102 130 110 131 102 137 115 138 109 132 111 130 110 121 103 130 110 132 111 139 116 134 113 140 112 141 117 140 112 134 113 135 106 142 118 126 107 134 113 126 107 142 118 136 114 141 117 138 109 137 115 138 109 141 117 140 112 139 116 137 115 130 110 137 115 139 116 143 119 144 120 134 113 141 117 134 113 144 120 142 118 137 115 144 120 141 117 144 120 137 115 143 119</p>
                </triangles>
            </mesh>
        </geometry>
        <geometry id="ID106">
            <mesh>
                <source id="ID112">
                    <float_array id="ID116" count="144">0.4659252 0.2362205 0 0.4500492 0.0197345 0.1205903 0.4659252 0.0197345 1.110223e-16 0.4500492 0.2362205 0.1205903 0.4035031 0.0197345 0.2329626 0.4035031 0.2362205 0.2329626 0.4500492 0.2362205 -0.1205903 0.4500492 0.0197345 -0.1205903 0.3294589 0.0197345 0.3294589 0.3294589 0.2362205 0.3294589 0.4035031 0.2362205 -0.2329626 0.4035031 0.0197345 -0.2329626 0.2329626 0.2362205 0.4035031 0.2329626 0.0197345 0.4035031 0.3294589 0.2362205 -0.3294589 0.3294589 0.0197345 -0.3294589 0.1205903 0.2362205 0.4500492 0.1205903 0.0197345 0.4500492 0.2329626 0.2362205 -0.4035031 0.2329626 0.0197345 -0.4035031 0 0.2362205 0.4659252 0 0.0197345 0.4659252 0.1205903 0.0197345 -0.4500492 0.1205903 0.2362205 -0.4500492 -0.1205903 0.2362205 0.4500492 -0.1205903 0.0197345 0.4500492 0 0.2362205 -0.4659252 -4.440892e-16 0.0197345 -0.4659252 -0.2329626 0.0197345 0.4035031 -0.2329626 0.2362205 0.4035031 -0.1205903 0.0197345 -0.4500492 -0.1205903 0.2362205 -0.4500492 -0.3294589 0.2362205 0.3294589 -0.3294589 0.0197345 0.3294589 -0.2329626 0.0197345 -0.4035031 -0.2329626 0.2362205 -0.4035031 -0.4035031 0.0197345 0.2329626 -0.4035031 0.2362205 0.2329626 -0.3294589 0.0197345 -0.3294589 -0.3294589 0.2362205 -0.3294589 -0.4500492 0.0197345 0.1205903 -0.4500492 0.2362205 0.1205903 -0.4035031 0.2362205 -0.2329626 -0.4035031 0.0197345 -0.2329626 -0.4659252 0.0197345 1.110223e-16 -0.4659252 0.2362205 0 -0.4500492 0.2362205 -0.1205903 -0.4500492 0.0197345 -0.1205903</float_array>
                    <technique_common>
                        <accessor count="48" source="#ID116" stride="3">
                            <param name="X" type="float" />
                            <param name="Y" type="float" />
                            <param name="Z" type="float" />
                        </accessor>
                    </technique_common>
                </source>
                <source id="ID113">
                    <float_array id="ID117" count="144">1 3.892275e-17 -7.128888e-17 0.9659258 -4.675526e-17 0.258819 1 3.892275e-17 1.782222e-17 0.9659258 -4.675526e-17 0.258819 0.8660254 1.943803e-16 0.5 0.8660254 1.943803e-16 0.5 0.9659258 3.771261e-16 -0.258819 0.9659258 3.771261e-16 -0.258819 0.7071068 2.475452e-16 0.7071068 0.7071068 2.475452e-16 0.7071068 0.8660254 8.570416e-17 -0.5 0.8660254 8.570416e-17 -0.5 0.5 9.647501e-18 0.8660254 0.5 9.647501e-18 0.8660254 0.7071068 -3.530809e-16 -0.7071068 0.7071068 -3.530809e-16 -0.7071068 0.258819 9.502217e-17 0.9659258 0.258819 9.502217e-17 0.9659258 0.5 -1.427281e-16 -0.8660254 0.5 -1.427281e-16 -0.8660254 -7.663555e-16 1.283937e-16 1 -7.663555e-16 1.283937e-16 1 0.258819 -1.078708e-16 -0.9659258 0.258819 -1.078708e-16 -0.9659258 -0.258819 9.447215e-17 0.9659258 -0.258819 9.447215e-17 0.9659258 1.693111e-16 6.36185e-17 -1 -1.693111e-16 6.36185e-17 -1 -0.5 8.527817e-18 0.8660254 -0.5 8.527817e-18 0.8660254 -0.258819 3.336363e-16 -0.9659258 -0.258819 3.336363e-16 -0.9659258 -0.7071068 3.618046e-17 0.7071068 -0.7071068 3.618046e-17 0.7071068 -0.5 8.713193e-17 -0.8660254 -0.5 8.713193e-17 -0.8660254 -0.8660254 8.444177e-17 0.5 -0.8660254 8.444177e-17 0.5 -0.7071068 4.655432e-18 -0.7071068 -0.7071068 4.655432e-18 -0.7071068 -0.9659258 2.444821e-17 0.258819 -0.9659258 2.444821e-17 0.258819 -0.8660254 2.62189e-16 -0.5 -0.8660254 2.62189e-16 -0.5 -1 4.873038e-18 -6.594221e-16 -1 4.873038e-18 -7.663555e-16 -0.9659258 1.197233e-16 -0.258819 -0.9659258 1.197233e-16 -0.258819</float_array>
                    <technique_common>
                        <accessor count="48" source="#ID117" stride="3">
                            <param name="X" type="float" />
                            <param name="Y" type="float" />
                            <param name="Z" type="float" />
                        </accessor>
                    </technique_common>
                </source>
                <source id="ID115">
                    <float_array id="ID118" count="188">1.774103 0.1832915 1.669744 1.908196e-16 1.774103 1.908196e-16 1.669744 0.1832915 1.565385 3.122502e-17 1.669744 3.469447e-17 1.565385 0.1832915 1.878462 0.1832915 1.774103 1.526557e-16 1.878462 1.526557e-16 1.774103 0.1832915 1.565385 0.1832915 1.461026 2.081668e-17 1.565385 -1.734723e-17 1.461026 0.1832915 1.982821 0.1832915 1.878462 -8.673617e-17 1.982821 -5.89806e-17 1.878462 0.1832915 1.461026 -1.040834e-17 1.356667 0.1832915 1.356667 -6.938894e-18 1.461026 0.1832915 2.087179 0.1832915 1.982821 -4.440892e-16 2.087179 -2.983724e-16 1.982821 0.1832915 1.356667 -1.873501e-16 1.252308 0.1832915 1.252308 -1.873501e-16 1.356667 0.1832915 2.191538 0.1832915 2.087179 4.718448e-16 2.191538 4.440892e-16 2.087179 0.1832915 1.252308 8.84709e-16 1.147949 0.1832915 1.147949 8.465451e-16 1.252308 0.1832915 2.191538 0.1832915 2.295897 -3.57353e-16 2.295897 0.1832915 2.191538 -3.365364e-16 1.147949 0 1.04359 0.1832915 1.04359 -5.20417e-17 2.400256 0.1832915 2.295897 -5.551115e-16 2.400256 -4.718448e-16 2.295897 0.1832915 0.9392308 3.122502e-16 1.04359 0.1832915 0.9392308 0.1832915 1.04359 1.526557e-16 2.400256 0.1832915 2.504615 8.257284e-16 2.504615 0.1832915 2.400256 8.430756e-16 0.9392308 2.775558e-17 0.8348718 0.1832915 0.8348718 4.163336e-17 0.9392308 0.1832915 -3.885781e-16 0.1832915 0.104359 8.187895e-16 0.104359 0.1832915 -3.816392e-16 9.194034e-16 0.8348718 0.1832915 0.7305128 4.89192e-16 0.8348718 3.157197e-16 0.7305128 0.1832915 0.104359 0.1832915 0.2087179 1.00614e-16 0.2087179 0.1832915 0.104359 7.285839e-17 0.7305128 0.1832915 0.6261538 3.747003e-16 0.7305128 3.747003e-16 0.6261538 0.1832915 0.3130769 0.1832915 0.2087179 8.604228e-16 0.3130769 8.396062e-16 0.2087179 0.1832915 0.6261538 0.1832915 0.5217949 3.504141e-16 0.6261538 3.538836e-16 0.5217949 0.1832915 0.4174359 0.1832915 0.3130769 -5.759282e-16 0.4174359 -5.863365e-16 0.3130769 0.1832915 0.5217949 0.1832915 0.4174359 1.734723e-17 0.5217949 1.734723e-17 0.4174359 0.1832915</float_array>
                    <technique_common>
                        <accessor count="94" source="#ID118" stride="2">
                            <param name="S" type="float" />
                            <param name="T" type="float" />
                        </accessor>
                    </technique_common>
                </source>
                <vertices id="ID114">
                    <input semantic="POSITION" source="#ID112" />
                    <input semantic="NORMAL" source="#ID113" />
                </vertices>
                <triangles count="48" material="Material2">
                    <input offset="0" semantic="VERTEX" source="#ID114" />
                    <input offset="1" semantic="TEXCOORD" source="#ID115" />
                    <p>0 0 1 1 2 2 1 1 0 0 3 3 3 3 4 4 1 5 4 4 3 3 5 6 6 7 2 8 7 9 2 8 6 7 0 10 5 11 8 12 4 13 8 12 5 11 9 14 10 15 7 16 11 17 7 16 10 15 6 18 8 19 12 20 13 21 12 20 8 19 9 22 14 23 11 24 15 25 11 24 14 23 10 26 13 27 16 28 17 29 16 28 13 27 12 30 18 31 15 32 19 33 15 32 18 31 14 34 17 35 20 36 21 37 20 36 17 35 16 38 18 39 22 40 23 41 22 40 18 39 19 42 21 43 24 44 25 45 24 44 21 43 20 36 26 46 22 47 27 48 22 47 26 46 23 49 28 50 24 51 29 52 24 51 28 50 25 53 26 54 30 55 31 56 30 55 26 54 27 57 28 58 32 59 33 60 32 59 28 58 29 61 31 62 34 63 35 64 34 63 31 62 30 65 32 66 36 67 33 68 36 67 32 66 37 69 35 70 38 71 39 72 38 71 35 70 34 73 37 74 40 75 36 76 40 75 37 74 41 77 42 78 38 79 43 80 38 79 42 78 39 81 41 82 44 83 40 84 44 83 41 82 45 85 46 86 43 87 47 88 43 87 46 86 42 89 45 90 47 91 44 92 47 91 45 90 46 93</p>
                </triangles>
            </mesh>
        </geometry>
    </library_geometries>
    <library_materials>
        <material id="ID6" name="plastic_black">
            <instance_effect url="#ID7" />
        </material>
        <material id="ID14" name="housing">
            <instance_effect url="#ID15" />
        </material>
        <material id="ID45" name="plastic_black_textured">
            <instance_effect url="#ID46" />
        </material>
        <material id="ID58" name="placard">
            <instance_effect url="#ID59" />
        </material>
        <material id="ID79" name="plastic_glass">
            <instance_effect url="#ID80" />
        </material>
        <material id="ID94" name="button_color">
            <instance_effect url="#ID95" />
        </material>
        <material id="ID107" name="button_side_color">
            <instance_effect url="#ID108" />
        </material>
    </library_materials>
    <library_effects>
        <effect id="ID7">
            <profile_COMMON>
                <technique sid="COMMON">
                    <lambert>
                        <diffuse>
                            <color>0.1372549 0.1372549 0.1372549 1</color>
                        </diffuse>
                    </lambert>
                </technique>
            </profile_COMMON>
        </effect>
        <effect id="ID15">
            <profile_COMMON>
                <newparam sid="ID17">
                    <surface type="2D">
                        <init_from>ID16</init_from>
                    </surface>
                </newparam>
                <newparam sid="ID18">
                    <sampler2D>
                        <source>ID17</source>
                    </sampler2D>
                </newparam>
                <technique sid="COMMON">
                    <lambert>
                        <diffuse>
                            <texture texture="ID18" texcoord="UVSET0" />
                        </diffuse>
                    </lambert>
                </technique>
            </profile_COMMON>
        </effect>
        <effect id="ID46">
            <profile_COMMON>
                <newparam sid="ID48">
                    <surface type="2D">
                        <init_from>ID47</init_from>
                    </surface>
                </newparam>
                <newparam sid="ID49">
                    <sampler2D>
                        <source>ID48</source>
                    </sampler2D>
                </newparam>
                <technique sid="COMMON">
                    <lambert>
                        <diffuse>
                            <texture texture="ID49" texcoord="UVSET0" />
                        </diffuse>
                    </lambert>
                </technique>
            </profile_COMMON>
        </effect>
        <effect id="ID59">
            <profile_COMMON>
                <newparam sid="ID61">
                    <surface type="2D">
                        <init_from>ID60</init_from>
                    </surface>
                </newparam>
                <newparam sid="ID62">
                    <sampler2D>
                        <source>ID61</source>
                    </sampler2D>
                </newparam>
                <technique sid="COMMON">
                    <lambert>
                        <diffuse>
                            <texture texture="ID62" texcoord="UVSET0" />
                        </diffuse>
                    </lambert>
                </technique>
            </profile_COMMON>
        </effect>
        <effect id="ID80">
            <profile_COMMON>
                <newparam sid="ID82">
                    <surface type="2D">
                        <init_from>ID81</init_from>
                    </surface>
                </newparam>
                <newparam sid="ID83">
                    <sampler2D>
                        <source>ID82</source>
                    </sampler2D>
                </newparam>
                <technique sid="COMMON">
                    <lambert>
                        <diffuse>
                            <texture texture="ID83" texcoord="UVSET0" />
                        </diffuse>
                        <transparent opaque="RGB_ZERO">
                            <color>0.48 0.48 0.48 1</color>
                        </transparent>
                        <transparency>
                            <float>1</float>
                        </transparency>
                    </lambert>
                </technique>
            </profile_COMMON>
        </effect>
        <effect id="ID95">
            <profile_COMMON>
                <newparam sid="ID97">
                    <surface type="2D">
                        <init_from>ID96</init_from>
                    </surface>
                </newparam>
                <newparam sid="ID98">
                    <sampler2D>
                        <source>ID97</source>
                    </sampler2D>
                </newparam>
                <technique sid="COMMON">
                    <lambert>
                        <diffuse>
                            <texture texture="ID98" texcoord="UVSET0" />
                        </diffuse>
                    </lambert>
                </technique>
            </profile_COMMON>
        </effect>
        <effect id="ID108">
            <profile_COMMON>
                <newparam sid="ID110">
                    <surface type="2D">
                        <init_from>ID109</init_from>
                    </surface>
                </newparam>
                <newparam sid="ID111">
                    <sampler2D>
                        <source>ID110</source>
                    </sampler2D>
                </newparam>
                <technique sid="COMMON">
                    <lambert>
                        <diffuse>
                            <texture texture="ID111" texcoord="UVSET0" />
                        </diffuse>
                    </lambert>
                </technique>
            </profile_COMMON>
        </effect>
    </library_effects>
    <library_images>
        <image id="ID16">
            <init_from>push_button_raised_illuminated/housing.jpg</init_from>
        </image>
        <image id="ID47">
            <init_from>push_button_raised_illuminated/plastic_black_textured.jpg</init_from>
        </image>
        <image id="ID60">
            <init_from>push_button_raised_illuminated/placard.png</init_from>
        </image>
        <image id="ID81">
            <init_from>push_button_raised_illuminated/plastic_glass.jpg</init_from>
        </image>
        <image id="ID96">
            <init_from>push_button_raised_illuminated/button_color.jpg</init_from>
        </image>
        <image id="ID109">
            <init_from>push_button_raised_illuminated/button_side_color.jpg</init_from>
        </image>
    </library_images>
    <scene>
        <instance_visual_scene url="#ID2" />
    </scene>
</COLLADA>
