<?xml version="1.0" encoding="UTF-8" standalone="no" ?>
<COLLADA xmlns="http://www.collada.org/2005/11/COLLADASchema" version="1.4.1">
    <asset>
        <contributor>
            <authoring_tool>SketchUp 17.2.2555</authoring_tool>
        </contributor>
        <created>2026-06-03T19:29:37Z</created>
        <modified>2026-06-03T19:29:37Z</modified>
        <unit meter="0.0254" name="inch" />
        <up_axis>Z_UP</up_axis>
    </asset>
    <library_cameras>
        <camera id="ID1" name="skp_camera_Last_Saved_SketchUp_View">
            <optics>
                <technique_common>
                    <perspective>
                        <yfov>35</yfov>
                        <aspect_ratio>0</aspect_ratio>
                        <znear>0.1</znear>
                        <zfar>2</zfar>
                    </perspective>
                </technique_common>
            </optics>
        </camera>
    </library_cameras>
    <library_visual_scenes>
        <visual_scene id="ID2">
            <node name="SketchUp">
                <node name="skp_camera_Last_Saved_SketchUp_View">
                    <matrix>0.8108323 0.1529421 -0.5649422 -3.251675 -0.5852786 0.2118827 -0.7826588 -5.591053 -2.775558e-17 0.9652535 0.2613151 2.963207 0 0 0 1</matrix>
                    <instance_camera url="#ID1" />
                </node>
                <node id="ID3" name="instance_0">
                    <matrix>1 0 0 0.7799016 0 1 0 -0.1181102 0 0 1 0.7697913 0 0 0 1</matrix>
                    <instance_node url="#ID4" />
                </node>
                <node id="ID42" name="instance_1">
                    <matrix>1.34 0 0 0 0 1 0 0 0 0 1.37 2.464695e-16 0 0 0 1</matrix>
                    <instance_node url="#ID43" />
                </node>
                <node id="ID91" name="instance_2">
                    <matrix>1 0 0 0.7799016 0 1 0 -0.2797546 0 0 1 0.7697913 0 0 0 1</matrix>
                    <instance_node url="#ID92" />
                </node>
            </node>
        </visual_scene>
    </library_visual_scenes>
    <library_nodes>
        <node id="ID4" name="housing">
            <instance_geometry url="#ID5">
                <bind_material>
                    <technique_common>
                        <instance_material symbol="Material2" target="#ID6">
                            <bind_vertex_input semantic="UVSET0" input_semantic="TEXCOORD" input_set="0" />
                        </instance_material>
                    </technique_common>
                </bind_material>
            </instance_geometry>
            <instance_geometry url="#ID13">
                <bind_material>
                    <technique_common>
                        <instance_material symbol="Material2" target="#ID14">
                            <bind_vertex_input semantic="UVSET0" input_semantic="TEXCOORD" input_set="0" />
                        </instance_material>
                    </technique_common>
                </bind_material>
            </instance_geometry>
            <instance_geometry url="#ID26">
                <bind_material>
                    <technique_common>
                        <instance_material symbol="Material2" target="#ID14">
                            <bind_vertex_input semantic="UVSET0" input_semantic="TEXCOORD" input_set="0" />
                        </instance_material>
                    </technique_common>
                </bind_material>
            </instance_geometry>
            <instance_geometry url="#ID34">
                <bind_material>
                    <technique_common>
                        <instance_material symbol="Material2" target="#ID35">
                            <bind_vertex_input semantic="UVSET0" input_semantic="TEXCOORD" input_set="0" />
                        </instance_material>
                    </technique_common>
                </bind_material>
            </instance_geometry>
        </node>
        <node id="ID43" name="placard">
            <instance_geometry url="#ID44">
                <bind_material>
                    <technique_common>
                        <instance_material symbol="Material2" target="#ID45">
                            <bind_vertex_input semantic="UVSET0" input_semantic="TEXCOORD" input_set="0" />
                        </instance_material>
                    </technique_common>
                </bind_material>
            </instance_geometry>
            <instance_geometry url="#ID57">
                <bind_material>
                    <technique_common>
                        <instance_material symbol="Material2" target="#ID58">
                            <bind_vertex_input semantic="UVSET0" input_semantic="TEXCOORD" input_set="0" />
                        </instance_material>
                    </technique_common>
                </bind_material>
            </instance_geometry>
            <instance_geometry url="#ID70">
                <bind_material>
                    <technique_common>
                        <instance_material symbol="Material2" target="#ID45">
                            <bind_vertex_input semantic="UVSET0" input_semantic="TEXCOORD" input_set="0" />
                        </instance_material>
                    </technique_common>
                </bind_material>
            </instance_geometry>
            <instance_geometry url="#ID78">
                <bind_material>
                    <technique_common>
                        <instance_material symbol="Material2" target="#ID79">
                            <bind_vertex_input semantic="UVSET0" input_semantic="TEXCOORD" input_set="0" />
                        </instance_material>
                    </technique_common>
                </bind_material>
            </instance_geometry>
        </node>
        <node id="ID92" name="button">
            <instance_geometry url="#ID93">
                <bind_material>
                    <technique_common>
                        <instance_material symbol="Material2" target="#ID94">
                            <bind_vertex_input semantic="UVSET0" input_semantic="TEXCOORD" input_set="0" />
                        </instance_material>
                    </technique_common>
                </bind_material>
            </instance_geometry>
            <instance_geometry url="#ID106">
                <bind_material>
                    <technique_common>
                        <instance_material symbol="Material2" target="#ID107">
                            <bind_vertex_input semantic="UVSET0" input_semantic="TEXCOORD" input_set="0" />
                        </instance_material>
                    </technique_common>
                </bind_material>
            </instance_geometry>
        </node>
    </library_nodes>
    <library_geometries>
        <geometry id="ID5">
            <mesh>
                <source id="ID8">
                    <float_array id="ID11" count="432">-0.7121237 -0.007874016 0.190813 -0.6238602 -0.0177126 0.3601859 -0.6958257 -0.0177126 0.1864459 -0.6384727 -0.007874016 0.3686224 -0.6384727 -0.007874016 0.3686224 -0.7121237 -0.04335433 0.190813 -0.6384727 -0.04335433 0.3686224 -0.7121237 -0.007874016 0.190813 -0.5093797 -0.0177126 0.5093797 -0.5213107 -0.007874016 0.5213107 -0.7203717 -0.0177126 -1.110223e-16 -0.7372447 -0.007874016 -1.110223e-16 -0.5213107 -0.007874016 0.5213107 -0.5213107 -0.04335433 0.5213107 -0.7372447 -0.04335433 -1.110223e-16 -0.7372447 -0.007874016 -1.110223e-16 -0.6239852 -0.03351575 0.360258 -0.7121237 -0.04335433 0.190813 -0.6959651 -0.03351575 0.1864833 -0.6384727 -0.04335433 0.3686224 -0.3601859 -0.0177126 0.6238602 -0.3686224 -0.007874016 0.6384727 -0.6958257 -0.0177126 -0.1864459 -0.7121237 -0.007874016 -0.190813 -0.3686224 -0.04335433 0.6384727 -0.3686224 -0.007874016 0.6384727 -0.5094818 -0.03351575 0.5094818 -0.5213107 -0.04335433 0.5213107 -0.7121237 -0.04335433 -0.190813 -0.7121237 -0.007874016 -0.190813 -0.7372447 -0.04335433 -1.110223e-16 -0.7205161 -0.03351575 -2.220446e-16 -0.1864459 -0.0177126 0.6958257 -0.190813 -0.007874016 0.7121237 -0.6238602 -0.0177126 -0.3601859 -0.6384727 -0.007874016 -0.3686224 -0.360258 -0.03351575 0.6239852 -0.3686224 -0.04335433 0.6384727 -0.190813 -0.04335433 0.7121237 -0.190813 -0.007874016 0.7121237 -0.6384727 -0.04335433 -0.3686224 -0.6384727 -0.007874016 -0.3686224 -0.6959651 -0.03351575 -0.1864833 -0.7121237 -0.04335433 -0.190813 0 -0.0177126 0.7203717 0 -0.007874016 0.7372447 -0.5093797 -0.0177126 -0.5093797 -0.5213107 -0.007874016 -0.5213107 -0.1864833 -0.03351575 0.6959651 -0.190813 -0.04335433 0.7121237 0 -0.04335433 0.7372447 0 -0.007874016 0.7372447 -0.5213107 -0.04335433 -0.5213107 -0.5213107 -0.007874016 -0.5213107 -0.6239852 -0.03351575 -0.360258 -0.6384727 -0.04335433 -0.3686224 0.190813 -0.007874016 0.7121237 0.1864459 -0.0177126 0.6958257 -0.3601859 -0.0177126 -0.6238602 -0.3686224 -0.007874016 -0.6384727 -1.776357e-15 -0.03351575 0.7205161 0 -0.04335433 0.7372447 0.190813 -0.04335433 0.7121237 0.190813 -0.007874016 0.7121237 -0.3686224 -0.007874016 -0.6384727 -0.3686224 -0.04335433 -0.6384727 -0.5094818 -0.03351575 -0.5094818 -0.5213107 -0.04335433 -0.5213107 0.3686224 -0.007874016 0.6384727 0.3601859 -0.0177126 0.6238602 -0.1864459 -0.0177126 -0.6958257 -0.190813 -0.007874016 -0.7121237 0.190813 -0.04335433 0.7121237 0.1864833 -0.03351575 0.6959651 0.3686224 -0.04335433 0.6384727 0.3686224 -0.007874016 0.6384727 -0.190813 -0.007874016 -0.7121237 -0.190813 -0.04335433 -0.7121237 -0.360258 -0.03351575 -0.6239852 -0.3686224 -0.04335433 -0.6384727 0.5213107 -0.007874016 0.5213107 0.5093797 -0.0177126 0.5093797 0 -0.0177126 -0.7203717 0 -0.007874016 -0.7372447 0.3686224 -0.04335433 0.6384727 0.360258 -0.03351575 0.6239852 0.5213107 -0.04335433 0.5213107 0.5213107 -0.007874016 0.5213107 0 -0.007874016 -0.7372447 0 -0.04335433 -0.7372447 -0.1864833 -0.03351575 -0.6959651 -0.190813 -0.04335433 -0.7121237 0.6384727 -0.007874016 0.3686224 0.6238602 -0.0177126 0.3601859 0.190813 -0.007874016 -0.7121237 0.1864459 -0.0177126 -0.6958257 0.5213107 -0.04335433 0.5213107 0.5094818 -0.03351575 0.5094818 0.6384727 -0.007874016 0.3686224 0.6384727 -0.04335433 0.3686224 0.190813 -0.007874016 -0.7121237 0.190813 -0.04335433 -0.7121237 8.881784e-16 -0.03351575 -0.7205161 0 -0.04335433 -0.7372447 0.7121237 -0.007874016 0.190813 0.6958257 -0.0177126 0.1864459 0.3686224 -0.007874016 -0.6384727 0.3601859 -0.0177126 -0.6238602 0.6384727 -0.04335433 0.3686224 0.6239852 -0.03351575 0.360258 0.7121237 -0.007874016 0.190813 0.7121237 -0.04335433 0.190813 0.3686224 -0.007874016 -0.6384727 0.3686224 -0.04335433 -0.6384727 0.190813 -0.04335433 -0.7121237 0.1864833 -0.03351575 -0.6959651 0.7372447 -0.007874016 0 0.7203717 -0.0177126 0 0.5213107 -0.007874016 -0.5213107 0.5093797 -0.0177126 -0.5093797 0.7121237 -0.04335433 0.190813 0.6959651 -0.03351575 0.1864833 0.7372447 -0.007874016 0 0.7372447 -0.04335433 0 0.5213107 -0.007874016 -0.5213107 0.5213107 -0.04335433 -0.5213107 0.3686224 -0.04335433 -0.6384727 0.360258 -0.03351575 -0.6239852 0.6958257 -0.0177126 -0.1864459 0.7121237 -0.007874016 -0.190813 0.6384727 -0.007874016 -0.3686224 0.6238602 -0.0177126 -0.3601859 0.7205161 -0.03351575 7.771561e-16 0.7372447 -0.04335433 0 0.7121237 -0.007874016 -0.190813 0.7121237 -0.04335433 -0.190813 0.6384727 -0.04335433 -0.3686224 0.6384727 -0.007874016 -0.3686224 0.5213107 -0.04335433 -0.5213107 0.5094818 -0.03351575 -0.5094818 0.6959651 -0.03351575 -0.1864833 0.7121237 -0.04335433 -0.190813 0.6384727 -0.04335433 -0.3686224 0.6239852 -0.03351575 -0.360258</float_array>
                    <technique_common>
                        <accessor count="144" source="#ID11" stride="3">
                            <param name="X" type="float" />
                            <param name="Y" type="float" />
                            <param name="Z" type="float" />
                        </accessor>
                    </technique_common>
                </source>
                <source id="ID9">
                    <float_array id="ID12" count="432">0.4865544 0.8638681 -0.1303719 0.4362327 0.8638681 -0.2518591 0.4865544 0.8638681 -0.1303719 0.4362327 0.8638681 -0.2518591 -0.8660254 1.037749e-31 0.5 -0.9659258 1.144892e-31 0.258819 -0.8660254 1.037749e-31 0.5 -0.9659258 1.144892e-31 0.258819 0.3561825 0.8638681 -0.3561825 0.3561825 0.8638681 -0.3561825 0.5037181 0.8638681 1.197711e-16 0.5037181 0.8638681 1.097169e-16 -0.7071068 -6.895258e-32 0.7071068 -0.7071068 -6.895258e-32 0.7071068 -1 -1.398088e-31 -3.386222e-16 -1 -1.398088e-31 -3.386222e-16 0.4390326 -0.8619748 -0.2534756 0.4896773 -0.8619748 -0.1312086 0.4896773 -0.8619748 -0.1312086 0.4390326 -0.8619748 -0.2534756 0.2518591 0.8638681 -0.4362327 0.2518591 0.8638681 -0.4362327 0.4865544 0.8638681 0.1303719 0.4865544 0.8638681 0.1303719 -0.5 7.434362e-32 0.8660254 -0.5 7.434362e-32 0.8660254 0.3584686 -0.8619748 -0.3584686 0.3584686 -0.8619748 -0.3584686 -0.9659258 -1.37508e-31 -0.258819 -0.9659258 -1.37508e-31 -0.258819 0.5069512 -0.8619748 -4.292658e-17 0.5069512 -0.8619748 4.709073e-16 0.1303719 0.8638681 -0.4865544 0.1303719 0.8638681 -0.4865544 0.4362327 0.8638681 0.2518591 0.4362327 0.8638681 0.2518591 0.2534756 -0.8619748 -0.4390326 0.2534756 -0.8619748 -0.4390326 -0.258819 1.325818e-31 0.9659258 -0.258819 1.325818e-31 0.9659258 -0.8660254 5.593744e-32 -0.5 -0.8660254 5.593744e-32 -0.5 0.4896773 -0.8619748 0.1312086 0.4896773 -0.8619748 0.1312086 3.304031e-16 0.8638681 -0.5037181 3.1961e-16 0.8638681 -0.5037181 0.3561825 0.8638681 0.3561825 0.3561825 0.8638681 0.3561825 0.1312086 -0.8619748 -0.4896773 0.1312086 -0.8619748 -0.4896773 -5.435777e-16 1.889212e-47 1 -5.435777e-16 1.889212e-47 1 -0.7071068 1.118749e-31 -0.7071068 -0.7071068 1.118749e-31 -0.7071068 0.4390326 -0.8619748 0.2534756 0.4390326 -0.8619748 0.2534756 -0.1303719 0.8638681 -0.4865544 -0.1303719 0.8638681 -0.4865544 0.2518591 0.8638681 0.4362327 0.2518591 0.8638681 0.4362327 4.271212e-15 -0.8619748 -0.5069512 -3.577215e-15 -0.8619748 -0.5069512 0.258819 -1.579182e-32 0.9659258 0.258819 -1.579182e-32 0.9659258 -0.5 1.7779e-32 -0.8660254 -0.5 1.7779e-32 -0.8660254 0.3584686 -0.8619748 0.3584686 0.3584686 -0.8619748 0.3584686 -0.2518591 0.8638681 -0.4362327 -0.2518591 0.8638681 -0.4362327 0.1303719 0.8638681 0.4865544 0.1303719 0.8638681 0.4865544 -0.1312086 -0.8619748 -0.4896773 -0.1312086 -0.8619748 -0.4896773 0.5 -6.942849e-32 0.8660254 0.5 -6.942849e-32 0.8660254 -0.258819 -1.779672e-31 -0.9659258 -0.258819 -1.779672e-31 -0.9659258 0.2534756 -0.8619748 0.4390326 0.2534756 -0.8619748 0.4390326 -0.3561825 0.8638681 -0.3561825 -0.3561825 0.8638681 -0.3561825 2.065019e-17 0.8638681 0.5037181 2.385149e-17 0.8638681 0.5037181 -0.2534756 -0.8619748 -0.4390326 -0.2534756 -0.8619748 -0.4390326 0.7071068 -1.118749e-31 0.7071068 0.7071068 -1.118749e-31 0.7071068 -8.91111e-18 -2.842191e-31 -1 -8.91111e-18 -2.842191e-31 -1 0.1312086 -0.8619748 0.4896773 0.1312086 -0.8619748 0.4896773 -0.4362327 0.8638681 -0.2518591 -0.4362327 0.8638681 -0.2518591 -0.1303719 0.8638681 0.4865544 -0.1303719 0.8638681 0.4865544 -0.3584686 -0.8619748 -0.3584686 -0.3584686 -0.8619748 -0.3584686 0.8660254 2.269413e-32 0.5 0.8660254 2.269413e-32 0.5 0.258819 -9.276086e-32 -0.9659258 0.258819 -9.276086e-32 -0.9659258 -2.143867e-15 -0.8619748 0.5069512 1.793377e-15 -0.8619748 0.5069512 -0.4865544 0.8638681 -0.1303719 -0.4865544 0.8638681 -0.1303719 -0.2518591 0.8638681 0.4362327 -0.2518591 0.8638681 0.4362327 -0.4390326 -0.8619748 -0.2534756 -0.4390326 -0.8619748 -0.2534756 0.9659258 7.863158e-32 0.258819 0.9659258 7.863158e-32 0.258819 0.5 -4.287957e-33 -0.8660254 0.5 -4.287957e-33 -0.8660254 -0.1312086 -0.8619748 0.4896773 -0.1312086 -0.8619748 0.4896773 -0.5037181 0.8638681 -1.049466e-16 -0.5037181 0.8638681 -8.260078e-17 -0.3561825 0.8638681 0.3561825 -0.3561825 0.8638681 0.3561825 -0.4896773 -0.8619748 -0.1312086 -0.4896773 -0.8619748 -0.1312086 1 -1.398088e-31 1.693111e-16 1 -1.398088e-31 1.693111e-16 0.7071068 -1.118749e-31 -0.7071068 0.7071068 -1.118749e-31 -0.7071068 -0.2534756 -0.8619748 0.4390326 -0.2534756 -0.8619748 0.4390326 -0.4865544 0.8638681 0.1303719 -0.4865544 0.8638681 0.1303719 -0.4362327 0.8638681 0.2518591 -0.4362327 0.8638681 0.2518591 -0.5069512 -0.8619748 -1.929068e-15 -0.5069512 -0.8619748 1.469043e-15 0.9659258 -2.319314e-31 -0.258819 0.9659258 -2.319314e-31 -0.258819 0.8660254 -1.480601e-31 -0.5 0.8660254 -1.480601e-31 -0.5 -0.3584686 -0.8619748 0.3584686 -0.3584686 -0.8619748 0.3584686 -0.4896773 -0.8619748 0.1312086 -0.4896773 -0.8619748 0.1312086 -0.4390326 -0.8619748 0.2534756 -0.4390326 -0.8619748 0.2534756</float_array>
                    <technique_common>
                        <accessor count="144" source="#ID12" stride="3">
                            <param name="X" type="float" />
                            <param name="Y" type="float" />
                            <param name="Z" type="float" />
                        </accessor>
                    </technique_common>
                </source>
                <vertices id="ID10">
                    <input semantic="POSITION" source="#ID8" />
                    <input semantic="NORMAL" source="#ID9" />
                </vertices>
                <triangles count="144" material="Material2">
                    <input offset="0" semantic="VERTEX" source="#ID10" />
                    <p>0 1 2 1 0 3 4 5 6 5 4 7 3 8 1 8 3 9 0 10 11 10 0 2 12 6 13 6 12 4 7 14 5 14 7 15 16 17 18 17 16 19 9 20 8 20 9 21 11 22 23 22 11 10 24 12 13 12 24 25 26 19 16 19 26 27 15 28 14 28 15 29 18 30 31 30 18 17 21 32 20 32 21 33 23 34 35 34 23 22 36 27 26 27 36 37 38 25 24 25 38 39 29 40 28 40 29 41 42 30 43 30 42 31 33 44 32 44 33 45 35 46 47 46 35 34 48 37 36 37 48 49 50 39 38 39 50 51 41 52 40 52 41 53 54 43 55 43 54 42 44 56 57 56 44 45 47 58 59 58 47 46 60 49 48 49 60 61 62 51 50 51 62 63 64 52 53 52 64 65 66 55 67 55 66 54 57 68 69 68 57 56 59 70 71 70 59 58 72 60 73 60 72 61 74 63 62 63 74 75 76 65 64 65 76 77 78 67 79 67 78 66 69 80 81 80 69 68 71 82 83 82 71 70 84 73 85 73 84 72 86 75 74 75 86 87 88 77 76 77 88 89 90 79 91 79 90 78 81 92 93 92 81 80 82 94 83 94 82 95 96 85 97 85 96 84 98 86 99 86 98 87 100 89 88 89 100 101 102 91 103 91 102 90 93 104 105 104 93 92 95 106 94 106 95 107 108 97 109 97 108 96 110 99 111 99 110 98 112 101 100 101 112 113 114 102 103 102 114 115 105 116 117 116 105 104 107 118 106 118 107 119 120 109 121 109 120 108 122 111 123 111 122 110 124 113 112 113 124 125 126 115 114 115 126 127 128 116 129 116 128 117 119 130 118 130 119 131 120 132 133 132 120 121 134 123 135 123 134 122 124 136 125 136 124 137 138 127 126 127 138 139 131 129 130 129 131 128 133 140 141 140 133 132 137 135 136 135 137 134 142 139 138 139 142 143 141 143 142 143 141 140</p>
                </triangles>
            </mesh>
        </geometry>
        <geometry id="ID13">
            <mesh>
                <source id="ID19">
                    <float_array id="ID23" count="144">-0.3601859 -0.0177126 0.6238602 -0.5093797 0 0.5093797 -0.5093797 -0.0177126 0.5093797 -0.3601859 0 0.6238602 -0.6238602 -0.0177126 0.3601859 -0.6238602 0 0.3601859 -0.1864459 -0.0177126 0.6958257 -0.1864459 0 0.6958257 -0.6958257 -0.0177126 0.1864459 -0.6958257 0 0.1864459 0 -0.0177126 0.7203717 0 0 0.7203717 -0.7203717 -0.0177126 -1.110223e-16 -0.7203717 0 -1.110223e-16 0.1864459 -0.0177126 0.6958257 0.1864459 0 0.6958257 -0.6958257 -0.0177126 -0.1864459 -0.6958257 0 -0.1864459 0.3601859 -0.0177126 0.6238602 0.3601859 0 0.6238602 -0.6238602 -0.0177126 -0.3601859 -0.6238602 0 -0.3601859 0.5093797 -0.0177126 0.5093797 0.5093797 0 0.5093797 -0.5093797 -0.0177126 -0.5093797 -0.5093797 0 -0.5093797 0.6238602 0 0.3601859 0.6238602 -0.0177126 0.3601859 -0.3601859 0 -0.6238602 -0.3601859 -0.0177126 -0.6238602 0.6958257 0 0.1864459 0.6958257 -0.0177126 0.1864459 -0.1864459 0 -0.6958257 -0.1864459 -0.0177126 -0.6958257 0.7203717 0 0 0.7203717 -0.0177126 0 0 0 -0.7203717 0 -0.0177126 -0.7203717 0.6958257 0 -0.1864459 0.6958257 -0.0177126 -0.1864459 0.1864459 0 -0.6958257 0.1864459 -0.0177126 -0.6958257 0.6238602 0 -0.3601859 0.6238602 -0.0177126 -0.3601859 0.3601859 0 -0.6238602 0.3601859 -0.0177126 -0.6238602 0.5093797 0 -0.5093797 0.5093797 -0.0177126 -0.5093797</float_array>
                    <technique_common>
                        <accessor count="48" source="#ID23" stride="3">
                            <param name="X" type="float" />
                            <param name="Y" type="float" />
                            <param name="Z" type="float" />
                        </accessor>
                    </technique_common>
                </source>
                <source id="ID20">
                    <float_array id="ID24" count="144">-0.5 0 0.8660254 -0.7071068 0 0.7071068 -0.7071068 0 0.7071068 -0.5 0 0.8660254 -0.8660254 0 0.5 -0.8660254 0 0.5 -0.258819 0 0.9659258 -0.258819 0 0.9659258 -0.9659258 0 0.258819 -0.9659258 0 0.258819 -6.148666e-16 0 1 -6.148666e-16 0 1 -1 0 -3.208e-16 -1 0 -3.208e-16 0.258819 0 0.9659258 0.258819 0 0.9659258 -0.9659258 0 -0.258819 -0.9659258 0 -0.258819 0.5 0 0.8660254 0.5 0 0.8660254 -0.8660254 0 -0.5 -0.8660254 0 -0.5 0.7071068 0 0.7071068 0.7071068 0 0.7071068 -0.7071068 0 -0.7071068 -0.7071068 0 -0.7071068 0.8660254 0 0.5 0.8660254 0 0.5 -0.5 0 -0.8660254 -0.5 0 -0.8660254 0.9659258 0 0.258819 0.9659258 0 0.258819 -0.258819 0 -0.9659258 -0.258819 0 -0.9659258 1 0 1.960444e-16 1 0 1.960444e-16 -7.128888e-17 0 -1 -7.128888e-17 0 -1 0.9659258 0 -0.258819 0.9659258 0 -0.258819 0.258819 0 -0.9659258 0.258819 0 -0.9659258 0.8660254 0 -0.5 0.8660254 0 -0.5 0.5 0 -0.8660254 0.5 0 -0.8660254 0.7071068 0 -0.7071068 0.7071068 0 -0.7071068</float_array>
                    <technique_common>
                        <accessor count="48" source="#ID24" stride="3">
                            <param name="X" type="float" />
                            <param name="Y" type="float" />
                            <param name="Z" type="float" />
                        </accessor>
                    </technique_common>
                </source>
                <source id="ID22">
                    <float_array id="ID25" count="84">-0.1829744 -0.008998 -0.2587649 0 -0.2587649 -0.008998 -0.1829744 0 -0.316921 -0.008998 -0.316921 0 -0.09471453 -0.008998 -0.09471453 0 -0.3534794 -0.008998 -0.3534794 0 0 -0.008998 0 0 -0.3659488 -0.008998 -0.3659488 0 0.09471453 -0.008998 0.09471453 0 0.1829744 -0.008998 0.1829744 0 -0.316921 -0.008998 -0.316921 0 0.2587649 -0.008998 0.2587649 0 -0.2587649 -0.008998 -0.2587649 0 0.316921 0 0.316921 -0.008998 -0.1829744 0 -0.1829744 -0.008998 0.3534794 0 0.3534794 -0.008998 -0.09471453 0 -0.09471453 -0.008998 0.3659488 0 0.3659488 -0.008998 0.09471453 0 0.09471453 -0.008998 0.316921 0 0.316921 -0.008998 0.1829744 0 0.1829744 -0.008998 0.2587649 0 0.2587649 -0.008998</float_array>
                    <technique_common>
                        <accessor count="42" source="#ID25" stride="2">
                            <param name="S" type="float" />
                            <param name="T" type="float" />
                        </accessor>
                    </technique_common>
                </source>
                <vertices id="ID21">
                    <input semantic="POSITION" source="#ID19" />
                    <input semantic="NORMAL" source="#ID20" />
                </vertices>
                <triangles count="48" material="Material2">
                    <input offset="0" semantic="VERTEX" source="#ID21" />
                    <input offset="1" semantic="TEXCOORD" source="#ID22" />
                    <p>0 0 1 1 2 2 1 1 0 0 3 3 1 1 4 4 2 2 4 4 1 1 5 5 6 6 3 3 0 0 3 3 6 6 7 7 5 5 8 8 4 4 8 8 5 5 9 9 10 10 7 7 6 6 7 7 10 10 11 11 9 9 12 12 8 8 12 12 9 9 13 13 14 14 11 11 10 10 11 11 14 14 15 15 13 13 16 8 12 12 16 8 13 13 17 9 18 16 15 15 14 14 15 15 18 16 19 17 17 9 20 18 16 8 20 18 17 9 21 19 22 20 19 17 18 16 19 17 22 20 23 21 21 19 24 22 20 18 24 22 21 19 25 23 26 24 22 20 27 25 22 20 26 24 23 21 28 26 24 22 25 23 24 22 28 26 29 27 30 28 27 25 31 29 27 25 30 28 26 24 32 30 29 27 28 26 29 27 32 30 33 31 34 32 31 29 35 33 31 29 34 32 30 28 36 11 33 31 32 30 33 31 36 11 37 10 38 28 35 33 39 29 35 33 38 28 34 32 40 34 37 10 36 11 37 10 40 34 41 35 42 36 39 29 43 37 39 29 42 36 38 28 44 38 41 35 40 34 41 35 44 38 45 39 46 40 43 37 47 41 43 37 46 40 42 36 46 40 45 39 44 38 45 39 46 40 47 41</p>
                </triangles>
            </mesh>
        </geometry>
        <geometry id="ID26">
            <mesh>
                <source id="ID27">
                    <float_array id="ID31" count="144">8.881784e-16 -0.03351575 -0.7205161 -0.1864833 -0.05125591 -0.6959651 -0.1864833 -0.03351575 -0.6959651 8.881784e-16 -0.05125591 -0.7205161 0.1864833 -0.03351575 -0.6959651 0.1864833 -0.05125591 -0.6959651 -0.360258 -0.05125591 -0.6239852 -0.360258 -0.03351575 -0.6239852 0.360258 -0.03351575 -0.6239852 0.360258 -0.05125591 -0.6239852 -0.5094818 -0.05125591 -0.5094818 -0.5094818 -0.03351575 -0.5094818 0.5094818 -0.03351575 -0.5094818 0.5094818 -0.05125591 -0.5094818 -0.6239852 -0.03351575 -0.360258 -0.6239852 -0.05125591 -0.360258 0.6239852 -0.05125591 -0.360258 0.6239852 -0.03351575 -0.360258 -0.6959651 -0.03351575 -0.1864833 -0.6959651 -0.05125591 -0.1864833 0.6959651 -0.05125591 -0.1864833 0.6959651 -0.03351575 -0.1864833 -0.7205161 -0.03351575 -2.220446e-16 -0.7205161 -0.05125591 -2.220446e-16 0.7205161 -0.05125591 7.771561e-16 0.7205161 -0.03351575 7.771561e-16 -0.6959651 -0.03351575 0.1864833 -0.6959651 -0.05125591 0.1864833 0.6959651 -0.05125591 0.1864833 0.6959651 -0.03351575 0.1864833 -0.6239852 -0.03351575 0.360258 -0.6239852 -0.05125591 0.360258 0.6239852 -0.05125591 0.360258 0.6239852 -0.03351575 0.360258 -0.5094818 -0.03351575 0.5094818 -0.5094818 -0.05125591 0.5094818 0.5094818 -0.05125591 0.5094818 0.5094818 -0.03351575 0.5094818 -0.360258 -0.05125591 0.6239852 -0.360258 -0.03351575 0.6239852 0.360258 -0.03351575 0.6239852 0.360258 -0.05125591 0.6239852 -0.1864833 -0.05125591 0.6959651 -0.1864833 -0.03351575 0.6959651 0.1864833 -0.03351575 0.6959651 0.1864833 -0.05125591 0.6959651 -1.776357e-15 -0.05125591 0.7205161 -1.776357e-15 -0.03351575 0.7205161</float_array>
                    <technique_common>
                        <accessor count="48" source="#ID31" stride="3">
                            <param name="X" type="float" />
                            <param name="Y" type="float" />
                            <param name="Z" type="float" />
                        </accessor>
                    </technique_common>
                </source>
                <source id="ID28">
                    <float_array id="ID32" count="144">7.663555e-16 0 -1 -0.258819 0 -0.9659258 -0.258819 0 -0.9659258 7.663555e-16 0 -1 0.258819 0 -0.9659258 0.258819 0 -0.9659258 -0.5 0 -0.8660254 -0.5 0 -0.8660254 0.5 0 -0.8660254 0.5 0 -0.8660254 -0.7071068 0 -0.7071068 -0.7071068 0 -0.7071068 0.7071068 0 -0.7071068 0.7071068 0 -0.7071068 -0.8660254 0 -0.5 -0.8660254 0 -0.5 0.8660254 0 -0.5 0.8660254 0 -0.5 -0.9659258 0 -0.258819 -0.9659258 0 -0.258819 0.9659258 0 -0.258819 0.9659258 0 -0.258819 -1 0 -9.267554e-16 -1 0 -9.267554e-16 1 0 8.10911e-16 1 0 8.10911e-16 -0.9659258 0 0.258819 -0.9659258 0 0.258819 0.9659258 0 0.258819 0.9659258 0 0.258819 -0.8660254 0 0.5 -0.8660254 0 0.5 0.8660254 0 0.5 0.8660254 0 0.5 -0.7071068 0 0.7071068 -0.7071068 0 0.7071068 0.7071068 0 0.7071068 0.7071068 0 0.7071068 -0.5 0 0.8660254 -0.5 0 0.8660254 0.5 0 0.8660254 0.5 0 0.8660254 -0.258819 0 0.9659258 -0.258819 0 0.9659258 0.258819 0 0.9659258 0.258819 0 0.9659258 -1.203e-15 0 1 -1.203e-15 0 1</float_array>
                    <technique_common>
                        <accessor count="48" source="#ID32" stride="3">
                            <param name="X" type="float" />
                            <param name="Y" type="float" />
                            <param name="Z" type="float" />
                        </accessor>
                    </technique_common>
                </source>
                <source id="ID30">
                    <float_array id="ID33" count="92">4.511946e-16 -0.017026 -0.09473351 -0.026038 -0.09473351 -0.017026 4.511946e-16 -0.026038 0.09473351 -0.017026 0.09473351 -0.026038 -0.1830111 -0.026038 -0.1830111 -0.017026 0.1830111 -0.017026 0.1830111 -0.026038 -0.2588168 -0.026038 -0.2588168 -0.017026 0.2588168 -0.017026 0.2588168 -0.026038 -0.3169845 -0.017026 -0.3169845 -0.026038 0.3169845 -0.026038 0.3169845 -0.017026 -0.3535503 -0.017026 -0.3535503 -0.026038 0.3535503 -0.026038 0.3535503 -0.017026 -0.3660222 -0.017026 -0.3660222 -0.026038 0.3660222 -0.026038 0.3660222 -0.017026 -0.3535503 -0.017026 -0.3535503 -0.026038 -0.3169845 -0.017026 -0.3169845 -0.026038 0.3169845 -0.026038 0.3169845 -0.017026 -0.2588168 -0.017026 -0.2588168 -0.026038 0.2588168 -0.026038 0.2588168 -0.017026 -0.1830111 -0.026038 -0.1830111 -0.017026 0.1830111 -0.017026 0.1830111 -0.026038 -0.09473351 -0.026038 -0.09473351 -0.017026 0.09473351 -0.017026 0.09473351 -0.026038 -9.023893e-16 -0.026038 -9.023893e-16 -0.017026</float_array>
                    <technique_common>
                        <accessor count="46" source="#ID33" stride="2">
                            <param name="S" type="float" />
                            <param name="T" type="float" />
                        </accessor>
                    </technique_common>
                </source>
                <vertices id="ID29">
                    <input semantic="POSITION" source="#ID27" />
                    <input semantic="NORMAL" source="#ID28" />
                </vertices>
                <triangles count="48" material="Material2">
                    <input offset="0" semantic="VERTEX" source="#ID29" />
                    <input offset="1" semantic="TEXCOORD" source="#ID30" />
                    <p>0 0 1 1 2 2 1 1 0 0 3 3 4 4 3 3 0 0 3 3 4 4 5 5 2 2 6 6 7 7 6 6 2 2 1 1 8 8 5 5 4 4 5 5 8 8 9 9 7 7 10 10 11 11 10 10 7 7 6 6 12 12 9 9 8 8 9 9 12 12 13 13 14 14 10 10 15 15 10 10 14 14 11 11 12 12 16 16 13 13 16 16 12 12 17 17 18 18 15 15 19 19 15 15 18 18 14 14 17 17 20 20 16 16 20 20 17 17 21 21 22 22 19 19 23 23 19 19 22 22 18 18 21 21 24 24 20 20 24 24 21 21 25 25 26 26 23 23 27 27 23 23 26 26 22 22 25 25 28 20 24 24 28 20 25 25 29 21 30 28 27 27 31 29 27 27 30 28 26 26 29 21 32 30 28 20 32 30 29 21 33 31 34 32 31 29 35 33 31 29 34 32 30 28 33 31 36 34 32 30 36 34 33 31 37 35 38 36 34 32 35 33 34 32 38 36 39 37 36 34 40 38 41 39 40 38 36 34 37 35 42 40 39 37 38 36 39 37 42 40 43 41 41 39 44 42 45 43 44 42 41 39 40 38 46 44 43 41 42 40 43 41 46 44 47 45 45 43 47 45 46 44 47 45 45 43 44 42</p>
                </triangles>
            </mesh>
        </geometry>
        <geometry id="ID34">
            <mesh>
                <source id="ID37">
                    <float_array id="ID40" count="1296">-0.1934469 -0.05125591 -0.7219535 0.1934469 -0.05125591 -0.7219535 0 -0.05125591 -0.7474213 8.881784e-16 -0.05125591 -0.7205161 -0.1864833 -0.05125591 -0.6959651 -0.3737106 -0.05125591 -0.6472858 -0.360258 -0.05125591 -0.6239852 -0.5285066 -0.05125591 -0.5285066 -0.5094818 -0.05125591 -0.5094818 -0.6472858 -0.05125591 -0.3737106 -0.6239852 -0.05125591 -0.360258 -0.7219535 -0.05125591 -0.1934469 -0.6959651 -0.05125591 -0.1864833 -0.7474213 -0.05125591 -1.110223e-16 -0.7205161 -0.05125591 -2.220446e-16 -0.6959651 -0.05125591 0.1864833 -0.7219535 -0.05125591 0.1934469 -0.6239852 -0.05125591 0.360258 -0.6472858 -0.05125591 0.3737106 -0.5094818 -0.05125591 0.5094818 -0.5285066 -0.05125591 0.5285066 -0.360258 -0.05125591 0.6239852 -0.3737106 -0.05125591 0.6472858 -0.1864833 -0.05125591 0.6959651 -0.1934469 -0.05125591 0.7219535 -1.776357e-15 -0.05125591 0.7205161 0.1864833 -0.05125591 -0.6959651 0.3737106 -0.05125591 -0.6472858 0.360258 -0.05125591 -0.6239852 0.5285066 -0.05125591 -0.5285066 0.5094818 -0.05125591 -0.5094818 0.6472858 -0.05125591 -0.3737106 0.6239852 -0.05125591 -0.360258 0.7219535 -0.05125591 -0.1934469 0.6959651 -0.05125591 -0.1864833 0.7474213 -0.05125591 0 0.7205161 -0.05125591 7.771561e-16 0.7219535 -0.05125591 0.1934469 0.6959651 -0.05125591 0.1864833 0.6239852 -0.05125591 0.360258 0.6472858 -0.05125591 0.3737106 0.5094818 -0.05125591 0.5094818 0.5285066 -0.05125591 0.5285066 0.360258 -0.05125591 0.6239852 0.3737106 -0.05125591 0.6472858 0.1864833 -0.05125591 0.6959651 0.1934469 -0.05125591 0.7219535 0 -0.05125591 0.7474213 0.1934469 -0.05125591 -0.7219535 0 -0.08164836 -0.7474213 0 -0.05125591 -0.7474213 0.1934469 -0.08164836 -0.7219535 -0.1934469 -0.08164836 -0.7219535 -0.1934469 -0.05125591 -0.7219535 -0.3737106 -0.08164836 -0.6472858 -0.3737106 -0.05125591 -0.6472858 -0.5285066 -0.08164836 -0.5285066 -0.5285066 -0.05125591 -0.5285066 -0.6472858 -0.05125591 -0.3737106 -0.6472858 -0.08164836 -0.3737106 -0.7219535 -0.05125591 -0.1934469 -0.7219535 -0.08164836 -0.1934469 -0.7474213 -0.05125591 -1.110223e-16 -0.7474213 -0.08164836 2.775558e-16 -0.7219535 -0.05125591 0.1934469 -0.7219535 -0.08164836 0.1934469 -0.6472858 -0.05125591 0.3737106 -0.6472858 -0.08164836 0.3737106 -0.5285066 -0.05125591 0.5285066 -0.5285066 -0.08164836 0.5285066 -0.3737106 -0.08164836 0.6472858 -0.3737106 -0.05125591 0.6472858 -0.1934469 -0.05125591 0.7219535 -0.1934469 -0.08164836 0.7219535 0 -0.08164836 0.7474213 0 -0.05125591 0.7474213 0.1934469 -0.08164836 0.7219535 0.1934469 -0.05125591 0.7219535 0.3737106 -0.08164836 0.6472858 0.3737106 -0.05125591 0.6472858 0.5285066 -0.08164836 0.5285066 0.5285066 -0.05125591 0.5285066 0.6472858 -0.05125591 0.3737106 0.6472858 -0.08164836 0.3737106 0.7219535 -0.05125591 0.1934469 0.7219535 -0.08164836 0.1934469 0.7474213 -0.05125591 0 0.7474213 -0.08164836 1.665335e-16 0.7219535 -0.05125591 -0.1934469 0.7219535 -0.08164836 -0.1934469 0.6472858 -0.05125591 -0.3737106 0.6472858 -0.08164836 -0.3737106 0.5285066 -0.05125591 -0.5285066 0.5285066 -0.08164836 -0.5285066 0.3737106 -0.08164836 -0.6472858 0.3737106 -0.05125591 -0.6472858 0.1934469 -0.08164836 -0.7219535 0 -0.0892596 -0.7450951 0 -0.08164836 -0.7474213 0.1928448 -0.0892596 -0.7197066 -0.1928448 -0.0892596 -0.7197066 -0.1934469 -0.08164836 -0.7219535 -0.3725476 -0.0892596 -0.6452713 -0.3737106 -0.08164836 -0.6472858 -0.5268618 -0.0892596 -0.5268618 -0.5285066 -0.08164836 -0.5285066 -0.6472858 -0.08164836 -0.3737106 -0.6452713 -0.0892596 -0.3725476 -0.7219535 -0.08164836 -0.1934469 -0.7197066 -0.0892596 -0.1928448 -0.7474213 -0.08164836 2.775558e-16 -0.7450951 -0.0892596 0 -0.7219535 -0.08164836 0.1934469 -0.7197066 -0.0892596 0.1928448 -0.6472858 -0.08164836 0.3737106 -0.6452713 -0.0892596 0.3725476 -0.5268618 -0.0892596 0.5268618 -0.5285066 -0.08164836 0.5285066 -0.3737106 -0.08164836 0.6472858 -0.3725476 -0.0892596 0.6452713 -0.1934469 -0.08164836 0.7219535 -0.1928448 -0.0892596 0.7197066 0 -0.08164836 0.7474213 0 -0.0892596 0.7450951 0.1928448 -0.0892596 0.7197066 0.1934469 -0.08164836 0.7219535 0.3725476 -0.0892596 0.6452713 0.3737106 -0.08164836 0.6472858 0.5268618 -0.0892596 0.5268618 0.5285066 -0.08164836 0.5285066 0.6472858 -0.08164836 0.3737106 0.6452713 -0.0892596 0.3725476 0.7219535 -0.08164836 0.1934469 0.7197066 -0.0892596 0.1928448 0.7474213 -0.08164836 1.665335e-16 0.7450951 -0.0892596 2.220446e-16 0.7219535 -0.08164836 -0.1934469 0.7197066 -0.0892596 -0.1928448 0.6472858 -0.08164836 -0.3737106 0.6452713 -0.0892596 -0.3725476 0.5285066 -0.08164836 -0.5285066 0.5268618 -0.0892596 -0.5268618 0.3737106 -0.08164836 -0.6472858 0.3725476 -0.0892596 -0.6452713 0 -0.09493847 -0.7394793 0.1913913 -0.09493847 -0.7142822 -0.1913913 -0.09493847 -0.7142822 -0.3697396 -0.09493847 -0.6404079 -0.5228908 -0.09493847 -0.5228908 -0.6404079 -0.09493847 -0.3697396 -0.7142822 -0.09493847 -0.1913913 -0.7394793 -0.09493847 -1.665335e-16 -0.7142822 -0.09493847 0.1913913 -0.6404079 -0.09493847 0.3697396 -0.5228908 -0.09493847 0.5228908 -0.3697396 -0.09493847 0.6404079 -0.1913913 -0.09493847 0.7142822 0 -0.09493847 0.7394793 0.1913913 -0.09493847 0.7142822 0.3697396 -0.09493847 0.6404079 0.5228908 -0.09493847 0.5228908 0.6404079 -0.09493847 0.3697396 0.7142822 -0.09493847 0.1913913 0.7394793 -0.09493847 6.106227e-16 0.7142822 -0.09493847 -0.1913913 0.6404079 -0.09493847 -0.3697396 0.5228908 -0.09493847 -0.5228908 0.3697396 -0.09493847 -0.6404079 0.1913913 -0.09493847 -0.7142822 0 -0.1247333 -0.6846087 0 -0.09493847 -0.7394793 0.1771898 -0.1247333 -0.6612812 -0.1913913 -0.09493847 -0.7142822 -0.1771898 -0.1247333 -0.6612812 -0.3697396 -0.09493847 -0.6404079 -0.3423043 -0.1247333 -0.5928885 -0.5228908 -0.09493847 -0.5228908 -0.4840914 -0.1247333 -0.4840914 -0.6404079 -0.09493847 -0.3697396 -0.5928885 -0.1247333 -0.3423043 -0.7142822 -0.09493847 -0.1913913 -0.6612812 -0.1247333 -0.1771898 -0.7394793 -0.09493847 -1.665335e-16 -0.6846087 -0.1247333 -1.110223e-16 -0.7142822 -0.09493847 0.1913913 -0.6612812 -0.1247333 0.1771898 -0.5928885 -0.1247333 0.3423043 -0.6404079 -0.09493847 0.3697396 -0.4840914 -0.1247333 0.4840914 -0.5228908 -0.09493847 0.5228908 -0.3423043 -0.1247333 0.5928885 -0.3697396 -0.09493847 0.6404079 -0.1771898 -0.1247333 0.6612812 -0.1913913 -0.09493847 0.7142822 0 -0.1247333 0.6846087 0 -0.09493847 0.7394793 0.1913913 -0.09493847 0.7142822 0.1771898 -0.1247333 0.6612812 0.3697396 -0.09493847 0.6404079 0.3423043 -0.1247333 0.5928885 0.5228908 -0.09493847 0.5228908 0.4840914 -0.1247333 0.4840914 0.6404079 -0.09493847 0.3697396 0.5928885 -0.1247333 0.3423043 0.7142822 -0.09493847 0.1913913 0.6612812 -0.1247333 0.1771898 0.7394793 -0.09493847 6.106227e-16 0.6846087 -0.1247333 1.110223e-16 0.6612812 -0.1247333 -0.1771898 0.7142822 -0.09493847 -0.1913913 0.5928885 -0.1247333 -0.3423043 0.6404079 -0.09493847 -0.3697396 0.4840914 -0.1247333 -0.4840914 0.5228908 -0.09493847 -0.5228908 0.3423043 -0.1247333 -0.5928885 0.3697396 -0.09493847 -0.6404079 0 -0.1481493 -0.6170778 0.1597115 -0.1481493 -0.5960514 -0.1597115 -0.1481493 -0.5960514 -0.3085389 -0.1481493 -0.534405 -0.4363399 -0.1481493 -0.4363399 -0.534405 -0.1481493 -0.3085389 -0.5960514 -0.1481493 -0.1597115 -0.6170778 -0.1481493 0 -0.5960514 -0.1481493 0.1597115 -0.534405 -0.1481493 0.3085389 -0.4363399 -0.1481493 0.4363399 -0.3085389 -0.1481493 0.534405 -0.1597115 -0.1481493 0.5960514 0 -0.1481493 0.6170778 0.1597115 -0.1481493 0.5960514 0.3085389 -0.1481493 0.534405 0.4363399 -0.1481493 0.4363399 0.534405 -0.1481493 0.3085389 0.5960514 -0.1481493 0.1597115 0.6170778 -0.1481493 1.110223e-16 0.5960514 -0.1481493 -0.1597115 0.534405 -0.1481493 -0.3085389 0.4363399 -0.1481493 -0.4363399 0.3085389 -0.1481493 -0.534405 0 -0.160248 -0.5466339 0.1414793 -0.160248 -0.5280078 -0.1414793 -0.160248 -0.5280078 -0.2733169 -0.160248 -0.4733988 -0.3865285 -0.160248 -0.3865285 -0.4733988 -0.160248 -0.2733169 -0.5280078 -0.160248 -0.1414793 -0.5466339 -0.160248 -2.220446e-16 -0.5280078 -0.160248 0.1414793 -0.4733988 -0.160248 0.2733169 -0.3865285 -0.160248 0.3865285 -0.2733169 -0.160248 0.4733988 -0.1414793 -0.160248 0.5280078 0 -0.160248 0.5466339 0.1414793 -0.160248 0.5280078 0.2733169 -0.160248 0.4733988 0.3865285 -0.160248 0.3865285 0.4733988 -0.160248 0.2733169 0.5280078 -0.160248 0.1414793 0.5466339 -0.160248 2.220446e-16 0.5280078 -0.160248 -0.1414793 0.4733988 -0.160248 -0.2733169 0.3865285 -0.160248 -0.3865285 0.2733169 -0.160248 -0.4733988 0.1414793 -0.160248 -0.5280078 0 -0.156954 -0.5090665 0 -0.160248 -0.5466339 0.1317561 -0.156954 -0.4917205 -0.1414793 -0.160248 -0.5280078 -0.1317561 -0.156954 -0.4917205 -0.2733169 -0.160248 -0.4733988 -0.2545332 -0.156954 -0.4408645 -0.3865285 -0.160248 -0.3865285 -0.3599644 -0.156954 -0.3599644 -0.4733988 -0.160248 -0.2733169 -0.4408645 -0.156954 -0.2545332 -0.5280078 -0.160248 -0.1414793 -0.4917205 -0.156954 -0.1317561 -0.5466339 -0.160248 -2.220446e-16 -0.5090665 -0.156954 -1.665335e-16 -0.5280078 -0.160248 0.1414793 -0.4917205 -0.156954 0.1317561 -0.4408645 -0.156954 0.2545332 -0.4733988 -0.160248 0.2733169 -0.3599644 -0.156954 0.3599644 -0.3865285 -0.160248 0.3865285 -0.2545332 -0.156954 0.4408645 -0.2733169 -0.160248 0.4733988 -0.1317561 -0.156954 0.4917205 -0.1414793 -0.160248 0.5280078 4.440892e-16 -0.156954 0.5090665 0 -0.160248 0.5466339 0.1414793 -0.160248 0.5280078 0.1317561 -0.156954 0.4917205 0.2733169 -0.160248 0.4733988 0.2545332 -0.156954 0.4408645 0.3865285 -0.160248 0.3865285 0.3599644 -0.156954 0.3599644 0.4733988 -0.160248 0.2733169 0.4408645 -0.156954 0.2545332 0.5280078 -0.160248 0.1414793 0.4917205 -0.156954 0.1317561 0.5090665 -0.156954 2.498002e-16 0.5466339 -0.160248 2.220446e-16 0.4917205 -0.156954 -0.1317561 0.5280078 -0.160248 -0.1414793 0.4408645 -0.156954 -0.2545332 0.4733988 -0.160248 -0.2733169 0.3599644 -0.156954 -0.3599644 0.3865285 -0.160248 -0.3865285 0.2545332 -0.156954 -0.4408645 0.2733169 -0.160248 -0.4733988 0.1317561 -0.156954 -0.4917205 0 -0.1440523 -0.4971535 0 -0.156954 -0.5090665 0.1286728 -0.1440523 -0.4802134 -0.1286728 -0.1440523 -0.4802134 -0.1317561 -0.156954 -0.4917205 -0.2485768 -0.1440523 -0.4305476 -0.2545332 -0.156954 -0.4408645 -0.3599644 -0.156954 -0.3599644 -0.3515406 -0.1440523 -0.3515406 -0.4408645 -0.156954 -0.2545332 -0.4305476 -0.1440523 -0.2485768 -0.4917205 -0.156954 -0.1317561 -0.4802134 -0.1440523 -0.1286728 -0.5090665 -0.156954 -1.665335e-16 -0.4971535 -0.1440523 -1.94289e-16 -0.4917205 -0.156954 0.1317561 -0.4802134 -0.1440523 0.1286728 -0.4408645 -0.156954 0.2545332 -0.4305476 -0.1440523 0.2485768 -0.3515406 -0.1440523 0.3515406 -0.3599644 -0.156954 0.3599644 -0.2485768 -0.1440523 0.4305476 -0.2545332 -0.156954 0.4408645 -0.1317561 -0.156954 0.4917205 -0.1286728 -0.1440523 0.4802134 4.440892e-16 -0.156954 0.5090665 8.881784e-16 -0.1440523 0.4971535 0.1317561 -0.156954 0.4917205 0.1286728 -0.1440523 0.4802134 0.2485768 -0.1440523 0.4305476 0.2545332 -0.156954 0.4408645 0.3599644 -0.156954 0.3599644 0.3515406 -0.1440523 0.3515406 0.4408645 -0.156954 0.2545332 0.4305476 -0.1440523 0.2485768 0.4917205 -0.156954 0.1317561 0.4802134 -0.1440523 0.1286728 0.5090665 -0.156954 2.498002e-16 0.4971535 -0.1440523 2.775558e-16 0.4917205 -0.156954 -0.1317561 0.4802134 -0.1440523 -0.1286728 0.4408645 -0.156954 -0.2545332 0.4305476 -0.1440523 -0.2485768 0.3515406 -0.1440523 -0.3515406 0.3599644 -0.156954 -0.3599644 0.2485768 -0.1440523 -0.4305476 0.2545332 -0.156954 -0.4408645 0.1286728 -0.1440523 -0.4802134 0 -0.007874016 -0.4971535 0 -0.1440523 -0.4971535 0.1286728 -0.007874016 -0.4802134 -0.1286728 -0.1440523 -0.4802134 -0.1286728 -0.007874016 -0.4802134 -0.2485768 -0.007874016 -0.4305476 -0.2485768 -0.1440523 -0.4305476 -0.3515406 -0.007874016 -0.3515406 -0.3515406 -0.1440523 -0.3515406 -0.4305476 -0.1440523 -0.2485768 -0.4305476 -0.007874016 -0.2485768 -0.4802134 -0.1440523 -0.1286728 -0.4802134 -0.007874016 -0.1286728 -0.4971535 -0.1440523 -1.94289e-16 -0.4971535 -0.007874016 -2.220446e-16 -0.4802134 -0.1440523 0.1286728 -0.4802134 -0.007874016 0.1286728 -0.4305476 -0.1440523 0.2485768 -0.4305476 -0.007874016 0.2485768 -0.3515406 -0.1440523 0.3515406 -0.3515406 -0.007874016 0.3515406 -0.2485768 -0.1440523 0.4305476 -0.2485768 -0.007874016 0.4305476 -0.1286728 -0.007874016 0.4802134 -0.1286728 -0.1440523 0.4802134 8.881784e-16 -0.1440523 0.4971535 0 -0.007874016 0.4971535 0.1286728 -0.007874016 0.4802134 0.1286728 -0.1440523 0.4802134 0.2485768 -0.007874016 0.4305476 0.2485768 -0.1440523 0.4305476 0.3515406 -0.007874016 0.3515406 0.3515406 -0.1440523 0.3515406 0.4305476 -0.1440523 0.2485768 0.4305476 -0.007874016 0.2485768 0.4802134 -0.1440523 0.1286728 0.4802134 -0.007874016 0.1286728 0.4971535 -0.1440523 2.775558e-16 0.4971535 -0.007874016 1.110223e-16 0.4802134 -0.1440523 -0.1286728 0.4802134 -0.007874016 -0.1286728 0.4305476 -0.1440523 -0.2485768 0.4305476 -0.007874016 -0.2485768 0.3515406 -0.1440523 -0.3515406 0.3515406 -0.007874016 -0.3515406 0.2485768 -0.007874016 -0.4305476 0.2485768 -0.1440523 -0.4305476 0.1286728 -0.007874016 -0.4802134 -0.1286728 -0.007874016 -0.4802134 0 -0.007874016 -0.4971535 -0.2485768 -0.007874016 -0.4305476 0.2485768 -0.007874016 -0.4305476 -0.3515406 -0.007874016 -0.3515406 0.3515406 -0.007874016 -0.3515406 0.4305476 -0.007874016 -0.2485768 -0.4305476 -0.007874016 -0.2485768 0.4802134 -0.007874016 -0.1286728 -0.4802134 -0.007874016 -0.1286728 0.4971535 -0.007874016 1.110223e-16 -0.4971535 -0.007874016 -2.220446e-16 -0.4802134 -0.007874016 0.1286728 0.4802134 -0.007874016 0.1286728 -0.4305476 -0.007874016 0.2485768 0.4305476 -0.007874016 0.2485768 -0.3515406 -0.007874016 0.3515406 0.3515406 -0.007874016 0.3515406 -0.2485768 -0.007874016 0.4305476 0.2485768 -0.007874016 0.4305476 -0.1286728 -0.007874016 0.4802134 0.1286728 -0.007874016 0.4802134 0 -0.007874016 0.4971535</float_array>
                    <technique_common>
                        <accessor count="432" source="#ID40" stride="3">
                            <param name="X" type="float" />
                            <param name="Y" type="float" />
                            <param name="Z" type="float" />
                        </accessor>
                    </technique_common>
                </source>
                <source id="ID38">
                    <float_array id="ID41" count="1296">0 1 0 0 1 0 0 1 0 0 1 0 0 1 0 0 1 0 0 1 0 0 1 0 0 1 0 0 1 0 0 1 0 0 1 0 0 1 0 0 1 0 0 1 0 0 1 0 0 1 0 0 1 0 0 1 0 0 1 0 0 1 0 0 1 0 0 1 0 0 1 0 0 1 0 0 1 0 0 1 0 0 1 0 0 1 0 0 1 0 0 1 0 0 1 0 0 1 0 0 1 0 0 1 0 0 1 0 0 1 0 0 1 0 0 1 0 0 1 0 0 1 0 0 1 0 0 1 0 0 1 0 0 1 0 0 1 0 0 1 0 0 1 0 0.258819 -4.642023e-15 -0.9659258 6.059555e-16 -1.20532e-15 -1 6.059555e-16 -1.20532e-15 -1 0.258819 -4.642023e-15 -0.9659258 -0.258819 -9.721312e-16 -0.9659258 -0.258819 -9.721312e-16 -0.9659258 -0.5 -7.24886e-16 -0.8660254 -0.5 -7.24886e-16 -0.8660254 -0.7071068 -2.306249e-16 -0.7071068 -0.7071068 -2.306249e-16 -0.7071068 -0.8660254 -1.761625e-15 -0.5 -0.8660254 -1.761625e-15 -0.5 -0.9659258 -9.324473e-16 -0.258819 -0.9659258 -9.324473e-16 -0.258819 -1 1.030451e-15 -7.396221e-16 -1 1.030451e-15 1.390133e-15 -0.9659258 2.100976e-15 0.258819 -0.9659258 2.100976e-15 0.258819 -0.8660254 2.41861e-15 0.5 -0.8660254 2.41861e-15 0.5 -0.7071068 7.225627e-16 0.7071068 -0.7071068 7.225627e-16 0.7071068 -0.5 9.981746e-16 0.8660254 -0.5 9.981746e-16 0.8660254 -0.258819 1.272389e-15 0.9659258 -0.258819 1.272389e-15 0.9659258 4.188222e-16 2.472451e-16 1 4.188222e-16 2.472451e-16 1 0.258819 2.908746e-16 0.9659258 0.258819 2.908746e-16 0.9659258 0.5 -1.265848e-15 0.8660254 0.5 -1.265848e-15 0.8660254 0.7071068 -4.468368e-15 0.7071068 0.7071068 -4.468368e-15 0.7071068 0.8660254 -4.316112e-15 0.5 0.8660254 -4.316112e-15 0.5 0.9659258 -1.466278e-15 0.258819 0.9659258 -1.466278e-15 0.258819 1 9.271692e-17 -5.079333e-16 1 9.271692e-17 4.009999e-16 0.9659258 2.419797e-15 -0.258819 0.9659258 2.419797e-15 -0.258819 0.8660254 4.142819e-15 -0.5 0.8660254 4.142819e-15 -0.5 0.7071068 -6.314295e-16 -0.7071068 0.7071068 -6.314295e-16 -0.7071068 0.5 -6.192928e-15 -0.8660254 0.5 -6.192928e-15 -0.8660254 0.2475175 -0.2922749 -0.923748 3.912099e-16 -0.5040322 -0.8636848 6.570954e-16 -0.2922749 -0.9563343 0.2235381 -0.5040322 -0.8342555 -0.2235381 -0.5040322 -0.8342555 -0.2475175 -0.2922749 -0.923748 -0.4318424 -0.5040322 -0.747973 -0.4781672 -0.2922749 -0.8282098 -0.6107174 -0.5040322 -0.6107174 -0.6762305 -0.2922749 -0.6762305 -0.8282098 -0.2922749 -0.4781672 -0.747973 -0.5040322 -0.4318424 -0.923748 -0.2922749 -0.2475175 -0.8342555 -0.5040322 -0.2235381 -0.9563343 -0.2922749 3.194214e-15 -0.8636848 -0.5040322 -7.637908e-16 -0.923748 -0.2922749 0.2475175 -0.8342555 -0.5040322 0.2235381 -0.8282098 -0.2922749 0.4781672 -0.747973 -0.5040322 0.4318424 -0.6107174 -0.5040322 0.6107174 -0.6762305 -0.2922749 0.6762305 -0.4781672 -0.2922749 0.8282098 -0.4318424 -0.5040322 0.747973 -0.2475175 -0.2922749 0.923748 -0.2235381 -0.5040322 0.8342555 4.289373e-16 -0.2922749 0.9563343 4.051817e-16 -0.5040322 0.8636848 0.2235381 -0.5040322 0.8342555 0.2475175 -0.2922749 0.923748 0.4318424 -0.5040322 0.747973 0.4781672 -0.2922749 0.8282098 0.6107174 -0.5040322 0.6107174 0.6762305 -0.2922749 0.6762305 0.8282098 -0.2922749 0.4781672 0.747973 -0.5040322 0.4318424 0.923748 -0.2922749 0.2475175 0.8342555 -0.5040322 0.2235381 0.9563343 -0.2922749 -4.745689e-16 0.8636848 -0.5040322 -7.963917e-16 0.923748 -0.2922749 -0.2475175 0.8342555 -0.5040322 -0.2235381 0.8282098 -0.2922749 -0.4781672 0.747973 -0.5040322 -0.4318424 0.6762305 -0.2922749 -0.6762305 0.6107174 -0.5040322 -0.6107174 0.4781672 -0.2922749 -0.8282098 0.4318424 -0.5040322 -0.747973 8.383003e-17 -0.7031478 -0.7110437 0.1840317 -0.7031478 -0.6868155 -0.1840317 -0.7031478 -0.6868155 -0.3555218 -0.7031478 -0.6157819 -0.5027838 -0.7031478 -0.5027838 -0.6157819 -0.7031478 -0.3555218 -0.6868155 -0.7031478 -0.1840317 -0.7110437 -0.7031478 -1.508941e-15 -0.6868155 -0.7031478 0.1840317 -0.6157819 -0.7031478 0.3555218 -0.5027838 -0.7031478 0.5027838 -0.3555218 -0.7031478 0.6157819 -0.1840317 -0.7031478 0.6868155 3.604691e-16 -0.7031478 0.7110437 0.1840317 -0.7031478 0.6868155 0.3555218 -0.7031478 0.6157819 0.5027838 -0.7031478 0.5027838 0.6157819 -0.7031478 0.3555218 0.6868155 -0.7031478 0.1840317 0.7110437 -0.7031478 3.487329e-15 0.6868155 -0.7031478 -0.1840317 0.6157819 -0.7031478 -0.3555218 0.5027838 -0.7031478 -0.5027838 0.3555218 -0.7031478 -0.6157819 0.1235057 -0.8788005 -0.4609295 2.058627e-16 -0.9123464 -0.4094191 2.531097e-16 -0.8788005 -0.4771893 0.1059654 -0.9123464 -0.3954684 -0.1235057 -0.8788005 -0.4609295 -0.1059654 -0.9123464 -0.3954684 -0.2385947 -0.8788005 -0.4132581 -0.2047095 -0.9123464 -0.3545673 -0.3374238 -0.8788005 -0.3374238 -0.289503 -0.9123464 -0.289503 -0.4132581 -0.8788005 -0.2385947 -0.3545673 -0.9123464 -0.2047095 -0.4609295 -0.8788005 -0.1235057 -0.3954684 -0.9123464 -0.1059654 -0.4771893 -0.8788005 3.342958e-17 -0.4094191 -0.9123464 4.784918e-17 -0.4609295 -0.8788005 0.1235057 -0.3954684 -0.9123464 0.1059654 -0.3545673 -0.9123464 0.2047095 -0.4132581 -0.8788005 0.2385947 -0.289503 -0.9123464 0.289503 -0.3374238 -0.8788005 0.3374238 -0.2047095 -0.9123464 0.3545673 -0.2385947 -0.8788005 0.4132581 -0.1059654 -0.9123464 0.3954684 -0.1235057 -0.8788005 0.4609295 1.780434e-16 -0.9123464 0.4094191 9.551309e-17 -0.8788005 0.4771893 0.1235057 -0.8788005 0.4609295 0.1059654 -0.9123464 0.3954684 0.2385947 -0.8788005 0.4132581 0.2047095 -0.9123464 0.3545673 0.3374238 -0.8788005 0.3374238 0.289503 -0.9123464 0.289503 0.4132581 -0.8788005 0.2385947 0.3545673 -0.9123464 0.2047095 0.4609295 -0.8788005 0.1235057 0.3954684 -0.9123464 0.1059654 0.4771893 -0.8788005 3.820524e-17 0.4094191 -0.9123464 -3.883573e-16 0.3954684 -0.9123464 -0.1059654 0.4609295 -0.8788005 -0.1235057 0.3545673 -0.9123464 -0.2047095 0.4132581 -0.8788005 -0.2385947 0.289503 -0.9123464 -0.289503 0.3374238 -0.8788005 -0.3374238 0.2047095 -0.9123464 -0.3545673 0.2385947 -0.8788005 -0.4132581 1.08841e-16 -0.9667717 -0.2556413 0.06616485 -0.9667717 -0.2469306 -0.06616485 -0.9667717 -0.2469306 -0.1278207 -0.9667717 -0.2213919 -0.1807657 -0.9667717 -0.1807657 -0.2213919 -0.9667717 -0.1278207 -0.2469306 -0.9667717 -0.06616485 -0.2556413 -0.9667717 5.886301e-17 -0.2469306 -0.9667717 0.06616485 -0.2213919 -0.9667717 0.1278207 -0.1807657 -0.9667717 0.1807657 -0.1278207 -0.9667717 0.2213919 -0.06616485 -0.9667717 0.2469306 3.553993e-17 -0.9667717 0.2556413 0.06616485 -0.9667717 0.2469306 0.1278207 -0.9667717 0.2213919 0.1807657 -0.9667717 0.1807657 0.2213919 -0.9667717 0.1278207 0.2469306 -0.9667717 0.06616485 0.2556413 -0.9667717 -4.664615e-17 0.2469306 -0.9667717 -0.06616485 0.2213919 -0.9667717 -0.1278207 0.1807657 -0.9667717 -0.1807657 0.1278207 -0.9667717 -0.2213919 9.799691e-17 -0.9855694 -0.1692718 0.04381077 -0.9855694 -0.163504 -0.04381077 -0.9855694 -0.163504 -0.0846359 -0.9855694 -0.1465937 -0.1196932 -0.9855694 -0.1196932 -0.1465937 -0.9855694 -0.0846359 -0.163504 -0.9855694 -0.04381077 -0.1692718 -0.9855694 -3.062403e-17 -0.163504 -0.9855694 0.04381077 -0.1465937 -0.9855694 0.0846359 -0.1196932 -0.9855694 0.1196932 -0.0846359 -0.9855694 0.1465937 -0.04381077 -0.9855694 0.163504 -2.164098e-16 -0.9855694 0.1692718 0.04381077 -0.9855694 0.163504 0.0846359 -0.9855694 0.1465937 0.1196932 -0.9855694 0.1196932 0.1465937 -0.9855694 0.0846359 0.163504 -0.9855694 0.04381077 0.1692718 -0.9855694 7.349768e-17 0.163504 -0.9855694 -0.04381077 0.1465937 -0.9855694 -0.0846359 0.1196932 -0.9855694 -0.1196932 0.0846359 -0.9855694 -0.1465937 -0.02260729 -0.9961779 0.08437156 -6.016687e-17 -0.9961779 0.08734787 -5.419864e-17 -0.9961779 0.08734787 -0.02260729 -0.9961779 0.08437156 0.02260729 -0.9961779 0.08437156 0.02260729 -0.9961779 0.08437156 0.04367393 -0.9961779 0.07564547 0.04367393 -0.9961779 0.07564547 0.06176427 -0.9961779 0.06176427 0.06176427 -0.9961779 0.06176427 0.07564547 -0.9961779 0.04367393 0.07564547 -0.9961779 0.04367393 0.08437156 -0.9961779 0.02260729 0.08437156 -0.9961779 0.02260729 0.08734787 -0.9961779 4.817657e-18 0.08734787 -0.9961779 -1.835599e-17 0.08437156 -0.9961779 -0.02260729 0.08437156 -0.9961779 -0.02260729 0.07564547 -0.9961779 -0.04367393 0.07564547 -0.9961779 -0.04367393 0.06176427 -0.9961779 -0.06176427 0.06176427 -0.9961779 -0.06176427 0.04367393 -0.9961779 -0.07564547 0.04367393 -0.9961779 -0.07564547 0.02260729 -0.9961779 -0.08437156 0.02260729 -0.9961779 -0.08437156 -1.325711e-17 -0.9961779 -0.08734787 1.517562e-16 -0.9961779 -0.08734787 -0.02260729 -0.9961779 -0.08437156 -0.02260729 -0.9961779 -0.08437156 -0.04367393 -0.9961779 -0.07564547 -0.04367393 -0.9961779 -0.07564547 -0.06176427 -0.9961779 -0.06176427 -0.06176427 -0.9961779 -0.06176427 -0.07564547 -0.9961779 -0.04367393 -0.07564547 -0.9961779 -0.04367393 -0.08437156 -0.9961779 -0.02260729 -0.08437156 -0.9961779 -0.02260729 -0.08734787 -0.9961779 -1.254326e-16 -0.08734787 -0.9961779 -9.635315e-17 -0.08437156 -0.9961779 0.02260729 -0.08437156 -0.9961779 0.02260729 -0.07564547 -0.9961779 0.04367393 -0.07564547 -0.9961779 0.04367393 -0.06176427 -0.9961779 0.06176427 -0.06176427 -0.9961779 0.06176427 -0.04367393 -0.9961779 0.07564547 -0.04367393 -0.9961779 0.07564547 -0.190154 -0.6783936 0.7096644 -4.20093e-17 -0.6783936 0.7346987 -3.762837e-17 -0.6783936 0.7346987 -0.190154 -0.6783936 0.7096644 0.190154 -0.6783936 0.7096644 0.190154 -0.6783936 0.7096644 0.3673493 -0.6783936 0.6362677 0.3673493 -0.6783936 0.6362677 0.5195104 -0.6783936 0.5195104 0.5195104 -0.6783936 0.5195104 0.6362677 -0.6783936 0.3673493 0.6362677 -0.6783936 0.3673493 0.7096644 -0.6783936 0.190154 0.7096644 -0.6783936 0.190154 0.7346987 -0.6783936 -3.950979e-16 0.7346987 -0.6783936 -2.436539e-16 0.7096644 -0.6783936 -0.190154 0.7096644 -0.6783936 -0.190154 0.6362677 -0.6783936 -0.3673493 0.6362677 -0.6783936 -0.3673493 0.5195104 -0.6783936 -0.5195104 0.5195104 -0.6783936 -0.5195104 0.3673493 -0.6783936 -0.6362677 0.3673493 -0.6783936 -0.6362677 0.190154 -0.6783936 -0.7096644 0.190154 -0.6783936 -0.7096644 1.542763e-15 -0.6783936 -0.7346987 -1.562746e-15 -0.6783936 -0.7346987 -0.190154 -0.6783936 -0.7096644 -0.190154 -0.6783936 -0.7096644 -0.3673493 -0.6783936 -0.6362677 -0.3673493 -0.6783936 -0.6362677 -0.5195104 -0.6783936 -0.5195104 -0.5195104 -0.6783936 -0.5195104 -0.6362677 -0.6783936 -0.3673493 -0.6362677 -0.6783936 -0.3673493 -0.7096644 -0.6783936 -0.190154 -0.7096644 -0.6783936 -0.190154 -0.7346987 -0.6783936 -4.891689e-16 -0.7346987 -0.6783936 -7.393637e-16 -0.7096644 -0.6783936 0.190154 -0.7096644 -0.6783936 0.190154 -0.6362677 -0.6783936 0.3673493 -0.6362677 -0.6783936 0.3673493 -0.5195104 -0.6783936 0.5195104 -0.5195104 -0.6783936 0.5195104 -0.3673493 -0.6783936 0.6362677 -0.3673493 -0.6783936 0.6362677 -0.258819 -1.906818e-16 0.9659258 -2.673333e-16 -4.397149e-17 1 -2.673333e-16 -4.397149e-17 1 -0.258819 -1.906818e-16 0.9659258 0.258819 5.060974e-18 0.9659258 0.258819 5.060974e-18 0.9659258 0.5 3.300548e-17 0.8660254 0.5 3.300548e-17 0.8660254 0.7071068 -1.573966e-16 0.7071068 0.7071068 -1.573966e-16 0.7071068 0.8660254 2.670738e-16 0.5 0.8660254 2.670738e-16 0.5 0.9659258 1.837632e-16 0.258819 0.9659258 1.837632e-16 0.258819 1 1.831731e-17 -4.455555e-16 1 1.831731e-17 -4.099111e-16 0.9659258 -2.953972e-16 -0.258819 0.9659258 -2.953972e-16 -0.258819 0.8660254 -9.006653e-16 -0.5 0.8660254 -9.006653e-16 -0.5 0.7071068 -1.265005e-16 -0.7071068 0.7071068 -1.265005e-16 -0.7071068 0.5 2.67551e-16 -0.8660254 0.5 2.67551e-16 -0.8660254 0.258819 3.93583e-16 -0.9659258 0.258819 3.93583e-16 -0.9659258 -2.049555e-16 1.462849e-16 -1 8.732888e-16 1.462849e-16 -1 -0.258819 -2.15517e-16 -0.9659258 -0.258819 -2.15517e-16 -0.9659258 -0.5 1.502165e-16 -0.8660254 -0.5 1.502165e-16 -0.8660254 -0.7071068 -5.69369e-16 -0.7071068 -0.7071068 -5.69369e-16 -0.7071068 -0.8660254 -7.195855e-16 -0.5 -0.8660254 -7.195855e-16 -0.5 -0.9659258 8.004917e-17 -0.258819 -0.9659258 8.004917e-17 -0.258819 -1 4.926103e-17 -9.802221e-17 -1 4.926103e-17 9.802221e-17 -0.9659258 -1.30081e-16 0.258819 -0.9659258 -1.30081e-16 0.258819 -0.8660254 7.301858e-17 0.5 -0.8660254 7.301858e-17 0.5 -0.7071068 3.89096e-18 0.7071068 -0.7071068 3.89096e-18 0.7071068 -0.5 -3.591023e-16 0.8660254 -0.5 -3.591023e-16 0.8660254 -2.659733e-31 -1 -4.987e-32 -2.659733e-31 -1 -4.987e-32 -2.659733e-31 -1 -4.987e-32 -2.659733e-31 -1 -4.987e-32 -2.659733e-31 -1 -4.987e-32 -2.659733e-31 -1 -4.987e-32 -2.659733e-31 -1 -4.987e-32 -2.659733e-31 -1 -4.987e-32 -2.659733e-31 -1 -4.987e-32 -2.659733e-31 -1 -4.987e-32 -2.659733e-31 -1 -4.987e-32 -2.659733e-31 -1 -4.987e-32 -2.659733e-31 -1 -4.987e-32 -2.659733e-31 -1 -4.987e-32 -2.659733e-31 -1 -4.987e-32 -2.659733e-31 -1 -4.987e-32 -2.659733e-31 -1 -4.987e-32 -2.659733e-31 -1 -4.987e-32 -2.659733e-31 -1 -4.987e-32 -2.659733e-31 -1 -4.987e-32 -2.659733e-31 -1 -4.987e-32 -2.659733e-31 -1 -4.987e-32 -2.659733e-31 -1 -4.987e-32 -2.659733e-31 -1 -4.987e-32</float_array>
                    <technique_common>
                        <accessor count="432" source="#ID41" stride="3">
                            <param name="X" type="float" />
                            <param name="Y" type="float" />
                            <param name="Z" type="float" />
                        </accessor>
                    </technique_common>
                </source>
                <vertices id="ID39">
                    <input semantic="POSITION" source="#ID37" />
                    <input semantic="NORMAL" source="#ID38" />
                </vertices>
                <triangles count="502" material="Material2">
                    <input offset="0" semantic="VERTEX" source="#ID39" />
                    <p>0 1 2 1 0 3 3 0 4 4 0 5 4 5 6 6 5 7 6 7 8 8 7 9 8 9 10 10 9 11 10 11 12 12 11 13 12 13 14 14 13 15 15 13 16 15 16 17 17 16 18 17 18 19 19 18 20 19 20 21 21 20 22 21 22 23 23 22 24 23 24 25 1 26 27 26 1 3 27 26 28 27 28 29 29 28 30 29 30 31 31 30 32 31 32 33 33 32 34 33 34 35 35 34 36 35 36 37 37 36 38 37 38 39 37 39 40 40 39 41 40 41 42 42 41 43 42 43 44 44 43 45 44 45 46 46 45 25 46 25 24 46 24 47 48 49 50 49 48 51 50 52 53 52 50 49 53 54 55 54 53 52 55 56 57 56 55 54 58 56 59 56 58 57 60 59 61 59 60 58 62 61 63 61 62 60 64 63 65 63 64 62 66 65 67 65 66 64 68 67 69 67 68 66 70 68 69 68 70 71 70 72 71 72 70 73 74 72 73 72 74 75 76 75 74 75 76 77 78 77 76 77 78 79 80 79 78 79 80 81 82 80 83 80 82 81 84 83 85 83 84 82 86 85 87 85 86 84 88 87 89 87 88 86 90 89 91 89 90 88 92 91 93 91 92 90 92 94 95 94 92 93 48 94 51 94 48 95 96 97 98 97 96 99 98 100 101 100 98 97 101 102 103 102 101 100 103 104 105 104 103 102 106 104 107 104 106 105 108 107 109 107 108 106 110 109 111 109 110 108 112 111 113 111 112 110 114 113 115 113 114 112 116 114 115 114 116 117 116 118 117 118 116 119 119 120 118 120 119 121 121 122 120 122 121 123 124 122 123 122 124 125 126 125 124 125 126 127 128 127 126 127 128 129 130 128 131 128 130 129 132 131 133 131 132 130 134 133 135 133 134 132 136 135 137 135 136 134 138 137 139 137 138 136 140 139 141 139 140 138 142 141 143 141 142 140 96 143 99 143 96 142 99 144 97 144 99 145 97 146 100 146 97 144 146 102 100 102 146 147 147 104 102 104 147 148 148 107 104 107 148 149 149 109 107 109 149 150 111 150 151 150 111 109 113 151 152 151 113 111 153 113 152 113 153 115 154 115 153 115 154 116 155 116 154 116 155 119 156 119 155 119 156 121 156 123 121 123 156 157 158 123 157 123 158 124 126 158 159 158 126 124 128 159 160 159 128 126 131 160 161 160 131 128 133 161 162 161 133 131 135 162 163 162 135 133 137 163 164 163 137 135 137 165 139 165 137 164 139 166 141 166 139 165 141 167 143 167 141 166 143 145 99 145 143 167 168 169 170 169 168 171 169 172 170 172 169 173 173 174 172 174 173 175 175 176 174 176 175 177 177 178 176 178 177 179 179 180 178 180 179 181 181 182 180 182 181 183 183 184 182 184 183 185 186 184 185 184 186 187 188 187 186 187 188 189 190 189 188 189 190 191 192 191 190 191 192 193 194 193 192 193 194 195 196 194 197 194 196 195 198 197 199 197 198 196 200 199 201 199 200 198 202 201 203 201 202 200 204 203 205 203 204 202 206 205 207 205 206 204 206 208 209 208 206 207 209 210 211 210 209 208 211 212 213 212 211 210 213 214 215 214 213 212 215 171 168 171 215 214 171 216 169 216 171 217 216 173 169 173 216 218 218 175 173 175 218 219 219 177 175 177 219 220 220 179 177 179 220 221 221 181 179 181 221 222 222 183 181 183 222 223 223 185 183 185 223 224 225 185 224 185 225 186 226 186 225 186 226 188 227 188 226 188 227 190 228 190 227 190 228 192 229 192 228 192 229 194 197 229 230 229 197 194 199 230 231 230 199 197 201 231 232 231 201 199 203 232 233 232 203 201 205 233 234 233 205 203 205 235 207 235 205 234 207 236 208 236 207 235 208 237 210 237 208 236 210 238 212 238 210 237 212 239 214 239 212 238 214 217 171 217 214 239 217 240 216 240 217 241 240 218 216 218 240 242 242 219 218 219 242 243 243 220 219 220 243 244 244 221 220 221 244 245 245 222 221 222 245 246 246 223 222 223 246 247 248 223 247 223 248 224 249 224 248 224 249 225 250 225 249 225 250 226 251 226 250 226 251 227 252 227 251 227 252 228 253 228 252 228 253 229 230 253 254 253 230 229 231 254 255 254 231 230 232 255 256 255 232 231 233 256 257 256 233 232 234 257 258 257 234 233 234 259 235 259 234 258 235 260 236 260 235 259 236 261 237 261 236 260 237 262 238 262 237 261 238 263 239 263 238 262 239 241 217 241 239 263 264 265 266 265 264 267 265 268 266 268 265 269 269 270 268 270 269 271 271 272 270 272 271 273 273 274 272 274 273 275 275 276 274 276 275 277 277 278 276 278 277 279 279 280 278 280 279 281 282 280 281 280 282 283 284 283 282 283 284 285 286 285 284 285 286 287 288 287 286 287 288 289 290 289 288 289 290 291 292 290 293 290 292 291 294 293 295 293 294 292 296 295 297 295 296 294 298 297 299 297 298 296 300 299 301 299 300 298 300 302 303 302 300 301 303 304 305 304 303 302 305 306 307 306 305 304 307 308 309 308 307 306 309 310 311 310 309 308 311 267 264 267 311 310 312 313 314 313 312 315 314 316 317 316 314 313 317 318 319 318 317 316 318 320 319 320 318 321 321 322 320 322 321 323 323 324 322 324 323 325 325 326 324 326 325 327 327 328 326 328 327 329 329 330 328 330 329 331 332 330 331 330 332 333 334 333 332 333 334 335 334 336 335 336 334 337 337 338 336 338 337 339 339 340 338 340 339 341 342 340 341 340 342 343 344 342 345 342 344 343 346 345 347 345 346 344 347 348 346 348 347 349 349 350 348 350 349 351 351 352 350 352 351 353 353 354 352 354 353 355 354 356 357 356 354 355 357 358 359 358 357 356 312 358 315 358 312 359 360 361 362 361 360 363 364 361 365 361 364 362 364 366 367 366 364 365 367 368 369 368 367 366 368 370 369 370 368 371 371 372 370 372 371 373 373 374 372 374 373 375 375 376 374 376 375 377 377 378 376 378 377 379 379 380 378 380 379 381 381 382 380 382 381 383 384 382 383 382 384 385 384 386 385 386 384 387 388 386 387 386 388 389 390 389 388 389 390 391 392 391 390 391 392 393 392 394 393 394 392 395 395 396 394 396 395 397 397 398 396 398 397 399 399 400 398 400 399 401 401 402 400 402 401 403 403 404 402 404 403 405 404 406 407 406 404 405 407 363 360 363 407 406 408 409 410 409 408 411 411 408 412 411 412 413 413 412 414 413 414 415 413 415 416 416 415 417 416 417 418 418 417 419 418 419 420 420 419 421 421 419 422 421 422 423 423 422 424 423 424 425 425 424 426 425 426 427 427 426 428 427 428 429 429 428 430 429 430 431</p>
                </triangles>
            </mesh>
        </geometry>
        <geometry id="ID44">
            <mesh>
                <source id="ID50">
                    <float_array id="ID54" count="222">0.7433971 -0.1181102 0.02012254 0.4377053 -0.1181102 0.02012254 0.5905512 -0.1181102 -6.661338e-16 0.8858268 -0.1181102 0.07911886 0.2952756 -0.1181102 0.07911886 1.008134 -0.1181102 0.1729684 0.1729684 -0.1181102 0.1729684 1.101984 -0.1181102 0.2952756 0.07911886 -0.1181102 0.2952756 1.16098 -0.1181102 0.4377053 0.02012254 -0.1181102 0.4377053 1.181102 -0.1181102 0.5905512 0 -0.1181102 0.5905512 1.122047 -0.1181102 1.219937 1.181102 -0.1181102 1.968504 1.122047 -0.1181102 1.909449 0.05905512 -0.1181102 1.909449 0.05905512 -0.1181102 1.219937 0 -0.1181102 1.968504 0 0 1.968504 0 -0.1181102 0.5905512 0 -0.1181102 1.968504 0 0 0.5905512 0 0 0.5905512 0.02012254 -0.1181102 0.4377053 0 -0.1181102 0.5905512 0.02012254 0 0.4377053 0.07911886 -0.1181102 0.2952756 0.07911886 0 0.2952756 0.1729684 -0.1181102 0.1729684 0.1729684 0 0.1729684 0.2952756 0 0.07911886 0.2952756 -0.1181102 0.07911886 0.4377053 0 0.02012254 0.4377053 -0.1181102 0.02012254 0.5905512 0 -6.661338e-16 0.5905512 -0.1181102 -6.661338e-16 0.7433971 0 0.02012254 0.5905512 -0.1181102 -6.661338e-16 0.5905512 0 -6.661338e-16 0.7433971 -0.1181102 0.02012254 0.8858268 0 0.07911886 0.8858268 -0.1181102 0.07911886 1.008134 0 0.1729684 1.008134 -0.1181102 0.1729684 1.101984 -0.1181102 0.2952756 1.101984 0 0.2952756 1.16098 -0.1181102 0.4377053 1.16098 0 0.4377053 1.181102 -0.1181102 0.5905512 1.181102 0 0.5905512 1.181102 0 0.5905512 1.181102 -0.1181102 1.968504 1.181102 -0.1181102 0.5905512 1.181102 0 1.968504 1.181102 -0.1181102 1.968504 0 0 1.968504 0 -0.1181102 1.968504 1.181102 0 1.968504 0.4377053 0 0.02012254 0.7433971 0 0.02012254 0.5905512 0 -6.661338e-16 0.2952756 0 0.07911886 0.8858268 0 0.07911886 1.008134 0 0.1729684 0.1729684 0 0.1729684 0.07911886 0 0.2952756 1.101984 0 0.2952756 1.16098 0 0.4377053 0.02012254 0 0.4377053 1.181102 0 0.5905512 0 0 0.5905512 1.181102 0 1.968504 0 0 1.968504</float_array>
                    <technique_common>
                        <accessor count="74" source="#ID54" stride="3">
                            <param name="X" type="float" />
                            <param name="Y" type="float" />
                            <param name="Z" type="float" />
                        </accessor>
                    </technique_common>
                </source>
                <source id="ID51">
                    <float_array id="ID55" count="222">0 -1 0 0 -1 0 0 -1 0 0 -1 0 0 -1 0 0 -1 0 0 -1 0 0 -1 0 0 -1 0 0 -1 0 0 -1 0 0 -1 0 0 -1 0 0 -1 0 0 -1 0 0 -1 0 0 -1 0 0 -1 0 0 -1 0 -1 0 0 -1 0 0 -1 0 0 -1 0 0 -0.9914449 0 -0.1305262 -0.9659258 0 -0.258819 -0.9914449 0 -0.1305262 -0.9659258 0 -0.258819 -0.8660254 0 -0.5 -0.8660254 0 -0.5 -0.7071068 0 -0.7071068 -0.7071068 0 -0.7071068 -0.5 0 -0.8660254 -0.5 0 -0.8660254 -0.258819 0 -0.9659258 -0.258819 0 -0.9659258 -0.1305262 0 -0.9914449 -0.1305262 0 -0.9914449 0.258819 0 -0.9659258 0.1305262 0 -0.9914449 0.1305262 0 -0.9914449 0.258819 0 -0.9659258 0.5 0 -0.8660254 0.5 0 -0.8660254 0.7071068 0 -0.7071068 0.7071068 0 -0.7071068 0.8660254 0 -0.5 0.8660254 0 -0.5 0.9659258 0 -0.258819 0.9659258 0 -0.258819 0.9914449 0 -0.1305262 0.9914449 0 -0.1305262 1 0 0 1 0 0 1 0 0 1 0 0 0 0 1 0 0 1 0 0 1 0 0 1 0 1 0 0 1 0 0 1 0 0 1 0 0 1 0 0 1 0 0 1 0 0 1 0 0 1 0 0 1 0 0 1 0 0 1 0 0 1 0 0 1 0 0 1 0</float_array>
                    <technique_common>
                        <accessor count="74" source="#ID55" stride="3">
                            <param name="X" type="float" />
                            <param name="Y" type="float" />
                            <param name="Z" type="float" />
                        </accessor>
                    </technique_common>
                </source>
                <source id="ID53">
                    <float_array id="ID56" count="176">0.3776457 0.01022225 0.2223543 0.01022225 0.3 -3.38396e-16 0.45 0.04019238 0.15 0.04019238 0.512132 0.08786797 0.08786797 0.08786797 0.5598076 0.15 0.04019238 0.15 0.5897777 0.2223543 0.01022225 0.2223543 0.6 0.3 0 0.3 0.57 0.619728 0.6 1 0.57 0.97 0.03 0.97 0.03 0.619728 0 1 0.06 0.3 0.06 1 0 0.2974335 0.06 0.2191177 0.06 0.2974335 0 0.2191177 0 0.2015167 0.06 0.123201 0.06 0.2015167 0 0.123201 0 0.09453543 0.06 0.01621972 0.06 0.09453543 0 0.01621972 0 -0.09453543 0.06 -0.01621972 0 -0.01621972 0.06 -0.09453543 0 -0.2015167 0.06 -0.123201 0 -0.123201 0.06 -0.2015167 0 -0.2974335 0.06 -0.2191177 0 -0.2191177 0.06 -0.2974335 0 0.3757492 -0.06 0.2974335 0 0.2974335 -0.06 0.3757492 0 0.4311267 -0.06 0.352811 0 0.352811 -0.06 0.4311267 0 0.4597923 -0.06 0.3814766 0 0.3814766 -0.06 0.4597923 0 0.3814766 -0.06 0.4597923 -0.06 0.3814766 0 0.4597923 0 0.352811 -0.06 0.4311267 -0.06 0.352811 0 0.4311267 -0.06 0.3757492 -0.06 0.2974335 0 0.3757492 0 0.3 -0.06 1 -0.06 0.3 0.6 -0.06 0 0 0 -0.06 0.6 0 -0.2223543 0.01022225 -0.3776457 0.01022225 -0.3 -3.38396e-16 -0.15 0.04019238 -0.45 0.04019238 -0.512132 0.08786797 -0.08786797 0.08786797 -0.04019238 0.15 -0.5598076 0.15 -0.5897777 0.2223543 -0.01022225 0.2223543 -0.6 0.3 -0.6 1</float_array>
                    <technique_common>
                        <accessor count="88" source="#ID56" stride="2">
                            <param name="S" type="float" />
                            <param name="T" type="float" />
                        </accessor>
                    </technique_common>
                </source>
                <vertices id="ID52">
                    <input semantic="POSITION" source="#ID50" />
                    <input semantic="NORMAL" source="#ID51" />
                </vertices>
                <triangles count="62" material="Material2">
                    <input offset="0" semantic="VERTEX" source="#ID52" />
                    <input offset="1" semantic="TEXCOORD" source="#ID53" />
                    <p>0 0 1 1 2 2 1 1 0 0 3 3 1 1 3 3 4 4 4 4 3 3 5 5 4 4 5 5 6 6 6 6 5 5 7 7 6 6 7 7 8 8 8 8 7 7 9 9 8 8 9 9 10 10 10 10 9 9 11 11 10 10 11 11 12 12 12 12 11 11 13 13 13 13 11 11 14 14 13 13 14 14 15 15 15 15 14 14 16 16 12 12 17 17 18 18 17 17 12 12 13 13 18 18 17 17 16 16 18 18 16 16 14 14 19 18 20 19 21 20 20 19 19 18 22 12 23 21 24 22 25 23 24 22 23 21 26 24 26 25 27 26 24 27 27 26 26 25 28 28 28 29 29 30 27 31 29 30 28 29 30 32 31 33 29 34 30 35 29 34 31 33 32 36 33 37 32 38 31 39 32 38 33 37 34 40 35 41 34 42 33 43 34 42 35 41 36 44 37 45 38 46 39 47 38 46 37 45 40 48 41 49 40 50 37 51 40 50 41 49 42 52 43 53 42 54 41 55 42 54 43 53 44 56 43 57 45 58 44 59 45 58 43 57 46 60 46 61 47 62 45 63 47 62 46 61 48 64 48 21 49 65 47 66 49 65 48 21 50 67 51 68 52 69 53 70 52 69 51 68 54 18 55 71 56 72 57 73 56 72 55 71 58 74 59 75 60 76 61 77 60 76 59 75 62 78 60 76 62 78 63 79 63 79 62 78 64 80 64 80 62 78 65 81 64 80 65 81 66 82 64 80 66 82 67 83 67 83 66 82 68 84 68 84 66 82 69 85 68 84 69 85 70 86 70 86 69 85 71 12 70 86 71 12 72 87 72 87 71 12 73 18</p>
                </triangles>
            </mesh>
        </geometry>
        <geometry id="ID57">
            <mesh>
                <source id="ID63">
                    <float_array id="ID67" count="12">1.122047 -0.05905512 1.909449 0.05905512 -0.05905512 1.219937 1.122047 -0.05905512 1.219937 0.05905512 -0.05905512 1.909449</float_array>
                    <technique_common>
                        <accessor count="4" source="#ID67" stride="3">
                            <param name="X" type="float" />
                            <param name="Y" type="float" />
                            <param name="Z" type="float" />
                        </accessor>
                    </technique_common>
                </source>
                <source id="ID64">
                    <float_array id="ID68" count="12">0 -1 0 0 -1 0 0 -1 0 0 -1 0</float_array>
                    <technique_common>
                        <accessor count="4" source="#ID68" stride="3">
                            <param name="X" type="float" />
                            <param name="Y" type="float" />
                            <param name="Z" type="float" />
                        </accessor>
                    </technique_common>
                </source>
                <source id="ID66">
                    <float_array id="ID69" count="8">0.9999999 0.9999999 -3.866455e-08 0.4208466 0.9999999 0.4208465 -2.081668e-17 1</float_array>
                    <technique_common>
                        <accessor count="4" source="#ID69" stride="2">
                            <param name="S" type="float" />
                            <param name="T" type="float" />
                        </accessor>
                    </technique_common>
                </source>
                <vertices id="ID65">
                    <input semantic="POSITION" source="#ID63" />
                    <input semantic="NORMAL" source="#ID64" />
                </vertices>
                <triangles count="2" material="Material2">
                    <input offset="0" semantic="VERTEX" source="#ID65" />
                    <input offset="1" semantic="TEXCOORD" source="#ID66" />
                    <p>0 0 1 1 2 2 1 1 0 0 3 3</p>
                </triangles>
            </mesh>
        </geometry>
        <geometry id="ID70">
            <mesh>
                <source id="ID71">
                    <float_array id="ID75" count="48">0.05905512 -0.05905512 1.219937 0.05905512 -0.1181102 1.909449 0.05905512 -0.1181102 1.219937 0.05905512 -0.05905512 1.909449 1.122047 -0.1181102 1.219937 0.05905512 -0.05905512 1.219937 0.05905512 -0.1181102 1.219937 1.122047 -0.05905512 1.219937 1.122047 -0.05905512 1.909449 0.05905512 -0.1181102 1.909449 0.05905512 -0.05905512 1.909449 1.122047 -0.1181102 1.909449 1.122047 -0.05905512 1.909449 1.122047 -0.1181102 1.219937 1.122047 -0.1181102 1.909449 1.122047 -0.05905512 1.219937</float_array>
                    <technique_common>
                        <accessor count="16" source="#ID75" stride="3">
                            <param name="X" type="float" />
                            <param name="Y" type="float" />
                            <param name="Z" type="float" />
                        </accessor>
                    </technique_common>
                </source>
                <source id="ID72">
                    <float_array id="ID76" count="48">1 0 0 1 0 0 1 0 0 1 0 0 0 0 1 0 0 1 0 0 1 0 0 1 0 0 -1 0 0 -1 0 0 -1 0 0 -1 -1 0 0 -1 0 0 -1 0 0 -1 0 0</float_array>
                    <technique_common>
                        <accessor count="16" source="#ID76" stride="3">
                            <param name="X" type="float" />
                            <param name="Y" type="float" />
                            <param name="Z" type="float" />
                        </accessor>
                    </technique_common>
                </source>
                <source id="ID74">
                    <float_array id="ID77" count="32">-0.03 0.619728 -0.06 0.97 -0.06 0.619728 -0.03 0.97 0.57 -0.06 0.03 -0.03 0.03 -0.06 0.57 -0.03 -0.57 -0.03 -0.03 -0.06 -0.03 -0.03 -0.57 -0.06 0.03 0.97 0.06 0.619728 0.06 0.97 0.03 0.619728</float_array>
                    <technique_common>
                        <accessor count="16" source="#ID77" stride="2">
                            <param name="S" type="float" />
                            <param name="T" type="float" />
                        </accessor>
                    </technique_common>
                </source>
                <vertices id="ID73">
                    <input semantic="POSITION" source="#ID71" />
                    <input semantic="NORMAL" source="#ID72" />
                </vertices>
                <triangles count="8" material="Material2">
                    <input offset="0" semantic="VERTEX" source="#ID73" />
                    <input offset="1" semantic="TEXCOORD" source="#ID74" />
                    <p>0 0 1 1 2 2 1 1 0 0 3 3 4 4 5 5 6 6 5 5 4 4 7 7 8 8 9 9 10 10 9 9 8 8 11 11 12 12 13 13 14 14 13 13 12 12 15 15</p>
                </triangles>
            </mesh>
        </geometry>
        <geometry id="ID78">
            <mesh>
                <source id="ID84">
                    <float_array id="ID88" count="24">1.122047 -0.1181102 1.909449 0.05905512 -0.1181102 1.219937 1.122047 -0.1181102 1.219937 0.05905512 -0.1181102 1.909449 0.05905512 -0.1181102 1.909449 1.122047 -0.1181102 1.909449 0.05905512 -0.1181102 1.219937 1.122047 -0.1181102 1.219937</float_array>
                    <technique_common>
                        <accessor count="8" source="#ID88" stride="3">
                            <param name="X" type="float" />
                            <param name="Y" type="float" />
                            <param name="Z" type="float" />
                        </accessor>
                    </technique_common>
                </source>
                <source id="ID85">
                    <float_array id="ID89" count="24">0 -1 0 0 -1 0 0 -1 0 0 -1 0 -0 1 -0 -0 1 -0 -0 1 -0 -0 1 -0</float_array>
                    <technique_common>
                        <accessor count="8" source="#ID89" stride="3">
                            <param name="X" type="float" />
                            <param name="Y" type="float" />
                            <param name="Z" type="float" />
                        </accessor>
                    </technique_common>
                </source>
                <source id="ID87">
                    <float_array id="ID90" count="8">0.01558399 0.02652012 0.00082021 0.01694357 0.01558399 0.01694357 0.00082021 0.02652012</float_array>
                    <technique_common>
                        <accessor count="4" source="#ID90" stride="2">
                            <param name="S" type="float" />
                            <param name="T" type="float" />
                        </accessor>
                    </technique_common>
                </source>
                <vertices id="ID86">
                    <input semantic="POSITION" source="#ID84" />
                    <input semantic="NORMAL" source="#ID85" />
                </vertices>
                <triangles count="4" material="Material2">
                    <input offset="0" semantic="VERTEX" source="#ID86" />
                    <input offset="1" semantic="TEXCOORD" source="#ID87" />
                    <p>0 0 1 1 2 2 1 1 0 0 3 3 4 3 5 0 6 1 7 2 6 1 5 0</p>
                </triangles>
            </mesh>
        </geometry>
        <geometry id="ID93">
            <mesh>
                <source id="ID99">
                    <float_array id="ID103" count="435">-0.1555467 0.01472438 0.0416786 -0.1610338 0.01472438 -7.771561e-16 -6.661338e-16 0.01878334 -5.551115e-16 -0.1555467 0.01472438 -0.0416786 -0.1394593 0.01472438 0.08051688 -0.3219354 0.007042648 -7.771561e-16 -0.3109657 0.007042648 0.08332301 -0.1394593 0.01472438 -0.08051688 -0.3109657 0.007042648 -0.08332301 -0.1138681 0.01472438 0.1138681 -0.2788042 0.007042648 0.1609677 -0.4620569 -0.002811591 -5.551115e-16 -0.4463127 -0.002811591 0.1195891 -0.1138681 0.01472438 -0.1138681 -0.2788042 0.007042648 -0.1609677 -0.4463127 -0.002811591 -0.1195891 -0.08051688 0.01472438 0.1394593 -0.2276427 0.007042648 0.2276427 -0.400153 -0.002811591 0.2310285 -0.4620569 -0.002811591 -5.551115e-16 -0.4603599 0.002152928 0.1233531 -0.4765996 0.002152928 -7.771561e-16 -0.4463127 -0.002811591 0.1195891 -0.08051688 0.01472438 -0.1394593 -0.2276427 0.007042648 -0.2276427 -0.400153 -0.002811591 -0.2310285 -0.4463127 -0.002811591 -0.1195891 -0.4603599 0.002152928 -0.1233531 -0.0416786 0.01472438 0.1555467 -0.1609677 0.007042648 0.2788042 -0.3267236 -0.002811591 0.3267236 -0.400153 -0.002811591 0.2310285 -0.4127474 0.002152928 0.2382998 -0.4661784 0.01618381 0.1249121 -0.4826234 0.01618381 -5.551115e-16 -0.0416786 0.01472438 -0.1555467 -0.1609677 0.007042648 -0.2788042 -0.3267236 -0.002811591 -0.3267236 -0.400153 -0.002811591 -0.2310285 -0.4127474 0.002152928 -0.2382998 -0.4661784 0.01618381 -0.1249121 -6.661338e-16 0.01472438 0.1610338 -0.08332301 0.007042648 0.3109657 -0.2310285 -0.002811591 0.400153 -0.3267236 -0.002811591 0.3267236 -0.3370068 0.002152928 0.3370068 -0.4179641 0.01618381 0.2413117 -6.661338e-16 0.01472438 -0.1610338 -0.08332301 0.007042648 -0.3109657 -0.2310285 -0.002811591 -0.400153 -0.3267236 -0.002811591 -0.3267236 -0.3370068 0.002152928 -0.3370068 -0.4179641 0.01618381 -0.2413117 0.0416786 0.01472438 0.1555467 -6.661338e-16 0.007042648 0.3219354 -0.1195891 -0.002811591 0.4463127 -0.2310285 -0.002811591 0.400153 -0.2382998 0.002152928 0.4127474 -0.3412663 0.01618381 0.3412663 0.0416786 0.01472438 -0.1555467 -6.661338e-16 0.007042648 -0.3219354 -0.1195891 -0.002811591 -0.4463127 -0.2310285 -0.002811591 -0.400153 -0.2382998 0.002152928 -0.4127474 -0.3412663 0.01618381 -0.3412663 0.08051688 0.01472438 0.1394593 0.08332301 0.007042648 0.3109657 -6.661338e-16 -0.002811591 0.4620569 -0.1195891 -0.002811591 0.4463127 -0.1233531 0.002152928 0.4603599 -0.2413117 0.01618381 0.4179641 0.08051688 0.01472438 -0.1394593 0.08332301 0.007042648 -0.3109657 -1.110223e-15 -0.002811591 -0.4620569 -0.1195891 -0.002811591 -0.4463127 -0.1233531 0.002152928 -0.4603599 -0.2413117 0.01618381 -0.4179641 0.1138681 0.01472438 0.1138681 0.1609677 0.007042648 0.2788042 0.1195891 -0.002811591 0.4463127 -6.661338e-16 -0.002811591 0.4620569 -6.661338e-16 0.002152928 0.4765996 -0.1249121 0.01618381 0.4661784 0.1138681 0.01472438 -0.1138681 0.1609677 0.007042648 -0.2788042 0.1195891 -0.002811591 -0.4463127 -1.110223e-15 -0.002811591 -0.4620569 -8.881784e-16 0.002152928 -0.4765996 -0.1249121 0.01618381 -0.4661784 0.1394593 0.01472438 0.08051688 0.2276427 0.007042648 0.2276427 0.2310285 -0.002811591 0.400153 0.1233531 0.002152928 0.4603599 0.1195891 -0.002811591 0.4463127 -6.661338e-16 0.01618381 0.4826234 0.1394593 0.01472438 -0.08051688 0.2276427 0.007042648 -0.2276427 0.2310285 -0.002811591 -0.400153 0.1233531 0.002152928 -0.4603599 0.1195891 -0.002811591 -0.4463127 -1.110223e-15 0.01618381 -0.4826234 0.1555467 0.01472438 0.0416786 0.2788042 0.007042648 0.1609677 0.3267236 -0.002811591 0.3267236 0.2382998 0.002152928 0.4127474 0.2310285 -0.002811591 0.400153 0.1249121 0.01618381 0.4661784 0.1555467 0.01472438 -0.0416786 0.2788042 0.007042648 -0.1609677 0.3267236 -0.002811591 -0.3267236 0.2382998 0.002152928 -0.4127474 0.2310285 -0.002811591 -0.400153 0.1249121 0.01618381 -0.4661784 0.1610338 0.01472438 -7.771561e-16 0.3109657 0.007042648 0.08332301 0.400153 -0.002811591 0.2310285 0.3370068 0.002152928 0.3370068 0.3267236 -0.002811591 0.3267236 0.2413117 0.01618381 0.4179641 0.3109657 0.007042648 -0.08332301 0.400153 -0.002811591 -0.2310285 0.3370068 0.002152928 -0.3370068 0.3267236 -0.002811591 -0.3267236 0.2413117 0.01618381 -0.4179641 0.3219354 0.007042648 -7.771561e-16 0.4463127 -0.002811591 0.1195891 0.4127474 0.002152928 0.2382998 0.400153 -0.002811591 0.2310285 0.3412663 0.01618381 0.3412663 0.4463127 -0.002811591 -0.1195891 0.4127474 0.002152928 -0.2382998 0.400153 -0.002811591 -0.2310285 0.3412663 0.01618381 -0.3412663 0.4620569 -0.002811591 -5.551115e-16 0.4603599 0.002152928 0.1233531 0.4463127 -0.002811591 0.1195891 0.4179641 0.01618381 0.2413117 0.4603599 0.002152928 -0.1233531 0.4463127 -0.002811591 -0.1195891 0.4179641 0.01618381 -0.2413117 0.4620569 -0.002811591 -5.551115e-16 0.4765996 0.002152928 -5.551115e-16 0.4661784 0.01618381 0.1249121 0.4661784 0.01618381 -0.1249121 0.4826234 0.01618381 -5.551115e-16</float_array>
                    <technique_common>
                        <accessor count="145" source="#ID103" stride="3">
                            <param name="X" type="float" />
                            <param name="Y" type="float" />
                            <param name="Z" type="float" />
                        </accessor>
                    </technique_common>
                </source>
                <source id="ID100">
                    <float_array id="ID104" count="435">0.03610752 -0.9993011 -0.00967498 0.03738125 -0.9993011 -2.526501e-17 2.210138e-18 -1 -3.460247e-17 0.03610752 -0.9993011 0.00967498 0.03237311 -0.9993011 -0.01869063 0.05985834 -0.9982069 -2.761314e-17 0.05781871 -0.9982069 -0.01549248 0.03237311 -0.9993011 0.01869063 0.05781871 -0.9982069 0.01549248 0.02643254 -0.9993011 -0.02643254 0.05183884 -0.9982069 -0.02992917 0.0701531 -0.9975362 -3.914741e-17 0.06776269 -0.9975362 -0.01815696 0.02643254 -0.9993011 0.02643254 0.05183884 -0.9982069 0.02992917 0.06776269 -0.9975362 0.01815696 0.01869063 -0.9993011 -0.03237311 0.04232624 -0.9982069 -0.04232624 0.06075436 -0.9975362 -0.03507655 -0.3230693 -0.9463753 3.647501e-16 -0.6731735 -0.7171484 0.1803763 -0.6969205 -0.7171484 -1.077953e-15 -0.3120609 -0.9463753 0.08361648 0.01869063 -0.9993011 0.03237311 0.04232624 -0.9982069 0.04232624 0.06075436 -0.9975362 0.03507655 -0.3120609 -0.9463753 -0.08361648 -0.6731735 -0.7171484 -0.1803763 0.00967498 -0.9993011 -0.03610752 0.02992917 -0.9982069 -0.05183884 0.04960573 -0.9975362 -0.04960573 -0.2797862 -0.9463753 0.1615346 -0.6035509 -0.7171484 0.3484603 -0.8875841 -0.3945029 0.2378275 -0.9188947 -0.3945029 7.544857e-16 0.00967498 -0.9993011 0.03610752 0.02992917 -0.9982069 0.05183884 0.04960573 -0.9975362 0.04960573 -0.2797862 -0.9463753 -0.1615346 -0.6035509 -0.7171484 -0.3484603 -0.8875841 -0.3945029 -0.2378275 2.761203e-17 -0.9993011 -0.03738125 0.01549248 -0.9982069 -0.05781871 0.03507655 -0.9975362 -0.06075436 -0.2284445 -0.9463753 0.2284445 -0.4927972 -0.7171484 0.4927972 -0.7957862 -0.3945029 0.4594474 -4.694045e-18 -0.9993011 0.03738125 0.01549248 -0.9982069 0.05781871 0.03507655 -0.9975362 0.06075436 -0.2284445 -0.9463753 -0.2284445 -0.4927972 -0.7171484 -0.4927972 -0.7957862 -0.3945029 -0.4594474 -0.00967498 -0.9993011 -0.03610752 4.473329e-17 -0.9982069 -0.05985834 0.01815696 -0.9975362 -0.06776269 -0.1615346 -0.9463753 0.2797862 -0.3484603 -0.7171484 0.6035509 -0.6497567 -0.3945029 0.6497567 -0.00967498 -0.9993011 0.03610752 -1.104526e-17 -0.9982069 0.05985834 0.01815696 -0.9975362 0.06776269 -0.1615346 -0.9463753 -0.2797862 -0.3484603 -0.7171484 -0.6035509 -0.6497567 -0.3945029 -0.6497567 -0.01869063 -0.9993011 -0.03237311 -0.01549248 -0.9982069 -0.05781871 3.914741e-17 -0.9975362 -0.0701531 -0.08361648 -0.9463753 0.3120609 -0.1803763 -0.7171484 0.6731735 -0.4594474 -0.3945029 0.7957862 -0.01869063 -0.9993011 0.03237311 -0.01549248 -0.9982069 0.05781871 2.228391e-17 -0.9975362 0.0701531 -0.08361648 -0.9463753 -0.3120609 -0.1803763 -0.7171484 -0.6731735 -0.4594474 -0.3945029 -0.7957862 -0.02643254 -0.9993011 -0.02643254 -0.02992917 -0.9982069 -0.05183884 -0.01815696 -0.9975362 -0.06776269 -2.950787e-16 -0.9463753 0.3230693 -5.911358e-16 -0.7171484 0.6969205 -0.2378275 -0.3945029 0.8875841 -0.02643254 -0.9993011 0.02643254 -0.02992917 -0.9982069 0.05183884 -0.01815696 -0.9975362 0.06776269 -4.385198e-16 -0.9463753 -0.3230693 7.848694e-16 -0.7171484 -0.6969205 -0.2378275 -0.3945029 -0.8875841 -0.03237311 -0.9993011 -0.01869063 -0.04232624 -0.9982069 -0.04232624 -0.03507655 -0.9975362 -0.06075436 0.1803763 -0.7171484 0.6731735 0.08361648 -0.9463753 0.3120609 -7.544857e-16 -0.3945029 0.9188947 -0.03237311 -0.9993011 0.01869063 -0.04232624 -0.9982069 0.04232624 -0.03507655 -0.9975362 0.06075436 0.1803763 -0.7171484 -0.6731735 0.08361648 -0.9463753 -0.3120609 -1.196136e-15 -0.3945029 -0.9188947 -0.03610752 -0.9993011 -0.00967498 -0.05183884 -0.9982069 -0.02992917 -0.04960573 -0.9975362 -0.04960573 0.3484603 -0.7171484 0.6035509 0.1615346 -0.9463753 0.2797862 0.2378275 -0.3945029 0.8875841 -0.03610752 -0.9993011 0.00967498 -0.05183884 -0.9982069 0.02992917 -0.04960573 -0.9975362 0.04960573 0.3484603 -0.7171484 -0.6035509 0.1615346 -0.9463753 -0.2797862 0.2378275 -0.3945029 -0.8875841 -0.03738125 -0.9993011 2.070902e-17 -0.05781871 -0.9982069 -0.01549248 -0.06075436 -0.9975362 -0.03507655 0.4927972 -0.7171484 0.4927972 0.2284445 -0.9463753 0.2284445 0.4594474 -0.3945029 0.7957862 -0.05781871 -0.9982069 0.01549248 -0.06075436 -0.9975362 0.03507655 0.4927972 -0.7171484 -0.4927972 0.2284445 -0.9463753 -0.2284445 0.4594474 -0.3945029 -0.7957862 -0.05985834 -0.9982069 4.197197e-17 -0.06776269 -0.9975362 -0.01815696 0.6035509 -0.7171484 0.3484603 0.2797862 -0.9463753 0.1615346 0.6497567 -0.3945029 0.6497567 -0.06776269 -0.9975362 0.01815696 0.6035509 -0.7171484 -0.3484603 0.2797862 -0.9463753 -0.1615346 0.6497567 -0.3945029 -0.6497567 -0.0701531 -0.9975362 3.613607e-18 0.6731735 -0.7171484 0.1803763 0.3120609 -0.9463753 0.08361648 0.7957862 -0.3945029 0.4594474 0.6731735 -0.7171484 -0.1803763 0.3120609 -0.9463753 -0.08361648 0.7957862 -0.3945029 -0.4594474 0.3230693 -0.9463753 -2.090141e-15 0.6969205 -0.7171484 -1.182272e-15 0.8875841 -0.3945029 0.2378275 0.8875841 -0.3945029 -0.2378275 0.9188947 -0.3945029 -3.404387e-16</float_array>
                    <technique_common>
                        <accessor count="145" source="#ID104" stride="3">
                            <param name="X" type="float" />
                            <param name="Y" type="float" />
                            <param name="Z" type="float" />
                        </accessor>
                    </technique_common>
                </source>
                <source id="ID102">
                    <float_array id="ID105" count="266">-0.661147 0.5431792 -0.6668317 0.5 -0.5 0.5 -0.661147 0.4568208 -0.6444805 0.5834159 -0.8335265 0.5 -0.8221618 0.586323 -0.6444805 0.4165842 -0.8221619 0.413677 -0.6179678 0.6179678 -0.7888424 0.6667633 -0.978693 0.5 -0.962382 0.6238949 -0.6179678 0.3820322 -0.7888424 0.3332368 -0.962382 0.3761051 -0.5834158 0.6444805 -0.7358388 0.7358389 -0.9145603 0.7393465 -0.9769349 0.6277943 -0.9937593 0.5 -0.5834158 0.3555195 -0.7358388 0.2641612 -0.9145603 0.2606535 -0.962382 0.3761051 -0.9937593 0.5 -0.9769349 0.3722057 -0.978693 0.5 -0.5431792 0.661147 -0.6667632 0.7888424 -0.8384871 0.8384871 -0.9276081 0.7468797 -0.9829629 0.6294095 -1 0.5 -0.5431792 0.338853 -0.6667632 0.2111576 -0.8384871 0.1615129 -0.9769349 0.3722057 -0.9276081 0.2531203 -1 0.5 -0.9829629 0.3705905 -0.5 0.6668317 -0.586323 0.8221619 -0.7393465 0.9145603 -0.8491406 0.8491406 -0.9330127 0.75 -0.5 0.3331683 -0.586323 0.1778381 -0.7393465 0.08543967 -0.8491406 0.1508594 -0.9829629 0.3705905 -0.9330127 0.25 -0.4568208 0.661147 -0.5 0.8335265 -0.6238949 0.962382 -0.7468797 0.9276081 -0.8535534 0.8535534 -0.4568208 0.338853 -0.5 0.1664735 -0.6238949 0.03761803 -0.7468797 0.07239187 -0.8535534 0.1464466 -0.4165841 0.6444805 -0.413677 0.8221619 -0.5 0.9786931 -0.6277943 0.9769349 -0.75 0.9330127 -0.4165842 0.3555195 -0.413677 0.1778381 -0.5 0.02130696 -0.6277943 0.02306511 -0.75 0.0669873 -0.3820322 0.6179678 -0.3332367 0.7888424 -0.3761051 0.962382 -0.5 0.9937594 -0.6294095 0.9829629 -0.3820322 0.3820322 -0.3332368 0.2111576 -0.3761051 0.03761803 -0.5 0.02130696 -0.6277943 0.02306511 -0.5 0.006240665 -0.6238949 0.03761803 -0.6294095 0.01703709 -0.3555195 0.5834159 -0.2641611 0.7358389 -0.2606535 0.9145603 -0.3722057 0.9769349 -0.5 1 -0.3555195 0.4165842 -0.2641612 0.2641612 -0.2606535 0.08543967 -0.3722057 0.02306511 -0.5 0.006240665 -0.5 2.320366e-14 -0.6294095 0.01703709 -0.338853 0.5431792 -0.2111576 0.6667633 -0.1615129 0.8384871 -0.2531203 0.9276081 -0.3705905 0.9829629 -0.338853 0.4568208 -0.2111576 0.3332368 -0.1615129 0.1615129 -0.2531203 0.07239187 -0.3705905 0.01703709 -0.5 2.364775e-14 -0.3331683 0.5 -0.1778381 0.586323 -0.08543965 0.7393465 -0.1508594 0.8491406 -0.25 0.9330127 -0.1778381 0.413677 -0.08543966 0.2606535 -0.1508594 0.1508594 -0.25 0.0669873 -0.1664735 0.5 -0.03761801 0.6238949 -0.07239185 0.7468797 -0.1464466 0.8535534 -0.03761802 0.3761051 -0.07239187 0.2531203 -0.1464466 0.1464466 -0.02130695 0.5 -0.02306509 0.6277943 -0.06698728 0.75 -0.0230651 0.3722057 -0.06698729 0.25 -0.00624065 0.5 -0.01703707 0.6294095 -0.01703708 0.3705905 1.490117e-08 0.5</float_array>
                    <technique_common>
                        <accessor count="133" source="#ID105" stride="2">
                            <param name="S" type="float" />
                            <param name="T" type="float" />
                        </accessor>
                    </technique_common>
                </source>
                <vertices id="ID101">
                    <input semantic="POSITION" source="#ID99" />
                    <input semantic="NORMAL" source="#ID100" />
                </vertices>
                <triangles count="216" material="Material2">
                    <input offset="0" semantic="VERTEX" source="#ID101" />
                    <input offset="1" semantic="TEXCOORD" source="#ID102" />
                    <p>0 0 1 1 2 2 2 2 1 1 3 3 4 4 0 0 2 2 0 0 5 5 1 1 5 5 0 0 6 6 2 2 3 3 7 7 3 3 5 5 8 8 5 5 3 3 1 1 9 9 4 4 2 2 4 4 6 6 0 0 6 6 4 4 10 10 6 6 11 11 5 5 11 11 6 6 12 12 2 2 7 7 13 13 7 7 8 8 14 14 8 8 7 7 3 3 8 8 11 11 15 15 11 11 8 8 5 5 16 16 9 9 2 2 9 9 10 10 4 4 10 10 9 9 17 17 10 10 12 12 6 6 12 12 10 10 18 18 19 11 20 19 21 20 20 19 19 11 22 12 2 2 13 13 23 21 13 13 14 14 24 22 14 14 13 13 7 7 14 14 15 15 25 23 15 15 14 14 8 8 26 24 21 25 27 26 21 25 26 24 19 27 28 28 16 16 2 2 16 16 17 17 9 9 17 17 16 16 29 29 17 17 18 18 10 10 18 18 17 17 30 30 31 18 20 19 22 12 20 19 31 18 32 31 33 32 21 20 20 19 21 20 33 32 34 33 2 2 23 21 35 34 23 21 24 22 36 35 24 22 23 21 13 13 24 22 25 23 37 36 25 23 24 22 14 14 38 23 27 37 39 38 27 37 38 23 26 15 34 39 27 26 21 25 27 26 34 39 40 40 41 41 28 28 2 2 28 28 29 29 16 16 29 29 28 28 42 42 29 29 30 30 17 17 30 30 29 29 43 43 44 30 32 31 31 18 32 31 44 30 45 44 46 45 20 19 32 31 20 19 46 45 33 32 2 2 35 34 47 46 35 34 36 35 48 47 36 35 35 34 23 21 36 35 37 36 49 48 37 36 36 35 24 22 50 36 39 38 51 49 39 38 50 36 38 23 40 50 39 38 27 37 39 38 40 50 52 51 41 41 2 2 53 52 41 41 42 42 28 28 42 42 41 41 54 53 42 42 43 43 29 29 43 43 42 42 55 54 56 43 45 44 44 30 45 44 56 43 57 55 58 56 32 31 45 44 32 31 58 56 46 45 2 2 47 46 59 57 47 46 48 47 60 58 48 47 47 46 35 34 48 47 49 48 61 59 49 48 48 47 36 35 62 48 51 49 63 60 51 49 62 48 50 36 52 51 51 49 39 38 51 49 52 51 64 61 53 52 2 2 65 62 66 63 41 41 53 52 41 41 66 63 54 53 54 53 55 54 42 42 55 54 54 53 67 64 68 54 57 55 56 43 57 55 68 54 69 65 45 44 70 66 58 56 70 66 45 44 57 55 2 2 59 57 71 67 72 68 47 46 60 58 47 46 72 68 59 57 60 58 61 59 73 69 61 59 60 58 48 47 74 59 63 60 75 70 63 60 74 59 62 48 76 71 51 49 64 61 51 49 76 71 63 60 65 62 2 2 77 72 78 73 53 52 65 62 53 52 78 73 66 63 79 74 54 53 66 63 54 53 79 74 67 64 80 64 69 65 68 54 69 65 80 64 81 75 57 55 82 76 70 66 82 76 57 55 69 65 2 2 71 67 83 77 84 78 59 57 72 68 59 57 84 78 71 67 85 79 60 58 73 69 60 58 85 79 72 68 86 80 75 81 87 82 75 81 86 80 74 83 88 84 63 60 76 71 63 60 88 84 75 70 77 72 2 2 89 85 90 86 65 62 77 72 65 62 90 86 78 73 91 87 66 63 78 73 66 63 91 87 79 74 92 88 80 64 93 74 80 64 92 88 81 75 69 65 94 89 82 76 94 89 69 65 81 75 2 2 83 77 95 90 96 91 71 67 84 78 71 67 96 91 83 77 97 92 72 68 85 79 72 68 97 92 84 78 98 93 86 69 87 94 86 69 98 93 99 79 100 95 75 81 88 96 75 81 100 95 87 82 89 85 2 2 101 97 102 98 77 72 89 85 77 72 102 98 90 86 103 99 78 73 90 86 78 73 103 99 91 87 104 100 93 74 105 87 93 74 104 100 92 88 92 88 94 89 81 75 94 89 92 88 106 101 2 2 95 90 107 102 108 103 83 77 96 91 83 77 108 103 95 90 109 104 84 78 97 92 84 78 109 104 96 91 110 105 99 79 98 93 99 79 110 105 111 92 112 106 87 94 100 107 87 94 112 106 98 93 101 97 2 2 113 108 114 109 89 85 101 97 89 85 114 109 102 98 115 110 90 86 102 98 90 86 115 110 103 99 116 111 105 87 117 99 105 87 116 111 104 100 104 100 106 101 92 88 106 101 104 100 118 112 2 2 107 102 113 108 119 113 95 90 108 103 95 90 119 113 107 102 120 114 96 91 109 104 96 91 120 114 108 103 121 115 111 92 110 105 111 92 121 115 122 104 112 106 110 105 98 93 110 105 112 106 123 116 114 109 113 108 124 117 113 108 114 109 101 97 125 118 102 98 114 109 102 98 125 118 115 110 126 119 117 99 127 110 117 99 126 119 116 111 116 111 118 112 104 100 118 112 116 111 128 120 124 117 107 102 119 113 107 102 124 117 113 108 129 121 108 103 120 114 108 103 129 121 119 113 130 122 122 104 121 115 122 104 130 122 131 114 123 116 121 115 110 105 121 115 123 116 132 123 133 124 114 109 124 117 114 109 133 124 125 118 134 125 127 110 135 118 127 110 134 125 126 119 136 126 116 111 126 119 116 111 136 126 128 120 133 124 119 113 129 121 119 113 133 124 124 117 137 127 131 114 130 122 131 114 137 127 138 121 132 123 130 122 121 115 130 122 132 123 139 128 134 125 140 124 141 129 140 124 134 125 135 118 142 130 126 119 134 125 126 119 142 130 136 126 141 129 138 121 137 127 138 121 141 129 140 124 139 128 137 127 130 122 137 127 139 128 143 131 144 132 134 125 141 129 134 125 144 132 142 130 137 127 144 132 141 129 144 132 137 127 143 131</p>
                </triangles>
            </mesh>
        </geometry>
        <geometry id="ID106">
            <mesh>
                <source id="ID112">
                    <float_array id="ID116" count="144">0.4661784 0.08583079 -0.1249121 0.4826234 0.01618381 -5.551115e-16 0.4661784 0.01618381 -0.1249121 0.4826234 0.08583079 -7.771561e-16 0.4179641 0.08583079 -0.2413117 0.4179641 0.01618381 -0.2413117 0.4661784 0.01618381 0.1249121 0.4661784 0.08583079 0.1249121 0.3412663 0.08583079 -0.3412663 0.3412663 0.01618381 -0.3412663 0.4179641 0.01618381 0.2413117 0.4179641 0.08583079 0.2413117 0.2413117 0.08583079 -0.4179641 0.2413117 0.01618381 -0.4179641 0.3412663 0.01618381 0.3412663 0.3412663 0.08583079 0.3412663 0.1249121 0.01618381 -0.4661784 0.1249121 0.08583079 -0.4661784 0.2413117 0.08583079 0.4179641 0.2413117 0.01618381 0.4179641 -6.661338e-16 0.08583079 -0.4826234 -1.110223e-15 0.01618381 -0.4826234 0.1249121 0.08583079 0.4661784 0.1249121 0.01618381 0.4661784 -0.1249121 0.01618381 -0.4661784 -0.1249121 0.08583079 -0.4661784 -6.661338e-16 0.08583079 0.4826234 -6.661338e-16 0.01618381 0.4826234 -0.2413117 0.01618381 -0.4179641 -0.2413117 0.08583079 -0.4179641 -0.1249121 0.08583079 0.4661784 -0.1249121 0.01618381 0.4661784 -0.3412663 0.01618381 -0.3412663 -0.3412663 0.08583079 -0.3412663 -0.2413117 0.01618381 0.4179641 -0.2413117 0.08583079 0.4179641 -0.4179641 0.08583079 -0.2413117 -0.4179641 0.01618381 -0.2413117 -0.3412663 0.08583079 0.3412663 -0.3412663 0.01618381 0.3412663 -0.4661784 0.08583079 -0.1249121 -0.4661784 0.01618381 -0.1249121 -0.4179641 0.01618381 0.2413117 -0.4179641 0.08583079 0.2413117 -0.4826234 0.08583079 -7.771561e-16 -0.4826234 0.01618381 -5.551115e-16 -0.4661784 0.01618381 0.1249121 -0.4661784 0.08583079 0.1249121</float_array>
                    <technique_common>
                        <accessor count="48" source="#ID116" stride="3">
                            <param name="X" type="float" />
                            <param name="Y" type="float" />
                            <param name="Z" type="float" />
                        </accessor>
                    </technique_common>
                </source>
                <source id="ID113">
                    <float_array id="ID117" count="144">0.9659258 -5.035669e-16 -0.258819 1 1.00644e-16 3.208e-16 0.9659258 -5.035669e-16 -0.258819 1 1.00644e-16 -2.138666e-16 0.8660254 -1.843245e-15 -0.5 0.8660254 -1.843245e-15 -0.5 0.9659258 1.07115e-17 0.258819 0.9659258 1.07115e-17 0.258819 0.7071068 -9.43865e-16 -0.7071068 0.7071068 -9.43865e-16 -0.7071068 0.8660254 4.202383e-17 0.5 0.8660254 4.202383e-17 0.5 0.5 5.604691e-17 -0.8660254 0.5 5.604691e-17 -0.8660254 0.7071068 -1.256154e-15 0.7071068 0.7071068 -1.256154e-15 0.7071068 0.258819 -4.568762e-16 -0.9659258 0.258819 -4.568762e-16 -0.9659258 0.5 -1.298178e-15 0.8660254 0.5 -1.298178e-15 0.8660254 5.70311e-16 3.855624e-16 -1 -4.811999e-16 3.855624e-16 -1 0.258819 7.8865e-16 0.9659258 0.258819 7.8865e-16 0.9659258 -0.258819 1.396331e-15 -0.9659258 -0.258819 1.396331e-15 -0.9659258 -7.128888e-16 8.991133e-16 1 -7.128888e-16 8.991133e-16 1 -0.5 6.349093e-16 -0.8660254 -0.5 6.349093e-16 -0.8660254 -0.258819 8.498655e-16 0.9659258 -0.258819 8.498655e-16 0.9659258 -0.7071068 8.863107e-17 -0.7071068 -0.7071068 8.863107e-17 -0.7071068 -0.5 7.635404e-16 0.8660254 -0.5 7.635404e-16 0.8660254 -0.8660254 5.403634e-16 -0.5 -0.8660254 5.403634e-16 -0.5 -0.7071068 1.456524e-16 0.7071068 -0.7071068 1.456524e-16 0.7071068 -0.9659258 1.932802e-16 -0.258819 -0.9659258 1.932802e-16 -0.258819 -0.8660254 1.319283e-16 0.5 -0.8660254 1.319283e-16 0.5 -1 5.885247e-18 -8.019999e-16 -1 5.885247e-18 -2.584222e-16 -0.9659258 1.059344e-16 0.258819 -0.9659258 1.059344e-16 0.258819</float_array>
                    <technique_common>
                        <accessor count="48" source="#ID117" stride="3">
                            <param name="X" type="float" />
                            <param name="Y" type="float" />
                            <param name="Z" type="float" />
                        </accessor>
                    </technique_common>
                </source>
                <source id="ID115">
                    <float_array id="ID118" count="192">1.878462 0.05692756 1.774103 1.040834e-17 1.878462 1.214306e-17 1.774103 0.05692756 1.982821 0.05692756 1.878462 1.356554e-15 1.982821 1.304512e-15 1.878462 0.05692756 1.774103 0.05692756 1.669744 1.804112e-16 1.774103 1.804112e-16 1.669744 0.05692756 2.087179 0.05692756 1.982821 1.859624e-15 2.087179 1.854419e-15 1.982821 0.05692756 1.669744 0.05692756 1.565385 -4.614364e-16 1.669744 -4.614364e-16 1.565385 0.05692756 2.191538 0.05692756 2.087179 -9.506285e-16 2.191538 -8.708312e-16 2.087179 0.05692756 1.565385 0.05692756 1.461026 6.938894e-17 1.565385 6.418477e-17 1.461026 0.05692756 2.191538 0.05692756 2.295897 -9.887924e-17 2.295897 0.05692756 2.191538 1.734723e-17 1.461026 3.802514e-15 1.356667 0.05692756 1.356667 3.460773e-15 1.461026 0.05692756 2.400256 0.05692756 2.295897 8.430756e-16 2.400256 6.921547e-16 2.295897 0.05692756 1.356667 -3.070461e-16 1.252308 0.05692756 1.252308 -3.122502e-16 1.356667 0.05692756 2.400256 0.05692756 2.504615 4.574466e-15 2.504615 0.05692756 2.400256 5.322132e-15 1.252308 -6.925016e-15 1.147949 0.05692756 1.147949 -5.873774e-15 1.252308 0.05692756 -1.533496e-15 0.05692756 0.104359 2.048708e-15 0.104359 0.05692756 -1.734723e-15 2.439021e-15 1.147949 6.800116e-16 1.04359 0.05692756 1.04359 5.238865e-16 1.147949 0.05692756 0.104359 0.05692756 0.2087179 -3.816392e-17 0.2087179 0.05692756 0.104359 -8.1532e-17 0.9392308 1.580333e-15 1.04359 0.05692756 0.9392308 0.05692756 1.04359 1.762479e-15 0.3130769 0.05692756 0.2087179 7.771561e-16 0.3130769 7.407269e-16 0.2087179 0.05692756 0.9392308 8.1532e-17 0.8348718 0.05692756 0.8348718 7.979728e-17 0.9392308 0.05692756 0.4174359 0.05692756 0.3130769 -5.793976e-16 0.4174359 -6.054185e-16 0.3130769 0.05692756 0.8348718 0.05692756 0.7305128 6.123574e-16 0.8348718 4.475587e-16 0.7305128 0.05692756 0.5217949 0.05692756 0.4174359 -1.040834e-16 0.5217949 -1.00614e-16 0.4174359 0.05692756 0.7305128 0.05692756 0.6261538 2.706169e-16 0.7305128 2.706169e-16 0.6261538 0.05692756 0.6261538 0.05692756 0.5217949 3.712308e-16 0.6261538 3.729655e-16 0.5217949 0.05692756</float_array>
                    <technique_common>
                        <accessor count="96" source="#ID118" stride="2">
                            <param name="S" type="float" />
                            <param name="T" type="float" />
                        </accessor>
                    </technique_common>
                </source>
                <vertices id="ID114">
                    <input semantic="POSITION" source="#ID112" />
                    <input semantic="NORMAL" source="#ID113" />
                </vertices>
                <triangles count="48" material="Material2">
                    <input offset="0" semantic="VERTEX" source="#ID114" />
                    <input offset="1" semantic="TEXCOORD" source="#ID115" />
                    <p>0 0 1 1 2 2 1 1 0 0 3 3 4 4 2 5 5 6 2 5 4 4 0 7 3 8 6 9 1 10 6 9 3 8 7 11 8 12 5 13 9 14 5 13 8 12 4 15 7 16 10 17 6 18 10 17 7 16 11 19 12 20 9 21 13 22 9 21 12 20 8 23 11 24 14 25 10 26 14 25 11 24 15 27 12 28 16 29 17 30 16 29 12 28 13 31 14 32 18 33 19 34 18 33 14 32 15 35 20 36 16 37 21 38 16 37 20 36 17 39 19 40 22 41 23 42 22 41 19 40 18 43 20 44 24 45 25 46 24 45 20 44 21 47 23 48 26 49 27 50 26 49 23 48 22 51 25 52 28 53 29 54 28 53 25 52 24 55 27 56 30 57 31 58 30 57 27 56 26 59 29 60 32 61 33 62 32 61 29 60 28 63 34 64 30 65 35 66 30 65 34 64 31 67 36 68 32 69 37 70 32 69 36 68 33 71 34 72 38 73 39 74 38 73 34 72 35 75 40 76 37 77 41 78 37 77 40 76 36 79 38 80 42 81 39 82 42 81 38 80 43 83 44 84 41 85 45 86 41 85 44 84 40 87 43 88 46 89 42 90 46 89 43 88 47 91 47 92 45 93 46 94 45 93 47 92 44 95</p>
                </triangles>
            </mesh>
        </geometry>
    </library_geometries>
    <library_materials>
        <material id="ID6" name="plastic_black">
            <instance_effect url="#ID7" />
        </material>
        <material id="ID14" name="housing">
            <instance_effect url="#ID15" />
        </material>
        <material id="ID35" name="plastic_housing">
            <instance_effect url="#ID36" />
        </material>
        <material id="ID45" name="plastic_black_textured">
            <instance_effect url="#ID46" />
        </material>
        <material id="ID58" name="placard">
            <instance_effect url="#ID59" />
        </material>
        <material id="ID79" name="plastic_glass">
            <instance_effect url="#ID80" />
        </material>
        <material id="ID94" name="button_color">
            <instance_effect url="#ID95" />
        </material>
        <material id="ID107" name="button_side_color">
            <instance_effect url="#ID108" />
        </material>
    </library_materials>
    <library_effects>
        <effect id="ID7">
            <profile_COMMON>
                <technique sid="COMMON">
                    <lambert>
                        <diffuse>
                            <color>0.1372549 0.1372549 0.1372549 1</color>
                        </diffuse>
                    </lambert>
                </technique>
            </profile_COMMON>
        </effect>
        <effect id="ID15">
            <profile_COMMON>
                <newparam sid="ID17">
                    <surface type="2D">
                        <init_from>ID16</init_from>
                    </surface>
                </newparam>
                <newparam sid="ID18">
                    <sampler2D>
                        <source>ID17</source>
                    </sampler2D>
                </newparam>
                <technique sid="COMMON">
                    <lambert>
                        <diffuse>
                            <texture texture="ID18" texcoord="UVSET0" />
                        </diffuse>
                    </lambert>
                </technique>
            </profile_COMMON>
        </effect>
        <effect id="ID36">
            <profile_COMMON>
                <technique sid="COMMON">
                    <lambert>
                        <diffuse>
                            <color>0.3882353 0.3882353 0.427451 0</color>
                        </diffuse>
                        <transparent opaque="RGB_ZERO">
                            <color>1 1 1 1</color>
                        </transparent>
                        <transparency>
                            <float>1</float>
                        </transparency>
                    </lambert>
                </technique>
            </profile_COMMON>
        </effect>
        <effect id="ID46">
            <profile_COMMON>
                <newparam sid="ID48">
                    <surface type="2D">
                        <init_from>ID47</init_from>
                    </surface>
                </newparam>
                <newparam sid="ID49">
                    <sampler2D>
                        <source>ID48</source>
                    </sampler2D>
                </newparam>
                <technique sid="COMMON">
                    <lambert>
                        <diffuse>
                            <texture texture="ID49" texcoord="UVSET0" />
                        </diffuse>
                    </lambert>
                </technique>
            </profile_COMMON>
        </effect>
        <effect id="ID59">
            <profile_COMMON>
                <newparam sid="ID61">
                    <surface type="2D">
                        <init_from>ID60</init_from>
                    </surface>
                </newparam>
                <newparam sid="ID62">
                    <sampler2D>
                        <source>ID61</source>
                    </sampler2D>
                </newparam>
                <technique sid="COMMON">
                    <lambert>
                        <diffuse>
                            <texture texture="ID62" texcoord="UVSET0" />
                        </diffuse>
                    </lambert>
                </technique>
            </profile_COMMON>
        </effect>
        <effect id="ID80">
            <profile_COMMON>
                <newparam sid="ID82">
                    <surface type="2D">
                        <init_from>ID81</init_from>
                    </surface>
                </newparam>
                <newparam sid="ID83">
                    <sampler2D>
                        <source>ID82</source>
                    </sampler2D>
                </newparam>
                <technique sid="COMMON">
                    <lambert>
                        <diffuse>
                            <texture texture="ID83" texcoord="UVSET0" />
                        </diffuse>
                        <transparent opaque="RGB_ZERO">
                            <color>0.48 0.48 0.48 1</color>
                        </transparent>
                        <transparency>
                            <float>1</float>
                        </transparency>
                    </lambert>
                </technique>
            </profile_COMMON>
        </effect>
        <effect id="ID95">
            <profile_COMMON>
                <newparam sid="ID97">
                    <surface type="2D">
                        <init_from>ID96</init_from>
                    </surface>
                </newparam>
                <newparam sid="ID98">
                    <sampler2D>
                        <source>ID97</source>
                    </sampler2D>
                </newparam>
                <technique sid="COMMON">
                    <lambert>
                        <diffuse>
                            <texture texture="ID98" texcoord="UVSET0" />
                        </diffuse>
                    </lambert>
                </technique>
            </profile_COMMON>
        </effect>
        <effect id="ID108">
            <profile_COMMON>
                <newparam sid="ID110">
                    <surface type="2D">
                        <init_from>ID109</init_from>
                    </surface>
                </newparam>
                <newparam sid="ID111">
                    <sampler2D>
                        <source>ID110</source>
                    </sampler2D>
                </newparam>
                <technique sid="COMMON">
                    <lambert>
                        <diffuse>
                            <texture texture="ID111" texcoord="UVSET0" />
                        </diffuse>
                    </lambert>
                </technique>
            </profile_COMMON>
        </effect>
    </library_effects>
    <library_images>
        <image id="ID16">
            <init_from>push_button_flat/housing.jpg</init_from>
        </image>
        <image id="ID47">
            <init_from>push_button_flat/plastic_black_textured.jpg</init_from>
        </image>
        <image id="ID60">
            <init_from>push_button_flat/placard.png</init_from>
        </image>
        <image id="ID81">
            <init_from>push_button_flat/plastic_glass.jpg</init_from>
        </image>
        <image id="ID96">
            <init_from>push_button_flat/button_color.jpg</init_from>
        </image>
        <image id="ID109">
            <init_from>push_button_flat/button_side_color.jpg</init_from>
        </image>
    </library_images>
    <scene>
        <instance_visual_scene url="#ID2" />
    </scene>
</COLLADA>
