<?xml version="1.0" encoding="UTF-8" standalone="no" ?>
<COLLADA xmlns="http://www.collada.org/2005/11/COLLADASchema" version="1.4.1">
    <asset>
        <contributor>
            <authoring_tool>SketchUp 17.2.2555</authoring_tool>
        </contributor>
        <created>2026-05-21T00:46:41Z</created>
        <modified>2026-05-21T00:46:41Z</modified>
        <unit meter="0.0254" name="inch" />
        <up_axis>Z_UP</up_axis>
    </asset>
    <library_cameras>
        <camera id="ID1" name="skp_camera_Last_Saved_SketchUp_View">
            <optics>
                <technique_common>
                    <perspective>
                        <yfov>35</yfov>
                        <aspect_ratio>0</aspect_ratio>
                        <znear>0.1</znear>
                        <zfar>2</zfar>
                    </perspective>
                </technique_common>
            </optics>
        </camera>
    </library_cameras>
    <library_visual_scenes>
        <visual_scene id="ID2">
            <node name="SketchUp">
                <node name="skp_camera_Last_Saved_SketchUp_View">
                    <matrix>0.7152905 0.2248333 -0.6616717 -3.342555 -0.6988272 0.2301301 -0.6772597 -4.467773 2.775558e-17 0.9468316 0.3217295 2.697091 0 0 0 1</matrix>
                    <instance_camera url="#ID1" />
                </node>
                <node id="ID3" name="instance_0">
                    <matrix>1 0 0 0.5905512 0 1 0 -0.1181102 0 0 1 0.5804409 0 0 0 1</matrix>
                    <instance_node url="#ID4" />
                </node>
                <node id="ID42" name="instance_1">
                    <matrix>1 0 0 0 0 1 0 0 0 0 1 0 0 0 0 1</matrix>
                    <instance_node url="#ID43" />
                </node>
                <node id="ID91" name="instance_2">
                    <matrix>1 0 0 0.5905512 0 1 0 -0.8109252 0 0 1 0.5804409 0 0 0 1</matrix>
                    <instance_node url="#ID92" />
                </node>
            </node>
        </visual_scene>
    </library_visual_scenes>
    <library_nodes>
        <node id="ID4" name="housing">
            <instance_geometry url="#ID5">
                <bind_material>
                    <technique_common>
                        <instance_material symbol="Material2" target="#ID6">
                            <bind_vertex_input semantic="UVSET0" input_semantic="TEXCOORD" input_set="0" />
                        </instance_material>
                    </technique_common>
                </bind_material>
            </instance_geometry>
            <instance_geometry url="#ID13">
                <bind_material>
                    <technique_common>
                        <instance_material symbol="Material2" target="#ID14">
                            <bind_vertex_input semantic="UVSET0" input_semantic="TEXCOORD" input_set="0" />
                        </instance_material>
                    </technique_common>
                </bind_material>
            </instance_geometry>
            <instance_geometry url="#ID26">
                <bind_material>
                    <technique_common>
                        <instance_material symbol="Material2" target="#ID14">
                            <bind_vertex_input semantic="UVSET0" input_semantic="TEXCOORD" input_set="0" />
                        </instance_material>
                    </technique_common>
                </bind_material>
            </instance_geometry>
            <instance_geometry url="#ID34">
                <bind_material>
                    <technique_common>
                        <instance_material symbol="Material2" target="#ID14">
                            <bind_vertex_input semantic="UVSET0" input_semantic="TEXCOORD" input_set="0" />
                        </instance_material>
                    </technique_common>
                </bind_material>
            </instance_geometry>
        </node>
        <node id="ID43" name="placard">
            <instance_geometry url="#ID44">
                <bind_material>
                    <technique_common>
                        <instance_material symbol="Material2" target="#ID45">
                            <bind_vertex_input semantic="UVSET0" input_semantic="TEXCOORD" input_set="0" />
                        </instance_material>
                    </technique_common>
                </bind_material>
            </instance_geometry>
            <instance_geometry url="#ID57">
                <bind_material>
                    <technique_common>
                        <instance_material symbol="Material2" target="#ID58">
                            <bind_vertex_input semantic="UVSET0" input_semantic="TEXCOORD" input_set="0" />
                        </instance_material>
                    </technique_common>
                </bind_material>
            </instance_geometry>
            <instance_geometry url="#ID70">
                <bind_material>
                    <technique_common>
                        <instance_material symbol="Material2" target="#ID45">
                            <bind_vertex_input semantic="UVSET0" input_semantic="TEXCOORD" input_set="0" />
                        </instance_material>
                    </technique_common>
                </bind_material>
            </instance_geometry>
            <instance_geometry url="#ID78">
                <bind_material>
                    <technique_common>
                        <instance_material symbol="Material2" target="#ID79">
                            <bind_vertex_input semantic="UVSET0" input_semantic="TEXCOORD" input_set="0" />
                        </instance_material>
                    </technique_common>
                </bind_material>
            </instance_geometry>
        </node>
        <node id="ID92" name="button">
            <instance_geometry url="#ID93">
                <bind_material>
                    <technique_common>
                        <instance_material symbol="Material2" target="#ID94">
                            <bind_vertex_input semantic="UVSET0" input_semantic="TEXCOORD" input_set="0" />
                        </instance_material>
                    </technique_common>
                </bind_material>
            </instance_geometry>
            <instance_geometry url="#ID106">
                <bind_material>
                    <technique_common>
                        <instance_material symbol="Material2" target="#ID94">
                            <bind_vertex_input semantic="UVSET0" input_semantic="TEXCOORD" input_set="0" />
                        </instance_material>
                    </technique_common>
                </bind_material>
            </instance_geometry>
            <instance_geometry url="#ID114">
                <bind_material>
                    <technique_common>
                        <instance_material symbol="Material2" target="#ID115">
                            <bind_vertex_input semantic="UVSET0" input_semantic="TEXCOORD" input_set="0" />
                        </instance_material>
                    </technique_common>
                </bind_material>
            </instance_geometry>
        </node>
    </library_nodes>
    <library_geometries>
        <geometry id="ID5">
            <mesh>
                <source id="ID8">
                    <float_array id="ID11" count="432">-0.5317155 -0.007874016 0.1424728 -0.4658126 -0.0177126 0.268937 -0.5195464 -0.0177126 0.139212 -0.4767231 -0.007874016 0.2752362 -0.4767231 -0.007874016 0.2752362 -0.5317155 -0.04335433 0.1424728 -0.4767231 -0.04335433 0.2752362 -0.5317155 -0.007874016 0.1424728 -0.3803344 -0.0177126 0.3803344 -0.3892428 -0.007874016 0.3892428 -0.537874 -0.0177126 -1.110223e-16 -0.5504724 -0.007874016 -1.110223e-16 -0.3892428 -0.007874016 0.3892428 -0.3892428 -0.04335433 0.3892428 -0.5504724 -0.04335433 -1.110223e-16 -0.5504724 -0.007874016 -1.110223e-16 -0.4659059 -0.03351575 0.2689909 -0.5317155 -0.04335433 0.1424728 -0.5196505 -0.03351575 0.1392399 -0.4767231 -0.04335433 0.2752362 -0.268937 -0.0177126 0.4658126 -0.2752362 -0.007874016 0.4767231 -0.5195464 -0.0177126 -0.139212 -0.5317155 -0.007874016 -0.1424728 -0.2752362 -0.04335433 0.4767231 -0.2752362 -0.007874016 0.4767231 -0.3804106 -0.03351575 0.3804106 -0.3892428 -0.04335433 0.3892428 -0.5317155 -0.04335433 -0.1424728 -0.5317155 -0.007874016 -0.1424728 -0.5504724 -0.04335433 -1.110223e-16 -0.5379818 -0.03351575 -2.220446e-16 -0.139212 -0.0177126 0.5195464 -0.1424728 -0.007874016 0.5317155 -0.4658126 -0.0177126 -0.268937 -0.4767231 -0.007874016 -0.2752362 -0.2689909 -0.03351575 0.4659059 -0.2752362 -0.04335433 0.4767231 -0.1424728 -0.04335433 0.5317155 -0.1424728 -0.007874016 0.5317155 -0.4767231 -0.04335433 -0.2752362 -0.4767231 -0.007874016 -0.2752362 -0.5196505 -0.03351575 -0.1392399 -0.5317155 -0.04335433 -0.1424728 0 -0.0177126 0.537874 0 -0.007874016 0.5504724 -0.3803344 -0.0177126 -0.3803344 -0.3892428 -0.007874016 -0.3892428 -0.1392399 -0.03351575 0.5196505 -0.1424728 -0.04335433 0.5317155 0 -0.04335433 0.5504724 0 -0.007874016 0.5504724 -0.3892428 -0.04335433 -0.3892428 -0.3892428 -0.007874016 -0.3892428 -0.4659059 -0.03351575 -0.2689909 -0.4767231 -0.04335433 -0.2752362 0.1424728 -0.007874016 0.5317155 0.139212 -0.0177126 0.5195464 -0.268937 -0.0177126 -0.4658126 -0.2752362 -0.007874016 -0.4767231 -8.881784e-16 -0.03351575 0.5379818 0 -0.04335433 0.5504724 0.1424728 -0.04335433 0.5317155 0.1424728 -0.007874016 0.5317155 -0.2752362 -0.007874016 -0.4767231 -0.2752362 -0.04335433 -0.4767231 -0.3804106 -0.03351575 -0.3804106 -0.3892428 -0.04335433 -0.3892428 0.2752362 -0.007874016 0.4767231 0.268937 -0.0177126 0.4658126 -0.139212 -0.0177126 -0.5195464 -0.1424728 -0.007874016 -0.5317155 0.1424728 -0.04335433 0.5317155 0.1392399 -0.03351575 0.5196505 0.2752362 -0.04335433 0.4767231 0.2752362 -0.007874016 0.4767231 -0.1424728 -0.007874016 -0.5317155 -0.1424728 -0.04335433 -0.5317155 -0.2689909 -0.03351575 -0.4659059 -0.2752362 -0.04335433 -0.4767231 0.3892428 -0.007874016 0.3892428 0.3803344 -0.0177126 0.3803344 0 -0.0177126 -0.537874 0 -0.007874016 -0.5504724 0.2752362 -0.04335433 0.4767231 0.2689909 -0.03351575 0.4659059 0.3892428 -0.04335433 0.3892428 0.3892428 -0.007874016 0.3892428 0 -0.007874016 -0.5504724 0 -0.04335433 -0.5504724 -0.1392399 -0.03351575 -0.5196505 -0.1424728 -0.04335433 -0.5317155 0.4767231 -0.007874016 0.2752362 0.4658126 -0.0177126 0.268937 0.1424728 -0.007874016 -0.5317155 0.139212 -0.0177126 -0.5195464 0.3892428 -0.04335433 0.3892428 0.3804106 -0.03351575 0.3804106 0.4767231 -0.007874016 0.2752362 0.4767231 -0.04335433 0.2752362 0.1424728 -0.007874016 -0.5317155 0.1424728 -0.04335433 -0.5317155 6.661338e-16 -0.03351575 -0.5379818 0 -0.04335433 -0.5504724 0.5317155 -0.007874016 0.1424728 0.5195464 -0.0177126 0.139212 0.2752362 -0.007874016 -0.4767231 0.268937 -0.0177126 -0.4658126 0.4767231 -0.04335433 0.2752362 0.4659059 -0.03351575 0.2689909 0.5317155 -0.007874016 0.1424728 0.5317155 -0.04335433 0.1424728 0.2752362 -0.007874016 -0.4767231 0.2752362 -0.04335433 -0.4767231 0.1424728 -0.04335433 -0.5317155 0.1392399 -0.03351575 -0.5196505 0.5504724 -0.007874016 0 0.537874 -0.0177126 0 0.3892428 -0.007874016 -0.3892428 0.3803344 -0.0177126 -0.3803344 0.5317155 -0.04335433 0.1424728 0.5196505 -0.03351575 0.1392399 0.5504724 -0.007874016 0 0.5504724 -0.04335433 0 0.3892428 -0.007874016 -0.3892428 0.3892428 -0.04335433 -0.3892428 0.2752362 -0.04335433 -0.4767231 0.2689909 -0.03351575 -0.4659059 0.5195464 -0.0177126 -0.139212 0.5317155 -0.007874016 -0.1424728 0.4767231 -0.007874016 -0.2752362 0.4658126 -0.0177126 -0.268937 0.5379818 -0.03351575 5.551115e-16 0.5504724 -0.04335433 0 0.5317155 -0.007874016 -0.1424728 0.5317155 -0.04335433 -0.1424728 0.4767231 -0.04335433 -0.2752362 0.4767231 -0.007874016 -0.2752362 0.3892428 -0.04335433 -0.3892428 0.3804106 -0.03351575 -0.3804106 0.5196505 -0.03351575 -0.1392399 0.5317155 -0.04335433 -0.1424728 0.4767231 -0.04335433 -0.2752362 0.4659059 -0.03351575 -0.2689909</float_array>
                    <technique_common>
                        <accessor count="144" source="#ID11" stride="3">
                            <param name="X" type="float" />
                            <param name="Y" type="float" />
                            <param name="Z" type="float" />
                        </accessor>
                    </technique_common>
                </source>
                <source id="ID9">
                    <float_array id="ID12" count="432">0.5945187 0.7881438 -0.1593008 0.5330309 0.7881438 -0.3077455 0.5945187 0.7881438 -0.1593008 0.5330309 0.7881438 -0.3077455 -0.8660254 7.748474e-32 0.5 -0.9659258 8.548474e-32 0.258819 -0.8660254 7.748474e-32 0.5 -0.9659258 8.548474e-32 0.258819 0.4352179 0.7881438 -0.4352179 0.4352179 0.7881438 -0.4352179 0.6154911 0.7881438 1.58044e-16 0.6154911 0.7881438 1.660084e-16 -0.7071068 -5.148425e-32 0.7071068 -0.7071068 -5.148425e-32 0.7071068 -1 -1.043899e-31 -2.762444e-16 -1 -1.043899e-31 -2.762444e-16 0.535874 -0.785569 -0.309387 0.5976898 -0.785569 -0.1601505 0.5976898 -0.785569 -0.1601505 0.535874 -0.785569 -0.309387 0.3077455 0.7881438 -0.5330309 0.3077455 0.7881438 -0.5330309 0.5945187 0.7881438 0.1593008 0.5945187 0.7881438 0.1593008 -0.5 5.550954e-32 0.8660254 -0.5 5.550954e-32 0.8660254 0.4375393 -0.785569 -0.4375393 0.4375393 -0.785569 -0.4375393 -0.9659258 -1.02672e-31 -0.258819 -0.9659258 -1.02672e-31 -0.258819 0.618774 -0.785569 -1.138121e-16 0.618774 -0.785569 6.406456e-16 0.1593008 0.7881438 -0.5945187 0.1593008 0.7881438 -0.5945187 0.5330309 0.7881438 0.3077455 0.5330309 0.7881438 0.3077455 0.309387 -0.785569 -0.535874 0.309387 -0.785569 -0.535874 -0.258819 9.899379e-32 0.9659258 -0.258819 9.899379e-32 0.9659258 -0.8660254 4.176635e-32 -0.5 -0.8660254 4.176635e-32 -0.5 0.5976898 -0.785569 0.1601505 0.5976898 -0.785569 0.1601505 3.99269e-16 0.7881438 -0.6154911 3.604754e-16 0.7881438 -0.6154911 0.4352179 0.7881438 0.4352179 0.4352179 0.7881438 0.4352179 0.1601505 -0.785569 -0.5976898 0.1601505 -0.785569 -0.5976898 -5.346666e-16 1.383958e-47 1 -5.346666e-16 1.383958e-47 1 -0.7071068 8.35327e-32 -0.7071068 -0.7071068 8.35327e-32 -0.7071068 0.535874 -0.785569 0.309387 0.535874 -0.785569 0.309387 -0.1593008 0.7881438 -0.5945187 -0.1593008 0.7881438 -0.5945187 0.3077455 0.7881438 0.5330309 0.3077455 0.7881438 0.5330309 3.46947e-15 -0.785569 -0.618774 -2.375828e-15 -0.785569 -0.618774 0.258819 -1.179115e-32 0.9659258 0.258819 -1.179115e-32 0.9659258 -0.5 1.32749e-32 -0.8660254 -0.5 1.32749e-32 -0.8660254 0.4375393 -0.785569 0.4375393 0.4375393 -0.785569 0.4375393 -0.3077455 0.7881438 -0.5330309 -0.3077455 0.7881438 -0.5330309 0.1593008 0.7881438 0.5945187 0.1593008 0.7881438 0.5945187 -0.1601505 -0.785569 -0.5976898 -0.1601505 -0.785569 -0.5976898 0.5 -5.18396e-32 0.8660254 0.5 -5.18396e-32 0.8660254 -0.258819 -1.328813e-31 -0.9659258 -0.258819 -1.328813e-31 -0.9659258 0.309387 -0.785569 0.535874 0.309387 -0.785569 0.535874 -0.4352179 0.7881438 -0.4352179 -0.4352179 0.7881438 -0.4352179 3.327241e-17 0.7881438 0.6154911 2.845859e-17 0.7881438 0.6154911 -0.309387 -0.785569 -0.535874 -0.309387 -0.785569 -0.535874 0.7071068 -8.35327e-32 0.7071068 0.7071068 -8.35327e-32 0.7071068 -5.346666e-17 -2.122156e-31 -1 -5.346666e-17 -2.122156e-31 -1 0.1601505 -0.785569 0.5976898 0.1601505 -0.785569 0.5976898 -0.5330309 0.7881438 -0.3077455 -0.5330309 0.7881438 -0.3077455 -0.1593008 0.7881438 0.5945187 -0.1593008 0.7881438 0.5945187 -0.4375393 -0.785569 -0.4375393 -0.4375393 -0.785569 -0.4375393 0.8660254 1.694484e-32 0.5 0.8660254 1.694484e-32 0.5 0.258819 -6.926099e-32 -0.9659258 0.258819 -6.926099e-32 -0.9659258 -2.421141e-15 -0.785569 0.618774 1.968001e-15 -0.785569 0.618774 -0.5945187 0.7881438 -0.1593008 -0.5945187 0.7881438 -0.1593008 -0.3077455 0.7881438 0.5330309 -0.3077455 0.7881438 0.5330309 -0.535874 -0.785569 -0.309387 -0.535874 -0.785569 -0.309387 0.9659258 5.871119e-32 0.258819 0.9659258 5.871119e-32 0.258819 0.5 -3.201653e-33 -0.8660254 0.5 -3.201653e-33 -0.8660254 -0.1601505 -0.785569 0.5976898 -0.1601505 -0.785569 0.5976898 -0.6154911 0.7881438 -1.138343e-16 -0.6154911 0.7881438 -1.663621e-16 -0.4352179 0.7881438 0.4352179 -0.4352179 0.7881438 0.4352179 -0.5976898 -0.785569 -0.1601505 -0.5976898 -0.785569 -0.1601505 1 -1.043899e-31 1.693111e-16 1 -1.043899e-31 1.693111e-16 0.7071068 -8.35327e-32 -0.7071068 0.7071068 -8.35327e-32 -0.7071068 -0.309387 -0.785569 0.535874 -0.309387 -0.785569 0.535874 -0.5945187 0.7881438 0.1593008 -0.5945187 0.7881438 0.1593008 -0.5330309 0.7881438 0.3077455 -0.5330309 0.7881438 0.3077455 -0.618774 -0.785569 -2.104978e-15 -0.618774 -0.785569 1.517495e-15 0.9659258 -1.731743e-31 -0.258819 0.9659258 -1.731743e-31 -0.258819 0.8660254 -1.105508e-31 -0.5 0.8660254 -1.105508e-31 -0.5 -0.4375393 -0.785569 0.4375393 -0.4375393 -0.785569 0.4375393 -0.5976898 -0.785569 0.1601505 -0.5976898 -0.785569 0.1601505 -0.535874 -0.785569 0.309387 -0.535874 -0.785569 0.309387</float_array>
                    <technique_common>
                        <accessor count="144" source="#ID12" stride="3">
                            <param name="X" type="float" />
                            <param name="Y" type="float" />
                            <param name="Z" type="float" />
                        </accessor>
                    </technique_common>
                </source>
                <vertices id="ID10">
                    <input semantic="POSITION" source="#ID8" />
                    <input semantic="NORMAL" source="#ID9" />
                </vertices>
                <triangles count="144" material="Material2">
                    <input offset="0" semantic="VERTEX" source="#ID10" />
                    <p>0 1 2 1 0 3 4 5 6 5 4 7 3 8 1 8 3 9 0 10 11 10 0 2 12 6 13 6 12 4 7 14 5 14 7 15 16 17 18 17 16 19 9 20 8 20 9 21 11 22 23 22 11 10 24 12 13 12 24 25 26 19 16 19 26 27 15 28 14 28 15 29 18 30 31 30 18 17 21 32 20 32 21 33 23 34 35 34 23 22 36 27 26 27 36 37 38 25 24 25 38 39 29 40 28 40 29 41 42 30 43 30 42 31 33 44 32 44 33 45 35 46 47 46 35 34 48 37 36 37 48 49 50 39 38 39 50 51 41 52 40 52 41 53 54 43 55 43 54 42 44 56 57 56 44 45 47 58 59 58 47 46 60 49 48 49 60 61 62 51 50 51 62 63 64 52 53 52 64 65 66 55 67 55 66 54 57 68 69 68 57 56 59 70 71 70 59 58 72 60 73 60 72 61 74 63 62 63 74 75 76 65 64 65 76 77 78 67 79 67 78 66 69 80 81 80 69 68 71 82 83 82 71 70 84 73 85 73 84 72 86 75 74 75 86 87 88 77 76 77 88 89 90 79 91 79 90 78 81 92 93 92 81 80 82 94 83 94 82 95 96 85 97 85 96 84 98 86 99 86 98 87 100 89 88 89 100 101 102 91 103 91 102 90 93 104 105 104 93 92 95 106 94 106 95 107 108 97 109 97 108 96 110 99 111 99 110 98 112 101 100 101 112 113 114 102 103 102 114 115 105 116 117 116 105 104 107 118 106 118 107 119 120 109 121 109 120 108 122 111 123 111 122 110 124 113 112 113 124 125 126 115 114 115 126 127 128 116 129 116 128 117 119 130 118 130 119 131 120 132 133 132 120 121 134 123 135 123 134 122 124 136 125 136 124 137 138 127 126 127 138 139 131 129 130 129 131 128 133 140 141 140 133 132 137 135 136 135 137 134 142 139 138 139 142 143 141 143 142 143 141 140</p>
                </triangles>
            </mesh>
        </geometry>
        <geometry id="ID13">
            <mesh>
                <source id="ID19">
                    <float_array id="ID23" count="144">-0.268937 -0.0177126 0.4658126 -0.3803344 0 0.3803344 -0.3803344 -0.0177126 0.3803344 -0.268937 0 0.4658126 -0.4658126 -0.0177126 0.268937 -0.4658126 0 0.268937 -0.139212 -0.0177126 0.5195464 -0.139212 0 0.5195464 -0.5195464 -0.0177126 0.139212 -0.5195464 0 0.139212 0 -0.0177126 0.537874 0 0 0.537874 -0.537874 -0.0177126 -1.110223e-16 -0.537874 0 -1.110223e-16 0.139212 -0.0177126 0.5195464 0.139212 0 0.5195464 -0.5195464 -0.0177126 -0.139212 -0.5195464 0 -0.139212 0.268937 -0.0177126 0.4658126 0.268937 0 0.4658126 -0.4658126 -0.0177126 -0.268937 -0.4658126 0 -0.268937 0.3803344 -0.0177126 0.3803344 0.3803344 0 0.3803344 -0.3803344 -0.0177126 -0.3803344 -0.3803344 0 -0.3803344 0.4658126 0 0.268937 0.4658126 -0.0177126 0.268937 -0.268937 0 -0.4658126 -0.268937 -0.0177126 -0.4658126 0.5195464 0 0.139212 0.5195464 -0.0177126 0.139212 -0.139212 0 -0.5195464 -0.139212 -0.0177126 -0.5195464 0.537874 0 0 0.537874 -0.0177126 0 0 0 -0.537874 0 -0.0177126 -0.537874 0.5195464 0 -0.139212 0.5195464 -0.0177126 -0.139212 0.139212 0 -0.5195464 0.139212 -0.0177126 -0.5195464 0.4658126 0 -0.268937 0.4658126 -0.0177126 -0.268937 0.268937 0 -0.4658126 0.268937 -0.0177126 -0.4658126 0.3803344 0 -0.3803344 0.3803344 -0.0177126 -0.3803344</float_array>
                    <technique_common>
                        <accessor count="48" source="#ID23" stride="3">
                            <param name="X" type="float" />
                            <param name="Y" type="float" />
                            <param name="Z" type="float" />
                        </accessor>
                    </technique_common>
                </source>
                <source id="ID20">
                    <float_array id="ID24" count="144">-0.5 0 0.8660254 -0.7071068 0 0.7071068 -0.7071068 0 0.7071068 -0.5 0 0.8660254 -0.8660254 0 0.5 -0.8660254 0 0.5 -0.258819 0 0.9659258 -0.258819 0 0.9659258 -0.9659258 0 0.258819 -0.9659258 0 0.258819 -6.059555e-16 0 1 -6.059555e-16 0 1 -1 0 -2.762444e-16 -1 0 -2.762444e-16 0.258819 0 0.9659258 0.258819 0 0.9659258 -0.9659258 0 -0.258819 -0.9659258 0 -0.258819 0.5 0 0.8660254 0.5 0 0.8660254 -0.8660254 0 -0.5 -0.8660254 0 -0.5 0.7071068 0 0.7071068 0.7071068 0 0.7071068 -0.7071068 0 -0.7071068 -0.7071068 0 -0.7071068 0.8660254 0 0.5 0.8660254 0 0.5 -0.5 0 -0.8660254 -0.5 0 -0.8660254 0.9659258 0 0.258819 0.9659258 0 0.258819 -0.258819 0 -0.9659258 -0.258819 0 -0.9659258 1 0 1.782222e-16 1 0 1.782222e-16 -7.128888e-17 0 -1 -7.128888e-17 0 -1 0.9659258 0 -0.258819 0.9659258 0 -0.258819 0.258819 0 -0.9659258 0.258819 0 -0.9659258 0.8660254 0 -0.5 0.8660254 0 -0.5 0.5 0 -0.8660254 0.5 0 -0.8660254 0.7071068 0 -0.7071068 0.7071068 0 -0.7071068</float_array>
                    <technique_common>
                        <accessor count="48" source="#ID24" stride="3">
                            <param name="X" type="float" />
                            <param name="Y" type="float" />
                            <param name="Z" type="float" />
                        </accessor>
                    </technique_common>
                </source>
                <source id="ID22">
                    <float_array id="ID25" count="88">-0.13662 -0.008998 -0.1932099 0 -0.1932099 -0.008998 -0.13662 0 -0.2366328 -0.008998 -0.2366328 0 -0.07071972 -0.008998 -0.07071972 0 -0.2639296 -0.008998 -0.2639296 0 0 -0.008998 0 0 -0.27324 -0.008998 -0.27324 0 0.07071972 -0.008998 0.07071972 0 0.13662 -0.008998 0.13662 0 -0.2366328 -0.008998 -0.2366328 0 0.1932099 -0.008998 0.1932099 0 -0.1932099 -0.008998 -0.1932099 0 0.2366328 0 0.2366328 -0.008998 -0.13662 0 -0.13662 -0.008998 0.2639296 0 0.2639296 -0.008998 -0.07071972 0 -0.07071972 -0.008998 0.27324 0 0.27324 -0.008998 0.2639296 0 0.2639296 -0.008998 0.07071972 0 0.07071972 -0.008998 0.2366328 0 0.2366328 -0.008998 0.13662 0 0.13662 -0.008998 0.1932099 0 0.1932099 -0.008998</float_array>
                    <technique_common>
                        <accessor count="44" source="#ID25" stride="2">
                            <param name="S" type="float" />
                            <param name="T" type="float" />
                        </accessor>
                    </technique_common>
                </source>
                <vertices id="ID21">
                    <input semantic="POSITION" source="#ID19" />
                    <input semantic="NORMAL" source="#ID20" />
                </vertices>
                <triangles count="48" material="Material2">
                    <input offset="0" semantic="VERTEX" source="#ID21" />
                    <input offset="1" semantic="TEXCOORD" source="#ID22" />
                    <p>0 0 1 1 2 2 1 1 0 0 3 3 1 1 4 4 2 2 4 4 1 1 5 5 6 6 3 3 0 0 3 3 6 6 7 7 5 5 8 8 4 4 8 8 5 5 9 9 10 10 7 7 6 6 7 7 10 10 11 11 9 9 12 12 8 8 12 12 9 9 13 13 14 14 11 11 10 10 11 11 14 14 15 15 13 13 16 8 12 12 16 8 13 13 17 9 18 16 15 15 14 14 15 15 18 16 19 17 17 9 20 18 16 8 20 18 17 9 21 19 22 20 19 17 18 16 19 17 22 20 23 21 21 19 24 22 20 18 24 22 21 19 25 23 26 24 22 20 27 25 22 20 26 24 23 21 28 26 24 22 25 23 24 22 28 26 29 27 30 28 27 25 31 29 27 25 30 28 26 24 32 30 29 27 28 26 29 27 32 30 33 31 34 32 31 29 35 33 31 29 34 32 30 28 36 11 33 31 32 30 33 31 36 11 37 10 38 34 35 33 39 35 35 33 38 34 34 32 40 36 37 10 36 11 37 10 40 36 41 37 42 38 39 35 43 39 39 35 42 38 38 34 44 40 41 37 40 36 41 37 44 40 45 41 46 42 43 39 47 43 43 39 46 42 42 38 46 42 45 41 44 40 45 41 46 42 47 43</p>
                </triangles>
            </mesh>
        </geometry>
        <geometry id="ID26">
            <mesh>
                <source id="ID27">
                    <float_array id="ID31" count="144">6.661338e-16 -0.03351575 -0.5379818 -0.1392399 -0.05125591 -0.5196505 -0.1392399 -0.03351575 -0.5196505 6.661338e-16 -0.05125591 -0.5379818 0.1392399 -0.03351575 -0.5196505 0.1392399 -0.05125591 -0.5196505 -0.2689909 -0.05125591 -0.4659059 -0.2689909 -0.03351575 -0.4659059 0.2689909 -0.03351575 -0.4659059 0.2689909 -0.05125591 -0.4659059 -0.3804106 -0.05125591 -0.3804106 -0.3804106 -0.03351575 -0.3804106 0.3804106 -0.03351575 -0.3804106 0.3804106 -0.05125591 -0.3804106 -0.4659059 -0.03351575 -0.2689909 -0.4659059 -0.05125591 -0.2689909 0.4659059 -0.05125591 -0.2689909 0.4659059 -0.03351575 -0.2689909 -0.5196505 -0.03351575 -0.1392399 -0.5196505 -0.05125591 -0.1392399 0.5196505 -0.05125591 -0.1392399 0.5196505 -0.03351575 -0.1392399 -0.5379818 -0.03351575 -2.220446e-16 -0.5379818 -0.05125591 -2.220446e-16 0.5379818 -0.05125591 5.551115e-16 0.5379818 -0.03351575 5.551115e-16 -0.5196505 -0.03351575 0.1392399 -0.5196505 -0.05125591 0.1392399 0.5196505 -0.05125591 0.1392399 0.5196505 -0.03351575 0.1392399 -0.4659059 -0.03351575 0.2689909 -0.4659059 -0.05125591 0.2689909 0.4659059 -0.05125591 0.2689909 0.4659059 -0.03351575 0.2689909 -0.3804106 -0.03351575 0.3804106 -0.3804106 -0.05125591 0.3804106 0.3804106 -0.05125591 0.3804106 0.3804106 -0.03351575 0.3804106 -0.2689909 -0.05125591 0.4659059 -0.2689909 -0.03351575 0.4659059 0.2689909 -0.03351575 0.4659059 0.2689909 -0.05125591 0.4659059 -0.1392399 -0.05125591 0.5196505 -0.1392399 -0.03351575 0.5196505 0.1392399 -0.03351575 0.5196505 0.1392399 -0.05125591 0.5196505 -8.881784e-16 -0.05125591 0.5379818 -8.881784e-16 -0.03351575 0.5379818</float_array>
                    <technique_common>
                        <accessor count="48" source="#ID31" stride="3">
                            <param name="X" type="float" />
                            <param name="Y" type="float" />
                            <param name="Z" type="float" />
                        </accessor>
                    </technique_common>
                </source>
                <source id="ID28">
                    <float_array id="ID32" count="144">8.643777e-16 0 -1 -0.258819 0 -0.9659258 -0.258819 0 -0.9659258 8.643777e-16 0 -1 0.258819 0 -0.9659258 0.258819 0 -0.9659258 -0.5 0 -0.8660254 -0.5 0 -0.8660254 0.5 0 -0.8660254 0.5 0 -0.8660254 -0.7071068 0 -0.7071068 -0.7071068 0 -0.7071068 0.7071068 0 -0.7071068 0.7071068 0 -0.7071068 -0.8660254 0 -0.5 -0.8660254 0 -0.5 0.8660254 0 -0.5 0.8660254 0 -0.5 -0.9659258 0 -0.258819 -0.9659258 0 -0.258819 0.9659258 0 -0.258819 0.9659258 0 -0.258819 -1 0 -8.287332e-16 -1 0 -8.287332e-16 1 0 8.019999e-16 1 0 8.019999e-16 -0.9659258 0 0.258819 -0.9659258 0 0.258819 0.9659258 0 0.258819 0.9659258 0 0.258819 -0.8660254 0 0.5 -0.8660254 0 0.5 0.8660254 0 0.5 0.8660254 0 0.5 -0.7071068 0 0.7071068 -0.7071068 0 0.7071068 0.7071068 0 0.7071068 0.7071068 0 0.7071068 -0.5 0 0.8660254 -0.5 0 0.8660254 0.5 0 0.8660254 0.5 0 0.8660254 -0.258819 0 0.9659258 -0.258819 0 0.9659258 0.258819 0 0.9659258 0.258819 0 0.9659258 -1.220822e-15 0 1 -1.220822e-15 0 1</float_array>
                    <technique_common>
                        <accessor count="48" source="#ID32" stride="3">
                            <param name="X" type="float" />
                            <param name="Y" type="float" />
                            <param name="Z" type="float" />
                        </accessor>
                    </technique_common>
                </source>
                <source id="ID30">
                    <float_array id="ID33" count="92">3.38396e-16 -0.017026 -0.07073389 -0.026038 -0.07073389 -0.017026 3.38396e-16 -0.026038 0.07073389 -0.017026 0.07073389 -0.026038 -0.1366474 -0.026038 -0.1366474 -0.017026 0.1366474 -0.017026 0.1366474 -0.026038 -0.1932486 -0.026038 -0.1932486 -0.017026 0.1932486 -0.017026 0.1932486 -0.026038 -0.2366802 -0.017026 -0.2366802 -0.026038 0.2366802 -0.026038 0.2366802 -0.017026 -0.2639825 -0.017026 -0.2639825 -0.026038 0.2639825 -0.026038 0.2639825 -0.017026 -0.2732948 -0.017026 -0.2732948 -0.026038 0.2732948 -0.026038 0.2732948 -0.017026 -0.2639825 -0.017026 -0.2639825 -0.026038 -0.2366802 -0.017026 -0.2366802 -0.026038 0.2366802 -0.026038 0.2366802 -0.017026 -0.1932486 -0.017026 -0.1932486 -0.026038 0.1932486 -0.026038 0.1932486 -0.017026 -0.1366474 -0.026038 -0.1366474 -0.017026 0.1366474 -0.017026 0.1366474 -0.026038 -0.07073389 -0.026038 -0.07073389 -0.017026 0.07073389 -0.017026 0.07073389 -0.026038 -4.511946e-16 -0.026038 -4.511946e-16 -0.017026</float_array>
                    <technique_common>
                        <accessor count="46" source="#ID33" stride="2">
                            <param name="S" type="float" />
                            <param name="T" type="float" />
                        </accessor>
                    </technique_common>
                </source>
                <vertices id="ID29">
                    <input semantic="POSITION" source="#ID27" />
                    <input semantic="NORMAL" source="#ID28" />
                </vertices>
                <triangles count="48" material="Material2">
                    <input offset="0" semantic="VERTEX" source="#ID29" />
                    <input offset="1" semantic="TEXCOORD" source="#ID30" />
                    <p>0 0 1 1 2 2 1 1 0 0 3 3 4 4 3 3 0 0 3 3 4 4 5 5 2 2 6 6 7 7 6 6 2 2 1 1 8 8 5 5 4 4 5 5 8 8 9 9 7 7 10 10 11 11 10 10 7 7 6 6 12 12 9 9 8 8 9 9 12 12 13 13 14 14 10 10 15 15 10 10 14 14 11 11 12 12 16 16 13 13 16 16 12 12 17 17 18 18 15 15 19 19 15 15 18 18 14 14 17 17 20 20 16 16 20 20 17 17 21 21 22 22 19 19 23 23 19 19 22 22 18 18 21 21 24 24 20 20 24 24 21 21 25 25 26 26 23 23 27 27 23 23 26 26 22 22 25 25 28 20 24 24 28 20 25 25 29 21 30 28 27 27 31 29 27 27 30 28 26 26 29 21 32 30 28 20 32 30 29 21 33 31 34 32 31 29 35 33 31 29 34 32 30 28 33 31 36 34 32 30 36 34 33 31 37 35 38 36 34 32 35 33 34 32 38 36 39 37 36 34 40 38 41 39 40 38 36 34 37 35 42 40 39 37 38 36 39 37 42 40 43 41 41 39 44 42 45 43 44 42 41 39 40 38 46 44 43 41 42 40 43 41 46 44 47 45 45 43 47 45 46 44 47 45 45 43 44 42</p>
                </triangles>
            </mesh>
        </geometry>
        <geometry id="ID34">
            <mesh>
                <source id="ID35">
                    <float_array id="ID39" count="936">-0.1444394 -0.05125591 -0.5390551 0.1444394 -0.05125591 -0.5390551 0 -0.05125591 -0.5580709 6.661338e-16 -0.05125591 -0.5379818 -0.1392399 -0.05125591 -0.5196505 -0.2790354 -0.05125591 -0.4833035 -0.2689909 -0.05125591 -0.4659059 -0.3946157 -0.05125591 -0.3946157 -0.3804106 -0.05125591 -0.3804106 -0.4833035 -0.05125591 -0.2790354 -0.4659059 -0.05125591 -0.2689909 -0.5390551 -0.05125591 -0.1444394 -0.5196505 -0.05125591 -0.1392399 -0.5580709 -0.05125591 -1.110223e-16 -0.5379818 -0.05125591 -2.220446e-16 -0.5196505 -0.05125591 0.1392399 -0.5390551 -0.05125591 0.1444394 -0.4659059 -0.05125591 0.2689909 -0.4833035 -0.05125591 0.2790354 -0.3804106 -0.05125591 0.3804106 -0.3946157 -0.05125591 0.3946157 -0.2689909 -0.05125591 0.4659059 -0.2790354 -0.05125591 0.4833035 -0.1392399 -0.05125591 0.5196505 -0.1444394 -0.05125591 0.5390551 -8.881784e-16 -0.05125591 0.5379818 0.1392399 -0.05125591 -0.5196505 0.2790354 -0.05125591 -0.4833035 0.2689909 -0.05125591 -0.4659059 0.3946157 -0.05125591 -0.3946157 0.3804106 -0.05125591 -0.3804106 0.4833035 -0.05125591 -0.2790354 0.4659059 -0.05125591 -0.2689909 0.5390551 -0.05125591 -0.1444394 0.5196505 -0.05125591 -0.1392399 0.5580709 -0.05125591 0 0.5379818 -0.05125591 5.551115e-16 0.5390551 -0.05125591 0.1444394 0.5196505 -0.05125591 0.1392399 0.4659059 -0.05125591 0.2689909 0.4833035 -0.05125591 0.2790354 0.3804106 -0.05125591 0.3804106 0.3946157 -0.05125591 0.3946157 0.2689909 -0.05125591 0.4659059 0.2790354 -0.05125591 0.4833035 0.1392399 -0.05125591 0.5196505 0.1444394 -0.05125591 0.5390551 0 -0.05125591 0.5580709 0.1444394 -0.05125591 -0.5390551 0 -0.1575551 -0.5580709 0 -0.05125591 -0.5580709 0.1444394 -0.1575551 -0.5390551 -0.1444394 -0.1575551 -0.5390551 -0.1444394 -0.05125591 -0.5390551 -0.2790354 -0.1575551 -0.4833035 -0.2790354 -0.05125591 -0.4833035 -0.3946157 -0.1575551 -0.3946157 -0.3946157 -0.05125591 -0.3946157 -0.4833035 -0.05125591 -0.2790354 -0.4833035 -0.1575551 -0.2790354 -0.5390551 -0.05125591 -0.1444394 -0.5390551 -0.1575551 -0.1444394 -0.5580709 -0.05125591 -1.110223e-16 -0.5580709 -0.1575551 -1.110223e-16 -0.5390551 -0.05125591 0.1444394 -0.5390551 -0.1575551 0.1444394 -0.4833035 -0.05125591 0.2790354 -0.4833035 -0.1575551 0.2790354 -0.3946157 -0.05125591 0.3946157 -0.3946157 -0.1575551 0.3946157 -0.2790354 -0.1575551 0.4833035 -0.2790354 -0.05125591 0.4833035 -0.1444394 -0.1575551 0.5390551 -0.1444394 -0.05125591 0.5390551 0 -0.1575551 0.5580709 0 -0.05125591 0.5580709 0.1444394 -0.1575551 0.5390551 0.1444394 -0.05125591 0.5390551 0.2790354 -0.1575551 0.4833035 0.2790354 -0.05125591 0.4833035 0.3946157 -0.1575551 0.3946157 0.3946157 -0.05125591 0.3946157 0.4833035 -0.05125591 0.2790354 0.4833035 -0.1575551 0.2790354 0.5390551 -0.05125591 0.1444394 0.5390551 -0.1575551 0.1444394 0.5580709 -0.05125591 0 0.5580709 -0.1575551 0 0.5390551 -0.05125591 -0.1444394 0.5390551 -0.1575551 -0.1444394 0.4833035 -0.05125591 -0.2790354 0.4833035 -0.1575551 -0.2790354 0.3946157 -0.05125591 -0.3946157 0.3946157 -0.1575551 -0.3946157 0.2790354 -0.1575551 -0.4833035 0.2790354 -0.05125591 -0.4833035 0.1444394 -0.1575551 -0.5390551 0 -0.3975748 -0.5804409 0 -0.1575551 -0.5580709 0.1502292 -0.3975748 -0.5606629 -0.1444394 -0.1575551 -0.5390551 -0.1502292 -0.3975748 -0.5606629 -0.2790354 -0.1575551 -0.4833035 -0.2902205 -0.3975748 -0.5026766 -0.3946157 -0.1575551 -0.3946157 -0.4104337 -0.3975748 -0.4104337 -0.4833035 -0.1575551 -0.2790354 -0.5026766 -0.3975748 -0.2902205 -0.5390551 -0.1575551 -0.1444394 -0.5606629 -0.3975748 -0.1502292 -0.5580709 -0.1575551 -1.110223e-16 -0.5804409 -0.3975748 -1.110223e-16 -0.5390551 -0.1575551 0.1444394 -0.5606629 -0.3975748 0.1502292 -0.5026766 -0.3975748 0.2902205 -0.4833035 -0.1575551 0.2790354 -0.3946157 -0.1575551 0.3946157 -0.4104337 -0.3975748 0.4104337 -0.2902205 -0.3975748 0.5026766 -0.2790354 -0.1575551 0.4833035 -0.1502292 -0.3975748 0.5606629 -0.1444394 -0.1575551 0.5390551 0 -0.3975748 0.5804409 0 -0.1575551 0.5580709 0.1502292 -0.3975748 0.5606629 0.1444394 -0.1575551 0.5390551 0.2790354 -0.1575551 0.4833035 0.2902205 -0.3975748 0.5026766 0.3946157 -0.1575551 0.3946157 0.4104337 -0.3975748 0.4104337 0.5026766 -0.3975748 0.2902205 0.4833035 -0.1575551 0.2790354 0.5390551 -0.1575551 0.1444394 0.5606629 -0.3975748 0.1502292 0.5580709 -0.1575551 0 0.5804409 -0.3975748 0 0.5390551 -0.1575551 -0.1444394 0.5606629 -0.3975748 -0.1502292 0.4833035 -0.1575551 -0.2790354 0.5026766 -0.3975748 -0.2902205 0.3946157 -0.1575551 -0.3946157 0.4104337 -0.3975748 -0.4104337 0.2902205 -0.3975748 -0.5026766 0.2790354 -0.1575551 -0.4833035 0.1502292 -0.3975748 -0.5606629 0 -0.488126 -0.517563 0 -0.3975748 -0.5804409 0.1339552 -0.488126 -0.4999275 -0.1339552 -0.488126 -0.4999275 -0.1502292 -0.3975748 -0.5606629 -0.2587815 -0.488126 -0.4482227 -0.2902205 -0.3975748 -0.5026766 -0.3659723 -0.488126 -0.3659723 -0.4104337 -0.3975748 -0.4104337 -0.5026766 -0.3975748 -0.2902205 -0.4482227 -0.488126 -0.2587815 -0.4999275 -0.488126 -0.1339552 -0.5606629 -0.3975748 -0.1502292 -0.5804409 -0.3975748 -1.110223e-16 -0.517563 -0.488126 0 -0.5606629 -0.3975748 0.1502292 -0.4999275 -0.488126 0.1339552 -0.5026766 -0.3975748 0.2902205 -0.4482227 -0.488126 0.2587815 -0.4104337 -0.3975748 0.4104337 -0.3659723 -0.488126 0.3659723 -0.2902205 -0.3975748 0.5026766 -0.2587815 -0.488126 0.4482227 -0.1502292 -0.3975748 0.5606629 -0.1339552 -0.488126 0.4999275 0 -0.3975748 0.5804409 0 -0.488126 0.517563 0.1339552 -0.488126 0.4999275 0.1502292 -0.3975748 0.5606629 0.2587815 -0.488126 0.4482227 0.2902205 -0.3975748 0.5026766 0.3659723 -0.488126 0.3659723 0.4104337 -0.3975748 0.4104337 0.5026766 -0.3975748 0.2902205 0.4482227 -0.488126 0.2587815 0.5606629 -0.3975748 0.1502292 0.4999275 -0.488126 0.1339552 0.5804409 -0.3975748 0 0.517563 -0.488126 1.110223e-16 0.5606629 -0.3975748 -0.1502292 0.4999275 -0.488126 -0.1339552 0.5026766 -0.3975748 -0.2902205 0.4482227 -0.488126 -0.2587815 0.3659723 -0.488126 -0.3659723 0.4104337 -0.3975748 -0.4104337 0.2902205 -0.3975748 -0.5026766 0.2587815 -0.488126 -0.4482227 0.1339552 -0.488126 -0.4999275 0 -0.4834016 -0.4776457 0 -0.488126 -0.517563 0.1236238 -0.4834016 -0.4613703 -0.1339552 -0.488126 -0.4999275 -0.1236238 -0.4834016 -0.4613703 -0.2587815 -0.488126 -0.4482227 -0.2388228 -0.4834016 -0.4136533 -0.3659723 -0.488126 -0.3659723 -0.3377465 -0.4834016 -0.3377465 -0.4482227 -0.488126 -0.2587815 -0.4136533 -0.4834016 -0.2388228 -0.4999275 -0.488126 -0.1339552 -0.4613703 -0.4834016 -0.1236238 -0.517563 -0.488126 0 -0.4776457 -0.4834016 0 -0.4613703 -0.4834016 0.1236238 -0.4999275 -0.488126 0.1339552 -0.4136533 -0.4834016 0.2388228 -0.4482227 -0.488126 0.2587815 -0.3377465 -0.4834016 0.3377465 -0.3659723 -0.488126 0.3659723 -0.2388228 -0.4834016 0.4136533 -0.2587815 -0.488126 0.4482227 -0.1236238 -0.4834016 0.4613703 -0.1339552 -0.488126 0.4999275 0 -0.4834016 0.4776457 0 -0.488126 0.517563 0.1339552 -0.488126 0.4999275 0.1236238 -0.4834016 0.4613703 0.2587815 -0.488126 0.4482227 0.2388228 -0.4834016 0.4136533 0.3659723 -0.488126 0.3659723 0.3377465 -0.4834016 0.3377465 0.4482227 -0.488126 0.2587815 0.4136533 -0.4834016 0.2388228 0.4999275 -0.488126 0.1339552 0.4613703 -0.4834016 0.1236238 0.4776457 -0.4834016 1.110223e-16 0.517563 -0.488126 1.110223e-16 0.4613703 -0.4834016 -0.1236238 0.4999275 -0.488126 -0.1339552 0.4136533 -0.4834016 -0.2388228 0.4482227 -0.488126 -0.2587815 0.3377465 -0.4834016 -0.3377465 0.3659723 -0.488126 -0.3659723 0.2388228 -0.4834016 -0.4136533 0.2587815 -0.488126 -0.4482227 0.1236238 -0.4834016 -0.4613703 0 -0.007874016 -0.4776457 0 -0.4834016 -0.4776457 0.1236238 -0.007874016 -0.4613703 -0.1236238 -0.007874016 -0.4613703 -0.1236238 -0.4834016 -0.4613703 -0.2388228 -0.007874016 -0.4136533 -0.2388228 -0.4834016 -0.4136533 -0.3377465 -0.007874016 -0.3377465 -0.3377465 -0.4834016 -0.3377465 -0.4136533 -0.4834016 -0.2388228 -0.4136533 -0.007874016 -0.2388228 -0.4613703 -0.4834016 -0.1236238 -0.4613703 -0.007874016 -0.1236238 -0.4776457 -0.4834016 0 -0.4776457 -0.007874016 0 -0.4613703 -0.4834016 0.1236238 -0.4613703 -0.007874016 0.1236238 -0.4136533 -0.4834016 0.2388228 -0.4136533 -0.007874016 0.2388228 -0.3377465 -0.4834016 0.3377465 -0.3377465 -0.007874016 0.3377465 -0.2388228 -0.007874016 0.4136533 -0.2388228 -0.4834016 0.4136533 -0.1236238 -0.007874016 0.4613703 -0.1236238 -0.4834016 0.4613703 0 -0.007874016 0.4776457 0 -0.4834016 0.4776457 0.1236238 -0.007874016 0.4613703 0.1236238 -0.4834016 0.4613703 0.2388228 -0.007874016 0.4136533 0.2388228 -0.4834016 0.4136533 0.3377465 -0.007874016 0.3377465 0.3377465 -0.4834016 0.3377465 0.4136533 -0.4834016 0.2388228 0.4136533 -0.007874016 0.2388228 0.4613703 -0.4834016 0.1236238 0.4613703 -0.007874016 0.1236238 0.4776457 -0.4834016 1.110223e-16 0.4776457 -0.007874016 1.110223e-16 0.4613703 -0.4834016 -0.1236238 0.4613703 -0.007874016 -0.1236238 0.4136533 -0.4834016 -0.2388228 0.4136533 -0.007874016 -0.2388228 0.3377465 -0.4834016 -0.3377465 0.3377465 -0.007874016 -0.3377465 0.2388228 -0.007874016 -0.4136533 0.2388228 -0.4834016 -0.4136533 0.1236238 -0.007874016 -0.4613703 -0.1236238 -0.007874016 -0.4613703 0 -0.007874016 -0.4776457 -0.2388228 -0.007874016 -0.4136533 0.2388228 -0.007874016 -0.4136533 -0.3377465 -0.007874016 -0.3377465 0.3377465 -0.007874016 -0.3377465 0.4136533 -0.007874016 -0.2388228 -0.4136533 -0.007874016 -0.2388228 -0.4613703 -0.007874016 -0.1236238 0.4613703 -0.007874016 -0.1236238 -0.4776457 -0.007874016 0 0.4776457 -0.007874016 1.110223e-16 -0.4613703 -0.007874016 0.1236238 0.4613703 -0.007874016 0.1236238 -0.4136533 -0.007874016 0.2388228 0.4136533 -0.007874016 0.2388228 -0.3377465 -0.007874016 0.3377465 0.3377465 -0.007874016 0.3377465 -0.2388228 -0.007874016 0.4136533 0.2388228 -0.007874016 0.4136533 -0.1236238 -0.007874016 0.4613703 0.1236238 -0.007874016 0.4613703 0 -0.007874016 0.4776457</float_array>
                    <technique_common>
                        <accessor count="312" source="#ID39" stride="3">
                            <param name="X" type="float" />
                            <param name="Y" type="float" />
                            <param name="Z" type="float" />
                        </accessor>
                    </technique_common>
                </source>
                <source id="ID36">
                    <float_array id="ID40" count="936">0 1 0 0 1 0 0 1 0 0 1 0 0 1 0 0 1 0 0 1 0 0 1 0 0 1 0 0 1 0 0 1 0 0 1 0 0 1 0 0 1 0 0 1 0 0 1 0 0 1 0 0 1 0 0 1 0 0 1 0 0 1 0 0 1 0 0 1 0 0 1 0 0 1 0 0 1 0 0 1 0 0 1 0 0 1 0 0 1 0 0 1 0 0 1 0 0 1 0 0 1 0 0 1 0 0 1 0 0 1 0 0 1 0 0 1 0 0 1 0 0 1 0 0 1 0 0 1 0 0 1 0 0 1 0 0 1 0 0 1 0 0 1 0 0.258819 0 -0.9659258 3.742666e-16 0 -1 3.742666e-16 0 -1 0.258819 0 -0.9659258 -0.258819 0 -0.9659258 -0.258819 0 -0.9659258 -0.5 0 -0.8660254 -0.5 0 -0.8660254 -0.7071068 0 -0.7071068 -0.7071068 0 -0.7071068 -0.8660254 0 -0.5 -0.8660254 0 -0.5 -0.9659258 0 -0.258819 -0.9659258 0 -0.258819 -1 0 8.019999e-17 -1 0 8.019999e-17 -0.9659258 0 0.258819 -0.9659258 0 0.258819 -0.8660254 0 0.5 -0.8660254 0 0.5 -0.7071068 0 0.7071068 -0.7071068 0 0.7071068 -0.5 0 0.8660254 -0.5 0 0.8660254 -0.258819 0 0.9659258 -0.258819 0 0.9659258 2.049555e-16 0 1 2.049555e-16 0 1 0.258819 0 0.9659258 0.258819 0 0.9659258 0.5 0 0.8660254 0.5 0 0.8660254 0.7071068 0 0.7071068 0.7071068 0 0.7071068 0.8660254 0 0.5 0.8660254 0 0.5 0.9659258 0 0.258819 0.9659258 0 0.258819 1 0 -2.227777e-16 1 0 -2.227777e-16 0.9659258 0 -0.258819 0.9659258 0 -0.258819 0.8660254 0 -0.5 0.8660254 0 -0.5 0.7071068 0 -0.7071068 0.7071068 0 -0.7071068 0.5 0 -0.8660254 0.5 0 -0.8660254 0.2577022 0.09279884 -0.9617577 9.249093e-16 0.09279884 -0.9956849 9.549652e-16 0.09279884 -0.9956849 0.2577022 0.09279884 -0.9617577 -0.2577022 0.09279884 -0.9617577 -0.2577022 0.09279884 -0.9617577 -0.4978424 0.09279884 -0.8622884 -0.4978424 0.09279884 -0.8622884 -0.7040555 0.09279884 -0.7040555 -0.7040555 0.09279884 -0.7040555 -0.8622884 0.09279884 -0.4978424 -0.8622884 0.09279884 -0.4978424 -0.9617577 0.09279884 -0.2577022 -0.9617577 0.09279884 -0.2577022 -0.9956849 0.09279884 -2.122145e-16 -0.9956849 0.09279884 -2.065331e-16 -0.9617577 0.09279884 0.2577022 -0.9617577 0.09279884 0.2577022 -0.8622884 0.09279884 0.4978424 -0.8622884 0.09279884 0.4978424 -0.7040555 0.09279884 0.7040555 -0.7040555 0.09279884 0.7040555 -0.4978424 0.09279884 0.8622884 -0.4978424 0.09279884 0.8622884 -0.2577022 0.09279884 0.9617577 -0.2577022 0.09279884 0.9617577 -1.077564e-16 0.09279884 0.9956849 -1.061072e-16 0.09279884 0.9956849 0.2577022 0.09279884 0.9617577 0.2577022 0.09279884 0.9617577 0.4978424 0.09279884 0.8622884 0.4978424 0.09279884 0.8622884 0.7040555 0.09279884 0.7040555 0.7040555 0.09279884 0.7040555 0.8622884 0.09279884 0.4978424 0.8622884 0.09279884 0.4978424 0.9617577 0.09279884 0.2577022 0.9617577 0.09279884 0.2577022 0.9956849 0.09279884 -1.680031e-16 0.9956849 0.09279884 -1.706143e-16 0.9617577 0.09279884 -0.2577022 0.9617577 0.09279884 -0.2577022 0.8622884 0.09279884 -0.4978424 0.8622884 0.09279884 -0.4978424 0.7040555 0.09279884 -0.7040555 0.7040555 0.09279884 -0.7040555 0.4978424 0.09279884 -0.8622884 0.4978424 0.09279884 -0.8622884 0.2125915 -0.5703664 -0.7934022 1.713751e-15 -0.5703664 -0.8213904 1.557932e-15 -0.5703664 -0.8213904 0.2125915 -0.5703664 -0.7934022 -0.2125915 -0.5703664 -0.7934022 -0.2125915 -0.5703664 -0.7934022 -0.4106952 -0.5703664 -0.711345 -0.4106952 -0.5703664 -0.711345 -0.5808107 -0.5703664 -0.5808107 -0.5808107 -0.5703664 -0.5808107 -0.711345 -0.5703664 -0.4106952 -0.711345 -0.5703664 -0.4106952 -0.7934022 -0.5703664 -0.2125915 -0.7934022 -0.5703664 -0.2125915 -0.8213904 -0.5703664 -4.384599e-16 -0.8213904 -0.5703664 -3.478405e-16 -0.7934022 -0.5703664 0.2125915 -0.7934022 -0.5703664 0.2125915 -0.711345 -0.5703664 0.4106952 -0.711345 -0.5703664 0.4106952 -0.5808107 -0.5703664 0.5808107 -0.5808107 -0.5703664 0.5808107 -0.4106952 -0.5703664 0.711345 -0.4106952 -0.5703664 0.711345 -0.2125915 -0.5703664 0.7934022 -0.2125915 -0.5703664 0.7934022 -5.597361e-16 -0.5703664 0.8213904 -6.278096e-16 -0.5703664 0.8213904 0.2125915 -0.5703664 0.7934022 0.2125915 -0.5703664 0.7934022 0.4106952 -0.5703664 0.711345 0.4106952 -0.5703664 0.711345 0.5808107 -0.5703664 0.5808107 0.5808107 -0.5703664 0.5808107 0.711345 -0.5703664 0.4106952 0.711345 -0.5703664 0.4106952 0.7934022 -0.5703664 0.2125915 0.7934022 -0.5703664 0.2125915 0.8213904 -0.5703664 -1.679208e-16 0.8213904 -0.5703664 -4.241957e-17 0.7934022 -0.5703664 -0.2125915 0.7934022 -0.5703664 -0.2125915 0.711345 -0.5703664 -0.4106952 0.711345 -0.5703664 -0.4106952 0.5808107 -0.5703664 -0.5808107 0.5808107 -0.5703664 -0.5808107 0.4106952 -0.5703664 -0.711345 0.4106952 -0.5703664 -0.711345 -0.03042017 -0.9930688 0.1135296 -2.529792e-16 -0.9930688 0.1175345 -2.191529e-16 -0.9930688 0.1175345 -0.03042017 -0.9930688 0.1135296 0.03042017 -0.9930688 0.1135296 0.03042017 -0.9930688 0.1135296 0.05876726 -0.9930688 0.1017879 0.05876726 -0.9930688 0.1017879 0.08310946 -0.9930688 0.08310946 0.08310946 -0.9930688 0.08310946 0.1017879 -0.9930688 0.05876726 0.1017879 -0.9930688 0.05876726 0.1135296 -0.9930688 0.03042017 0.1135296 -0.9930688 0.03042017 0.1175345 -0.9930688 4.455306e-17 0.1175345 -0.9930688 4.99838e-17 0.1135296 -0.9930688 -0.03042017 0.1135296 -0.9930688 -0.03042017 0.1017879 -0.9930688 -0.05876726 0.1017879 -0.9930688 -0.05876726 0.08310946 -0.9930688 -0.08310946 0.08310946 -0.9930688 -0.08310946 0.05876726 -0.9930688 -0.1017879 0.05876726 -0.9930688 -0.1017879 0.03042017 -0.9930688 -0.1135296 0.03042017 -0.9930688 -0.1135296 1.438309e-16 -0.9930688 -0.1175345 1.228219e-16 -0.9930688 -0.1175345 -0.03042017 -0.9930688 -0.1135296 -0.03042017 -0.9930688 -0.1135296 -0.05876726 -0.9930688 -0.1017879 -0.05876726 -0.9930688 -0.1017879 -0.08310946 -0.9930688 -0.08310946 -0.08310946 -0.9930688 -0.08310946 -0.1017879 -0.9930688 -0.05876726 -0.1017879 -0.9930688 -0.05876726 -0.1135296 -0.9930688 -0.03042017 -0.1135296 -0.9930688 -0.03042017 -0.1175345 -0.9930688 1.632124e-17 -0.1175345 -0.9930688 1.444964e-17 -0.1135296 -0.9930688 0.03042017 -0.1135296 -0.9930688 0.03042017 -0.1017879 -0.9930688 0.05876726 -0.1017879 -0.9930688 0.05876726 -0.08310946 -0.9930688 0.08310946 -0.08310946 -0.9930688 0.08310946 -0.05876726 -0.9930688 0.1017879 -0.05876726 -0.9930688 0.1017879 -0.258819 0 0.9659258 -2.227777e-16 0 1 -2.227777e-16 0 1 -0.258819 0 0.9659258 0.258819 0 0.9659258 0.258819 0 0.9659258 0.5 0 0.8660254 0.5 0 0.8660254 0.7071068 0 0.7071068 0.7071068 0 0.7071068 0.8660254 0 0.5 0.8660254 0 0.5 0.9659258 0 0.258819 0.9659258 0 0.258819 1 0 -1.158444e-16 1 0 -1.158444e-16 0.9659258 0 -0.258819 0.9659258 0 -0.258819 0.8660254 0 -0.5 0.8660254 0 -0.5 0.7071068 0 -0.7071068 0.7071068 0 -0.7071068 0.5 0 -0.8660254 0.5 0 -0.8660254 0.258819 0 -0.9659258 0.258819 0 -0.9659258 6.50511e-16 0 -1 6.50511e-16 0 -1 -0.258819 0 -0.9659258 -0.258819 0 -0.9659258 -0.5 0 -0.8660254 -0.5 0 -0.8660254 -0.7071068 0 -0.7071068 -0.7071068 0 -0.7071068 -0.8660254 0 -0.5 -0.8660254 0 -0.5 -0.9659258 0 -0.258819 -0.9659258 0 -0.258819 -1 0 1.247555e-16 -1 0 1.247555e-16 -0.9659258 0 0.258819 -0.9659258 0 0.258819 -0.8660254 0 0.5 -0.8660254 0 0.5 -0.7071068 0 0.7071068 -0.7071068 0 0.7071068 -0.5 0 0.8660254 -0.5 0 0.8660254 0 -1 0 0 -1 0 0 -1 0 0 -1 0 0 -1 0 0 -1 0 0 -1 0 0 -1 0 0 -1 0 0 -1 0 0 -1 0 0 -1 0 0 -1 0 0 -1 0 0 -1 0 0 -1 0 0 -1 0 0 -1 0 0 -1 0 0 -1 0 0 -1 0 0 -1 0 0 -1 0 0 -1 0</float_array>
                    <technique_common>
                        <accessor count="312" source="#ID40" stride="3">
                            <param name="X" type="float" />
                            <param name="Y" type="float" />
                            <param name="Z" type="float" />
                        </accessor>
                    </technique_common>
                </source>
                <source id="ID38">
                    <float_array id="ID41" count="602">0.0733752 -0.27384 -0.0733752 -0.27384 0 -0.2835 -3.38396e-16 -0.2732948 0.07073389 -0.2639825 0.14175 -0.2455182 0.1366474 -0.2366802 0.2004648 -0.2004648 0.1932486 -0.1932486 0.2455182 -0.14175 0.2366802 -0.1366474 0.27384 -0.0733752 0.2639825 -0.07073389 0.2835 -5.639933e-17 0.2732948 -1.127987e-16 0.2639825 0.07073389 0.27384 0.0733752 0.2366802 0.1366474 0.2455182 0.14175 0.1932486 0.1932486 0.2004648 0.2004648 0.1366474 0.2366802 0.14175 0.2455182 0.07073389 0.2639825 0.0733752 0.27384 4.511946e-16 0.2732948 -0.07073389 -0.2639825 -0.14175 -0.2455182 -0.1366474 -0.2366802 -0.2004648 -0.2004648 -0.1932486 -0.1932486 -0.2455182 -0.14175 -0.2366802 -0.1366474 -0.27384 -0.0733752 -0.2639825 -0.07073389 -0.2835 0 -0.2732948 2.819966e-16 -0.27384 0.0733752 -0.2639825 0.07073389 -0.2366802 0.1366474 -0.2455182 0.14175 -0.1932486 0.1932486 -0.2004648 0.2004648 -0.1366474 0.2366802 -0.14175 0.2455182 -0.07073389 0.2639825 -0.0733752 0.27384 0 0.2835 0.0733752 -0.026038 0 -0.080038 0 -0.026038 0.0733752 -0.080038 -0.0733752 -0.080038 -0.0733752 -0.026038 -0.14175 -0.080038 -0.14175 -0.026038 -0.2004648 -0.080038 -0.2004648 -0.026038 -0.2455182 -0.026038 -0.2455182 -0.080038 -0.27384 -0.026038 -0.27384 -0.080038 -0.2835 -0.026038 -0.2835 -0.080038 -0.2455182 -0.026038 -0.2455182 -0.080038 -0.2004648 -0.026038 -0.2004648 -0.080038 -0.14175 -0.080038 -0.14175 -0.026038 -0.0733752 -0.080038 -0.0733752 -0.026038 0.14175 -0.080038 0.14175 -0.026038 0.2004648 -0.080038 0.2004648 -0.026038 0.2455182 -0.026038 0.2455182 -0.080038 0.27384 -0.026038 0.27384 -0.080038 0.2835 -0.026038 0.2835 -0.080038 0.2004648 -0.026038 0.2004648 -0.080038 0.14175 -0.080038 0.14175 -0.026038 0 -0.201968 0.07631642 -0.201968 -0.07631642 -0.201968 -0.147432 -0.201968 -0.2085003 -0.201968 -0.2553597 -0.201968 -0.2848168 -0.201968 -0.294864 -0.201968 -0.2848168 -0.201968 -0.2553597 -0.201968 -0.2085003 -0.201968 -0.147432 -0.201968 -0.07631642 -0.201968 0 -0.201968 0.07631642 -0.201968 0.147432 -0.201968 0.2085003 -0.201968 0.2553597 -0.201968 0.2848168 -0.201968 0.294864 -0.201968 0.2553597 -0.201968 0.147432 -0.201968 0 -0.247968 0.06804922 -0.247968 -0.06804922 -0.247968 -0.131461 -0.247968 -0.1859139 -0.247968 -0.2276971 -0.247968 -0.2539632 -0.247968 -0.262922 -0.247968 -0.2539632 -0.247968 -0.2276971 -0.247968 -0.06804922 -0.247968 0 -0.247968 0.06804922 -0.247968 0.131461 -0.247968 0.1859139 -0.247968 0.2276971 -0.247968 0.2539632 -0.247968 0.262922 -0.247968 0.2276971 -0.247968 0.1859139 -0.247968 0.131461 -0.247968 0.3629132 -0.9590992 0.294864 -0.94778 0.294864 -0.968058 0.3576649 -0.9395121 0.2268148 -0.9590992 0.2320631 -0.9395121 0.163403 -0.9328331 0.173542 -0.9152719 0.1089501 -0.8910499 0.1232888 -0.8767112 0.06716687 -0.836597 0.08472813 -0.826458 0.04090085 -0.7731852 0.06048789 -0.7679369 0.031942 -0.705136 0.05222 -0.705136 0.06048789 -0.6423351 0.04090085 -0.6370868 0.08472813 -0.583814 0.06716687 -0.573675 0.1232888 -0.5335608 0.06716687 -0.573675 0.08472813 -0.583814 0.1089501 -0.5192221 0.173542 -0.4950001 0.163403 -0.4774389 0.2320631 -0.4707599 0.163403 -0.4774389 0.173542 -0.4950001 0.2268148 -0.4511728 0.294864 -0.462492 0.294864 -0.442214 0.3629132 -0.4511728 0.3576649 -0.4707599 0.426325 -0.4774389 0.416186 -0.4950001 0.4807779 -0.5192221 0.4664392 -0.5335608 0.5225611 -0.573675 0.5049999 -0.583814 0.5488272 -0.6370868 0.5292401 -0.6423351 0.537508 -0.705136 0.557786 -0.705136 0.5292401 -0.7679369 0.5488272 -0.7731852 0.5049999 -0.826458 0.5225611 -0.836597 0.5225611 -0.836597 0.4664392 -0.8767112 0.4807779 -0.8910499 0.5049999 -0.826458 0.416186 -0.9152719 0.426325 -0.9328331 0.426325 -0.9328331 0.416186 -0.9152719 1.079909 -0.241568 1.016385 8.673617e-19 1.016385 -0.241568 1.079909 8.673617e-19 1.016385 -0.241568 0.9528608 0 0.9528608 -0.241568 1.016385 0 0.9528608 -0.241568 0.8893367 0 0.8893367 -0.241568 0.9528608 0 0.8893367 -0.241568 0.8258127 0 0.8258127 -0.241568 0.8258127 0 0.7622886 -0.241568 0.8258127 -0.241568 0.7622886 0 0.7622886 -5.724587e-17 0.6987646 -0.241568 0.7622886 -0.241568 0.6987646 -5.724587e-17 0.6987646 0 0.6352405 -0.241568 0.6987646 -0.241568 0.6352405 0 0.6352405 0 0.5717165 -0.241568 0.6352405 -0.241568 0.5717165 0 0.5717165 0 0.5081924 -0.241568 0.5717165 -0.241568 0.5081924 0 0.5081924 0 0.4446684 -0.241568 0.5081924 -0.241568 0.4446684 0 0.3811443 0 0.4446684 -0.241568 0.4446684 0 0.3811443 -0.241568 0.3176203 0 0.3811443 -0.241568 0.3811443 0 0.3176203 -0.241568 0.2540962 0 0.3176203 -0.241568 0.3176203 0 0.2540962 -0.241568 0.1905722 0 0.2540962 -0.241568 0.2540962 0 0.1905722 -0.241568 0.1270481 0 0.1905722 -0.241568 0.1905722 0 0.1270481 -0.241568 0.06352405 0 0.1270481 -0.241568 0.1270481 0 0.06352405 -0.241568 0.06352405 0 2.053913e-15 -0.241568 0.06352405 -0.241568 2.053913e-15 0 1.524577 7.806256e-18 1.461053 -0.241568 1.524577 -0.241568 1.461053 7.806256e-18 1.461053 0 1.397529 -0.241568 1.461053 -0.241568 1.397529 0 1.397529 0 1.334005 -0.241568 1.334005 0 1.334005 0 1.270481 -0.241568 1.334005 -0.241568 1.270481 0 1.270481 0 1.206957 -0.241568 1.270481 -0.241568 1.206957 0 1.143433 0 1.143433 -0.241568 1.143433 -0.241568 1.079909 -2.168404e-17 1.079909 -0.241568 1.143433 -2.168404e-17 0.06280089 -0.2343761 -0.06280089 -0.2343761 0 -0.242644 -0.121322 -0.2101359 0.121322 -0.2101359 -0.1715752 -0.1715752 0.1715752 -0.1715752 0.2101359 -0.121322 -0.2101359 -0.121322 -0.2343761 -0.06280089 0.2343761 -0.06280089 -0.242644 0 0.242644 5.639933e-17 -0.2343761 0.06280089 0.2343761 0.06280089 -0.2101359 0.121322 0.2101359 0.121322 -0.1715752 0.1715752 0.1715752 0.1715752 -0.121322 0.2101359 0.121322 0.2101359 -0.06280089 0.2343761 0.06280089 0.2343761 0 0.242644</float_array>
                    <technique_common>
                        <accessor count="301" source="#ID41" stride="2">
                            <param name="S" type="float" />
                            <param name="T" type="float" />
                        </accessor>
                    </technique_common>
                </source>
                <vertices id="ID37">
                    <input semantic="POSITION" source="#ID35" />
                    <input semantic="NORMAL" source="#ID36" />
                </vertices>
                <triangles count="310" material="Material2">
                    <input offset="0" semantic="VERTEX" source="#ID37" />
                    <input offset="1" semantic="TEXCOORD" source="#ID38" />
                    <p>0 0 1 1 2 2 1 1 0 0 3 3 3 3 0 0 4 4 4 4 0 0 5 5 4 4 5 5 6 6 6 6 5 5 7 7 6 6 7 7 8 8 8 8 7 7 9 9 8 8 9 9 10 10 10 10 9 9 11 11 10 10 11 11 12 12 12 12 11 11 13 13 12 12 13 13 14 14 14 14 13 13 15 15 15 15 13 13 16 16 15 15 16 16 17 17 17 17 16 16 18 18 17 17 18 18 19 19 19 19 18 18 20 20 19 19 20 20 21 21 21 21 20 20 22 22 21 21 22 22 23 23 23 23 22 22 24 24 23 23 24 24 25 25 1 1 26 26 27 27 26 26 1 1 3 3 27 27 26 26 28 28 27 27 28 28 29 29 29 29 28 28 30 30 29 29 30 30 31 31 31 31 30 30 32 32 31 31 32 32 33 33 33 33 32 32 34 34 33 33 34 34 35 35 35 35 34 34 36 36 35 35 36 36 37 37 37 37 36 36 38 38 37 37 38 38 39 39 37 37 39 39 40 40 40 40 39 39 41 41 40 40 41 41 42 42 42 42 41 41 43 43 42 42 43 43 44 44 44 44 43 43 45 45 44 44 45 45 46 46 46 46 45 45 25 25 46 46 25 25 24 24 46 46 24 24 47 47 48 48 49 49 50 50 49 49 48 48 51 51 50 50 52 52 53 53 52 52 50 50 49 49 53 53 54 54 55 55 54 54 53 53 52 52 55 55 56 56 57 57 56 56 55 55 54 54 58 58 56 56 59 59 56 56 58 58 57 57 60 60 59 59 61 61 59 59 60 60 58 58 62 62 61 61 63 63 61 61 62 62 60 60 64 60 63 63 65 61 63 63 64 60 62 62 66 64 65 61 67 65 65 61 66 64 64 60 68 66 67 65 69 67 67 65 68 66 66 64 70 68 68 66 69 67 68 66 70 68 71 69 72 70 71 69 70 68 71 69 72 70 73 71 74 49 73 71 72 70 73 71 74 49 75 50 76 51 75 50 74 49 75 50 76 51 77 48 78 72 77 48 76 51 77 48 78 72 79 73 80 74 79 73 78 72 79 73 80 74 81 75 82 76 80 74 83 77 80 74 82 76 81 75 84 78 83 77 85 79 83 77 84 78 82 76 86 80 85 79 87 81 85 79 86 80 84 78 88 78 87 81 89 79 87 81 88 78 86 80 90 76 89 79 91 77 89 79 90 76 88 78 92 82 91 77 93 83 91 77 92 82 90 76 92 82 94 84 95 85 94 84 92 82 93 83 95 85 51 51 48 48 51 51 95 85 94 84 96 51 97 86 98 49 97 86 96 51 99 87 100 52 97 86 101 88 97 86 100 52 98 49 102 54 101 88 103 89 101 88 102 54 100 52 104 56 103 89 105 90 103 89 104 56 102 54 106 59 105 90 107 91 105 90 106 59 104 56 108 61 107 91 109 92 107 91 108 61 106 59 110 63 109 92 111 93 109 92 110 63 108 61 112 61 111 93 113 94 111 93 112 61 110 63 114 95 112 61 113 94 112 61 114 95 115 65 116 67 114 95 117 96 114 95 116 67 115 65 118 97 116 67 117 96 116 67 118 97 119 68 120 98 119 68 118 97 119 68 120 98 121 70 122 99 121 70 120 98 121 70 122 99 123 49 124 100 123 49 122 99 123 49 124 100 125 51 124 100 126 72 125 51 126 72 124 100 127 101 127 101 128 74 126 72 128 74 127 101 129 102 130 103 128 74 129 102 128 74 130 103 131 77 132 79 130 103 133 104 130 103 132 79 131 77 134 81 133 104 135 105 133 104 134 81 132 79 136 79 135 105 137 104 135 105 136 79 134 81 138 77 137 104 139 106 137 104 138 77 136 79 140 83 139 106 141 102 139 106 140 83 138 77 140 83 142 107 143 84 142 107 140 83 141 102 143 84 99 87 96 51 99 87 143 84 142 107 144 87 145 108 146 86 145 108 144 87 147 109 146 86 148 110 149 88 148 110 146 86 145 108 149 88 150 111 151 89 150 111 149 88 148 110 151 89 152 112 153 90 152 112 151 89 150 111 154 91 152 112 155 113 152 112 154 91 153 90 156 114 154 91 155 113 154 91 156 114 157 92 158 93 156 114 159 115 156 114 158 93 157 92 160 94 159 115 161 116 159 115 160 94 158 93 162 95 161 116 163 117 161 116 162 95 160 94 164 96 163 117 165 112 163 117 164 96 162 95 165 112 166 97 164 96 166 97 165 112 167 111 167 111 168 98 166 97 168 98 167 111 169 118 169 118 170 99 168 98 170 99 169 118 171 119 172 120 170 99 171 119 170 99 172 120 173 100 174 121 173 100 172 120 173 100 174 121 175 101 176 122 175 101 174 121 175 101 176 122 177 102 178 103 176 122 179 123 176 122 178 103 177 102 180 104 179 123 181 124 179 123 180 104 178 103 182 105 181 124 183 125 181 124 182 105 180 104 184 104 183 125 185 124 183 125 184 104 182 105 186 106 185 124 187 126 185 124 186 106 184 104 188 127 186 106 187 126 186 106 188 127 189 102 190 107 188 127 191 128 188 127 190 107 189 102 144 87 191 128 147 109 191 128 144 87 190 107 192 129 193 130 194 131 193 130 192 129 195 132 193 130 196 133 194 131 196 133 193 130 197 134 197 134 198 135 196 133 198 135 197 134 199 136 199 136 200 137 198 135 200 137 199 136 201 138 201 138 202 139 200 137 202 139 201 138 203 140 203 140 204 141 202 139 204 141 203 140 205 142 205 142 206 143 204 141 206 143 205 142 207 144 208 145 206 143 207 144 206 143 208 145 209 146 210 147 209 146 208 145 209 146 210 147 211 148 212 149 211 150 210 151 211 150 212 149 213 152 214 153 213 152 212 149 213 152 214 153 215 154 216 155 215 156 214 157 215 156 216 155 217 158 218 159 217 158 216 155 217 158 218 159 219 160 220 161 218 159 221 162 218 159 220 161 219 160 222 163 221 162 223 164 221 162 222 163 220 161 224 165 223 164 225 166 223 164 224 165 222 163 226 167 225 166 227 168 225 166 226 167 224 165 228 169 227 168 229 170 227 168 228 169 226 167 228 169 230 171 231 172 230 171 228 169 229 170 231 172 232 173 233 174 232 173 231 172 230 171 233 174 234 175 235 176 234 175 233 174 232 173 235 177 236 178 237 179 236 178 235 177 234 180 237 179 238 181 239 182 238 181 237 179 236 178 239 183 195 132 192 129 195 132 239 183 238 184 240 185 241 186 242 187 241 186 240 185 243 188 242 189 244 190 245 191 244 190 242 189 241 192 245 193 246 194 247 195 246 194 245 193 244 196 247 197 248 198 249 199 248 198 247 197 246 194 248 200 250 201 249 202 250 201 248 200 251 203 251 204 252 205 250 206 252 205 251 204 253 207 253 208 254 209 252 210 254 209 253 208 255 211 255 212 256 213 254 214 256 213 255 212 257 215 257 216 258 217 256 218 258 217 257 216 259 219 259 220 260 221 258 222 260 221 259 220 261 223 262 224 260 225 261 226 260 225 262 224 263 227 264 228 263 229 262 230 263 229 264 228 265 231 266 232 265 233 264 234 265 233 266 232 267 235 268 236 267 237 266 238 267 237 268 236 269 239 270 240 269 241 268 242 269 241 270 240 271 243 272 244 271 245 270 246 271 245 272 244 273 247 272 248 274 249 273 250 274 249 272 248 275 251 275 252 276 253 274 254 276 253 275 252 277 255 277 256 278 257 276 258 278 257 277 256 279 259 279 260 280 261 278 257 280 261 279 260 281 262 281 263 282 264 280 265 282 264 281 263 283 266 283 267 284 268 282 269 284 268 283 267 285 270 284 268 286 271 287 272 286 271 284 268 285 270 287 273 243 274 240 275 243 274 287 273 286 276 288 277 289 278 290 279 289 278 288 277 291 280 291 280 288 277 292 281 291 280 292 281 293 282 293 282 292 281 294 283 293 282 294 283 295 284 293 282 295 284 296 285 296 285 295 284 297 286 297 286 295 284 298 287 297 286 298 287 299 288 299 288 298 287 300 289 299 288 300 289 301 290 301 290 300 289 302 291 301 290 302 291 303 292 303 292 302 291 304 293 303 292 304 293 305 294 305 294 304 293 306 295 305 294 306 295 307 296 307 296 306 295 308 297 307 296 308 297 309 298 309 298 308 297 310 299 309 298 310 299 311 300</p>
                </triangles>
            </mesh>
        </geometry>
        <geometry id="ID44">
            <mesh>
                <source id="ID50">
                    <float_array id="ID54" count="222">0.7433971 -0.1181102 0.02012254 0.4377053 -0.1181102 0.02012254 0.5905512 -0.1181102 -6.661338e-16 0.8858268 -0.1181102 0.07911886 0.2952756 -0.1181102 0.07911886 1.008134 -0.1181102 0.1729684 0.1729684 -0.1181102 0.1729684 1.101984 -0.1181102 0.2952756 0.07911886 -0.1181102 0.2952756 1.16098 -0.1181102 0.4377053 0.02012254 -0.1181102 0.4377053 1.181102 -0.1181102 0.5905512 0 -0.1181102 0.5905512 1.122047 -0.1181102 1.219937 1.181102 -0.1181102 1.968504 1.122047 -0.1181102 1.909449 0.05905512 -0.1181102 1.909449 0.05905512 -0.1181102 1.219937 0 -0.1181102 1.968504 0 0 1.968504 0 -0.1181102 0.5905512 0 -0.1181102 1.968504 0 0 0.5905512 0 0 0.5905512 0.02012254 -0.1181102 0.4377053 0 -0.1181102 0.5905512 0.02012254 0 0.4377053 0.07911886 -0.1181102 0.2952756 0.07911886 0 0.2952756 0.1729684 -0.1181102 0.1729684 0.1729684 0 0.1729684 0.2952756 0 0.07911886 0.2952756 -0.1181102 0.07911886 0.4377053 0 0.02012254 0.4377053 -0.1181102 0.02012254 0.5905512 0 -6.661338e-16 0.5905512 -0.1181102 -6.661338e-16 0.7433971 0 0.02012254 0.5905512 -0.1181102 -6.661338e-16 0.5905512 0 -6.661338e-16 0.7433971 -0.1181102 0.02012254 0.8858268 0 0.07911886 0.8858268 -0.1181102 0.07911886 1.008134 0 0.1729684 1.008134 -0.1181102 0.1729684 1.101984 -0.1181102 0.2952756 1.101984 0 0.2952756 1.16098 -0.1181102 0.4377053 1.16098 0 0.4377053 1.181102 -0.1181102 0.5905512 1.181102 0 0.5905512 1.181102 0 0.5905512 1.181102 -0.1181102 1.968504 1.181102 -0.1181102 0.5905512 1.181102 0 1.968504 1.181102 -0.1181102 1.968504 0 0 1.968504 0 -0.1181102 1.968504 1.181102 0 1.968504 0.4377053 0 0.02012254 0.7433971 0 0.02012254 0.5905512 0 -6.661338e-16 0.2952756 0 0.07911886 0.8858268 0 0.07911886 1.008134 0 0.1729684 0.1729684 0 0.1729684 0.07911886 0 0.2952756 1.101984 0 0.2952756 1.16098 0 0.4377053 0.02012254 0 0.4377053 1.181102 0 0.5905512 0 0 0.5905512 1.181102 0 1.968504 0 0 1.968504</float_array>
                    <technique_common>
                        <accessor count="74" source="#ID54" stride="3">
                            <param name="X" type="float" />
                            <param name="Y" type="float" />
                            <param name="Z" type="float" />
                        </accessor>
                    </technique_common>
                </source>
                <source id="ID51">
                    <float_array id="ID55" count="222">0 -1 0 0 -1 0 0 -1 0 0 -1 0 0 -1 0 0 -1 0 0 -1 0 0 -1 0 0 -1 0 0 -1 0 0 -1 0 0 -1 0 0 -1 0 0 -1 0 0 -1 0 0 -1 0 0 -1 0 0 -1 0 0 -1 0 -1 0 0 -1 0 0 -1 0 0 -1 0 0 -0.9914449 0 -0.1305262 -0.9659258 0 -0.258819 -0.9914449 0 -0.1305262 -0.9659258 0 -0.258819 -0.8660254 0 -0.5 -0.8660254 0 -0.5 -0.7071068 0 -0.7071068 -0.7071068 0 -0.7071068 -0.5 0 -0.8660254 -0.5 0 -0.8660254 -0.258819 0 -0.9659258 -0.258819 0 -0.9659258 -0.1305262 0 -0.9914449 -0.1305262 0 -0.9914449 0.258819 0 -0.9659258 0.1305262 0 -0.9914449 0.1305262 0 -0.9914449 0.258819 0 -0.9659258 0.5 0 -0.8660254 0.5 0 -0.8660254 0.7071068 0 -0.7071068 0.7071068 0 -0.7071068 0.8660254 0 -0.5 0.8660254 0 -0.5 0.9659258 0 -0.258819 0.9659258 0 -0.258819 0.9914449 0 -0.1305262 0.9914449 0 -0.1305262 1 0 0 1 0 0 1 0 0 1 0 0 0 0 1 0 0 1 0 0 1 0 0 1 0 1 0 0 1 0 0 1 0 0 1 0 0 1 0 0 1 0 0 1 0 0 1 0 0 1 0 0 1 0 0 1 0 0 1 0 0 1 0 0 1 0 0 1 0</float_array>
                    <technique_common>
                        <accessor count="74" source="#ID55" stride="3">
                            <param name="X" type="float" />
                            <param name="Y" type="float" />
                            <param name="Z" type="float" />
                        </accessor>
                    </technique_common>
                </source>
                <source id="ID53">
                    <float_array id="ID56" count="178">0.3776457 0.01022225 0.2223543 0.01022225 0.3 -3.38396e-16 0.45 0.04019238 0.15 0.04019238 0.512132 0.08786797 0.08786797 0.08786797 0.5598076 0.15 0.04019238 0.15 0.5897777 0.2223543 0.01022225 0.2223543 0.6 0.3 0 0.3 0.57 0.619728 0.6 1 0.57 0.97 0.03 0.97 0.03 0.619728 0 1 0.06 0.3 0.06 1 0 0.2974335 0.06 0.2191177 0.06 0.2974335 0 0.2191177 0 0.2015167 0.06 0.123201 0.06 0.2015167 0 0.123201 0 0.09453543 0.06 0.01621972 0.06 0.09453543 0 0.01621972 0 -0.09453543 0.06 -0.01621972 0 -0.01621972 0.06 -0.09453543 0 -0.2015167 0.06 -0.123201 0 -0.123201 0.06 -0.2015167 0 -0.2974335 0.06 -0.2191177 0 -0.2191177 0.06 -0.2974335 0 0.3757492 -0.06 0.2974335 0 0.2974335 -0.06 0.3757492 0 0.4311267 -0.06 0.352811 0 0.352811 -0.06 0.4311267 0 0.4597923 -0.06 0.3814766 0 0.3814766 -0.06 0.4597923 0 0.3814766 -0.06 0.4597923 -0.06 0.3814766 0 0.4597923 0 0.352811 -0.06 0.4311267 -0.06 0.352811 0 0.4311267 0 0.2974335 -0.06 0.3757492 -0.06 0.2974335 0 0.3757492 0 0.3 -0.06 1 -0.06 0.3 0.6 -0.06 0 0 0 -0.06 0.6 0 -0.2223543 0.01022225 -0.3776457 0.01022225 -0.3 -3.38396e-16 -0.15 0.04019238 -0.45 0.04019238 -0.512132 0.08786797 -0.08786797 0.08786797 -0.04019238 0.15 -0.5598076 0.15 -0.5897777 0.2223543 -0.01022225 0.2223543 -0.6 0.3 -0.6 1</float_array>
                    <technique_common>
                        <accessor count="89" source="#ID56" stride="2">
                            <param name="S" type="float" />
                            <param name="T" type="float" />
                        </accessor>
                    </technique_common>
                </source>
                <vertices id="ID52">
                    <input semantic="POSITION" source="#ID50" />
                    <input semantic="NORMAL" source="#ID51" />
                </vertices>
                <triangles count="62" material="Material2">
                    <input offset="0" semantic="VERTEX" source="#ID52" />
                    <input offset="1" semantic="TEXCOORD" source="#ID53" />
                    <p>0 0 1 1 2 2 1 1 0 0 3 3 1 1 3 3 4 4 4 4 3 3 5 5 4 4 5 5 6 6 6 6 5 5 7 7 6 6 7 7 8 8 8 8 7 7 9 9 8 8 9 9 10 10 10 10 9 9 11 11 10 10 11 11 12 12 12 12 11 11 13 13 13 13 11 11 14 14 13 13 14 14 15 15 15 15 14 14 16 16 12 12 17 17 18 18 17 17 12 12 13 13 18 18 17 17 16 16 18 18 16 16 14 14 19 18 20 19 21 20 20 19 19 18 22 12 23 21 24 22 25 23 24 22 23 21 26 24 26 25 27 26 24 27 27 26 26 25 28 28 28 29 29 30 27 31 29 30 28 29 30 32 31 33 29 34 30 35 29 34 31 33 32 36 33 37 32 38 31 39 32 38 33 37 34 40 35 41 34 42 33 43 34 42 35 41 36 44 37 45 38 46 39 47 38 46 37 45 40 48 41 49 40 50 37 51 40 50 41 49 42 52 43 53 42 54 41 55 42 54 43 53 44 56 43 57 45 58 44 59 45 58 43 57 46 60 46 61 47 62 45 63 47 62 46 61 48 64 48 65 49 66 47 67 49 66 48 65 50 68 51 69 52 70 53 71 52 70 51 69 54 18 55 72 56 73 57 74 56 73 55 72 58 75 59 76 60 77 61 78 60 77 59 76 62 79 60 77 62 79 63 80 63 80 62 79 64 81 64 81 62 79 65 82 64 81 65 82 66 83 64 81 66 83 67 84 67 84 66 83 68 85 68 85 66 83 69 86 68 85 69 86 70 87 70 87 69 86 71 12 70 87 71 12 72 88 72 88 71 12 73 18</p>
                </triangles>
            </mesh>
        </geometry>
        <geometry id="ID57">
            <mesh>
                <source id="ID63">
                    <float_array id="ID67" count="12">1.122047 -0.05905512 1.909449 0.05905512 -0.05905512 1.219937 1.122047 -0.05905512 1.219937 0.05905512 -0.05905512 1.909449</float_array>
                    <technique_common>
                        <accessor count="4" source="#ID67" stride="3">
                            <param name="X" type="float" />
                            <param name="Y" type="float" />
                            <param name="Z" type="float" />
                        </accessor>
                    </technique_common>
                </source>
                <source id="ID64">
                    <float_array id="ID68" count="12">0 -1 0 0 -1 0 0 -1 0 0 -1 0</float_array>
                    <technique_common>
                        <accessor count="4" source="#ID68" stride="3">
                            <param name="X" type="float" />
                            <param name="Y" type="float" />
                            <param name="Z" type="float" />
                        </accessor>
                    </technique_common>
                </source>
                <source id="ID66">
                    <float_array id="ID69" count="8">0.9999999 0.9999999 -3.866455e-08 0.4208466 0.9999999 0.4208465 -1.387779e-17 1</float_array>
                    <technique_common>
                        <accessor count="4" source="#ID69" stride="2">
                            <param name="S" type="float" />
                            <param name="T" type="float" />
                        </accessor>
                    </technique_common>
                </source>
                <vertices id="ID65">
                    <input semantic="POSITION" source="#ID63" />
                    <input semantic="NORMAL" source="#ID64" />
                </vertices>
                <triangles count="2" material="Material2">
                    <input offset="0" semantic="VERTEX" source="#ID65" />
                    <input offset="1" semantic="TEXCOORD" source="#ID66" />
                    <p>0 0 1 1 2 2 1 1 0 0 3 3</p>
                </triangles>
            </mesh>
        </geometry>
        <geometry id="ID70">
            <mesh>
                <source id="ID71">
                    <float_array id="ID75" count="48">0.05905512 -0.05905512 1.219937 0.05905512 -0.1181102 1.909449 0.05905512 -0.1181102 1.219937 0.05905512 -0.05905512 1.909449 1.122047 -0.1181102 1.219937 0.05905512 -0.05905512 1.219937 0.05905512 -0.1181102 1.219937 1.122047 -0.05905512 1.219937 1.122047 -0.05905512 1.909449 0.05905512 -0.1181102 1.909449 0.05905512 -0.05905512 1.909449 1.122047 -0.1181102 1.909449 1.122047 -0.05905512 1.909449 1.122047 -0.1181102 1.219937 1.122047 -0.1181102 1.909449 1.122047 -0.05905512 1.219937</float_array>
                    <technique_common>
                        <accessor count="16" source="#ID75" stride="3">
                            <param name="X" type="float" />
                            <param name="Y" type="float" />
                            <param name="Z" type="float" />
                        </accessor>
                    </technique_common>
                </source>
                <source id="ID72">
                    <float_array id="ID76" count="48">1 0 0 1 0 0 1 0 0 1 0 0 0 0 1 0 0 1 0 0 1 0 0 1 -0 -0 -1 -0 -0 -1 -0 -0 -1 -0 -0 -1 -1 0 0 -1 0 0 -1 0 0 -1 0 0</float_array>
                    <technique_common>
                        <accessor count="16" source="#ID76" stride="3">
                            <param name="X" type="float" />
                            <param name="Y" type="float" />
                            <param name="Z" type="float" />
                        </accessor>
                    </technique_common>
                </source>
                <source id="ID74">
                    <float_array id="ID77" count="32">-0.03 0.619728 -0.06 0.97 -0.06 0.619728 -0.03 0.97 0.57 -0.06 0.03 -0.03 0.03 -0.06 0.57 -0.03 -0.57 -0.03 -0.03 -0.06 -0.03 -0.03 -0.57 -0.06 0.03 0.97 0.06 0.619728 0.06 0.97 0.03 0.619728</float_array>
                    <technique_common>
                        <accessor count="16" source="#ID77" stride="2">
                            <param name="S" type="float" />
                            <param name="T" type="float" />
                        </accessor>
                    </technique_common>
                </source>
                <vertices id="ID73">
                    <input semantic="POSITION" source="#ID71" />
                    <input semantic="NORMAL" source="#ID72" />
                </vertices>
                <triangles count="8" material="Material2">
                    <input offset="0" semantic="VERTEX" source="#ID73" />
                    <input offset="1" semantic="TEXCOORD" source="#ID74" />
                    <p>0 0 1 1 2 2 1 1 0 0 3 3 4 4 5 5 6 6 5 5 4 4 7 7 8 8 9 9 10 10 9 9 8 8 11 11 12 12 13 13 14 14 13 13 12 12 15 15</p>
                </triangles>
            </mesh>
        </geometry>
        <geometry id="ID78">
            <mesh>
                <source id="ID84">
                    <float_array id="ID88" count="24">1.122047 -0.1181102 1.909449 0.05905512 -0.1181102 1.219937 1.122047 -0.1181102 1.219937 0.05905512 -0.1181102 1.909449 0.05905512 -0.1181102 1.909449 1.122047 -0.1181102 1.909449 0.05905512 -0.1181102 1.219937 1.122047 -0.1181102 1.219937</float_array>
                    <technique_common>
                        <accessor count="8" source="#ID88" stride="3">
                            <param name="X" type="float" />
                            <param name="Y" type="float" />
                            <param name="Z" type="float" />
                        </accessor>
                    </technique_common>
                </source>
                <source id="ID85">
                    <float_array id="ID89" count="24">0 -1 0 0 -1 0 0 -1 0 0 -1 0 -0 1 -0 -0 1 -0 -0 1 -0 -0 1 -0</float_array>
                    <technique_common>
                        <accessor count="8" source="#ID89" stride="3">
                            <param name="X" type="float" />
                            <param name="Y" type="float" />
                            <param name="Z" type="float" />
                        </accessor>
                    </technique_common>
                </source>
                <source id="ID87">
                    <float_array id="ID90" count="8">0.01558399 0.02652012 0.00082021 0.01694357 0.01558399 0.01694357 0.00082021 0.02652012</float_array>
                    <technique_common>
                        <accessor count="4" source="#ID90" stride="2">
                            <param name="S" type="float" />
                            <param name="T" type="float" />
                        </accessor>
                    </technique_common>
                </source>
                <vertices id="ID86">
                    <input semantic="POSITION" source="#ID84" />
                    <input semantic="NORMAL" source="#ID85" />
                </vertices>
                <triangles count="4" material="Material2">
                    <input offset="0" semantic="VERTEX" source="#ID86" />
                    <input offset="1" semantic="TEXCOORD" source="#ID87" />
                    <p>0 0 1 1 2 2 1 1 0 0 3 3 4 3 5 0 6 1 7 2 6 1 5 0</p>
                </triangles>
            </mesh>
        </geometry>
        <geometry id="ID93">
            <mesh>
                <source id="ID99">
                    <float_array id="ID103" count="144">0.3294589 0.2362205 -0.3294589 0.4035031 -0.2087677 -0.2329626 0.3294589 -0.2087677 -0.3294589 0.4035031 0.2362205 -0.2329626 0.2329626 0.2362205 -0.4035031 0.2329626 -0.2087677 -0.4035031 0.4500492 -0.2087677 -0.1205903 0.4500492 0.2362205 -0.1205903 0.1205903 -0.2087677 -0.4500492 0.1205903 0.2362205 -0.4500492 0.4659252 -0.2087677 1.110223e-16 0.4659252 0.2362205 0 0 0.2362205 -0.4659252 -4.440892e-16 -0.2087677 -0.4659252 0.4500492 -0.2087677 0.1205903 0.4500492 0.2362205 0.1205903 -0.1205903 -0.2087677 -0.4500492 -0.1205903 0.2362205 -0.4500492 0.4035031 -0.2087677 0.2329626 0.4035031 0.2362205 0.2329626 -0.2329626 -0.2087677 -0.4035031 -0.2329626 0.2362205 -0.4035031 0.3294589 -0.2087677 0.3294589 0.3294589 0.2362205 0.3294589 -0.3294589 -0.2087677 -0.3294589 -0.3294589 0.2362205 -0.3294589 0.2329626 0.2362205 0.4035031 0.2329626 -0.2087677 0.4035031 -0.4035031 0.2362205 -0.2329626 -0.4035031 -0.2087677 -0.2329626 0.1205903 0.2362205 0.4500492 0.1205903 -0.2087677 0.4500492 -0.4500492 0.2362205 -0.1205903 -0.4500492 -0.2087677 -0.1205903 0 0.2362205 0.4659252 0 -0.2087677 0.4659252 -0.4659252 0.2362205 0 -0.4659252 -0.2087677 1.110223e-16 -0.1205903 0.2362205 0.4500492 -0.1205903 -0.2087677 0.4500492 -0.4500492 0.2362205 0.1205903 -0.4500492 -0.2087677 0.1205903 -0.2329626 -0.2087677 0.4035031 -0.2329626 0.2362205 0.4035031 -0.4035031 0.2362205 0.2329626 -0.4035031 -0.2087677 0.2329626 -0.3294589 0.2362205 0.3294589 -0.3294589 -0.2087677 0.3294589</float_array>
                    <technique_common>
                        <accessor count="48" source="#ID103" stride="3">
                            <param name="X" type="float" />
                            <param name="Y" type="float" />
                            <param name="Z" type="float" />
                        </accessor>
                    </technique_common>
                </source>
                <source id="ID100">
                    <float_array id="ID104" count="144">0.7071068 -1.16033e-16 -0.7071068 0.8660254 -2.071796e-16 -0.5 0.7071068 -1.16033e-16 -0.7071068 0.8660254 -2.071796e-16 -0.5 0.5 -4.9354e-17 -0.8660254 0.5 -4.9354e-17 -0.8660254 0.9659258 -5.194105e-17 -0.258819 0.9659258 -5.194105e-17 -0.258819 0.258819 -1.006697e-16 -0.9659258 0.258819 -1.006697e-16 -0.9659258 1 2.018368e-17 8.91111e-18 1 2.018368e-17 -2.673333e-17 5.346666e-17 3.12096e-17 -1 -1.069333e-16 3.12096e-17 -1 0.9659258 9.579496e-17 0.258819 0.9659258 9.579496e-17 0.258819 -0.258819 1.599523e-16 -0.9659258 -0.258819 1.599523e-16 -0.9659258 0.8660254 2.093333e-16 0.5 0.8660254 2.093333e-16 0.5 -0.5 4.241057e-17 -0.8660254 -0.5 4.241057e-17 -0.8660254 0.7071068 -3.425285e-17 0.7071068 0.7071068 -3.425285e-17 0.7071068 -0.7071068 5.708808e-18 -0.7071068 -0.7071068 5.708808e-18 -0.7071068 0.5 -8.802865e-17 0.8660254 0.5 -8.802865e-17 0.8660254 -0.8660254 1.301811e-16 -0.5 -0.8660254 1.301811e-16 -0.5 0.258819 1.840243e-16 0.9659258 0.258819 1.840243e-16 0.9659258 -0.9659258 6.236053e-17 -0.258819 -0.9659258 6.236053e-17 -0.258819 -9.267554e-16 1.41562e-16 1 -9.267554e-16 1.41562e-16 1 -1 -5.766767e-19 -6.861555e-16 -1 -5.766767e-19 -6.50511e-16 -0.258819 7.59095e-17 0.9659258 -0.258819 7.59095e-17 0.9659258 -0.9659258 -1.559675e-17 0.258819 -0.9659258 -1.559675e-17 0.258819 -0.5 5.918588e-17 0.8660254 -0.5 5.918588e-17 0.8660254 -0.8660254 2.670113e-18 0.5 -0.8660254 2.670113e-18 0.5 -0.7071068 2.634034e-17 0.7071068 -0.7071068 2.634034e-17 0.7071068</float_array>
                    <technique_common>
                        <accessor count="48" source="#ID104" stride="3">
                            <param name="X" type="float" />
                            <param name="Y" type="float" />
                            <param name="Z" type="float" />
                        </accessor>
                    </technique_common>
                </source>
                <source id="ID102">
                    <float_array id="ID105" count="188">2.087179 0.1832915 1.982821 -0.1934652 2.087179 -0.1934652 1.982821 0.1832915 2.191538 0.1832915 2.087179 -0.1934652 2.191538 -0.1934652 2.087179 0.1832915 1.982821 0.1832915 1.878462 -0.1934652 1.878462 0.1832915 2.191538 0.1832915 2.295897 -0.1934652 2.295897 0.1832915 2.191538 -0.1934652 1.878462 0.1832915 1.774103 -0.1934652 1.878462 -0.1934652 1.774103 0.1832915 2.400256 0.1832915 2.295897 -0.1934652 2.400256 -0.1934652 2.295897 0.1832915 1.774103 0.1832915 1.669744 -0.1934652 1.774103 -0.1934652 1.669744 0.1832915 2.400256 0.1832915 2.504615 -0.1934652 2.504615 0.1832915 2.400256 -0.1934652 1.669744 0.1832915 1.565385 -0.1934652 1.669744 -0.1934652 1.565385 0.1832915 -2.081668e-17 0.1832915 0.104359 -0.1934652 0.104359 0.1832915 1.873501e-16 -0.1934652 1.565385 0.1832915 1.461026 -0.1934652 1.565385 -0.1934652 1.461026 0.1832915 0.2087179 -0.1934652 0.2087179 0.1832915 0.104359 -0.1934652 1.461026 -0.1934652 1.356667 0.1832915 1.356667 -0.1934652 1.461026 0.1832915 0.3130769 0.1832915 0.2087179 -0.1934652 0.3130769 -0.1934652 0.2087179 0.1832915 1.356667 -0.1934652 1.252308 0.1832915 1.252308 -0.1934652 1.356667 0.1832915 0.4174359 0.1832915 0.3130769 -0.1934652 0.4174359 -0.1934652 0.3130769 0.1832915 1.252308 -0.1934652 1.147949 0.1832915 1.147949 -0.1934652 1.252308 0.1832915 0.5217949 0.1832915 0.4174359 -0.1934652 0.5217949 -0.1934652 0.4174359 0.1832915 1.147949 -0.1934652 1.04359 0.1832915 1.04359 -0.1934652 1.147949 0.1832915 0.6261538 0.1832915 0.5217949 -0.1934652 0.6261538 -0.1934652 0.5217949 0.1832915 0.9392308 -0.1934652 1.04359 0.1832915 0.9392308 0.1832915 1.04359 -0.1934652 0.7305128 0.1832915 0.6261538 -0.1934652 0.7305128 -0.1934652 0.6261538 0.1832915 0.9392308 -0.1934652 0.8348718 0.1832915 0.8348718 -0.1934652 0.9392308 0.1832915 0.8348718 0.1832915 0.7305128 -0.1934652 0.8348718 -0.1934652 0.7305128 0.1832915</float_array>
                    <technique_common>
                        <accessor count="94" source="#ID105" stride="2">
                            <param name="S" type="float" />
                            <param name="T" type="float" />
                        </accessor>
                    </technique_common>
                </source>
                <vertices id="ID101">
                    <input semantic="POSITION" source="#ID99" />
                    <input semantic="NORMAL" source="#ID100" />
                </vertices>
                <triangles count="48" material="Material2">
                    <input offset="0" semantic="VERTEX" source="#ID101" />
                    <input offset="1" semantic="TEXCOORD" source="#ID102" />
                    <p>0 0 1 1 2 2 1 1 0 0 3 3 4 4 2 5 5 6 2 5 4 4 0 7 3 8 6 9 1 1 6 9 3 8 7 10 4 11 8 12 9 13 8 12 4 11 5 14 7 15 10 16 6 17 10 16 7 15 11 18 12 19 8 20 13 21 8 20 12 19 9 22 11 23 14 24 10 25 14 24 11 23 15 26 12 27 16 28 17 29 16 28 12 27 13 30 15 31 18 32 14 33 18 32 15 31 19 34 17 35 20 36 21 37 20 36 17 35 16 38 19 39 22 40 18 41 22 40 19 39 23 42 21 37 24 43 25 44 24 43 21 37 20 45 22 46 26 47 27 48 26 47 22 46 23 49 28 50 24 51 29 52 24 51 28 50 25 53 27 54 30 55 31 56 30 55 27 54 26 57 32 58 29 59 33 60 29 59 32 58 28 61 31 62 34 63 35 64 34 63 31 62 30 65 36 66 33 67 37 68 33 67 36 66 32 69 35 70 38 71 39 72 38 71 35 70 34 73 40 74 37 75 41 76 37 75 40 74 36 77 42 78 38 79 43 80 38 79 42 78 39 81 44 82 41 83 45 84 41 83 44 82 40 85 42 86 46 87 47 88 46 87 42 86 43 89 46 90 45 91 47 92 45 91 46 90 44 93</p>
                </triangles>
            </mesh>
        </geometry>
        <geometry id="ID106">
            <mesh>
                <source id="ID107">
                    <float_array id="ID111" count="1008">0.6915253 -0.2274724 0.3992523 0.5646281 -0.3098228 0.5646281 0.6915253 -0.3098228 0.3992523 0.5646281 -0.2274724 0.5646281 0.7712963 -0.2274724 0.2066682 0.7712963 -0.3098228 0.2066682 0.5512877 -0.2087677 0.5512877 0.6915253 -0.2274724 0.3992523 0.6751868 -0.2087677 0.3898193 0.5646281 -0.2274724 0.5646281 0.3992523 -0.2274724 0.6915253 0.3992523 -0.3098228 0.6915253 0.6915253 -0.3098228 0.3992523 0.55894 -0.3384366 0.55894 0.6845589 -0.3384366 0.3952302 0.5646281 -0.3098228 0.5646281 0.7985047 -0.2274724 -1.065814e-14 0.7985047 -0.3098228 -1.065814e-14 0.7712963 -0.2274724 0.2066682 0.753073 -0.2087677 0.2017853 0.7712963 -0.3098228 0.2066682 0.7635262 -0.3384366 0.2045862 -0.2017853 -0.2087677 -0.753073 0.2017853 -0.2087677 -0.753073 8.881784e-16 -0.2087677 -0.7796385 -0.3898193 -0.2087677 -0.6751868 0.3898193 -0.2087677 -0.6751868 0.5512877 -0.2087677 -0.5512877 -0.5512877 -0.2087677 -0.5512877 0.6751868 -0.2087677 -0.3898193 -0.6751868 -0.2087677 -0.3898193 -0.753073 -0.2087677 -0.2017853 0.753073 -0.2087677 -0.2017853 -0.7796385 -0.2087677 -1.065814e-14 0.7796385 -0.2087677 -1.065814e-14 -0.753073 -0.2087677 0.2017853 0.753073 -0.2087677 0.2017853 0.6751868 -0.2087677 0.3898193 -0.6751868 -0.2087677 0.3898193 -0.5512877 -0.2087677 0.5512877 0.5512877 -0.2087677 0.5512877 -0.3898193 -0.2087677 0.6751868 0.3898193 -0.2087677 0.6751868 -0.2017853 -0.2087677 0.753073 0.2017853 -0.2087677 0.753073 -1.110223e-16 -0.2087677 0.7796385 0.3898193 -0.2087677 0.6751868 0.3992523 -0.2274724 0.6915253 0.2066682 -0.3098228 0.7712963 0.2066682 -0.2274724 0.7712963 0.3992523 -0.3098228 0.6915253 0.3952302 -0.3384366 0.6845589 0.5418554 -0.355748 0.5418554 0.6636346 -0.355748 0.3831496 0.7712963 -0.2274724 -0.2066682 0.7712963 -0.3098228 -0.2066682 0.7985047 -0.2274724 -1.065814e-14 0.7796385 -0.2087677 -1.065814e-14 0.7985047 -0.3098228 -1.065814e-14 0.7904605 -0.3384366 1.110223e-16 0.7401882 -0.355748 0.1983328 -0.5646281 -0.2274724 0.5646281 -0.3898193 -0.2087677 0.6751868 -0.5512877 -0.2087677 0.5512877 -0.3992523 -0.2274724 0.6915253 -0.2017853 -0.2087677 0.753073 -0.2066682 -0.2274724 0.7712963 -1.110223e-16 -0.2087677 0.7796385 6.661338e-16 -0.2274724 0.7985047 0.2066682 -0.2274724 0.7712963 0.2017853 -0.2087677 0.753073 0.753073 -0.2087677 -0.2017853 0.7712963 -0.2274724 -0.2066682 0.6751868 -0.2087677 -0.3898193 0.6915253 -0.2274724 -0.3992523 0.5512877 -0.2087677 -0.5512877 0.5646281 -0.2274724 -0.5646281 0.3898193 -0.2087677 -0.6751868 0.3992523 -0.2274724 -0.6915253 0.2017853 -0.2087677 -0.753073 0.2066682 -0.2274724 -0.7712963 8.881784e-16 -0.2087677 -0.7796385 8.881784e-16 -0.2274724 -0.7985047 -0.2066682 -0.2274724 -0.7712963 -0.2017853 -0.2087677 -0.753073 -0.3992523 -0.2274724 -0.6915253 -0.3898193 -0.2087677 -0.6751868 -0.5646281 -0.2274724 -0.5646281 -0.5512877 -0.2087677 -0.5512877 -0.6915253 -0.2274724 -0.3992523 -0.6751868 -0.2087677 -0.3898193 -0.7712963 -0.2274724 -0.2066682 -0.753073 -0.2087677 -0.2017853 -0.7985047 -0.2274724 -1.065814e-14 -0.7796385 -0.2087677 -1.065814e-14 -0.7712963 -0.2274724 0.2066682 -0.753073 -0.2087677 0.2017853 -0.6751868 -0.2087677 0.3898193 -0.6915253 -0.2274724 0.3992523 6.661338e-16 -0.2274724 0.7985047 4.440892e-16 -0.3098228 0.7985047 0.2066682 -0.3098228 0.7712963 0.2045862 -0.3384366 0.7635262 0.3831496 -0.355748 0.6636346 0.6636346 -0.355748 0.3831496 0.4717768 -0.3783932 0.4717768 0.5778062 -0.3783932 0.3335966 0.5418554 -0.355748 0.5418554 0.6915253 -0.2274724 -0.3992523 0.6915253 -0.3098228 -0.3992523 0.7712963 -0.3098228 -0.2066682 0.7635262 -0.3384366 -0.2045862 0.7662992 -0.355748 0 0.7401882 -0.355748 0.1983328 0.6444591 -0.3783932 0.1726823 -0.3992523 -0.3098228 0.6915253 -0.5646281 -0.2274724 0.5646281 -0.5646281 -0.3098228 0.5646281 -0.3992523 -0.2274724 0.6915253 -0.2066682 -0.3098228 0.7712963 -0.2066682 -0.2274724 0.7712963 0.5646281 -0.2274724 -0.5646281 0.5646281 -0.3098228 -0.5646281 0.3992523 -0.3098228 -0.6915253 0.3992523 -0.2274724 -0.6915253 0.2066682 -0.3098228 -0.7712963 0.2066682 -0.2274724 -0.7712963 8.881784e-16 -0.3098228 -0.7985047 8.881784e-16 -0.2274724 -0.7985047 -0.2066682 -0.3098228 -0.7712963 -0.2066682 -0.2274724 -0.7712963 -0.3992523 -0.2274724 -0.6915253 -0.3992523 -0.3098228 -0.6915253 -0.5646281 -0.3098228 -0.5646281 -0.5646281 -0.2274724 -0.5646281 -0.6915253 -0.2274724 -0.3992523 -0.6915253 -0.3098228 -0.3992523 -0.7712963 -0.2274724 -0.2066682 -0.7712963 -0.3098228 -0.2066682 -0.7985047 -0.2274724 -1.065814e-14 -0.7985047 -0.3098228 -1.065814e-14 -0.7712963 -0.2274724 0.2066682 -0.7712963 -0.3098228 0.2066682 -0.6915253 -0.2274724 0.3992523 -0.6915253 -0.3098228 0.3992523 4.440892e-16 -0.3098228 0.7985047 2.220446e-16 -0.3384366 0.7904605 0.1983328 -0.355748 0.7401882 0.3335966 -0.3783932 0.5778062 0.3831496 -0.355748 0.6636346 0.4005803 -0.3924266 0.4005803 0.4906087 -0.3924266 0.2832531 0.6915253 -0.3098228 -0.3992523 0.6845589 -0.3384366 -0.3952302 0.7401882 -0.355748 -0.1983328 0.7662992 -0.355748 0 0.6671931 -0.3783932 -1.110223e-16 0.5472029 -0.3924266 0.1466226 -0.55894 -0.3384366 0.55894 -0.3992523 -0.3098228 0.6915253 -0.5646281 -0.3098228 0.5646281 -0.3952302 -0.3384366 0.6845589 -0.2066682 -0.3098228 0.7712963 -0.2045862 -0.3384366 0.7635262 0.5646281 -0.3098228 -0.5646281 0.55894 -0.3384366 -0.55894 0.3992523 -0.3098228 -0.6915253 0.3952302 -0.3384366 -0.6845589 0.2066682 -0.3098228 -0.7712963 0.2045862 -0.3384366 -0.7635262 8.881784e-16 -0.3098228 -0.7985047 4.440892e-16 -0.3384366 -0.7904605 -0.2045862 -0.3384366 -0.7635262 -0.2066682 -0.3098228 -0.7712963 -0.3952302 -0.3384366 -0.6845589 -0.3992523 -0.3098228 -0.6915253 -0.55894 -0.3384366 -0.55894 -0.5646281 -0.3098228 -0.5646281 -0.6915253 -0.3098228 -0.3992523 -0.6845589 -0.3384366 -0.3952302 -0.7712963 -0.3098228 -0.2066682 -0.7635262 -0.3384366 -0.2045862 -0.7985047 -0.3098228 -1.065814e-14 -0.7904605 -0.3384366 -1.110223e-16 -0.7712963 -0.3098228 0.2066682 -0.7635262 -0.3384366 0.2045862 -0.6915253 -0.3098228 0.3992523 -0.6845589 -0.3384366 0.3952302 3.330669e-16 -0.355748 0.7662992 0.1726823 -0.3783932 0.6444591 0.1983328 -0.355748 0.7401882 0.2832531 -0.3924266 0.4906087 0.328794 -0.3977441 0.328794 0.4026888 -0.3977441 0.2324925 0.6636346 -0.355748 -0.3831496 0.6444591 -0.3783932 -0.1726823 0.7401882 -0.355748 -0.1983328 0.5665061 -0.3924266 -1.110223e-16 0.449141 -0.3977441 0.120347 -0.3831496 -0.355748 0.6636346 -0.5418554 -0.355748 0.5418554 -0.1983328 -0.355748 0.7401882 0.5418554 -0.355748 -0.5418554 0.3831496 -0.355748 -0.6636346 0.1983328 -0.355748 -0.7401882 4.440892e-16 -0.355748 -0.7662992 -0.1983328 -0.355748 -0.7401882 -0.3831496 -0.355748 -0.6636346 -0.5418554 -0.355748 -0.5418554 -0.6636346 -0.355748 -0.3831496 -0.7401882 -0.355748 -0.1983328 -0.7662992 -0.355748 -1.110223e-16 -0.7401882 -0.355748 0.1983328 -0.6636346 -0.355748 0.3831496 4.440892e-16 -0.3783932 0.6671931 3.330669e-16 -0.355748 0.7662992 0.1466226 -0.3924266 0.5472029 0.2324925 -0.3977441 0.4026888 0.2324925 -0.3977441 -0.4026888 4.440892e-16 -0.3977441 -0.4049456 0.120347 -0.3977441 -0.449141 0.1048076 -0.3977441 -0.3911474 0.328794 -0.3977441 -0.328794 0.2024728 -0.3977441 -0.3506932 0.2863398 -0.3977441 -0.2863398 0.4026888 -0.3977441 -0.2324925 0.3506932 -0.3977441 -0.2024728 0.449141 -0.3977441 -0.120347 0.3911474 -0.3977441 -0.1048076 0.464985 -0.3977441 0 0.4049456 -0.3977441 2.220446e-16 0.449141 -0.3977441 0.120347 0.3911474 -0.3977441 0.1048076 0.3506932 -0.3977441 0.2024728 0.4026888 -0.3977441 0.2324925 0.2863398 -0.3977441 0.2863398 0.328794 -0.3977441 0.328794 0.2024728 -0.3977441 0.3506932 0.2324925 -0.3977441 0.4026888 0.1048076 -0.3977441 0.3911474 3.330669e-16 -0.3977441 0.4049456 0.120347 -0.3977441 0.449141 -0.120347 -0.3977441 -0.449141 5.551115e-16 -0.3977441 -0.464985 -0.2324925 -0.3977441 -0.4026888 -0.1048076 -0.3977441 -0.3911474 -0.328794 -0.3977441 -0.328794 -0.2024728 -0.3977441 -0.3506932 -0.2863398 -0.3977441 -0.2863398 -0.4026888 -0.3977441 -0.2324925 -0.3506932 -0.3977441 -0.2024728 -0.449141 -0.3977441 -0.120347 -0.3911474 -0.3977441 -0.1048076 -0.464985 -0.3977441 -1.110223e-16 -0.4049456 -0.3977441 -2.220446e-16 -0.3911474 -0.3977441 0.1048076 -0.449141 -0.3977441 0.120347 -0.3506932 -0.3977441 0.2024728 -0.4026888 -0.3977441 0.2324925 -0.2863398 -0.3977441 0.2863398 -0.328794 -0.3977441 0.328794 -0.2024728 -0.3977441 0.3506932 -0.2324925 -0.3977441 0.4026888 -0.1048076 -0.3977441 0.3911474 -0.120347 -0.3977441 0.449141 3.330669e-16 -0.3977441 0.464985 0.5778062 -0.3783932 -0.3335966 0.6636346 -0.355748 -0.3831496 0.5472029 -0.3924266 -0.1466226 0.464985 -0.3977441 0 -0.3335966 -0.3783932 0.5778062 -0.5418554 -0.355748 0.5418554 -0.4717768 -0.3783932 0.4717768 -0.3831496 -0.355748 0.6636346 -0.1726823 -0.3783932 0.6444591 -0.1983328 -0.355748 0.7401882 0.4717768 -0.3783932 -0.4717768 0.5418554 -0.355748 -0.5418554 0.3335966 -0.3783932 -0.5778062 0.3831496 -0.355748 -0.6636346 0.1726823 -0.3783932 -0.6444591 0.1983328 -0.355748 -0.7401882 4.440892e-16 -0.3783932 -0.6671931 4.440892e-16 -0.355748 -0.7662992 -0.1983328 -0.355748 -0.7401882 -0.1726823 -0.3783932 -0.6444591 -0.3831496 -0.355748 -0.6636346 -0.3335966 -0.3783932 -0.5778062 -0.5418554 -0.355748 -0.5418554 -0.4717768 -0.3783932 -0.4717768 -0.6636346 -0.355748 -0.3831496 -0.5778062 -0.3783932 -0.3335966 -0.7401882 -0.355748 -0.1983328 -0.6444591 -0.3783932 -0.1726823 -0.7662992 -0.355748 -1.110223e-16 -0.6671931 -0.3783932 0 -0.7401882 -0.355748 0.1983328 -0.6444591 -0.3783932 0.1726823 -0.5778062 -0.3783932 0.3335966 -0.6636346 -0.355748 0.3831496 4.440892e-16 -0.3924266 0.5665061 0.120347 -0.3977441 0.449141 -0.120347 -0.3977441 0.449141 -0.2832531 -0.3924266 0.4906087 -0.2324925 -0.3977441 0.4026888 -0.1466226 -0.3924266 0.5472029 -0.4005803 -0.3924266 0.4005803 -0.328794 -0.3977441 0.328794 -0.4906087 -0.3924266 0.2832531 -0.4026888 -0.3977441 0.2324925 -0.5472029 -0.3924266 0.1466226 -0.449141 -0.3977441 0.120347 -0.5665061 -0.3924266 0 -0.464985 -0.3977441 -1.110223e-16 -0.449141 -0.3977441 -0.120347 -0.5472029 -0.3924266 -0.1466226 -0.4026888 -0.3977441 -0.2324925 -0.4906087 -0.3924266 -0.2832531 -0.328794 -0.3977441 -0.328794 -0.4005803 -0.3924266 -0.4005803 -0.2324925 -0.3977441 -0.4026888 -0.2832531 -0.3924266 -0.4906087 -0.120347 -0.3977441 -0.449141 -0.1466226 -0.3924266 -0.5472029 5.551115e-16 -0.3977441 -0.464985 5.551115e-16 -0.3924266 -0.5665061 0.1466226 -0.3924266 -0.5472029 0.120347 -0.3977441 -0.449141 0.2832531 -0.3924266 -0.4906087 0.2324925 -0.3977441 -0.4026888 0.4005803 -0.3924266 -0.4005803 0.328794 -0.3977441 -0.328794 0.4906087 -0.3924266 -0.2832531 0.4026888 -0.3977441 -0.2324925 0.449141 -0.3977441 -0.120347 3.330669e-16 -0.3977441 0.464985</float_array>
                    <technique_common>
                        <accessor count="336" source="#ID111" stride="3">
                            <param name="X" type="float" />
                            <param name="Y" type="float" />
                            <param name="Z" type="float" />
                        </accessor>
                    </technique_common>
                </source>
                <source id="ID108">
                    <float_array id="ID112" count="1008">0.8660254 -3.702553e-16 0.5 0.7071068 -3.069089e-16 0.7071068 0.8660254 -3.702553e-16 0.5 0.7071068 -3.069089e-16 0.7071068 0.9659258 -5.049616e-16 0.258819 0.9659258 -5.049616e-16 0.258819 0.4978474 0.7101379 0.4978474 0.6097361 0.7101379 0.3520313 0.6097361 0.7101379 0.3520313 0.4978474 0.7101379 0.4978474 0.5 5.656407e-16 0.8660254 0.5 5.656407e-16 0.8660254 0.8337061 -0.2706389 0.4813405 0.5850872 -0.5615567 0.5850872 0.7165825 -0.5615567 0.4137191 0.6807182 -0.2706389 0.6807182 1 -2.946701e-16 1.078244e-15 1 -2.946701e-16 1.078244e-15 0.6800722 0.7101379 0.1822248 0.6800722 0.7101379 0.1822248 0.9298784 -0.2706389 0.2491602 0.799244 -0.5615567 0.2141568 0 1 0 0 1 0 0 1 0 0 1 0 0 1 0 0 1 0 0 1 0 0 1 0 0 1 0 0 1 0 0 1 0 0 1 0 0 1 0 0 1 0 0 1 0 0 1 0 0 1 0 0 1 0 0 1 0 0 1 0 0 1 0 0 1 0 0 1 0 0 1 0 0.3520313 0.7101379 0.6097361 0.3520313 0.7101379 0.6097361 0.258819 1.040932e-15 0.9659258 0.258819 1.040932e-15 0.9659258 0.4813405 -0.2706389 0.8337061 0.4137191 -0.5615567 0.7165825 0.4118387 -0.8128823 0.4118387 0.5043974 -0.8128823 0.291214 0.9659258 -8.597275e-16 -0.258819 0.9659258 -8.597275e-16 -0.258819 0.7040626 0.7101379 7.449703e-16 0.7040626 0.7101379 8.210121e-16 0.9626809 -0.2706389 -2.710366e-14 0.8274382 -0.5615567 1.747698e-14 0.5625822 -0.8128823 0.1507434 -0.4978474 0.7101379 0.4978474 -0.3520313 0.7101379 0.6097361 -0.4978474 0.7101379 0.4978474 -0.3520313 0.7101379 0.6097361 -0.1822248 0.7101379 0.6800722 -0.1822248 0.7101379 0.6800722 -3.082984e-15 0.7101379 0.7040626 4.997902e-16 0.7101379 0.7040626 0.1822248 0.7101379 0.6800722 0.1822248 0.7101379 0.6800722 0.6800722 0.7101379 -0.1822248 0.6800722 0.7101379 -0.1822248 0.6097361 0.7101379 -0.3520313 0.6097361 0.7101379 -0.3520313 0.4978474 0.7101379 -0.4978474 0.4978474 0.7101379 -0.4978474 0.3520313 0.7101379 -0.6097361 0.3520313 0.7101379 -0.6097361 0.1822248 0.7101379 -0.6800722 0.1822248 0.7101379 -0.6800722 1.675535e-17 0.7101379 -0.7040626 1.886001e-17 0.7101379 -0.7040626 -0.1822248 0.7101379 -0.6800722 -0.1822248 0.7101379 -0.6800722 -0.3520313 0.7101379 -0.6097361 -0.3520313 0.7101379 -0.6097361 -0.4978474 0.7101379 -0.4978474 -0.4978474 0.7101379 -0.4978474 -0.6097361 0.7101379 -0.3520313 -0.6097361 0.7101379 -0.3520313 -0.6800722 0.7101379 -0.1822248 -0.6800722 0.7101379 -0.1822248 -0.7040626 0.7101379 -2.829001e-17 -0.7040626 0.7101379 -3.35107e-17 -0.6800722 0.7101379 0.1822248 -0.6800722 0.7101379 0.1822248 -0.6097361 0.7101379 0.3520313 -0.6097361 0.7101379 0.3520313 -1.550533e-15 1.683829e-16 1 -1.996089e-15 1.683829e-16 1 0.2491602 -0.2706389 0.9298784 0.2141568 -0.5615567 0.799244 0.291214 -0.8128823 0.5043974 0.1929098 -0.9748749 0.1113765 0.1301302 -0.9829203 0.1301302 0.1593763 -0.9829203 0.09201592 0.1575102 -0.9748749 0.1575102 0.8660254 -6.284513e-16 -0.5 0.8660254 -6.284513e-16 -0.5 0.9298784 -0.2706389 -0.2491602 0.799244 -0.5615567 -0.2141568 0.5824279 -0.8128823 3.817617e-16 0.215163 -0.9748749 0.05765274 0.1777611 -0.9829203 0.04763095 -0.5 2.204445e-16 0.8660254 -0.7071068 7.219712e-18 0.7071068 -0.7071068 7.219712e-18 0.7071068 -0.5 2.204445e-16 0.8660254 -0.258819 -7.405106e-17 0.9659258 -0.258819 -7.405106e-17 0.9659258 0.7071068 1.622579e-16 -0.7071068 0.7071068 1.622579e-16 -0.7071068 0.5 -1.64512e-16 -0.8660254 0.5 -1.64512e-16 -0.8660254 0.258819 -2.554574e-16 -0.9659258 0.258819 -2.554574e-16 -0.9659258 1.782222e-17 -2.525744e-17 -1 1.782222e-17 -2.525744e-17 -1 -0.258819 -6.659326e-17 -0.9659258 -0.258819 -6.659326e-17 -0.9659258 -0.5 -4.26023e-17 -0.8660254 -0.5 -4.26023e-17 -0.8660254 -0.7071068 -4.063405e-16 -0.7071068 -0.7071068 -4.063405e-16 -0.7071068 -0.8660254 -3.30434e-16 -0.5 -0.8660254 -3.30434e-16 -0.5 -0.9659258 2.7567e-16 -0.258819 -0.9659258 2.7567e-16 -0.258819 -1 4.020598e-16 0 -1 4.020598e-16 0 -0.9659258 2.263026e-16 0.258819 -0.9659258 2.263026e-16 0.258819 -0.8660254 -2.620031e-16 0.5 -0.8660254 -2.620031e-16 0.5 -1.075036e-15 -0.2706389 0.9626809 -1.738548e-15 -0.5615567 0.8274382 0.1507434 -0.8128823 0.5625822 0.09201592 -0.9829203 0.1593763 0.1113765 -0.9748749 0.1929098 0.06987368 -0.9951057 0.06987368 0.08557743 -0.9951057 0.04940815 0.8337061 -0.2706389 -0.4813405 0.7165825 -0.5615567 -0.4137191 0.5625822 -0.8128823 -0.1507434 0.2227531 -0.9748749 2.04427e-16 0.1840318 -0.9829203 1.654127e-16 0.09544922 -0.9951057 0.02557554 -0.5850872 -0.5615567 0.5850872 -0.4813405 -0.2706389 0.8337061 -0.6807182 -0.2706389 0.6807182 -0.4137191 -0.5615567 0.7165825 -0.2491602 -0.2706389 0.9298784 -0.2141568 -0.5615567 0.799244 0.6807182 -0.2706389 -0.6807182 0.5850872 -0.5615567 -0.5850872 0.4813405 -0.2706389 -0.8337061 0.4137191 -0.5615567 -0.7165825 0.2491602 -0.2706389 -0.9298784 0.2141568 -0.5615567 -0.799244 1.166141e-15 -0.2706389 -0.9626809 -6.405176e-16 -0.5615567 -0.8274382 -0.2141568 -0.5615567 -0.799244 -0.2491602 -0.2706389 -0.9298784 -0.4137191 -0.5615567 -0.7165825 -0.4813405 -0.2706389 -0.8337061 -0.5850872 -0.5615567 -0.5850872 -0.6807182 -0.2706389 -0.6807182 -0.8337061 -0.2706389 -0.4813405 -0.7165825 -0.5615567 -0.4137191 -0.9298784 -0.2706389 -0.2491602 -0.799244 -0.5615567 -0.2141568 -0.9626809 -0.2706389 -2.76594e-14 -0.8274382 -0.5615567 1.602257e-14 -0.9298784 -0.2706389 0.2491602 -0.799244 -0.5615567 0.2141568 -0.8337061 -0.2706389 0.4813405 -0.7165825 -0.5615567 0.4137191 -6.058393e-16 -0.8128823 0.5824279 0.04763095 -0.9829203 0.1777611 0.05765274 -0.9748749 0.215163 0.04940815 -0.9951057 0.08557743 0.03698654 -0.9986311 0.03698654 0.04529907 -0.9986311 0.02615343 0.5043974 -0.8128823 -0.291214 0.1777611 -0.9829203 -0.04763095 0.215163 -0.9748749 -0.05765274 0.0988163 -0.9951057 9.399884e-17 0.05052455 -0.9986311 0.01353801 -0.291214 -0.8128823 0.5043974 -0.4118387 -0.8128823 0.4118387 -0.1507434 -0.8128823 0.5625822 0.4118387 -0.8128823 -0.4118387 0.291214 -0.8128823 -0.5043974 0.1507434 -0.8128823 -0.5625822 7.469251e-17 -0.8128823 -0.5824279 -0.1507434 -0.8128823 -0.5625822 -0.291214 -0.8128823 -0.5043974 -0.4118387 -0.8128823 -0.4118387 -0.5043974 -0.8128823 -0.291214 -0.5625822 -0.8128823 -0.1507434 -0.5824279 -0.8128823 -2.323767e-16 -0.5625822 -0.8128823 0.1507434 -0.5043974 -0.8128823 0.291214 -2.223943e-16 -0.9829203 0.1840318 -2.477174e-16 -0.9748749 0.2227531 0.02557554 -0.9951057 0.09544922 0.02615343 -0.9986311 0.04529907 0 -1 0 0 -1 0 0 -1 0 0 -1 0 0 -1 0 0 -1 0 0 -1 0 0 -1 0 0 -1 0 0 -1 0 0 -1 0 0 -1 0 0 -1 0 0 -1 0 0 -1 0 0 -1 0 0 -1 0 0 -1 0 0 -1 0 0 -1 0 0 -1 0 0 -1 0 0 -1 0 0 -1 0 0 -1 0 0 -1 0 0 -1 0 0 -1 0 0 -1 0 0 -1 0 0 -1 0 0 -1 0 0 -1 0 0 -1 0 0 -1 0 0 -1 0 0 -1 0 0 -1 0 0 -1 0 0 -1 0 0 -1 0 0 -1 0 0 -1 0 0 -1 0 0 -1 0 0 -1 0 0 -1 0 0 -1 0 0.1593763 -0.9829203 -0.09201592 0.1929098 -0.9748749 -0.1113765 0.09544922 -0.9951057 -0.02557554 0.05230687 -0.9986311 4.282071e-17 -0.09201592 -0.9829203 0.1593763 -0.1575102 -0.9748749 0.1575102 -0.1301302 -0.9829203 0.1301302 -0.1113765 -0.9748749 0.1929098 -0.04763095 -0.9829203 0.1777611 -0.05765274 -0.9748749 0.215163 0.1301302 -0.9829203 -0.1301302 0.1575102 -0.9748749 -0.1575102 0.09201592 -0.9829203 -0.1593763 0.1113765 -0.9748749 -0.1929098 0.04763095 -0.9829203 -0.1777611 0.05765274 -0.9748749 -0.215163 3.263997e-17 -0.9829203 -0.1840318 4.810047e-17 -0.9748749 -0.2227531 -0.05765274 -0.9748749 -0.215163 -0.04763095 -0.9829203 -0.1777611 -0.1113765 -0.9748749 -0.1929098 -0.09201592 -0.9829203 -0.1593763 -0.1575102 -0.9748749 -0.1575102 -0.1301302 -0.9829203 -0.1301302 -0.1929098 -0.9748749 -0.1113765 -0.1593763 -0.9829203 -0.09201592 -0.215163 -0.9748749 -0.05765274 -0.1777611 -0.9829203 -0.04763095 -0.2227531 -0.9748749 -1.01011e-16 -0.1840318 -0.9829203 -6.583315e-17 -0.215163 -0.9748749 0.05765274 -0.1777611 -0.9829203 0.04763095 -0.1593763 -0.9829203 0.09201592 -0.1929098 -0.9748749 0.1113765 -1.299396e-16 -0.9951057 0.0988163 0.01353801 -0.9986311 0.05052455 -0.01353801 -0.9986311 0.05052455 -0.04940815 -0.9951057 0.08557743 -0.02615343 -0.9986311 0.04529907 -0.02557554 -0.9951057 0.09544922 -0.06987368 -0.9951057 0.06987368 -0.03698654 -0.9986311 0.03698654 -0.08557743 -0.9951057 0.04940815 -0.04529907 -0.9986311 0.02615343 -0.09544922 -0.9951057 0.02557554 -0.05052455 -0.9986311 0.01353801 -0.0988163 -0.9951057 -4.064067e-17 -0.05230687 -0.9986311 -3.007645e-17 -0.05052455 -0.9986311 -0.01353801 -0.09544922 -0.9951057 -0.02557554 -0.04529907 -0.9986311 -0.02615343 -0.08557743 -0.9951057 -0.04940815 -0.03698654 -0.9986311 -0.03698654 -0.06987368 -0.9951057 -0.06987368 -0.02615343 -0.9986311 -0.04529907 -0.04940815 -0.9951057 -0.08557743 -0.01353801 -0.9986311 -0.05052455 -0.02557554 -0.9951057 -0.09544922 1.172472e-17 -0.9986311 -0.05230687 2.405264e-17 -0.9951057 -0.0988163 0.02557554 -0.9951057 -0.09544922 0.01353801 -0.9986311 -0.05052455 0.04940815 -0.9951057 -0.08557743 0.02615343 -0.9986311 -0.04529907 0.06987368 -0.9951057 -0.06987368 0.03698654 -0.9986311 -0.03698654 0.08557743 -0.9951057 -0.04940815 0.04529907 -0.9986311 -0.02615343 0.05052455 -0.9986311 -0.01353801 -3.976209e-17 -0.9986311 0.05230687</float_array>
                    <technique_common>
                        <accessor count="336" source="#ID112" stride="3">
                            <param name="X" type="float" />
                            <param name="Y" type="float" />
                            <param name="Z" type="float" />
                        </accessor>
                    </technique_common>
                </source>
                <source id="ID110">
                    <float_array id="ID113" count="1486">0.8439963 2.066673 1.03445 2.044608 0.8772477 2.128777 1.001198 1.982504 0.59618 1.549051 0.772669 1.618775 0.59618 1.618775 0.772669 1.549051 0.9885171 1.963813 0.8439963 2.066673 0.8350294 2.045993 -0.1091024 1.618775 0.06974846 1.549051 0.06974846 1.618775 -0.1091024 1.549051 -0.0354907 1.20533 0.1336562 1.265395 -0.03975105 1.230141 0.1396813 1.240942 0.4173291 1.549051 0.59618 1.618775 0.4173291 1.618775 0.59618 1.549051 0.8350294 2.045993 0.6759137 2.121686 0.6709181 2.099707 0.8439963 2.066673 0.4142573 0.2323212 0.57495 0.3123695 0.407107 0.2567652 0.5838083 0.2884913 0.1708449 -0.6376018 -0.1708449 -0.6376018 -7.519911e-16 -0.660094 0.330047 -0.5716581 -0.330047 -0.5716581 -0.4667569 -0.4667569 0.4667569 -0.4667569 -0.5716581 -0.330047 0.5716581 -0.330047 0.6376018 -0.1708449 -0.6376018 -0.1708449 0.660094 -9.023893e-15 -0.660094 -9.023893e-15 0.6376018 0.1708449 -0.6376018 0.1708449 -0.5716581 0.330047 0.5716581 0.330047 0.4667569 0.4667569 -0.4667569 0.4667569 0.330047 0.5716581 -0.330047 0.5716581 0.1708449 0.6376018 -0.1708449 0.6376018 9.399888e-17 0.660094 1.122087 1.853811 1.001198 1.982504 0.9885171 1.963813 1.138 1.86984 0.2462374 1.618775 0.06974846 1.549051 0.2462374 1.549051 0.06974846 1.618775 -0.1082015 1.644261 0.06974846 1.618775 0.06884758 1.644261 -0.1091024 1.618775 0.1964001 0.07072787 0.324187 0.1900506 0.1842576 0.09293256 0.3407415 0.170908 0.4159962 2.107681 0.5876144 2.194392 0.4095335 2.178033 0.5940771 2.12404 0.7656544 2.085574 0.5940771 2.12404 0.5940771 2.101547 0.7698063 2.107681 0.4173291 1.618775 0.5952791 1.644261 0.41823 1.644261 0.59618 1.618775 0.407107 0.2567652 0.5643142 0.3352419 0.4016016 0.2813372 0.57495 0.3123695 1.371362 0.3718074 1.468807 0.5200387 1.355586 0.388119 1.487323 0.5069194 1.487323 0.5069194 1.557071 0.6687253 1.468807 0.5200387 1.577723 0.659204 1.495709 1.100629 1.473505 1.27741 1.473021 1.102804 1.496204 1.27946 1.473505 1.27741 1.463468 1.452967 1.441542 1.446818 1.496204 1.27946 1.441542 1.446818 1.399481 1.619792 1.379067 1.609701 1.463468 1.452967 0.4202037 2.085574 0.5940771 2.12404 0.4159962 2.107681 0.5940771 2.101547 0.2545625 2.037782 0.4159962 2.107681 0.2463468 2.058732 0.4202037 2.085574 0.06878251 1.963813 0.2133033 2.066673 0.05610151 1.982504 0.2222702 2.045993 -0.06478747 1.853811 0.05610151 1.982504 -0.08070067 1.86984 0.06878251 1.963813 -0.5729956 1.446818 -0.5309348 1.619792 -0.5949216 1.452967 -0.5105206 1.609701 -0.6049588 1.27741 -0.5949216 1.452967 -0.6276583 1.27946 -0.5729956 1.446818 -0.6653411 0.659204 -0.7026526 0.8330143 -0.7247067 0.8274686 -0.6446896 0.6687253 -0.574941 0.5069194 -0.6446896 0.6687253 -0.6653411 0.659204 -0.5564254 0.5200387 -0.2150157 0.1406477 -0.3359047 0.2693414 -0.3518179 0.2533121 -0.2023347 0.1593388 -0.0578139 0.05647921 -0.2023347 0.1593388 -0.2150157 0.1406477 -0.04884708 0.07715898 0.1102687 0.001465814 -0.04884708 0.07715898 -0.0578139 0.05647921 0.1152643 0.02344537 0.6218265 -0.07415267 0.4502493 -0.03568687 0.4460973 -0.05779362 0.6218265 -0.0516594 0.7999074 -0.05779362 0.6218265 -0.0516594 0.6218265 -0.07415267 0.7956999 -0.03568687 0.9470309 0.001465814 1.106147 0.07715898 0.9420353 0.02344537 1.115114 0.05647921 1.115114 0.05647921 1.259634 0.1593388 1.106147 0.07715898 1.272315 0.1406477 1.532013 1.4659 1.496204 1.27946 1.56475 1.292392 1.463468 1.452967 -0.7961151 0.3197937 -0.6857528 0.4610285 -0.7082396 0.4728992 -0.7745227 0.306365 0.3407415 0.170908 0.4421878 0.313045 0.324187 0.1900506 0.4624628 0.2977804 0.7370496 -0.1970241 0.8138123 -0.03378505 0.6941302 -0.1220927 0.8745094 -0.09559908 0.6437193 1.549051 0.8225702 1.618775 0.6437193 1.618775 0.8225702 1.549051 0.5714396 1.271308 0.7501789 1.290239 0.5732402 1.29641 0.7501789 1.265073 0.2334234 0.2368592 0.4016016 0.2813372 0.2332267 0.2620397 0.407107 0.2567652 0.4016016 0.2813372 0.5266212 0.4137727 0.3849523 0.3668395 0.5643142 0.3352419 0.591122 -0.2603186 0.4453346 -0.1353379 0.4223071 -0.2020296 0.6141495 -0.193627 1.637884 0.6234908 1.487323 0.5069194 1.547484 0.4712062 1.577723 0.659204 0.5570702 -0.2790252 0.7359211 -0.2093019 0.5570702 -0.2093019 0.7359211 -0.2790252 0.05610151 1.982504 0.1800519 2.128777 0.0228501 2.044608 0.2133033 2.066673 1.003754 1.549051 0.8272649 1.618775 0.8272649 1.549051 1.003754 1.618775 0.8272649 1.549051 0.648414 1.618775 0.648414 1.549051 0.8272649 1.618775 -0.5949216 1.452967 -0.6962037 1.292392 -0.6276583 1.27946 -0.663467 1.4659 -0.4476428 -0.2093019 -0.268792 -0.2790252 -0.268792 -0.2093019 -0.4476428 -0.2790252 -0.574941 0.5069194 -0.7255023 0.6234908 -0.6351022 0.4712062 -0.6653411 0.659204 -0.1091024 -0.2093019 0.06974846 -0.2790252 0.06974846 -0.2093019 -0.1091024 -0.2790252 -0.0578139 0.05647921 -0.2482671 0.07854392 -0.09106532 -0.005624582 -0.2150157 0.1406477 0.4173291 -0.2093019 0.2408402 -0.2790252 0.4173291 -0.2790252 0.2408402 -0.2093019 0.59618 -0.2093019 0.4173291 -0.2790252 0.59618 -0.2790252 0.4173291 -0.2093019 0.7999074 -0.05779362 0.6282893 -0.1445049 0.8063702 -0.1281459 0.6218265 -0.07415267 0.8225702 -0.2093019 0.6437193 -0.2790252 0.8225702 -0.2790252 0.6437193 -0.2093019 0.8721177 -0.2093019 0.6932669 -0.2790252 0.8721177 -0.2790252 0.6932669 -0.2093019 -0.7082396 0.4728992 -0.6070114 0.6194925 -0.6302914 0.6297668 -0.6857528 0.4610285 0.4624628 0.2977804 0.5298645 0.4596322 0.4421878 0.313045 0.552904 0.4489895 0.324187 0.1900506 0.3725609 0.3645708 0.2698213 0.2574833 0.4421878 0.313045 0.6941302 -0.1220927 0.753671 0.02882102 0.6520504 -0.04615997 0.8138123 -0.03378505 0.6437193 1.618775 0.8216693 1.644261 0.6446202 1.644261 0.8225702 1.618775 0.7501789 1.290239 0.5768284 1.321658 0.5732402 1.29641 0.7483587 1.315675 0.6131448 -0.2300297 0.759412 -0.1251928 0.6131448 -0.1439573 0.7811388 -0.2084778 0.6632153 -0.2373659 0.7582196 -0.1066605 0.6408243 -0.1541779 0.8014757 -0.1814032 0.41474 -0.2260616 0.591122 -0.2603186 0.4223071 -0.2020296 0.5818543 -0.2837635 0.5818543 -0.2837635 0.7531458 -0.331082 0.591122 -0.2603186 0.7422459 -0.353814 0.4658026 0.2531473 0.519158 0.0839053 0.4904825 0.2581111 0.4941892 0.08069652 0.8253907 1.240942 1.004823 1.230141 0.8314158 1.265395 1.000563 1.20533 0.6554977 1.289228 0.8314158 1.265395 0.6632342 1.313195 0.8253907 1.240942 0.648414 1.618775 0.826364 1.644261 0.6493149 1.644261 0.8272649 1.618775 1.060579 0.6194925 1.161807 0.4728992 1.083859 0.6297668 1.13932 0.4610285 -0.4476428 -0.2790252 -0.2696929 -0.3045115 -0.268792 -0.2790252 -0.446742 -0.3045115 0.2713467 -0.2884959 0.4345334 -0.214087 0.4214268 -0.1924994 0.2859653 -0.3091164 -0.1091024 -0.2790252 0.06884758 -0.3045115 0.06974846 -0.2790252 -0.1082015 -0.3045115 0.4399006 -0.1970444 0.2707537 -0.2571098 0.444161 -0.2218562 0.2647287 -0.2326568 0.5885699 0.2757631 0.4278773 0.1957148 0.5957202 0.2513191 0.419019 0.2195929 0.59618 -0.2790252 0.41823 -0.3045115 0.5952791 -0.3045115 0.4173291 -0.2790252 0.6863833 0.2473954 0.5067694 0.2406845 0.6828191 0.2221473 0.508542 0.2661213 0.8225702 -0.2790252 0.6446202 -0.3045115 0.8216693 -0.3045115 0.6437193 -0.2790252 0.4223071 -0.2020296 0.2461456 -0.1794541 0.41474 -0.2260616 0.2519969 -0.1549477 -0.7082396 0.4728992 -0.6539504 0.6385337 -0.729516 0.4864609 -0.6302914 0.6297668 1.002602 -0.1008366 0.9857913 0.07869678 0.9281244 -0.05734726 1.068834 0.05541568 0.8380209 -0.175947 0.8526826 -0.01414635 0.7761768 -0.1148481 0.9281244 -0.05734726 0.7854219 -0.2020389 0.8245161 -0.06496744 0.741847 -0.1274768 0.8861404 -0.1258817 0.7218517 0.2567652 0.5646446 0.3352419 0.5540088 0.3123695 0.7273572 0.2813372 0.6131448 -0.2300297 0.4649202 -0.1251928 0.4429027 -0.2084778 0.6131448 -0.1439573 0.6632153 -0.2373659 0.5166132 -0.1708327 0.5169277 -0.2569809 0.6408243 -0.1541779 0.6696174 -0.2507491 0.741847 -0.1274768 0.6467953 -0.1674579 0.7854219 -0.2020389 0.5710358 -0.3068169 0.41474 -0.2260616 0.4090296 -0.2508788 0.5818543 -0.2837635 0.4412062 0.2464997 0.401794 0.418047 0.3791541 0.406359 0.4658026 0.2531473 0.4687251 0.07932005 0.4658026 0.2531473 0.4412062 0.2464997 0.4941892 0.08069652 1.004823 1.230141 0.8391152 1.289693 0.8314158 1.265395 1.007222 1.255517 0.7511097 -0.0124077 0.6617081 0.1385966 0.6403591 0.1248316 0.7690735 0.005552247 0.6403591 0.1248316 0.5836005 0.2894136 0.5597888 0.2804037 0.6617081 0.1385966 1.161807 0.4728992 1.107518 0.6385337 1.083859 0.6297668 1.183083 0.4864609 0.5004166 0.07932005 0.5033391 0.2531473 0.4749526 0.08069652 0.5279355 0.2464997 0.3018466 -0.328943 0.4345334 -0.214087 0.2859653 -0.3091164 0.4458736 -0.2368183 0.408408 0.1113692 0.5098542 0.2535061 0.3881329 0.1266337 0.5264087 0.2343636 0.2930389 0.08533129 0.4278773 0.1957148 0.2778164 0.1054445 0.438513 0.1728424 0.438513 0.1728424 0.5957202 0.2513191 0.4278773 0.1957148 0.6012256 0.2267471 0.6012256 0.2267471 0.7694038 0.2712251 0.5957202 0.2513191 0.7696005 0.2460446 0.6774379 0.1975484 0.5067694 0.2406845 0.5067694 0.2155191 0.6828191 0.2221473 0.838218 0.1439701 0.6828191 0.2221473 0.6774379 0.1975484 0.8486685 0.1668796 0.6765301 0.1427951 0.541875 0.254902 0.5307806 0.2322427 0.69222 0.1626341 0.9564755 0.03195587 0.8922332 0.2003782 0.8722252 0.05424 0.9794555 0.1998017 0.9281244 -0.05734726 0.9016469 0.1013671 0.8526826 -0.01414635 0.9857913 0.07869678 0.8861404 -0.1258817 0.8870379 0.01746659 0.8245161 -0.06496744 0.9623127 -0.02544969 0.1964899 -0.06653129 0.1931638 0.1312758 0.1562871 0.02860898 0.205538 0.04218161 0.2599471 -0.1480245 0.2405499 -0.04067404 0.2958134 -0.1116447 0.3423339 -0.2103169 0.3675623 -0.1658939 0.438036 -0.2491635 0.4509072 -0.1997246 0.5405313 -0.2619169 0.5401683 -0.2108313 0.6428351 -0.247708 0.6292624 -0.198457 0.7121181 -0.1634452 0.7379753 -0.2075051 0.7830888 -0.1081817 0.8194685 -0.144048 0.8373379 -0.03643273 0.8817609 -0.06166113 0.8711686 0.04691219 0.8822753 0.1361732 0.9206075 0.03404094 0.1548316 0.233408 0.1420782 0.1309127 0.1936782 0.3291101 0.2042705 0.2205368 0.2559706 0.411497 0.2381012 0.3038817 0.2923503 0.3756307 0.3374638 0.4749541 0.363321 0.4308942 0.432604 0.515157 0.4461767 0.465906 0.5349078 0.5293659 0.5352708 0.4782802 0.6245318 0.4671736 0.6374031 0.5166125 0.7078768 0.4333429 0.7331052 0.4777659 0.7796257 0.3790937 0.815492 0.4154734 0.8348892 0.308123 0.8789492 0.3339803 0.8699011 0.2252674 0.919152 0.23884 0.9333609 0.1365363 0.7273572 0.2813372 0.6023375 0.4137727 0.5646446 0.3352419 0.7440064 0.3668395 0.6131448 -0.1439573 0.4869651 -0.04081942 0.4649202 -0.1251928 0.612821 -0.05675219 0.7087409 -0.2388127 0.5845975 -0.1690614 0.5845975 -0.2551338 0.6864937 -0.1556652 0.8824175 0.3145256 0.8510702 0.491805 0.7899653 0.4303835 0.9572554 0.3587374 0.9412335 0.177711 0.9572554 0.3587374 0.8824175 0.3145256 1.024808 0.2016002 0.3826774 0.07625966 0.4412062 0.2464997 0.3587175 0.2218179 0.4687251 0.07932005 0.4475635 -0.2462402 0.3734871 -0.08093498 0.3123822 -0.1423565 0.4911853 -0.1713832 0.3123822 -0.1423565 0.2810349 0.03492292 0.2061969 -0.009288912 0.3734871 -0.08093498 0.6617081 0.1385966 0.6646718 0.3190317 0.5836005 0.2894136 0.7326777 0.18772 0.1728242 0.03195587 0.2370665 0.2003782 0.1498442 0.1998017 0.2570745 0.05424 0.5864644 0.07625966 0.5279355 0.2464997 0.5004166 0.07932005 0.6104242 0.2218179 0.2297716 0.2289816 0.2129531 0.4081727 0.1458092 0.2522995 0.2882318 0.3646956 0.4780349 0.05984342 0.5264087 0.2343636 0.408408 0.1113692 0.5807745 0.1669309 0.3062203 0.3898422 0.382983 0.5530812 0.2455231 0.4516563 0.4259023 0.4781498 0.476206 0.09431155 0.6012256 0.2267471 0.438513 0.1728424 0.6178749 0.1412447 0.4474133 0.5760776 0.5955679 0.6823467 0.4253707 0.660451 0.5955987 0.5951415 0.5087474 0.1283301 0.6774379 0.1975484 0.5067694 0.2155191 0.6573433 0.1126836 0.774895 0.4496178 0.6584081 0.5880797 0.6363183 0.5048133 0.8175693 0.5246854 0.6220184 0.07511297 0.5307806 0.2322427 0.4951187 0.1529923 0.6765301 0.1427951 0.8722252 0.05424 0.8061418 0.2009315 0.7891532 0.07684718 0.8922332 0.2003782 0.8526826 -0.01414635 0.8185313 0.1243884 0.7783417 0.02957564 0.9016469 0.1013671 0.9182216 0.2378907 0.9544503 0.3770801 0.8789492 0.3339803 1.002297 0.2600111 0.8789492 0.3339803 0.8771385 0.4763658 0.815492 0.4154734 0.9544503 0.3770801 0.815492 0.4154734 0.7776232 0.5537329 0.7338105 0.4789759 0.8771385 0.4763658 0.7557341 0.4611182 0.6820429 0.5835475 0.6594939 0.500401 0.7992954 0.535688 0.6594939 0.500401 0.5578438 0.600304 0.557552 0.5141546 0.6820429 0.5835475 0.4920824 0.4085782 0.5955987 0.5090692 0.4697762 0.4928822 0.5953569 0.4218644 0.3983663 0.4611182 0.4720575 0.5835475 0.354805 0.535688 0.4946064 0.500401 0.3168672 0.3979425 0.354805 0.535688 0.255512 0.4587191 0.3983663 0.4611182 0.3412907 0.2796683 0.3445897 0.4227449 0.2668702 0.3237696 0.4050825 0.3609067 0.2417944 0.2511649 0.2061729 0.3891548 0.1575575 0.273498 0.2816977 0.3460953 0.3182626 0.1509917 0.2488927 0.2753867 0.2321705 0.1512672 0.3319881 0.2528683 0.161845 0.05277469 0.2324844 0.1769432 0.1452602 0.1769122 0.2460971 0.07505188 0.2933485 -0.01414635 0.3274998 0.1243884 0.2443842 0.1013671 0.3676894 0.02957564 0.2776554 -0.1360994 0.2758448 0.006286088 0.2003436 -0.0368137 0.3393019 -0.07520708 0.3771707 -0.2134666 0.3393019 -0.07520708 0.2776554 -0.1360994 0.4209835 -0.1387096 0.4587927 -0.2388127 0.3864129 -0.1160345 0.3431428 -0.1905294 0.4813377 -0.1556652 0.5845975 -0.2551338 0.4813377 -0.1556652 0.4587927 -0.2388127 0.5845975 -0.1690614 0.9915506 0.03705054 0.920821 0.1628301 0.9072822 0.05956548 1.008045 0.1628612 0.920821 0.1628301 0.9914604 0.2869987 0.9072082 0.2647215 1.008045 0.1628612 0.4896736 -0.2373659 0.3946693 -0.1066605 0.3514133 -0.1814032 0.5120646 -0.1541779 0.9544503 0.3770801 0.9379458 0.5378884 0.8771385 0.4763658 1.028999 0.4209562 0.9086484 0.2398264 0.9351259 0.3985408 0.8596841 0.3553399 0.9927928 0.2624967 1.008045 0.1628612 1.074604 0.3093353 0.9914604 0.2869987 1.094137 0.1631345 0.3514133 -0.1814032 0.2949865 -0.03020671 0.2340135 -0.09136096 0.3946693 -0.1066605 0.2168481 -0.197622 0.2003436 -0.0368137 0.1257953 -0.08068988 0.2776554 -0.1360994 0.2179067 -0.05734726 0.2443842 0.1013671 0.1602398 0.07869678 0.2933485 -0.01414635 0.07870091 0.03043801 0.1452602 0.1769122 0.05916841 0.1766389 0.161845 0.05277469 0.2321705 0.1512672 0.1646408 0.2976649 0.1449466 0.1514852 0.2488927 0.2753867 0.218303 0.2070057 0.1915944 0.3672517 0.1343953 0.2297349 0.2668702 0.3237696 0.2668702 0.3237696 0.2831273 0.4838182 0.1915944 0.3672517 0.3445897 0.4227449 0.3445897 0.4227449 0.4004979 0.5747098 0.2831273 0.4838182 0.4442478 0.49992 0.354805 0.535688 0.4498541 0.6677254 0.3117619 0.6113597 0.4720575 0.5835475 0.4697762 0.4928822 0.5955987 0.5951415 0.4474133 0.5760776 0.5955987 0.5090692 0.7197596 0.4928822 0.5955987 0.5951415 0.5955987 0.5090692 0.7418272 0.5760776 0.7313632 0.4728486 0.6382224 0.6046436 0.6154699 0.5213364 0.7747137 0.5475379 0.8323931 0.3970943 0.7747137 0.5475379 0.7313632 0.4728486 0.8937 0.4583195</float_array>
                    <technique_common>
                        <accessor count="743" source="#ID113" stride="2">
                            <param name="S" type="float" />
                            <param name="T" type="float" />
                        </accessor>
                    </technique_common>
                </source>
                <vertices id="ID109">
                    <input semantic="POSITION" source="#ID107" />
                    <input semantic="NORMAL" source="#ID108" />
                </vertices>
                <triangles count="406" material="Material2">
                    <input offset="0" semantic="VERTEX" source="#ID109" />
                    <input offset="1" semantic="TEXCOORD" source="#ID110" />
                    <p>0 0 1 1 2 2 1 1 0 0 3 3 4 4 2 5 5 6 2 5 4 4 0 7 6 8 7 9 8 10 7 9 6 8 9 3 1 11 10 12 11 13 10 12 1 11 3 14 12 15 13 16 14 17 13 16 12 15 15 18 16 19 5 20 17 21 5 20 16 19 4 22 8 23 18 24 19 25 18 24 8 23 7 26 20 27 14 28 21 29 14 28 20 27 12 30 22 31 23 32 24 33 23 32 22 31 25 34 23 32 25 34 26 35 26 35 25 34 27 36 27 36 25 34 28 37 27 36 28 37 29 38 29 38 28 37 30 39 29 38 30 39 31 40 29 38 31 40 32 41 32 41 31 40 33 42 32 41 33 42 34 43 34 43 33 42 35 44 34 43 35 44 36 45 36 45 35 44 37 46 37 46 35 44 38 47 37 46 38 47 39 48 37 46 39 48 40 49 40 49 39 48 41 50 40 49 41 50 42 51 42 51 41 50 43 52 42 51 43 52 44 53 44 53 43 52 45 54 46 55 9 56 6 57 9 56 46 55 47 58 48 59 10 60 49 61 10 60 48 59 11 62 13 63 50 64 51 65 50 64 13 63 15 66 14 67 52 68 53 69 52 68 14 67 13 70 54 71 17 72 55 73 17 72 54 71 16 74 19 75 56 76 57 77 56 76 19 75 18 78 58 79 21 80 59 81 21 80 58 79 20 82 21 83 53 84 60 85 53 84 21 83 14 86 61 87 62 88 63 89 62 88 61 87 64 90 64 91 65 92 62 93 65 92 64 91 66 94 66 95 67 96 65 97 67 96 66 95 68 98 67 99 69 100 70 101 69 100 67 99 68 102 70 103 47 104 46 105 47 104 70 103 69 106 71 107 56 108 72 109 56 108 71 107 57 110 73 111 72 112 74 113 72 112 73 111 71 114 75 115 74 116 76 117 74 116 75 115 73 118 77 119 76 120 78 121 76 120 77 119 75 122 79 123 78 124 80 125 78 124 79 123 77 126 81 127 80 128 82 129 80 128 81 127 79 130 83 131 81 132 82 133 81 132 83 131 84 134 85 135 84 136 83 137 84 136 85 135 86 138 87 139 86 140 85 141 86 140 87 139 88 142 89 143 88 144 87 145 88 144 89 143 90 146 91 147 90 148 89 149 90 148 91 147 92 150 93 151 92 152 91 153 92 152 93 151 94 154 95 155 94 156 93 157 94 156 95 155 96 158 95 159 97 160 96 161 97 160 95 159 98 162 98 163 63 164 97 165 63 164 98 163 61 166 48 167 99 168 100 169 99 168 48 167 49 170 51 171 101 172 102 173 101 172 51 171 50 174 13 175 103 176 52 177 103 176 13 175 51 178 104 179 105 180 106 181 105 180 104 179 107 182 108 183 55 184 109 185 55 184 108 183 54 186 110 187 59 188 111 189 59 188 110 187 58 190 59 191 60 192 112 193 60 192 59 191 21 194 113 195 106 196 114 197 106 196 113 195 104 198 115 199 116 200 117 201 116 200 115 199 118 202 119 203 118 204 115 205 118 204 119 203 120 206 119 207 99 208 120 209 99 208 119 207 100 210 121 211 109 212 122 213 109 212 121 211 108 214 121 215 123 216 124 217 123 216 121 215 122 218 124 219 125 220 126 221 125 220 124 219 123 222 126 223 127 224 128 225 127 224 126 223 125 226 128 227 129 228 130 229 129 228 128 227 127 230 131 231 129 232 132 233 129 232 131 231 130 234 131 235 133 236 134 237 133 236 131 235 132 238 135 239 133 240 136 241 133 240 135 239 134 242 137 243 136 244 138 245 136 244 137 243 135 246 139 247 138 248 140 249 138 248 139 247 137 250 141 251 140 252 142 253 140 252 141 251 139 254 143 255 142 256 144 257 142 256 143 255 141 258 116 259 144 260 117 261 144 260 116 259 143 262 102 263 145 264 146 265 145 264 102 263 101 266 51 267 147 268 103 269 147 268 51 267 102 270 107 271 148 272 105 273 148 272 107 271 149 274 106 275 150 276 151 277 150 276 106 275 105 278 152 279 111 280 153 281 111 280 152 279 110 282 59 283 154 284 111 285 154 284 59 283 112 286 155 287 114 288 156 289 114 288 155 287 113 290 114 291 151 292 157 293 151 292 114 291 106 294 158 295 159 296 160 297 159 296 158 295 161 298 161 299 162 300 159 301 162 300 161 299 163 302 163 303 145 304 162 305 145 304 163 303 146 306 164 307 153 308 165 309 153 308 164 307 152 310 166 311 165 312 167 313 165 312 166 311 164 314 168 315 167 316 169 317 167 316 168 315 166 318 170 319 169 320 171 321 169 320 170 319 168 322 170 323 172 324 173 325 172 324 170 323 171 326 173 327 174 328 175 329 174 328 173 327 172 330 175 331 176 332 177 333 176 332 175 331 174 334 178 335 176 336 179 337 176 336 178 335 177 338 180 339 179 340 181 341 179 340 180 339 178 342 182 343 181 344 183 345 181 344 182 343 180 346 184 347 183 348 185 349 183 348 184 347 182 350 186 351 185 352 187 353 185 352 186 351 184 354 160 355 187 356 158 357 187 356 160 355 186 358 102 359 188 360 147 361 188 360 102 359 146 362 149 363 189 364 148 365 189 364 149 363 190 366 105 367 191 368 150 369 191 368 105 367 148 370 151 371 192 372 193 373 192 372 151 371 150 374 111 375 194 376 153 377 194 376 111 375 154 378 155 379 195 380 196 381 195 380 155 379 156 382 114 383 197 384 156 385 197 384 114 383 157 386 157 387 193 388 198 389 193 388 157 387 151 390 199 391 158 392 200 393 158 392 199 391 161 394 201 395 161 396 199 397 161 396 201 395 163 398 188 399 163 400 201 401 163 400 188 399 146 402 153 403 202 404 165 405 202 404 153 403 194 406 165 407 203 408 167 409 203 408 165 407 202 410 167 411 204 412 169 413 204 412 167 411 203 414 169 415 205 416 171 417 205 416 169 415 204 418 205 419 172 420 171 421 172 420 205 419 206 422 206 423 174 424 172 425 174 424 206 423 207 426 207 427 176 428 174 429 176 428 207 427 208 430 208 431 179 432 176 433 179 432 208 431 209 434 209 435 181 436 179 437 181 436 209 435 210 438 210 439 183 440 181 441 183 440 210 439 211 442 212 443 183 444 211 445 183 444 212 443 185 446 213 447 185 448 212 449 185 448 213 447 187 450 200 451 187 452 213 453 187 452 200 451 158 454 190 455 214 456 189 457 214 456 190 455 215 458 148 459 216 460 191 461 216 460 148 459 189 462 150 463 217 464 192 465 217 464 150 463 191 466 218 467 219 468 220 469 219 468 218 467 221 470 221 470 218 467 222 471 221 470 222 471 223 472 223 472 222 471 224 473 224 473 222 471 225 474 224 473 225 474 226 475 226 475 225 474 227 476 226 475 227 476 228 477 228 477 227 476 229 478 228 477 229 478 230 479 230 479 229 478 231 480 230 479 231 480 232 481 232 481 231 480 233 482 233 482 231 480 234 483 233 482 234 483 235 484 235 484 234 483 236 485 235 484 236 485 237 486 237 486 236 485 238 487 237 486 238 487 239 488 239 488 238 487 240 489 240 489 238 487 241 490 220 469 242 491 243 492 242 491 220 469 244 493 244 493 220 469 219 468 244 493 219 468 245 494 244 493 245 494 246 495 246 495 245 494 247 496 246 495 247 496 248 497 246 495 248 497 249 498 249 498 248 497 250 499 249 498 250 499 251 500 251 500 250 499 252 501 251 500 252 501 253 502 253 502 252 501 254 503 253 502 254 503 255 504 253 502 255 504 256 505 256 505 255 504 257 506 256 505 257 506 258 507 258 507 257 506 259 508 258 507 259 508 260 509 260 509 259 508 261 510 260 509 261 510 262 511 262 511 261 510 263 512 262 511 263 512 240 489 262 511 240 489 264 513 264 513 240 489 241 490 264 513 241 490 265 514 196 515 266 516 267 517 266 516 196 515 195 518 156 519 268 520 195 521 268 520 156 519 197 522 157 523 269 524 197 525 269 524 157 523 198 526 270 527 271 528 272 529 271 528 270 527 273 530 274 531 273 532 270 533 273 532 274 531 275 534 214 535 275 536 274 537 275 536 214 535 215 538 267 539 276 540 277 541 276 540 267 539 266 542 277 543 278 544 279 545 278 544 277 543 276 546 279 547 280 548 281 549 280 548 279 547 278 550 281 551 282 552 283 553 282 552 281 551 280 554 282 555 284 556 283 557 284 556 282 555 285 558 285 559 286 560 284 561 286 560 285 559 287 562 287 563 288 564 286 565 288 564 287 563 289 566 289 567 290 568 288 569 290 568 289 567 291 570 291 571 292 572 290 573 292 572 291 571 293 574 293 575 294 576 292 577 294 576 293 575 295 578 295 579 296 580 294 581 296 580 295 579 297 582 298 583 296 584 297 585 296 584 298 583 299 586 272 587 299 588 298 589 299 588 272 587 271 590 189 591 300 592 216 593 300 592 189 591 214 594 191 595 301 596 217 597 301 596 191 595 216 598 302 599 303 600 304 601 303 600 302 599 305 602 304 603 306 604 307 605 306 604 304 603 303 606 307 607 308 608 309 609 308 608 307 607 306 610 309 611 310 612 311 613 310 612 309 611 308 614 311 615 312 616 313 617 312 616 311 615 310 618 314 619 312 620 315 621 312 620 314 619 313 622 316 623 315 624 317 625 315 624 316 623 314 626 318 627 317 628 319 629 317 628 318 627 316 630 320 631 319 632 321 633 319 632 320 631 318 634 322 635 321 636 323 637 321 636 322 635 320 638 324 639 323 640 325 641 323 640 324 639 322 642 326 643 324 644 325 645 324 644 326 643 327 646 328 647 327 648 326 649 327 648 328 647 329 650 330 651 329 652 328 653 329 652 330 651 331 654 332 655 331 656 330 657 331 656 332 655 333 658 268 659 333 660 332 661 333 660 268 659 334 662 197 663 334 664 268 665 334 664 197 663 269 666 216 667 335 668 301 669 335 668 216 667 300 670 335 671 305 672 302 673 305 672 335 671 300 674 195 675 332 676 266 677 332 676 195 675 268 678 303 679 272 680 306 681 272 680 303 679 270 682 305 683 270 684 303 685 270 684 305 683 274 686 300 687 274 688 305 689 274 688 300 687 214 690 266 691 330 692 276 693 330 692 266 691 332 694 276 695 328 696 278 697 328 696 276 695 330 698 278 699 326 700 280 701 326 700 278 699 328 702 280 703 325 704 282 705 325 704 280 703 326 706 325 707 285 708 282 709 285 708 325 707 323 710 323 711 287 712 285 713 287 712 323 711 321 714 321 715 289 716 287 717 289 716 321 715 319 718 319 719 291 720 289 721 291 720 319 719 317 722 317 723 293 724 291 725 293 724 317 723 315 726 315 727 295 728 293 729 295 728 315 727 312 730 310 731 295 732 312 733 295 732 310 731 297 734 308 735 297 736 310 737 297 736 308 735 298 738 306 739 298 740 308 741 298 740 306 739 272 742</p>
                </triangles>
            </mesh>
        </geometry>
        <geometry id="ID114">
            <mesh>
                <source id="ID120">
                    <float_array id="ID124" count="72">0.1048076 -0.3977441 -0.3911474 -0.1048076 -0.3977441 -0.3911474 4.440892e-16 -0.3977441 -0.4049456 0.2024728 -0.3977441 -0.3506932 -0.2024728 -0.3977441 -0.3506932 0.2863398 -0.3977441 -0.2863398 -0.2863398 -0.3977441 -0.2863398 0.3506932 -0.3977441 -0.2024728 -0.3506932 -0.3977441 -0.2024728 -0.3911474 -0.3977441 -0.1048076 0.3911474 -0.3977441 -0.1048076 -0.4049456 -0.3977441 -2.220446e-16 0.4049456 -0.3977441 2.220446e-16 -0.3911474 -0.3977441 0.1048076 0.3911474 -0.3977441 0.1048076 -0.3506932 -0.3977441 0.2024728 0.3506932 -0.3977441 0.2024728 -0.2863398 -0.3977441 0.2863398 0.2863398 -0.3977441 0.2863398 -0.2024728 -0.3977441 0.3506932 0.2024728 -0.3977441 0.3506932 -0.1048076 -0.3977441 0.3911474 0.1048076 -0.3977441 0.3911474 3.330669e-16 -0.3977441 0.4049456</float_array>
                    <technique_common>
                        <accessor count="24" source="#ID124" stride="3">
                            <param name="X" type="float" />
                            <param name="Y" type="float" />
                            <param name="Z" type="float" />
                        </accessor>
                    </technique_common>
                </source>
                <source id="ID121">
                    <float_array id="ID125" count="72">0 -1 0 0 -1 0 0 -1 0 0 -1 0 0 -1 0 0 -1 0 0 -1 0 0 -1 0 0 -1 0 0 -1 0 0 -1 0 0 -1 0 0 -1 0 0 -1 0 0 -1 0 0 -1 0 0 -1 0 0 -1 0 0 -1 0 0 -1 0 0 -1 0 0 -1 0 0 -1 0 0 -1 0</float_array>
                    <technique_common>
                        <accessor count="24" source="#ID125" stride="3">
                            <param name="X" type="float" />
                            <param name="Y" type="float" />
                            <param name="Z" type="float" />
                        </accessor>
                    </technique_common>
                </source>
                <source id="ID123">
                    <float_array id="ID126" count="48">-0.3705905 -0.982963 -0.6294095 -0.982963 -0.5 -1 -0.25 -0.9330128 -0.75 -0.9330127 -0.1464466 -0.8535535 -0.8535534 -0.8535534 -0.06698729 -0.7500001 -0.9330127 -0.75 -0.9829629 -0.6294095 -0.01703707 -0.6294096 -1 -0.5 2.980232e-08 -0.5000001 -0.9829629 -0.3705905 -0.01703705 -0.3705905 -0.9330127 -0.25 -0.06698726 -0.2500001 -0.8535534 -0.1464466 -0.1464466 -0.1464467 -0.75 -0.06698732 -0.25 -0.06698734 -0.6294095 -0.01703711 -0.3705904 -0.01703712 -0.5 -2.980232e-08</float_array>
                    <technique_common>
                        <accessor count="24" source="#ID126" stride="2">
                            <param name="S" type="float" />
                            <param name="T" type="float" />
                        </accessor>
                    </technique_common>
                </source>
                <vertices id="ID122">
                    <input semantic="POSITION" source="#ID120" />
                    <input semantic="NORMAL" source="#ID121" />
                </vertices>
                <triangles count="22" material="Material2">
                    <input offset="0" semantic="VERTEX" source="#ID122" />
                    <input offset="1" semantic="TEXCOORD" source="#ID123" />
                    <p>0 0 1 1 2 2 1 1 0 0 3 3 1 1 3 3 4 4 4 4 3 3 5 5 4 4 5 5 6 6 6 6 5 5 7 7 6 6 7 7 8 8 8 8 7 7 9 9 9 9 7 7 10 10 9 9 10 10 11 11 11 11 10 10 12 12 11 11 12 12 13 13 13 13 12 12 14 14 13 13 14 14 15 15 15 15 14 14 16 16 15 15 16 16 17 17 17 17 16 16 18 18 17 17 18 18 19 19 19 19 18 18 20 20 19 19 20 20 21 21 21 21 20 20 22 22 21 21 22 22 23 23</p>
                </triangles>
            </mesh>
        </geometry>
    </library_geometries>
    <library_materials>
        <material id="ID6" name="plastic_black">
            <instance_effect url="#ID7" />
        </material>
        <material id="ID14" name="housing">
            <instance_effect url="#ID15" />
        </material>
        <material id="ID45" name="plastic_black_textured">
            <instance_effect url="#ID46" />
        </material>
        <material id="ID58" name="placard">
            <instance_effect url="#ID59" />
        </material>
        <material id="ID79" name="plastic_glass">
            <instance_effect url="#ID80" />
        </material>
        <material id="ID94" name="button_side_color">
            <instance_effect url="#ID95" />
        </material>
        <material id="ID115" name="button_color">
            <instance_effect url="#ID116" />
        </material>
    </library_materials>
    <library_effects>
        <effect id="ID7">
            <profile_COMMON>
                <technique sid="COMMON">
                    <lambert>
                        <diffuse>
                            <color>0.1372549 0.1372549 0.1372549 1</color>
                        </diffuse>
                    </lambert>
                </technique>
            </profile_COMMON>
        </effect>
        <effect id="ID15">
            <profile_COMMON>
                <newparam sid="ID17">
                    <surface type="2D">
                        <init_from>ID16</init_from>
                    </surface>
                </newparam>
                <newparam sid="ID18">
                    <sampler2D>
                        <source>ID17</source>
                    </sampler2D>
                </newparam>
                <technique sid="COMMON">
                    <lambert>
                        <diffuse>
                            <texture texture="ID18" texcoord="UVSET0" />
                        </diffuse>
                    </lambert>
                </technique>
            </profile_COMMON>
        </effect>
        <effect id="ID46">
            <profile_COMMON>
                <newparam sid="ID48">
                    <surface type="2D">
                        <init_from>ID47</init_from>
                    </surface>
                </newparam>
                <newparam sid="ID49">
                    <sampler2D>
                        <source>ID48</source>
                    </sampler2D>
                </newparam>
                <technique sid="COMMON">
                    <lambert>
                        <diffuse>
                            <texture texture="ID49" texcoord="UVSET0" />
                        </diffuse>
                    </lambert>
                </technique>
            </profile_COMMON>
        </effect>
        <effect id="ID59">
            <profile_COMMON>
                <newparam sid="ID61">
                    <surface type="2D">
                        <init_from>ID60</init_from>
                    </surface>
                </newparam>
                <newparam sid="ID62">
                    <sampler2D>
                        <source>ID61</source>
                    </sampler2D>
                </newparam>
                <technique sid="COMMON">
                    <lambert>
                        <diffuse>
                            <texture texture="ID62" texcoord="UVSET0" />
                        </diffuse>
                    </lambert>
                </technique>
            </profile_COMMON>
        </effect>
        <effect id="ID80">
            <profile_COMMON>
                <newparam sid="ID82">
                    <surface type="2D">
                        <init_from>ID81</init_from>
                    </surface>
                </newparam>
                <newparam sid="ID83">
                    <sampler2D>
                        <source>ID82</source>
                    </sampler2D>
                </newparam>
                <technique sid="COMMON">
                    <lambert>
                        <diffuse>
                            <texture texture="ID83" texcoord="UVSET0" />
                        </diffuse>
                        <transparent opaque="RGB_ZERO">
                            <color>0.48 0.48 0.48 1</color>
                        </transparent>
                        <transparency>
                            <float>1</float>
                        </transparency>
                    </lambert>
                </technique>
            </profile_COMMON>
        </effect>
        <effect id="ID95">
            <profile_COMMON>
                <newparam sid="ID97">
                    <surface type="2D">
                        <init_from>ID96</init_from>
                    </surface>
                </newparam>
                <newparam sid="ID98">
                    <sampler2D>
                        <source>ID97</source>
                    </sampler2D>
                </newparam>
                <technique sid="COMMON">
                    <lambert>
                        <diffuse>
                            <texture texture="ID98" texcoord="UVSET0" />
                        </diffuse>
                    </lambert>
                </technique>
            </profile_COMMON>
        </effect>
        <effect id="ID116">
            <profile_COMMON>
                <newparam sid="ID118">
                    <surface type="2D">
                        <init_from>ID117</init_from>
                    </surface>
                </newparam>
                <newparam sid="ID119">
                    <sampler2D>
                        <source>ID118</source>
                    </sampler2D>
                </newparam>
                <technique sid="COMMON">
                    <lambert>
                        <diffuse>
                            <texture texture="ID119" texcoord="UVSET0" />
                        </diffuse>
                    </lambert>
                </technique>
            </profile_COMMON>
        </effect>
    </library_effects>
    <library_images>
        <image id="ID16">
            <init_from>push_button_mushroom/housing.jpg</init_from>
        </image>
        <image id="ID47">
            <init_from>push_button_mushroom/plastic_black_textured.jpg</init_from>
        </image>
        <image id="ID60">
            <init_from>push_button_mushroom/placard.png</init_from>
        </image>
        <image id="ID81">
            <init_from>push_button_mushroom/plastic_glass.jpg</init_from>
        </image>
        <image id="ID96">
            <init_from>push_button_mushroom/button_side_color.jpg</init_from>
        </image>
        <image id="ID117">
            <init_from>push_button_mushroom/button_color.jpg</init_from>
        </image>
    </library_images>
    <scene>
        <instance_visual_scene url="#ID2" />
    </scene>
</COLLADA>
