<?xml version="1.0" encoding="UTF-8" standalone="no" ?>
<COLLADA xmlns="http://www.collada.org/2005/11/COLLADASchema" version="1.4.1">
    <asset>
        <contributor>
            <authoring_tool>SketchUp 17.2.2555</authoring_tool>
        </contributor>
        <created>2026-05-26T20:45:47Z</created>
        <modified>2026-05-26T20:45:47Z</modified>
        <unit meter="0.0254" name="inch" />
        <up_axis>Z_UP</up_axis>
    </asset>
    <library_cameras>
        <camera id="ID1" name="skp_camera_Last_Saved_SketchUp_View">
            <optics>
                <technique_common>
                    <perspective>
                        <yfov>35</yfov>
                        <aspect_ratio>0</aspect_ratio>
                        <znear>0.1</znear>
                        <zfar>2</zfar>
                    </perspective>
                </technique_common>
            </optics>
        </camera>
    </library_cameras>
    <library_visual_scenes>
        <visual_scene id="ID2">
            <node name="SketchUp">
                <node name="skp_camera_Last_Saved_SketchUp_View">
                    <matrix>0.701664 0.07726867 -0.7083058 -3.749134 -0.712508 0.07609269 -0.6975259 -4.632391 2.775558e-17 0.9941024 0.108446 1.529366 0 0 0 1</matrix>
                    <instance_camera url="#ID1" />
                </node>
                <node id="ID3" name="instance_0">
                    <matrix>1 0 0 0.5905512 0 1 0 -0.1181102 0 0 1 0.5804409 0 0 0 1</matrix>
                    <instance_node url="#ID4" />
                </node>
                <node id="ID42" name="instance_1">
                    <matrix>1 0 0 0 0 1 0 0 0 0 1 0 0 0 0 1</matrix>
                    <instance_node url="#ID43" />
                </node>
                <node id="ID91" name="instance_2">
                    <matrix>1 0 0 0.5905512 0 1 0 -0.5135394 0 0 1 0.5804409 0 0 0 1</matrix>
                    <instance_node url="#ID92" />
                </node>
                <node id="ID117" name="instance_4">
                    <matrix>1 0 0 0.5905512 0 1 0 -1.266265 0 0 1 0.5046387 0 0 0 1</matrix>
                    <instance_node url="#ID118" />
                </node>
            </node>
        </visual_scene>
    </library_visual_scenes>
    <library_nodes>
        <node id="ID4" name="housing">
            <instance_geometry url="#ID5">
                <bind_material>
                    <technique_common>
                        <instance_material symbol="Material2" target="#ID6">
                            <bind_vertex_input semantic="UVSET0" input_semantic="TEXCOORD" input_set="0" />
                        </instance_material>
                    </technique_common>
                </bind_material>
            </instance_geometry>
            <instance_geometry url="#ID13">
                <bind_material>
                    <technique_common>
                        <instance_material symbol="Material2" target="#ID14">
                            <bind_vertex_input semantic="UVSET0" input_semantic="TEXCOORD" input_set="0" />
                        </instance_material>
                    </technique_common>
                </bind_material>
            </instance_geometry>
            <instance_geometry url="#ID26">
                <bind_material>
                    <technique_common>
                        <instance_material symbol="Material2" target="#ID14">
                            <bind_vertex_input semantic="UVSET0" input_semantic="TEXCOORD" input_set="0" />
                        </instance_material>
                    </technique_common>
                </bind_material>
            </instance_geometry>
            <instance_geometry url="#ID34">
                <bind_material>
                    <technique_common>
                        <instance_material symbol="Material2" target="#ID14">
                            <bind_vertex_input semantic="UVSET0" input_semantic="TEXCOORD" input_set="0" />
                        </instance_material>
                    </technique_common>
                </bind_material>
            </instance_geometry>
        </node>
        <node id="ID43" name="placard">
            <instance_geometry url="#ID44">
                <bind_material>
                    <technique_common>
                        <instance_material symbol="Material2" target="#ID45">
                            <bind_vertex_input semantic="UVSET0" input_semantic="TEXCOORD" input_set="0" />
                        </instance_material>
                    </technique_common>
                </bind_material>
            </instance_geometry>
            <instance_geometry url="#ID57">
                <bind_material>
                    <technique_common>
                        <instance_material symbol="Material2" target="#ID58">
                            <bind_vertex_input semantic="UVSET0" input_semantic="TEXCOORD" input_set="0" />
                        </instance_material>
                    </technique_common>
                </bind_material>
            </instance_geometry>
            <instance_geometry url="#ID70">
                <bind_material>
                    <technique_common>
                        <instance_material symbol="Material2" target="#ID45">
                            <bind_vertex_input semantic="UVSET0" input_semantic="TEXCOORD" input_set="0" />
                        </instance_material>
                    </technique_common>
                </bind_material>
            </instance_geometry>
            <instance_geometry url="#ID78">
                <bind_material>
                    <technique_common>
                        <instance_material symbol="Material2" target="#ID79">
                            <bind_vertex_input semantic="UVSET0" input_semantic="TEXCOORD" input_set="0" />
                        </instance_material>
                    </technique_common>
                </bind_material>
            </instance_geometry>
        </node>
        <node id="ID92" name="switch">
            <instance_geometry url="#ID103">
                <bind_material>
                    <technique_common>
                        <instance_material symbol="Material2" target="#ID6">
                            <bind_vertex_input semantic="UVSET0" input_semantic="TEXCOORD" input_set="0" />
                        </instance_material>
                    </technique_common>
                </bind_material>
            </instance_geometry>
            <instance_geometry url="#ID109">
                <bind_material>
                    <technique_common>
                        <instance_material symbol="Material2" target="#ID110">
                            <bind_vertex_input semantic="UVSET0" input_semantic="TEXCOORD" input_set="0" />
                        </instance_material>
                    </technique_common>
                </bind_material>
            </instance_geometry>
            <node id="ID93" name="instance_3">
                <matrix>1 0 0 0 0 -4.996004e-16 -1 -0.6495049 0 1 -4.996004e-16 0.4033485 0 0 0 1</matrix>
                <instance_node url="#ID94" />
            </node>
        </node>
        <node id="ID94" name="notch">
            <instance_geometry url="#ID95">
                <bind_material>
                    <technique_common>
                        <instance_material symbol="Material2" target="#ID6">
                            <bind_vertex_input semantic="UVSET0" input_semantic="TEXCOORD" input_set="0" />
                        </instance_material>
                        <instance_material symbol="Material3" target="#ID96">
                            <bind_vertex_input semantic="UVSET0" input_semantic="TEXCOORD" input_set="0" />
                        </instance_material>
                    </technique_common>
                </bind_material>
            </instance_geometry>
        </node>
        <node id="ID118" name="keybind_hint">
            <instance_geometry url="#ID119">
                <bind_material>
                    <technique_common>
                        <instance_material symbol="Material2" target="#ID120">
                            <bind_vertex_input semantic="UVSET0" input_semantic="TEXCOORD" input_set="0" />
                        </instance_material>
                    </technique_common>
                </bind_material>
            </instance_geometry>
        </node>
    </library_nodes>
    <library_geometries>
        <geometry id="ID5">
            <mesh>
                <source id="ID8">
                    <float_array id="ID11" count="432">-0.5317155 -0.007874016 0.1424728 -0.4658126 -0.0177126 0.268937 -0.5195464 -0.0177126 0.139212 -0.4767231 -0.007874016 0.2752362 -0.4767231 -0.007874016 0.2752362 -0.5317155 -0.04335433 0.1424728 -0.4767231 -0.04335433 0.2752362 -0.5317155 -0.007874016 0.1424728 -0.3803344 -0.0177126 0.3803344 -0.3892428 -0.007874016 0.3892428 -0.537874 -0.0177126 -1.110223e-16 -0.5504724 -0.007874016 -1.110223e-16 -0.3892428 -0.007874016 0.3892428 -0.3892428 -0.04335433 0.3892428 -0.5504724 -0.04335433 -1.110223e-16 -0.5504724 -0.007874016 -1.110223e-16 -0.4659059 -0.03351575 0.2689909 -0.5317155 -0.04335433 0.1424728 -0.5196505 -0.03351575 0.1392399 -0.4767231 -0.04335433 0.2752362 -0.268937 -0.0177126 0.4658126 -0.2752362 -0.007874016 0.4767231 -0.5195464 -0.0177126 -0.139212 -0.5317155 -0.007874016 -0.1424728 -0.2752362 -0.04335433 0.4767231 -0.2752362 -0.007874016 0.4767231 -0.3804106 -0.03351575 0.3804106 -0.3892428 -0.04335433 0.3892428 -0.5317155 -0.04335433 -0.1424728 -0.5317155 -0.007874016 -0.1424728 -0.5504724 -0.04335433 -1.110223e-16 -0.5379818 -0.03351575 -2.220446e-16 -0.139212 -0.0177126 0.5195464 -0.1424728 -0.007874016 0.5317155 -0.4658126 -0.0177126 -0.268937 -0.4767231 -0.007874016 -0.2752362 -0.2689909 -0.03351575 0.4659059 -0.2752362 -0.04335433 0.4767231 -0.1424728 -0.04335433 0.5317155 -0.1424728 -0.007874016 0.5317155 -0.4767231 -0.04335433 -0.2752362 -0.4767231 -0.007874016 -0.2752362 -0.5196505 -0.03351575 -0.1392399 -0.5317155 -0.04335433 -0.1424728 0 -0.0177126 0.537874 0 -0.007874016 0.5504724 -0.3803344 -0.0177126 -0.3803344 -0.3892428 -0.007874016 -0.3892428 -0.1392399 -0.03351575 0.5196505 -0.1424728 -0.04335433 0.5317155 0 -0.04335433 0.5504724 0 -0.007874016 0.5504724 -0.3892428 -0.04335433 -0.3892428 -0.3892428 -0.007874016 -0.3892428 -0.4659059 -0.03351575 -0.2689909 -0.4767231 -0.04335433 -0.2752362 0.1424728 -0.007874016 0.5317155 0.139212 -0.0177126 0.5195464 -0.268937 -0.0177126 -0.4658126 -0.2752362 -0.007874016 -0.4767231 -8.881784e-16 -0.03351575 0.5379818 0 -0.04335433 0.5504724 0.1424728 -0.04335433 0.5317155 0.1424728 -0.007874016 0.5317155 -0.2752362 -0.007874016 -0.4767231 -0.2752362 -0.04335433 -0.4767231 -0.3804106 -0.03351575 -0.3804106 -0.3892428 -0.04335433 -0.3892428 0.2752362 -0.007874016 0.4767231 0.268937 -0.0177126 0.4658126 -0.139212 -0.0177126 -0.5195464 -0.1424728 -0.007874016 -0.5317155 0.1424728 -0.04335433 0.5317155 0.1392399 -0.03351575 0.5196505 0.2752362 -0.04335433 0.4767231 0.2752362 -0.007874016 0.4767231 -0.1424728 -0.007874016 -0.5317155 -0.1424728 -0.04335433 -0.5317155 -0.2689909 -0.03351575 -0.4659059 -0.2752362 -0.04335433 -0.4767231 0.3892428 -0.007874016 0.3892428 0.3803344 -0.0177126 0.3803344 0 -0.0177126 -0.537874 0 -0.007874016 -0.5504724 0.2752362 -0.04335433 0.4767231 0.2689909 -0.03351575 0.4659059 0.3892428 -0.04335433 0.3892428 0.3892428 -0.007874016 0.3892428 0 -0.007874016 -0.5504724 0 -0.04335433 -0.5504724 -0.1392399 -0.03351575 -0.5196505 -0.1424728 -0.04335433 -0.5317155 0.4767231 -0.007874016 0.2752362 0.4658126 -0.0177126 0.268937 0.1424728 -0.007874016 -0.5317155 0.139212 -0.0177126 -0.5195464 0.3892428 -0.04335433 0.3892428 0.3804106 -0.03351575 0.3804106 0.4767231 -0.007874016 0.2752362 0.4767231 -0.04335433 0.2752362 0.1424728 -0.007874016 -0.5317155 0.1424728 -0.04335433 -0.5317155 6.661338e-16 -0.03351575 -0.5379818 0 -0.04335433 -0.5504724 0.5317155 -0.007874016 0.1424728 0.5195464 -0.0177126 0.139212 0.2752362 -0.007874016 -0.4767231 0.268937 -0.0177126 -0.4658126 0.4767231 -0.04335433 0.2752362 0.4659059 -0.03351575 0.2689909 0.5317155 -0.007874016 0.1424728 0.5317155 -0.04335433 0.1424728 0.2752362 -0.007874016 -0.4767231 0.2752362 -0.04335433 -0.4767231 0.1424728 -0.04335433 -0.5317155 0.1392399 -0.03351575 -0.5196505 0.5504724 -0.007874016 0 0.537874 -0.0177126 0 0.3892428 -0.007874016 -0.3892428 0.3803344 -0.0177126 -0.3803344 0.5317155 -0.04335433 0.1424728 0.5196505 -0.03351575 0.1392399 0.5504724 -0.007874016 0 0.5504724 -0.04335433 0 0.3892428 -0.007874016 -0.3892428 0.3892428 -0.04335433 -0.3892428 0.2752362 -0.04335433 -0.4767231 0.2689909 -0.03351575 -0.4659059 0.5195464 -0.0177126 -0.139212 0.5317155 -0.007874016 -0.1424728 0.4767231 -0.007874016 -0.2752362 0.4658126 -0.0177126 -0.268937 0.5379818 -0.03351575 5.551115e-16 0.5504724 -0.04335433 0 0.5317155 -0.007874016 -0.1424728 0.5317155 -0.04335433 -0.1424728 0.4767231 -0.04335433 -0.2752362 0.4767231 -0.007874016 -0.2752362 0.3892428 -0.04335433 -0.3892428 0.3804106 -0.03351575 -0.3804106 0.5196505 -0.03351575 -0.1392399 0.5317155 -0.04335433 -0.1424728 0.4767231 -0.04335433 -0.2752362 0.4659059 -0.03351575 -0.2689909</float_array>
                    <technique_common>
                        <accessor count="144" source="#ID11" stride="3">
                            <param name="X" type="float" />
                            <param name="Y" type="float" />
                            <param name="Z" type="float" />
                        </accessor>
                    </technique_common>
                </source>
                <source id="ID9">
                    <float_array id="ID12" count="432">0.5945187 0.7881438 -0.1593008 0.5330309 0.7881438 -0.3077455 0.5945187 0.7881438 -0.1593008 0.5330309 0.7881438 -0.3077455 -0.8660254 7.748474e-32 0.5 -0.9659258 8.548474e-32 0.258819 -0.8660254 7.748474e-32 0.5 -0.9659258 8.548474e-32 0.258819 0.4352179 0.7881438 -0.4352179 0.4352179 0.7881438 -0.4352179 0.6154911 0.7881438 1.58044e-16 0.6154911 0.7881438 1.660084e-16 -0.7071068 -5.148425e-32 0.7071068 -0.7071068 -5.148425e-32 0.7071068 -1 -1.043899e-31 -2.762444e-16 -1 -1.043899e-31 -2.762444e-16 0.535874 -0.785569 -0.309387 0.5976898 -0.785569 -0.1601505 0.5976898 -0.785569 -0.1601505 0.535874 -0.785569 -0.309387 0.3077455 0.7881438 -0.5330309 0.3077455 0.7881438 -0.5330309 0.5945187 0.7881438 0.1593008 0.5945187 0.7881438 0.1593008 -0.5 5.550954e-32 0.8660254 -0.5 5.550954e-32 0.8660254 0.4375393 -0.785569 -0.4375393 0.4375393 -0.785569 -0.4375393 -0.9659258 -1.02672e-31 -0.258819 -0.9659258 -1.02672e-31 -0.258819 0.618774 -0.785569 -1.138121e-16 0.618774 -0.785569 6.406456e-16 0.1593008 0.7881438 -0.5945187 0.1593008 0.7881438 -0.5945187 0.5330309 0.7881438 0.3077455 0.5330309 0.7881438 0.3077455 0.309387 -0.785569 -0.535874 0.309387 -0.785569 -0.535874 -0.258819 9.899379e-32 0.9659258 -0.258819 9.899379e-32 0.9659258 -0.8660254 4.176635e-32 -0.5 -0.8660254 4.176635e-32 -0.5 0.5976898 -0.785569 0.1601505 0.5976898 -0.785569 0.1601505 4.075871e-16 0.7881438 -0.6154911 3.699616e-16 0.7881438 -0.6154911 0.4352179 0.7881438 0.4352179 0.4352179 0.7881438 0.4352179 0.1601505 -0.785569 -0.5976898 0.1601505 -0.785569 -0.5976898 -5.524888e-16 1.427893e-47 1 -5.524888e-16 1.427893e-47 1 -0.7071068 8.35327e-32 -0.7071068 -0.7071068 8.35327e-32 -0.7071068 0.535874 -0.785569 0.309387 0.535874 -0.785569 0.309387 -0.1593008 0.7881438 -0.5945187 -0.1593008 0.7881438 -0.5945187 0.3077455 0.7881438 0.5330309 0.3077455 0.7881438 0.5330309 3.46115e-15 -0.785569 -0.618774 -2.385312e-15 -0.785569 -0.618774 0.258819 -1.179115e-32 0.9659258 0.258819 -1.179115e-32 0.9659258 -0.5 1.32749e-32 -0.8660254 -0.5 1.32749e-32 -0.8660254 0.4375393 -0.785569 0.4375393 0.4375393 -0.785569 0.4375393 -0.3077455 0.7881438 -0.5330309 -0.3077455 0.7881438 -0.5330309 0.1593008 0.7881438 0.5945187 0.1593008 0.7881438 0.5945187 -0.1601505 -0.785569 -0.5976898 -0.1601505 -0.785569 -0.5976898 0.5 -5.18396e-32 0.8660254 0.5 -5.18396e-32 0.8660254 -0.258819 -1.328813e-31 -0.9659258 -0.258819 -1.328813e-31 -0.9659258 0.309387 -0.785569 0.535874 0.309387 -0.785569 0.535874 -0.4352179 0.7881438 -0.4352179 -0.4352179 0.7881438 -0.4352179 3.327241e-17 0.7881438 0.6154911 2.845859e-17 0.7881438 0.6154911 -0.309387 -0.785569 -0.535874 -0.309387 -0.785569 -0.535874 0.7071068 -8.35327e-32 0.7071068 0.7071068 -8.35327e-32 0.7071068 -5.346666e-17 -2.122156e-31 -1 -5.346666e-17 -2.122156e-31 -1 0.1601505 -0.785569 0.5976898 0.1601505 -0.785569 0.5976898 -0.5330309 0.7881438 -0.3077455 -0.5330309 0.7881438 -0.3077455 -0.1593008 0.7881438 0.5945187 -0.1593008 0.7881438 0.5945187 -0.4375393 -0.785569 -0.4375393 -0.4375393 -0.785569 -0.4375393 0.8660254 1.694484e-32 0.5 0.8660254 1.694484e-32 0.5 0.258819 -6.926099e-32 -0.9659258 0.258819 -6.926099e-32 -0.9659258 -2.429461e-15 -0.785569 0.618774 1.958517e-15 -0.785569 0.618774 -0.5945187 0.7881438 -0.1593008 -0.5945187 0.7881438 -0.1593008 -0.3077455 0.7881438 0.5330309 -0.3077455 0.7881438 0.5330309 -0.535874 -0.785569 -0.309387 -0.535874 -0.785569 -0.309387 0.9659258 5.871119e-32 0.258819 0.9659258 5.871119e-32 0.258819 0.5 -3.201653e-33 -0.8660254 0.5 -3.201653e-33 -0.8660254 -0.1601505 -0.785569 0.5976898 -0.1601505 -0.785569 0.5976898 -0.6154911 0.7881438 -1.138343e-16 -0.6154911 0.7881438 -1.663621e-16 -0.4352179 0.7881438 0.4352179 -0.4352179 0.7881438 0.4352179 -0.5976898 -0.785569 -0.1601505 -0.5976898 -0.785569 -0.1601505 1 -1.043899e-31 1.871333e-16 1 -1.043899e-31 1.871333e-16 0.7071068 -8.35327e-32 -0.7071068 0.7071068 -8.35327e-32 -0.7071068 -0.309387 -0.785569 0.535874 -0.309387 -0.785569 0.535874 -0.5945187 0.7881438 0.1593008 -0.5945187 0.7881438 0.1593008 -0.5330309 0.7881438 0.3077455 -0.5330309 0.7881438 0.3077455 -0.618774 -0.785569 -2.104978e-15 -0.618774 -0.785569 1.517495e-15 0.9659258 -1.731743e-31 -0.258819 0.9659258 -1.731743e-31 -0.258819 0.8660254 -1.105508e-31 -0.5 0.8660254 -1.105508e-31 -0.5 -0.4375393 -0.785569 0.4375393 -0.4375393 -0.785569 0.4375393 -0.5976898 -0.785569 0.1601505 -0.5976898 -0.785569 0.1601505 -0.535874 -0.785569 0.309387 -0.535874 -0.785569 0.309387</float_array>
                    <technique_common>
                        <accessor count="144" source="#ID12" stride="3">
                            <param name="X" type="float" />
                            <param name="Y" type="float" />
                            <param name="Z" type="float" />
                        </accessor>
                    </technique_common>
                </source>
                <vertices id="ID10">
                    <input semantic="POSITION" source="#ID8" />
                    <input semantic="NORMAL" source="#ID9" />
                </vertices>
                <triangles count="144" material="Material2">
                    <input offset="0" semantic="VERTEX" source="#ID10" />
                    <p>0 1 2 1 0 3 4 5 6 5 4 7 3 8 1 8 3 9 0 10 11 10 0 2 12 6 13 6 12 4 7 14 5 14 7 15 16 17 18 17 16 19 9 20 8 20 9 21 11 22 23 22 11 10 24 12 13 12 24 25 26 19 16 19 26 27 15 28 14 28 15 29 18 30 31 30 18 17 21 32 20 32 21 33 23 34 35 34 23 22 36 27 26 27 36 37 38 25 24 25 38 39 29 40 28 40 29 41 42 30 43 30 42 31 33 44 32 44 33 45 35 46 47 46 35 34 48 37 36 37 48 49 50 39 38 39 50 51 41 52 40 52 41 53 54 43 55 43 54 42 44 56 57 56 44 45 47 58 59 58 47 46 60 49 48 49 60 61 62 51 50 51 62 63 64 52 53 52 64 65 66 55 67 55 66 54 57 68 69 68 57 56 59 70 71 70 59 58 72 60 73 60 72 61 74 63 62 63 74 75 76 65 64 65 76 77 78 67 79 67 78 66 69 80 81 80 69 68 71 82 83 82 71 70 84 73 85 73 84 72 86 75 74 75 86 87 88 77 76 77 88 89 90 79 91 79 90 78 81 92 93 92 81 80 82 94 83 94 82 95 96 85 97 85 96 84 98 86 99 86 98 87 100 89 88 89 100 101 102 91 103 91 102 90 93 104 105 104 93 92 95 106 94 106 95 107 108 97 109 97 108 96 110 99 111 99 110 98 112 101 100 101 112 113 114 102 103 102 114 115 105 116 117 116 105 104 107 118 106 118 107 119 120 109 121 109 120 108 122 111 123 111 122 110 124 113 112 113 124 125 126 115 114 115 126 127 128 116 129 116 128 117 119 130 118 130 119 131 120 132 133 132 120 121 134 123 135 123 134 122 124 136 125 136 124 137 138 127 126 127 138 139 131 129 130 129 131 128 133 140 141 140 133 132 137 135 136 135 137 134 142 139 138 139 142 143 141 143 142 143 141 140</p>
                </triangles>
            </mesh>
        </geometry>
        <geometry id="ID13">
            <mesh>
                <source id="ID19">
                    <float_array id="ID23" count="936">0 -0.1593701 0.5580709 -0.1444394 -0.05125591 0.5390551 -0.1444394 -0.1593701 0.5390551 0 -0.05125591 0.5580709 -0.1444394 -0.05125591 -0.5390551 0.1444394 -0.05125591 -0.5390551 0 -0.05125591 -0.5580709 6.661338e-16 -0.05125591 -0.5379818 -0.1392399 -0.05125591 -0.5196505 -0.2790354 -0.05125591 -0.4833035 -0.2689909 -0.05125591 -0.4659059 -0.3946157 -0.05125591 -0.3946157 -0.3804106 -0.05125591 -0.3804106 -0.4833035 -0.05125591 -0.2790354 -0.4659059 -0.05125591 -0.2689909 -0.5390551 -0.05125591 -0.1444394 -0.5196505 -0.05125591 -0.1392399 -0.5580709 -0.05125591 -1.110223e-16 -0.5379818 -0.05125591 -2.220446e-16 -0.5196505 -0.05125591 0.1392399 -0.5390551 -0.05125591 0.1444394 -0.4659059 -0.05125591 0.2689909 -0.4833035 -0.05125591 0.2790354 -0.3804106 -0.05125591 0.3804106 -0.3946157 -0.05125591 0.3946157 -0.2689909 -0.05125591 0.4659059 -0.2790354 -0.05125591 0.4833035 -0.1392399 -0.05125591 0.5196505 -0.1444394 -0.05125591 0.5390551 -8.881784e-16 -0.05125591 0.5379818 0.1392399 -0.05125591 -0.5196505 0.2790354 -0.05125591 -0.4833035 0.2689909 -0.05125591 -0.4659059 0.3946157 -0.05125591 -0.3946157 0.3804106 -0.05125591 -0.3804106 0.4833035 -0.05125591 -0.2790354 0.4659059 -0.05125591 -0.2689909 0.5390551 -0.05125591 -0.1444394 0.5196505 -0.05125591 -0.1392399 0.5580709 -0.05125591 0 0.5379818 -0.05125591 5.551115e-16 0.5390551 -0.05125591 0.1444394 0.5196505 -0.05125591 0.1392399 0.4659059 -0.05125591 0.2689909 0.4833035 -0.05125591 0.2790354 0.3804106 -0.05125591 0.3804106 0.3946157 -0.05125591 0.3946157 0.2689909 -0.05125591 0.4659059 0.2790354 -0.05125591 0.4833035 0.1392399 -0.05125591 0.5196505 0.1444394 -0.05125591 0.5390551 0 -0.05125591 0.5580709 -0.2790354 -0.05125591 0.4833035 -0.2790354 -0.1593701 0.4833035 0 -0.3425945 0.5804409 -0.1444394 -0.1593701 0.5390551 -0.1502292 -0.3425945 0.5606629 0 -0.1593701 0.5580709 0.1444394 -0.1593701 0.5390551 0.1444394 -0.05125591 0.5390551 0.1444394 -0.05125591 -0.5390551 0 -0.1593701 -0.5580709 0 -0.05125591 -0.5580709 0.1444394 -0.1593701 -0.5390551 -0.1444394 -0.1593701 -0.5390551 -0.1444394 -0.05125591 -0.5390551 -0.2790354 -0.1593701 -0.4833035 -0.2790354 -0.05125591 -0.4833035 -0.3946157 -0.1593701 -0.3946157 -0.3946157 -0.05125591 -0.3946157 -0.4833035 -0.05125591 -0.2790354 -0.4833035 -0.1593701 -0.2790354 -0.5390551 -0.05125591 -0.1444394 -0.5390551 -0.1593701 -0.1444394 -0.5580709 -0.05125591 -1.110223e-16 -0.5580709 -0.1593701 -1.110223e-16 -0.5390551 -0.05125591 0.1444394 -0.5390551 -0.1593701 0.1444394 -0.4833035 -0.05125591 0.2790354 -0.4833035 -0.1593701 0.2790354 -0.3946157 -0.05125591 0.3946157 -0.3946157 -0.1593701 0.3946157 0.2790354 -0.1593701 0.4833035 0.2790354 -0.05125591 0.4833035 0.3946157 -0.1593701 0.3946157 0.3946157 -0.05125591 0.3946157 0.4833035 -0.05125591 0.2790354 0.4833035 -0.1593701 0.2790354 0.5390551 -0.05125591 0.1444394 0.5390551 -0.1593701 0.1444394 0.5580709 -0.05125591 0 0.5580709 -0.1593701 0 0.5390551 -0.05125591 -0.1444394 0.5390551 -0.1593701 -0.1444394 0.4833035 -0.05125591 -0.2790354 0.4833035 -0.1593701 -0.2790354 0.3946157 -0.05125591 -0.3946157 0.3946157 -0.1593701 -0.3946157 0.2790354 -0.1593701 -0.4833035 0.2790354 -0.05125591 -0.4833035 -0.2790354 -0.1593701 0.4833035 -0.2902205 -0.3425945 0.5026766 -0.1339552 -0.4331457 0.4999275 0 -0.3425945 0.5804409 -0.1502292 -0.3425945 0.5606629 0 -0.4331457 0.517563 0.1502292 -0.3425945 0.5606629 0.1444394 -0.1593701 0.5390551 0.1444394 -0.1593701 -0.5390551 0 -0.3425945 -0.5804409 0 -0.1593701 -0.5580709 0.1502292 -0.3425945 -0.5606629 -0.1444394 -0.1593701 -0.5390551 -0.1502292 -0.3425945 -0.5606629 -0.2790354 -0.1593701 -0.4833035 -0.2902205 -0.3425945 -0.5026766 -0.3946157 -0.1593701 -0.3946157 -0.4104337 -0.3425945 -0.4104337 -0.4833035 -0.1593701 -0.2790354 -0.5026766 -0.3425945 -0.2902205 -0.5390551 -0.1593701 -0.1444394 -0.5606629 -0.3425945 -0.1502292 -0.5580709 -0.1593701 -1.110223e-16 -0.5804409 -0.3425945 -1.110223e-16 -0.5390551 -0.1593701 0.1444394 -0.5606629 -0.3425945 0.1502292 -0.5026766 -0.3425945 0.2902205 -0.4833035 -0.1593701 0.2790354 -0.3946157 -0.1593701 0.3946157 -0.4104337 -0.3425945 0.4104337 0.2790354 -0.1593701 0.4833035 0.2902205 -0.3425945 0.5026766 0.3946157 -0.1593701 0.3946157 0.4104337 -0.3425945 0.4104337 0.5026766 -0.3425945 0.2902205 0.4833035 -0.1593701 0.2790354 0.5390551 -0.1593701 0.1444394 0.5606629 -0.3425945 0.1502292 0.5580709 -0.1593701 0 0.5804409 -0.3425945 0 0.5390551 -0.1593701 -0.1444394 0.5606629 -0.3425945 -0.1502292 0.4833035 -0.1593701 -0.2790354 0.5026766 -0.3425945 -0.2902205 0.3946157 -0.1593701 -0.3946157 0.4104337 -0.3425945 -0.4104337 0.2902205 -0.3425945 -0.5026766 0.2790354 -0.1593701 -0.4833035 -0.2587815 -0.4331457 0.4482227 -0.2902205 -0.3425945 0.5026766 0 -0.4284213 0.4776457 -0.1339552 -0.4331457 0.4999275 -0.1236238 -0.4284213 0.4613703 0 -0.4331457 0.517563 0.1339552 -0.4331457 0.4999275 0.1502292 -0.3425945 0.5606629 0.1502292 -0.3425945 -0.5606629 0 -0.4331457 -0.517563 0 -0.3425945 -0.5804409 0.1339552 -0.4331457 -0.4999275 -0.1339552 -0.4331457 -0.4999275 -0.1502292 -0.3425945 -0.5606629 -0.2587815 -0.4331457 -0.4482227 -0.2902205 -0.3425945 -0.5026766 -0.3659723 -0.4331457 -0.3659723 -0.4104337 -0.3425945 -0.4104337 -0.5026766 -0.3425945 -0.2902205 -0.4482227 -0.4331457 -0.2587815 -0.4999275 -0.4331457 -0.1339552 -0.5606629 -0.3425945 -0.1502292 -0.5804409 -0.3425945 -1.110223e-16 -0.517563 -0.4331457 0 -0.5606629 -0.3425945 0.1502292 -0.4999275 -0.4331457 0.1339552 -0.5026766 -0.3425945 0.2902205 -0.4482227 -0.4331457 0.2587815 -0.4104337 -0.3425945 0.4104337 -0.3659723 -0.4331457 0.3659723 0.2587815 -0.4331457 0.4482227 0.2902205 -0.3425945 0.5026766 0.3659723 -0.4331457 0.3659723 0.4104337 -0.3425945 0.4104337 0.5026766 -0.3425945 0.2902205 0.4482227 -0.4331457 0.2587815 0.5606629 -0.3425945 0.1502292 0.4999275 -0.4331457 0.1339552 0.5804409 -0.3425945 0 0.517563 -0.4331457 1.110223e-16 0.5606629 -0.3425945 -0.1502292 0.4999275 -0.4331457 -0.1339552 0.5026766 -0.3425945 -0.2902205 0.4482227 -0.4331457 -0.2587815 0.3659723 -0.4331457 -0.3659723 0.4104337 -0.3425945 -0.4104337 0.2902205 -0.3425945 -0.5026766 0.2587815 -0.4331457 -0.4482227 -0.2587815 -0.4331457 0.4482227 -0.2388228 -0.4284213 0.4136533 0 -0.007874016 0.4776457 -0.1236238 -0.4284213 0.4613703 -0.1236238 -0.007874016 0.4613703 0 -0.4284213 0.4776457 0.1339552 -0.4331457 0.4999275 0.1236238 -0.4284213 0.4613703 0.1339552 -0.4331457 -0.4999275 0 -0.4284213 -0.4776457 0 -0.4331457 -0.517563 0.1236238 -0.4284213 -0.4613703 -0.1339552 -0.4331457 -0.4999275 -0.1236238 -0.4284213 -0.4613703 -0.2587815 -0.4331457 -0.4482227 -0.2388228 -0.4284213 -0.4136533 -0.3659723 -0.4331457 -0.3659723 -0.3377465 -0.4284213 -0.3377465 -0.4482227 -0.4331457 -0.2587815 -0.4136533 -0.4284213 -0.2388228 -0.4999275 -0.4331457 -0.1339552 -0.4613703 -0.4284213 -0.1236238 -0.517563 -0.4331457 0 -0.4776457 -0.4284213 0 -0.4613703 -0.4284213 0.1236238 -0.4999275 -0.4331457 0.1339552 -0.4136533 -0.4284213 0.2388228 -0.4482227 -0.4331457 0.2587815 -0.3377465 -0.4284213 0.3377465 -0.3659723 -0.4331457 0.3659723 0.2587815 -0.4331457 0.4482227 0.2388228 -0.4284213 0.4136533 0.3659723 -0.4331457 0.3659723 0.3377465 -0.4284213 0.3377465 0.4482227 -0.4331457 0.2587815 0.4136533 -0.4284213 0.2388228 0.4999275 -0.4331457 0.1339552 0.4613703 -0.4284213 0.1236238 0.4776457 -0.4284213 1.110223e-16 0.517563 -0.4331457 1.110223e-16 0.4613703 -0.4284213 -0.1236238 0.4999275 -0.4331457 -0.1339552 0.4136533 -0.4284213 -0.2388228 0.4482227 -0.4331457 -0.2587815 0.3377465 -0.4284213 -0.3377465 0.3659723 -0.4331457 -0.3659723 0.2388228 -0.4284213 -0.4136533 0.2587815 -0.4331457 -0.4482227 -0.2388228 -0.4284213 0.4136533 -0.2388228 -0.007874016 0.4136533 0.1236238 -0.007874016 -0.4613703 -0.1236238 -0.007874016 -0.4613703 0 -0.007874016 -0.4776457 -0.2388228 -0.007874016 -0.4136533 0.2388228 -0.007874016 -0.4136533 -0.3377465 -0.007874016 -0.3377465 0.3377465 -0.007874016 -0.3377465 0.4136533 -0.007874016 -0.2388228 -0.4136533 -0.007874016 -0.2388228 -0.4613703 -0.007874016 -0.1236238 0.4613703 -0.007874016 -0.1236238 -0.4776457 -0.007874016 0 0.4776457 -0.007874016 1.110223e-16 -0.4613703 -0.007874016 0.1236238 0.4613703 -0.007874016 0.1236238 -0.4136533 -0.007874016 0.2388228 0.4136533 -0.007874016 0.2388228 -0.3377465 -0.007874016 0.3377465 0.3377465 -0.007874016 0.3377465 -0.2388228 -0.007874016 0.4136533 0.2388228 -0.007874016 0.4136533 -0.1236238 -0.007874016 0.4613703 0.1236238 -0.007874016 0.4613703 0 -0.007874016 0.4776457 0.1236238 -0.007874016 0.4613703 0.1236238 -0.4284213 0.4613703 0.1236238 -0.4284213 -0.4613703 0 -0.007874016 -0.4776457 0 -0.4284213 -0.4776457 0.1236238 -0.007874016 -0.4613703 -0.1236238 -0.007874016 -0.4613703 -0.1236238 -0.4284213 -0.4613703 -0.2388228 -0.007874016 -0.4136533 -0.2388228 -0.4284213 -0.4136533 -0.3377465 -0.007874016 -0.3377465 -0.3377465 -0.4284213 -0.3377465 -0.4136533 -0.4284213 -0.2388228 -0.4136533 -0.007874016 -0.2388228 -0.4613703 -0.4284213 -0.1236238 -0.4613703 -0.007874016 -0.1236238 -0.4776457 -0.4284213 0 -0.4776457 -0.007874016 0 -0.4613703 -0.4284213 0.1236238 -0.4613703 -0.007874016 0.1236238 -0.4136533 -0.4284213 0.2388228 -0.4136533 -0.007874016 0.2388228 -0.3377465 -0.4284213 0.3377465 -0.3377465 -0.007874016 0.3377465 0.2388228 -0.007874016 0.4136533 0.2388228 -0.4284213 0.4136533 0.3377465 -0.007874016 0.3377465 0.3377465 -0.4284213 0.3377465 0.4136533 -0.4284213 0.2388228 0.4136533 -0.007874016 0.2388228 0.4613703 -0.4284213 0.1236238 0.4613703 -0.007874016 0.1236238 0.4776457 -0.4284213 1.110223e-16 0.4776457 -0.007874016 1.110223e-16 0.4613703 -0.4284213 -0.1236238 0.4613703 -0.007874016 -0.1236238 0.4136533 -0.4284213 -0.2388228 0.4136533 -0.007874016 -0.2388228 0.3377465 -0.4284213 -0.3377465 0.3377465 -0.007874016 -0.3377465 0.2388228 -0.007874016 -0.4136533 0.2388228 -0.4284213 -0.4136533</float_array>
                    <technique_common>
                        <accessor count="312" source="#ID23" stride="3">
                            <param name="X" type="float" />
                            <param name="Y" type="float" />
                            <param name="Z" type="float" />
                        </accessor>
                    </technique_common>
                </source>
                <source id="ID20">
                    <float_array id="ID24" count="936">-1.782222e-16 0 1 -0.258819 0 0.9659258 -0.258819 0 0.9659258 -1.782222e-16 0 1 0 1 0 0 1 0 0 1 0 0 1 0 0 1 0 0 1 0 0 1 0 0 1 0 0 1 0 0 1 0 0 1 0 0 1 0 0 1 0 0 1 0 0 1 0 0 1 0 0 1 0 0 1 0 0 1 0 0 1 0 0 1 0 0 1 0 0 1 0 0 1 0 0 1 0 0 1 0 0 1 0 0 1 0 0 1 0 0 1 0 0 1 0 0 1 0 0 1 0 0 1 0 0 1 0 0 1 0 0 1 0 0 1 0 0 1 0 0 1 0 0 1 0 0 1 0 0 1 0 0 1 0 0 1 0 0 1 0 0 1 0 0 1 0 -0.5 0 0.8660254 -0.5 0 0.8660254 -4.770339e-16 0.1211912 0.9926292 -0.2569113 0.1211912 0.9588062 -0.2569113 0.1211912 0.9588062 -4.763425e-16 0.1211912 0.9926292 0.258819 0 0.9659258 0.258819 0 0.9659258 0.258819 0 -0.9659258 3.208e-16 0 -1 3.208e-16 0 -1 0.258819 0 -0.9659258 -0.258819 0 -0.9659258 -0.258819 0 -0.9659258 -0.5 0 -0.8660254 -0.5 0 -0.8660254 -0.7071068 0 -0.7071068 -0.7071068 0 -0.7071068 -0.8660254 0 -0.5 -0.8660254 0 -0.5 -0.9659258 0 -0.258819 -0.9659258 0 -0.258819 -1 0 -2.584222e-16 -1 0 -2.584222e-16 -0.9659258 0 0.258819 -0.9659258 0 0.258819 -0.8660254 0 0.5 -0.8660254 0 0.5 -0.7071068 0 0.7071068 -0.7071068 0 0.7071068 0.5 0 0.8660254 0.5 0 0.8660254 0.7071068 0 0.7071068 0.7071068 0 0.7071068 0.8660254 0 0.5 0.8660254 0 0.5 0.9659258 0 0.258819 0.9659258 0 0.258819 1 0 1.693111e-16 1 0 1.693111e-16 0.9659258 0 -0.258819 0.9659258 0 -0.258819 0.8660254 0 -0.5 0.8660254 0 -0.5 0.7071068 0 -0.7071068 0.7071068 0 -0.7071068 0.5 0 -0.8660254 0.5 0 -0.8660254 -0.4963146 0.1211912 0.8596421 -0.4963146 0.1211912 0.8596421 -0.2125915 -0.5703664 0.7934022 -6.157097e-16 -0.5703664 0.8213904 -0.2125915 -0.5703664 0.7934022 -6.787131e-16 -0.5703664 0.8213904 0.2569113 0.1211912 0.9588062 0.2569113 0.1211912 0.9588062 0.2569113 0.1211912 -0.9588062 9.090646e-16 0.1211912 -0.9926292 9.350428e-16 0.1211912 -0.9926292 0.2569113 0.1211912 -0.9588062 -0.2569113 0.1211912 -0.9588062 -0.2569113 0.1211912 -0.9588062 -0.4963146 0.1211912 -0.8596421 -0.4963146 0.1211912 -0.8596421 -0.7018948 0.1211912 -0.7018948 -0.7018948 0.1211912 -0.7018948 -0.8596421 0.1211912 -0.4963146 -0.8596421 0.1211912 -0.4963146 -0.9588062 0.1211912 -0.2569113 -0.9588062 0.1211912 -0.2569113 -0.9926292 0.1211912 -4.410579e-16 -0.9926292 0.1211912 -4.410313e-16 -0.9588062 0.1211912 0.2569113 -0.9588062 0.1211912 0.2569113 -0.8596421 0.1211912 0.4963146 -0.8596421 0.1211912 0.4963146 -0.7018948 0.1211912 0.7018948 -0.7018948 0.1211912 0.7018948 0.4963146 0.1211912 0.8596421 0.4963146 0.1211912 0.8596421 0.7018948 0.1211912 0.7018948 0.7018948 0.1211912 0.7018948 0.8596421 0.1211912 0.4963146 0.8596421 0.1211912 0.4963146 0.9588062 0.1211912 0.2569113 0.9588062 0.1211912 0.2569113 0.9926292 0.1211912 1.67602e-16 0.9926292 0.1211912 1.620115e-16 0.9588062 0.1211912 -0.2569113 0.9588062 0.1211912 -0.2569113 0.8596421 0.1211912 -0.4963146 0.8596421 0.1211912 -0.4963146 0.7018948 0.1211912 -0.7018948 0.7018948 0.1211912 -0.7018948 0.4963146 0.1211912 -0.8596421 0.4963146 0.1211912 -0.8596421 -0.4106952 -0.5703664 0.711345 -0.4106952 -0.5703664 0.711345 1.356703e-16 -0.9930688 -0.1175345 0.03042017 -0.9930688 -0.1135296 0.03042017 -0.9930688 -0.1135296 1.155971e-16 -0.9930688 -0.1175345 0.2125915 -0.5703664 0.7934022 0.2125915 -0.5703664 0.7934022 0.2125915 -0.5703664 -0.7934022 1.722235e-15 -0.5703664 -0.8213904 1.567261e-15 -0.5703664 -0.8213904 0.2125915 -0.5703664 -0.7934022 -0.2125915 -0.5703664 -0.7934022 -0.2125915 -0.5703664 -0.7934022 -0.4106952 -0.5703664 -0.711345 -0.4106952 -0.5703664 -0.711345 -0.5808107 -0.5703664 -0.5808107 -0.5808107 -0.5703664 -0.5808107 -0.711345 -0.5703664 -0.4106952 -0.711345 -0.5703664 -0.4106952 -0.7934022 -0.5703664 -0.2125915 -0.7934022 -0.5703664 -0.2125915 -0.8213904 -0.5703664 -1.39934e-16 -0.8213904 -0.5703664 -5.090348e-17 -0.7934022 -0.5703664 0.2125915 -0.7934022 -0.5703664 0.2125915 -0.711345 -0.5703664 0.4106952 -0.711345 -0.5703664 0.4106952 -0.5808107 -0.5703664 0.5808107 -0.5808107 -0.5703664 0.5808107 0.4106952 -0.5703664 0.711345 0.4106952 -0.5703664 0.711345 0.5808107 -0.5703664 0.5808107 0.5808107 -0.5703664 0.5808107 0.711345 -0.5703664 0.4106952 0.711345 -0.5703664 0.4106952 0.7934022 -0.5703664 0.2125915 0.7934022 -0.5703664 0.2125915 0.8213904 -0.5703664 1.679208e-16 0.8213904 -0.5703664 2.884531e-16 0.7934022 -0.5703664 -0.2125915 0.7934022 -0.5703664 -0.2125915 0.711345 -0.5703664 -0.4106952 0.711345 -0.5703664 -0.4106952 0.5808107 -0.5703664 -0.5808107 0.5808107 -0.5703664 -0.5808107 0.4106952 -0.5703664 -0.711345 0.4106952 -0.5703664 -0.711345 0.05876726 -0.9930688 -0.1017879 0.05876726 -0.9930688 -0.1017879 4.188222e-16 0 -1 0.258819 0 -0.9659258 0.258819 0 -0.9659258 4.188222e-16 0 -1 -0.03042017 -0.9930688 -0.1135296 -0.03042017 -0.9930688 -0.1135296 -0.03042017 -0.9930688 0.1135296 -2.509391e-16 -0.9930688 0.1175345 -2.179487e-16 -0.9930688 0.1175345 -0.03042017 -0.9930688 0.1135296 0.03042017 -0.9930688 0.1135296 0.03042017 -0.9930688 0.1135296 0.05876726 -0.9930688 0.1017879 0.05876726 -0.9930688 0.1017879 0.08310946 -0.9930688 0.08310946 0.08310946 -0.9930688 0.08310946 0.1017879 -0.9930688 0.05876726 0.1017879 -0.9930688 0.05876726 0.1135296 -0.9930688 0.03042017 0.1135296 -0.9930688 0.03042017 0.1175345 -0.9930688 3.648534e-16 0.1175345 -0.9930688 3.702882e-16 0.1135296 -0.9930688 -0.03042017 0.1135296 -0.9930688 -0.03042017 0.1017879 -0.9930688 -0.05876726 0.1017879 -0.9930688 -0.05876726 0.08310946 -0.9930688 -0.08310946 0.08310946 -0.9930688 -0.08310946 -0.05876726 -0.9930688 -0.1017879 -0.05876726 -0.9930688 -0.1017879 -0.08310946 -0.9930688 -0.08310946 -0.08310946 -0.9930688 -0.08310946 -0.1017879 -0.9930688 -0.05876726 -0.1017879 -0.9930688 -0.05876726 -0.1135296 -0.9930688 -0.03042017 -0.1135296 -0.9930688 -0.03042017 -0.1175345 -0.9930688 3.305051e-16 -0.1175345 -0.9930688 3.275252e-16 -0.1135296 -0.9930688 0.03042017 -0.1135296 -0.9930688 0.03042017 -0.1017879 -0.9930688 0.05876726 -0.1017879 -0.9930688 0.05876726 -0.08310946 -0.9930688 0.08310946 -0.08310946 -0.9930688 0.08310946 -0.05876726 -0.9930688 0.1017879 -0.05876726 -0.9930688 0.1017879 0.5 0 -0.8660254 0.5 0 -0.8660254 0 -1 0 0 -1 0 0 -1 0 0 -1 0 0 -1 0 0 -1 0 0 -1 0 0 -1 0 0 -1 0 0 -1 0 0 -1 0 0 -1 0 0 -1 0 0 -1 0 0 -1 0 0 -1 0 0 -1 0 0 -1 0 0 -1 0 0 -1 0 0 -1 0 0 -1 0 0 -1 0 0 -1 0 -0.258819 0 -0.9659258 -0.258819 0 -0.9659258 -0.258819 0 0.9659258 -1.693111e-16 0 1 -1.693111e-16 0 1 -0.258819 0 0.9659258 0.258819 0 0.9659258 0.258819 0 0.9659258 0.5 0 0.8660254 0.5 0 0.8660254 0.7071068 0 0.7071068 0.7071068 0 0.7071068 0.8660254 0 0.5 0.8660254 0 0.5 0.9659258 0 0.258819 0.9659258 0 0.258819 1 0 3.208e-16 1 0 3.208e-16 0.9659258 0 -0.258819 0.9659258 0 -0.258819 0.8660254 0 -0.5 0.8660254 0 -0.5 0.7071068 0 -0.7071068 0.7071068 0 -0.7071068 -0.5 0 -0.8660254 -0.5 0 -0.8660254 -0.7071068 0 -0.7071068 -0.7071068 0 -0.7071068 -0.8660254 0 -0.5 -0.8660254 0 -0.5 -0.9659258 0 -0.258819 -0.9659258 0 -0.258819 -1 0 1.960444e-16 -1 0 1.960444e-16 -0.9659258 0 0.258819 -0.9659258 0 0.258819 -0.8660254 0 0.5 -0.8660254 0 0.5 -0.7071068 0 0.7071068 -0.7071068 0 0.7071068 -0.5 0 0.8660254 -0.5 0 0.8660254</float_array>
                    <technique_common>
                        <accessor count="312" source="#ID24" stride="3">
                            <param name="X" type="float" />
                            <param name="Y" type="float" />
                            <param name="Z" type="float" />
                        </accessor>
                    </technique_common>
                </source>
                <source id="ID22">
                    <float_array id="ID25" count="602">0 -0.08096 -0.0733752 -0.026038 -0.0733752 -0.08096 0 -0.026038 0.0733752 -0.27384 -0.0733752 -0.27384 0 -0.2835 -3.38396e-16 -0.2732948 0.07073389 -0.2639825 0.14175 -0.2455182 0.1366474 -0.2366802 0.2004648 -0.2004648 0.1932486 -0.1932486 0.2455182 -0.14175 0.2366802 -0.1366474 0.27384 -0.0733752 0.2639825 -0.07073389 0.2835 -5.639933e-17 0.2732948 -1.127987e-16 0.2639825 0.07073389 0.27384 0.0733752 0.2366802 0.1366474 0.2455182 0.14175 0.1932486 0.1932486 0.2004648 0.2004648 0.1366474 0.2366802 0.14175 0.2455182 0.07073389 0.2639825 0.0733752 0.27384 4.511946e-16 0.2732948 -0.07073389 -0.2639825 -0.14175 -0.2455182 -0.1366474 -0.2366802 -0.2004648 -0.2004648 -0.1932486 -0.1932486 -0.2455182 -0.14175 -0.2366802 -0.1366474 -0.27384 -0.0733752 -0.2639825 -0.07073389 -0.2835 0 -0.2732948 2.819966e-16 -0.27384 0.0733752 -0.2639825 0.07073389 -0.2366802 0.1366474 -0.2455182 0.14175 -0.1932486 0.1932486 -0.2004648 0.2004648 -0.1366474 0.2366802 -0.14175 0.2455182 -0.07073389 0.2639825 -0.0733752 0.27384 0 0.2835 -0.14175 -0.026038 -0.14175 -0.08096 0 -0.174038 -0.07631642 -0.174038 0.0733752 -0.08096 0.0733752 -0.026038 -0.0733752 -0.08096 -0.0733752 -0.026038 -0.14175 -0.08096 -0.14175 -0.026038 -0.2004648 -0.08096 -0.2004648 -0.026038 -0.2455182 -0.026038 -0.2455182 -0.08096 -0.27384 -0.026038 -0.27384 -0.08096 -0.2835 -0.026038 -0.2835 -0.08096 -0.2455182 -0.026038 -0.2455182 -0.08096 -0.2004648 -0.026038 -0.2004648 -0.08096 0.14175 -0.08096 0.14175 -0.026038 0.2004648 -0.08096 0.2004648 -0.026038 0.2455182 -0.026038 0.2455182 -0.08096 0.27384 -0.026038 0.27384 -0.08096 0.2835 -0.026038 0.2835 -0.08096 0.2004648 -0.026038 0.2004648 -0.08096 0.14175 -0.08096 0.14175 -0.026038 -0.147432 -0.174038 -0.06804922 -0.220038 0 -0.220038 0.07631642 -0.174038 0 -0.174038 0.07631642 -0.174038 -0.147432 -0.174038 -0.2085003 -0.174038 -0.2553597 -0.174038 -0.2848168 -0.174038 -0.294864 -0.174038 -0.2848168 -0.174038 -0.2553597 -0.174038 -0.2085003 -0.174038 0.147432 -0.174038 0.2085003 -0.174038 0.2553597 -0.174038 0.2848168 -0.174038 0.294864 -0.174038 0.2553597 -0.174038 0.147432 -0.174038 -0.131461 -0.220038 0.294864 -0.462492 0.2268148 -0.4511728 0.2320631 -0.4707599 0.294864 -0.442214 0.06804922 -0.220038 0 -0.220038 0.06804922 -0.220038 -0.06804922 -0.220038 -0.1859139 -0.220038 -0.2276971 -0.220038 -0.2539632 -0.220038 -0.262922 -0.220038 -0.2539632 -0.220038 -0.2276971 -0.220038 0.131461 -0.220038 0.1859139 -0.220038 0.2276971 -0.220038 0.2539632 -0.220038 0.262922 -0.220038 0.2276971 -0.220038 0.1859139 -0.220038 0.131461 -0.220038 0.163403 -0.4774389 0.173542 -0.4950001 0.2540962 0 0.3176203 -0.213638 0.3176203 0 0.2540962 -0.213638 0.3629132 -0.4511728 0.3576649 -0.4707599 0.3629132 -0.9590992 0.294864 -0.94778 0.294864 -0.968058 0.3576649 -0.9395121 0.2268148 -0.9590992 0.2320631 -0.9395121 0.2320631 -0.9395121 0.163403 -0.9328331 0.2268148 -0.9590992 0.173542 -0.9152719 0.1089501 -0.8910499 0.1232888 -0.8767112 0.06716687 -0.836597 0.08472813 -0.826458 0.04090085 -0.7731852 0.06048789 -0.7679369 0.06048789 -0.7679369 0.031942 -0.705136 0.04090085 -0.7731852 0.05222 -0.705136 0.06048789 -0.6423351 0.04090085 -0.6370868 0.08472813 -0.583814 0.06716687 -0.573675 0.1232888 -0.5335608 0.1089501 -0.5192221 0.173542 -0.4950001 0.163403 -0.4774389 0.426325 -0.4774389 0.416186 -0.4950001 0.4807779 -0.5192221 0.4664392 -0.5335608 0.5225611 -0.573675 0.5049999 -0.583814 0.5488272 -0.6370868 0.5292401 -0.6423351 0.537508 -0.705136 0.557786 -0.705136 0.5292401 -0.7679369 0.5488272 -0.7731852 0.5049999 -0.826458 0.5225611 -0.836597 0.5225611 -0.836597 0.4664392 -0.8767112 0.4807779 -0.8910499 0.5049999 -0.826458 0.416186 -0.9152719 0.426325 -0.9328331 0.3176203 0 0.3811443 -0.213638 0.3811443 0 0.3176203 -0.213638 0.06280089 -0.2343761 -0.06280089 -0.2343761 0 -0.242644 -0.121322 -0.2101359 0.121322 -0.2101359 -0.1715752 -0.1715752 0.1715752 -0.1715752 0.2101359 -0.121322 -0.2101359 -0.121322 -0.2343761 -0.06280089 0.2343761 -0.06280089 -0.242644 0 0.242644 5.639933e-17 -0.2343761 0.06280089 0.2343761 0.06280089 -0.2101359 0.121322 0.2101359 0.121322 -0.1715752 0.1715752 0.1715752 0.1715752 -0.121322 0.2101359 0.121322 0.2101359 -0.06280089 0.2343761 0.06280089 0.2343761 0 0.242644 0.1905722 0 0.2540962 -0.213638 0.2540962 0 0.1905722 -0.213638 1.079909 -0.213638 1.016385 8.673617e-19 1.016385 -0.213638 1.079909 8.673617e-19 1.016385 -0.213638 0.9528608 0 0.9528608 -0.213638 1.016385 0 0.9528608 -0.213638 0.8893367 0 0.8893367 -0.213638 0.9528608 0 0.8893367 -0.213638 0.8258127 0 0.8258127 -0.213638 0.8893367 0 0.8258127 0 0.7622886 -0.213638 0.8258127 -0.213638 0.7622886 0 0.7622886 -2.775558e-17 0.6987646 -0.213638 0.7622886 -0.213638 0.6987646 -2.775558e-17 0.6987646 0 0.6352405 -0.213638 0.6987646 -0.213638 0.6352405 0 0.6352405 0 0.5717165 -0.213638 0.6352405 -0.213638 0.5717165 0 0.5717165 0 0.5081924 -0.213638 0.5081924 0 0.5081924 0 0.4446684 -0.213638 0.5081924 -0.213638 0.4446684 0 0.3811443 0 0.4446684 -0.213638 0.4446684 0 0.3811443 -0.213638 0.1270481 0 0.1905722 -0.213638 0.1905722 0 0.1270481 -0.213638 0.06352405 0 0.1270481 -0.213638 0.1270481 0 0.06352405 -0.213638 0.06352405 0 3.885781e-16 -0.213638 0.06352405 -0.213638 3.885781e-16 0 1.524577 0 1.461053 -0.213638 1.524577 -0.213638 1.461053 0 1.461053 0 1.397529 -0.213638 1.461053 -0.213638 1.397529 0 1.397529 0 1.334005 -0.213638 1.397529 -0.213638 1.334005 0 1.334005 0 1.270481 -0.213638 1.334005 -0.213638 1.270481 0 1.270481 0 1.206957 -0.213638 1.270481 -0.213638 1.206957 0 1.143433 0 1.143433 -0.213638 1.143433 -0.213638 1.079909 0 1.079909 -0.213638 1.143433 0</float_array>
                    <technique_common>
                        <accessor count="301" source="#ID25" stride="2">
                            <param name="S" type="float" />
                            <param name="T" type="float" />
                        </accessor>
                    </technique_common>
                </source>
                <vertices id="ID21">
                    <input semantic="POSITION" source="#ID19" />
                    <input semantic="NORMAL" source="#ID20" />
                </vertices>
                <triangles count="310" material="Material2">
                    <input offset="0" semantic="VERTEX" source="#ID21" />
                    <input offset="1" semantic="TEXCOORD" source="#ID22" />
                    <p>0 0 1 1 2 2 1 1 0 0 3 3 4 4 5 5 6 6 5 5 4 4 7 7 7 7 4 4 8 8 8 8 4 4 9 9 8 8 9 9 10 10 10 10 9 9 11 11 10 10 11 11 12 12 12 12 11 11 13 13 12 12 13 13 14 14 14 14 13 13 15 15 14 14 15 15 16 16 16 16 15 15 17 17 16 16 17 17 18 18 18 18 17 17 19 19 19 19 17 17 20 20 19 19 20 20 21 21 21 21 20 20 22 22 21 21 22 22 23 23 23 23 22 22 24 24 23 23 24 24 25 25 25 25 24 24 26 26 25 25 26 26 27 27 27 27 26 26 28 28 27 27 28 28 29 29 5 5 30 30 31 31 30 30 5 5 7 7 31 31 30 30 32 32 31 31 32 32 33 33 33 33 32 32 34 34 33 33 34 34 35 35 35 35 34 34 36 36 35 35 36 36 37 37 37 37 36 36 38 38 37 37 38 38 39 39 39 39 38 38 40 40 39 39 40 40 41 41 41 41 40 40 42 42 41 41 42 42 43 43 41 41 43 43 44 44 44 44 43 43 45 45 44 44 45 45 46 46 46 46 45 45 47 47 46 46 47 47 48 48 48 48 47 47 49 49 48 48 49 49 50 50 50 50 49 49 29 29 50 50 29 29 28 28 50 50 28 28 51 51 2 2 52 52 53 53 52 52 2 2 1 1 54 54 55 2 56 55 55 2 54 54 57 0 58 56 3 3 0 0 3 3 58 56 59 57 60 57 61 0 62 3 61 0 60 57 63 56 62 3 64 58 65 59 64 58 62 3 61 0 65 59 66 60 67 61 66 60 65 59 64 58 67 61 68 62 69 63 68 62 67 61 66 60 70 64 68 62 71 65 68 62 70 64 69 63 72 66 71 65 73 67 71 65 72 66 70 64 74 68 73 67 75 69 73 67 74 68 72 66 76 66 75 69 77 67 75 69 76 66 74 68 78 70 77 67 79 71 77 67 78 70 76 66 80 72 79 71 81 73 79 71 80 72 78 70 53 53 80 72 81 73 80 72 53 53 52 52 82 74 59 57 58 56 59 57 82 74 83 75 84 76 83 75 82 74 83 75 84 76 85 77 86 78 84 76 87 79 84 76 86 78 85 77 88 80 87 79 89 81 87 79 88 80 86 78 90 82 89 81 91 83 89 81 90 82 88 80 92 80 91 83 93 81 91 83 92 80 90 82 94 78 93 81 95 79 93 81 94 78 92 80 96 84 95 79 97 85 95 79 96 84 94 78 96 84 98 86 99 87 98 86 96 84 97 85 99 87 63 56 60 57 63 56 99 87 98 86 56 55 100 53 101 88 100 53 56 55 55 2 102 89 103 54 104 55 103 54 102 89 105 90 106 91 57 0 54 54 57 0 106 91 107 56 108 56 109 92 110 0 109 92 108 56 111 93 112 58 109 92 113 55 109 92 112 58 110 0 114 60 113 55 115 94 113 55 114 60 112 58 116 62 115 94 117 95 115 94 116 62 114 60 118 65 117 95 119 96 117 95 118 65 116 62 120 67 119 96 121 97 119 96 120 67 118 65 122 69 121 97 123 98 121 97 122 69 120 67 124 67 123 98 125 99 123 98 124 67 122 69 126 100 124 67 125 99 124 67 126 100 127 71 128 73 126 100 129 101 126 100 128 73 127 71 101 88 128 73 129 101 128 73 101 88 100 53 106 91 130 74 107 56 130 74 106 91 131 102 131 102 132 76 130 74 132 76 131 102 133 103 134 104 132 76 133 103 132 76 134 104 135 79 136 81 134 104 137 105 134 104 136 81 135 79 138 83 137 105 139 106 137 105 138 83 136 81 140 81 139 106 141 105 139 106 140 81 138 83 142 79 141 105 143 107 141 105 142 79 140 81 144 85 143 107 145 103 143 107 144 85 142 79 144 85 146 108 147 86 146 108 144 85 145 103 147 86 111 93 108 56 111 93 147 86 146 108 148 109 104 55 149 88 104 55 148 109 102 89 150 110 151 111 152 112 151 111 150 110 153 113 154 114 103 54 105 90 103 54 154 114 155 91 156 93 157 115 158 92 157 115 156 93 159 116 158 92 160 117 161 55 160 117 158 92 157 115 161 55 162 109 163 94 162 109 161 55 160 117 163 94 164 118 165 95 164 118 163 94 162 109 166 96 164 118 167 119 164 118 166 96 165 95 168 120 166 96 167 119 166 96 168 120 169 97 170 98 168 120 171 121 168 120 170 98 169 97 172 99 171 121 173 122 171 121 172 99 170 98 174 100 173 122 175 123 173 122 174 100 172 99 176 101 175 123 177 118 175 123 176 101 174 100 177 118 149 88 176 101 149 88 177 118 148 109 178 124 155 91 154 114 155 91 178 124 179 102 180 125 179 102 178 124 179 102 180 125 181 103 182 104 180 125 183 126 180 125 182 104 181 103 184 105 183 126 185 127 183 126 184 105 182 104 186 106 185 127 187 128 185 127 186 106 184 105 188 105 187 128 189 127 187 128 188 105 186 106 190 107 189 127 191 129 189 127 190 107 188 105 192 130 190 107 191 129 190 107 192 130 193 103 194 108 192 130 195 131 192 130 194 108 193 103 156 93 195 131 159 116 195 131 156 93 194 108 152 112 196 132 197 133 196 132 152 112 151 111 198 134 199 135 200 136 199 135 198 134 201 137 202 138 150 110 203 139 150 110 202 138 153 113 204 140 205 141 206 142 205 141 204 140 207 143 205 141 208 144 206 142 208 144 205 141 209 145 209 146 210 147 208 148 210 147 209 146 211 149 211 149 212 150 210 147 212 150 211 149 213 151 213 151 214 152 212 150 214 152 213 151 215 153 215 153 216 154 214 152 216 154 215 153 217 155 217 156 218 157 216 158 218 157 217 156 219 159 220 160 218 157 219 159 218 157 220 160 221 161 222 162 221 161 220 160 221 161 222 162 223 163 224 164 223 163 222 162 223 163 224 164 225 165 197 166 225 165 224 164 225 165 197 166 196 167 226 168 203 139 227 169 203 139 226 168 202 138 228 170 227 169 229 171 227 169 228 170 226 168 230 172 229 171 231 173 229 171 230 172 228 170 232 174 231 173 233 175 231 173 232 174 230 172 232 174 234 176 235 177 234 176 232 174 233 175 235 177 236 178 237 179 236 178 235 177 234 176 237 179 238 180 239 181 238 180 237 179 236 178 239 182 240 183 241 184 240 183 239 182 238 185 241 184 242 186 243 187 242 186 241 184 240 183 243 187 207 143 204 140 207 143 243 187 242 186 200 188 244 189 245 190 244 189 200 188 199 191 246 192 247 193 248 194 247 193 246 192 249 195 249 195 246 192 250 196 249 195 250 196 251 197 251 197 250 196 252 198 251 197 252 198 253 199 251 197 253 199 254 200 254 200 253 199 255 201 255 201 253 199 256 202 255 201 256 202 257 203 257 203 256 202 258 204 257 203 258 204 259 205 259 205 258 204 260 206 259 205 260 206 261 207 261 207 260 206 262 208 261 207 262 208 263 209 263 209 262 208 264 210 263 209 264 210 265 211 265 211 264 210 266 212 265 211 266 212 267 213 267 213 266 212 268 214 267 213 268 214 269 215 270 216 201 217 198 218 201 217 270 216 271 219 272 220 273 221 274 222 273 221 272 220 275 223 274 224 276 225 277 226 276 225 274 224 273 227 277 228 278 229 279 230 278 229 277 228 276 231 279 232 280 233 281 234 280 233 279 232 278 235 280 236 282 237 281 238 282 237 280 236 283 239 283 240 284 241 282 242 284 241 283 240 285 243 285 244 286 245 284 246 286 245 285 244 287 247 287 248 288 249 286 250 288 249 287 248 289 251 289 252 290 253 288 249 290 253 289 252 291 254 291 255 292 256 290 257 292 256 291 255 293 258 245 259 292 260 293 261 292 260 245 259 244 262 294 263 271 264 270 265 271 264 294 263 295 266 296 267 295 268 294 269 295 268 296 267 297 270 296 271 298 272 297 273 298 272 296 271 299 274 299 275 300 276 298 277 300 276 299 275 301 278 301 279 302 280 300 281 302 280 301 279 303 282 303 283 304 284 302 285 304 284 303 283 305 286 305 287 306 288 304 289 306 288 305 287 307 290 307 291 308 292 306 293 308 292 307 291 309 294 308 292 310 295 311 296 310 295 308 292 309 294 311 297 275 298 272 299 275 298 311 297 310 300</p>
                </triangles>
            </mesh>
        </geometry>
        <geometry id="ID26">
            <mesh>
                <source id="ID27">
                    <float_array id="ID31" count="144">-0.268937 -0.0177126 0.4658126 -0.3803344 0 0.3803344 -0.3803344 -0.0177126 0.3803344 -0.268937 0 0.4658126 -0.4658126 -0.0177126 0.268937 -0.4658126 0 0.268937 -0.139212 -0.0177126 0.5195464 -0.139212 0 0.5195464 -0.5195464 -0.0177126 0.139212 -0.5195464 0 0.139212 0 -0.0177126 0.537874 0 0 0.537874 -0.537874 -0.0177126 -1.110223e-16 -0.537874 0 -1.110223e-16 0.139212 -0.0177126 0.5195464 0.139212 0 0.5195464 -0.5195464 -0.0177126 -0.139212 -0.5195464 0 -0.139212 0.268937 -0.0177126 0.4658126 0.268937 0 0.4658126 -0.4658126 -0.0177126 -0.268937 -0.4658126 0 -0.268937 0.3803344 -0.0177126 0.3803344 0.3803344 0 0.3803344 -0.3803344 -0.0177126 -0.3803344 -0.3803344 0 -0.3803344 0.4658126 0 0.268937 0.4658126 -0.0177126 0.268937 -0.268937 0 -0.4658126 -0.268937 -0.0177126 -0.4658126 0.5195464 0 0.139212 0.5195464 -0.0177126 0.139212 -0.139212 0 -0.5195464 -0.139212 -0.0177126 -0.5195464 0.537874 0 0 0.537874 -0.0177126 0 0 0 -0.537874 0 -0.0177126 -0.537874 0.5195464 0 -0.139212 0.5195464 -0.0177126 -0.139212 0.139212 0 -0.5195464 0.139212 -0.0177126 -0.5195464 0.4658126 0 -0.268937 0.4658126 -0.0177126 -0.268937 0.268937 0 -0.4658126 0.268937 -0.0177126 -0.4658126 0.3803344 0 -0.3803344 0.3803344 -0.0177126 -0.3803344</float_array>
                    <technique_common>
                        <accessor count="48" source="#ID31" stride="3">
                            <param name="X" type="float" />
                            <param name="Y" type="float" />
                            <param name="Z" type="float" />
                        </accessor>
                    </technique_common>
                </source>
                <source id="ID28">
                    <float_array id="ID32" count="144">-0.5 0 0.8660254 -0.7071068 0 0.7071068 -0.7071068 0 0.7071068 -0.5 0 0.8660254 -0.8660254 0 0.5 -0.8660254 0 0.5 -0.258819 0 0.9659258 -0.258819 0 0.9659258 -0.9659258 0 0.258819 -0.9659258 0 0.258819 -6.059555e-16 0 1 -6.059555e-16 0 1 -1 0 -2.762444e-16 -1 0 -2.762444e-16 0.258819 0 0.9659258 0.258819 0 0.9659258 -0.9659258 0 -0.258819 -0.9659258 0 -0.258819 0.5 0 0.8660254 0.5 0 0.8660254 -0.8660254 0 -0.5 -0.8660254 0 -0.5 0.7071068 0 0.7071068 0.7071068 0 0.7071068 -0.7071068 0 -0.7071068 -0.7071068 0 -0.7071068 0.8660254 0 0.5 0.8660254 0 0.5 -0.5 0 -0.8660254 -0.5 0 -0.8660254 0.9659258 0 0.258819 0.9659258 0 0.258819 -0.258819 0 -0.9659258 -0.258819 0 -0.9659258 1 0 1.782222e-16 1 0 1.782222e-16 -7.128888e-17 0 -1 -7.128888e-17 0 -1 0.9659258 0 -0.258819 0.9659258 0 -0.258819 0.258819 0 -0.9659258 0.258819 0 -0.9659258 0.8660254 0 -0.5 0.8660254 0 -0.5 0.5 0 -0.8660254 0.5 0 -0.8660254 0.7071068 0 -0.7071068 0.7071068 0 -0.7071068</float_array>
                    <technique_common>
                        <accessor count="48" source="#ID32" stride="3">
                            <param name="X" type="float" />
                            <param name="Y" type="float" />
                            <param name="Z" type="float" />
                        </accessor>
                    </technique_common>
                </source>
                <source id="ID30">
                    <float_array id="ID33" count="88">-0.13662 -0.008998 -0.1932099 0 -0.1932099 -0.008998 -0.13662 0 -0.2366328 -0.008998 -0.2366328 0 -0.07071972 -0.008998 -0.07071972 0 -0.2639296 -0.008998 -0.2639296 0 0 -0.008998 0 0 -0.27324 -0.008998 -0.27324 0 0.07071972 -0.008998 0.07071972 0 0.13662 -0.008998 0.13662 0 -0.2366328 -0.008998 -0.2366328 0 0.1932099 -0.008998 0.1932099 0 -0.1932099 -0.008998 -0.1932099 0 0.2366328 0 0.2366328 -0.008998 -0.13662 0 -0.13662 -0.008998 0.2639296 0 0.2639296 -0.008998 -0.07071972 0 -0.07071972 -0.008998 0.27324 0 0.27324 -0.008998 0.2639296 0 0.2639296 -0.008998 0.07071972 0 0.07071972 -0.008998 0.2366328 0 0.2366328 -0.008998 0.13662 0 0.13662 -0.008998 0.1932099 0 0.1932099 -0.008998</float_array>
                    <technique_common>
                        <accessor count="44" source="#ID33" stride="2">
                            <param name="S" type="float" />
                            <param name="T" type="float" />
                        </accessor>
                    </technique_common>
                </source>
                <vertices id="ID29">
                    <input semantic="POSITION" source="#ID27" />
                    <input semantic="NORMAL" source="#ID28" />
                </vertices>
                <triangles count="48" material="Material2">
                    <input offset="0" semantic="VERTEX" source="#ID29" />
                    <input offset="1" semantic="TEXCOORD" source="#ID30" />
                    <p>0 0 1 1 2 2 1 1 0 0 3 3 1 1 4 4 2 2 4 4 1 1 5 5 6 6 3 3 0 0 3 3 6 6 7 7 5 5 8 8 4 4 8 8 5 5 9 9 10 10 7 7 6 6 7 7 10 10 11 11 9 9 12 12 8 8 12 12 9 9 13 13 14 14 11 11 10 10 11 11 14 14 15 15 13 13 16 8 12 12 16 8 13 13 17 9 18 16 15 15 14 14 15 15 18 16 19 17 17 9 20 18 16 8 20 18 17 9 21 19 22 20 19 17 18 16 19 17 22 20 23 21 21 19 24 22 20 18 24 22 21 19 25 23 26 24 22 20 27 25 22 20 26 24 23 21 28 26 24 22 25 23 24 22 28 26 29 27 30 28 27 25 31 29 27 25 30 28 26 24 32 30 29 27 28 26 29 27 32 30 33 31 34 32 31 29 35 33 31 29 34 32 30 28 36 11 33 31 32 30 33 31 36 11 37 10 38 34 35 33 39 35 35 33 38 34 34 32 40 36 37 10 36 11 37 10 40 36 41 37 42 38 39 35 43 39 39 35 42 38 38 34 44 40 41 37 40 36 41 37 44 40 45 41 46 42 43 39 47 43 43 39 46 42 42 38 46 42 45 41 44 40 45 41 46 42 47 43</p>
                </triangles>
            </mesh>
        </geometry>
        <geometry id="ID34">
            <mesh>
                <source id="ID35">
                    <float_array id="ID39" count="144">6.661338e-16 -0.03351575 -0.5379818 -0.1392399 -0.05125591 -0.5196505 -0.1392399 -0.03351575 -0.5196505 6.661338e-16 -0.05125591 -0.5379818 0.1392399 -0.03351575 -0.5196505 0.1392399 -0.05125591 -0.5196505 -0.2689909 -0.05125591 -0.4659059 -0.2689909 -0.03351575 -0.4659059 0.2689909 -0.03351575 -0.4659059 0.2689909 -0.05125591 -0.4659059 -0.3804106 -0.05125591 -0.3804106 -0.3804106 -0.03351575 -0.3804106 0.3804106 -0.03351575 -0.3804106 0.3804106 -0.05125591 -0.3804106 -0.4659059 -0.03351575 -0.2689909 -0.4659059 -0.05125591 -0.2689909 0.4659059 -0.05125591 -0.2689909 0.4659059 -0.03351575 -0.2689909 -0.5196505 -0.03351575 -0.1392399 -0.5196505 -0.05125591 -0.1392399 0.5196505 -0.05125591 -0.1392399 0.5196505 -0.03351575 -0.1392399 -0.5379818 -0.03351575 -2.220446e-16 -0.5379818 -0.05125591 -2.220446e-16 0.5379818 -0.05125591 5.551115e-16 0.5379818 -0.03351575 5.551115e-16 -0.5196505 -0.03351575 0.1392399 -0.5196505 -0.05125591 0.1392399 0.5196505 -0.05125591 0.1392399 0.5196505 -0.03351575 0.1392399 -0.4659059 -0.03351575 0.2689909 -0.4659059 -0.05125591 0.2689909 0.4659059 -0.05125591 0.2689909 0.4659059 -0.03351575 0.2689909 -0.3804106 -0.03351575 0.3804106 -0.3804106 -0.05125591 0.3804106 0.3804106 -0.05125591 0.3804106 0.3804106 -0.03351575 0.3804106 -0.2689909 -0.05125591 0.4659059 -0.2689909 -0.03351575 0.4659059 0.2689909 -0.03351575 0.4659059 0.2689909 -0.05125591 0.4659059 -0.1392399 -0.05125591 0.5196505 -0.1392399 -0.03351575 0.5196505 0.1392399 -0.03351575 0.5196505 0.1392399 -0.05125591 0.5196505 -8.881784e-16 -0.05125591 0.5379818 -8.881784e-16 -0.03351575 0.5379818</float_array>
                    <technique_common>
                        <accessor count="48" source="#ID39" stride="3">
                            <param name="X" type="float" />
                            <param name="Y" type="float" />
                            <param name="Z" type="float" />
                        </accessor>
                    </technique_common>
                </source>
                <source id="ID36">
                    <float_array id="ID40" count="144">8.643777e-16 0 -1 -0.258819 0 -0.9659258 -0.258819 0 -0.9659258 8.643777e-16 0 -1 0.258819 0 -0.9659258 0.258819 0 -0.9659258 -0.5 0 -0.8660254 -0.5 0 -0.8660254 0.5 0 -0.8660254 0.5 0 -0.8660254 -0.7071068 0 -0.7071068 -0.7071068 0 -0.7071068 0.7071068 0 -0.7071068 0.7071068 0 -0.7071068 -0.8660254 0 -0.5 -0.8660254 0 -0.5 0.8660254 0 -0.5 0.8660254 0 -0.5 -0.9659258 0 -0.258819 -0.9659258 0 -0.258819 0.9659258 0 -0.258819 0.9659258 0 -0.258819 -1 0 -8.287332e-16 -1 0 -8.287332e-16 1 0 8.019999e-16 1 0 8.019999e-16 -0.9659258 0 0.258819 -0.9659258 0 0.258819 0.9659258 0 0.258819 0.9659258 0 0.258819 -0.8660254 0 0.5 -0.8660254 0 0.5 0.8660254 0 0.5 0.8660254 0 0.5 -0.7071068 0 0.7071068 -0.7071068 0 0.7071068 0.7071068 0 0.7071068 0.7071068 0 0.7071068 -0.5 0 0.8660254 -0.5 0 0.8660254 0.5 0 0.8660254 0.5 0 0.8660254 -0.258819 0 0.9659258 -0.258819 0 0.9659258 0.258819 0 0.9659258 0.258819 0 0.9659258 -1.211911e-15 0 1 -1.211911e-15 0 1</float_array>
                    <technique_common>
                        <accessor count="48" source="#ID40" stride="3">
                            <param name="X" type="float" />
                            <param name="Y" type="float" />
                            <param name="Z" type="float" />
                        </accessor>
                    </technique_common>
                </source>
                <source id="ID38">
                    <float_array id="ID41" count="92">3.38396e-16 -0.017026 -0.07073389 -0.026038 -0.07073389 -0.017026 3.38396e-16 -0.026038 0.07073389 -0.017026 0.07073389 -0.026038 -0.1366474 -0.026038 -0.1366474 -0.017026 0.1366474 -0.017026 0.1366474 -0.026038 -0.1932486 -0.026038 -0.1932486 -0.017026 0.1932486 -0.017026 0.1932486 -0.026038 -0.2366802 -0.017026 -0.2366802 -0.026038 0.2366802 -0.026038 0.2366802 -0.017026 -0.2639825 -0.017026 -0.2639825 -0.026038 0.2639825 -0.026038 0.2639825 -0.017026 -0.2732948 -0.017026 -0.2732948 -0.026038 0.2732948 -0.026038 0.2732948 -0.017026 -0.2639825 -0.017026 -0.2639825 -0.026038 -0.2366802 -0.017026 -0.2366802 -0.026038 0.2366802 -0.026038 0.2366802 -0.017026 -0.1932486 -0.017026 -0.1932486 -0.026038 0.1932486 -0.026038 0.1932486 -0.017026 -0.1366474 -0.026038 -0.1366474 -0.017026 0.1366474 -0.017026 0.1366474 -0.026038 -0.07073389 -0.026038 -0.07073389 -0.017026 0.07073389 -0.017026 0.07073389 -0.026038 -4.511946e-16 -0.026038 -4.511946e-16 -0.017026</float_array>
                    <technique_common>
                        <accessor count="46" source="#ID41" stride="2">
                            <param name="S" type="float" />
                            <param name="T" type="float" />
                        </accessor>
                    </technique_common>
                </source>
                <vertices id="ID37">
                    <input semantic="POSITION" source="#ID35" />
                    <input semantic="NORMAL" source="#ID36" />
                </vertices>
                <triangles count="48" material="Material2">
                    <input offset="0" semantic="VERTEX" source="#ID37" />
                    <input offset="1" semantic="TEXCOORD" source="#ID38" />
                    <p>0 0 1 1 2 2 1 1 0 0 3 3 4 4 3 3 0 0 3 3 4 4 5 5 2 2 6 6 7 7 6 6 2 2 1 1 8 8 5 5 4 4 5 5 8 8 9 9 7 7 10 10 11 11 10 10 7 7 6 6 12 12 9 9 8 8 9 9 12 12 13 13 14 14 10 10 15 15 10 10 14 14 11 11 12 12 16 16 13 13 16 16 12 12 17 17 18 18 15 15 19 19 15 15 18 18 14 14 17 17 20 20 16 16 20 20 17 17 21 21 22 22 19 19 23 23 19 19 22 22 18 18 21 21 24 24 20 20 24 24 21 21 25 25 26 26 23 23 27 27 23 23 26 26 22 22 25 25 28 20 24 24 28 20 25 25 29 21 30 28 27 27 31 29 27 27 30 28 26 26 29 21 32 30 28 20 32 30 29 21 33 31 34 32 31 29 35 33 31 29 34 32 30 28 33 31 36 34 32 30 36 34 33 31 37 35 38 36 34 32 35 33 34 32 38 36 39 37 36 34 40 38 41 39 40 38 36 34 37 35 42 40 39 37 38 36 39 37 42 40 43 41 41 39 44 42 45 43 44 42 41 39 40 38 46 44 43 41 42 40 43 41 46 44 47 45 45 43 47 45 46 44 47 45 45 43 44 42</p>
                </triangles>
            </mesh>
        </geometry>
        <geometry id="ID44">
            <mesh>
                <source id="ID50">
                    <float_array id="ID54" count="222">0.7433971 -0.1181102 0.02012254 0.4377053 -0.1181102 0.02012254 0.5905512 -0.1181102 -6.661338e-16 0.8858268 -0.1181102 0.07911886 0.2952756 -0.1181102 0.07911886 1.008134 -0.1181102 0.1729684 0.1729684 -0.1181102 0.1729684 1.101984 -0.1181102 0.2952756 0.07911886 -0.1181102 0.2952756 1.16098 -0.1181102 0.4377053 0.02012254 -0.1181102 0.4377053 1.181102 -0.1181102 0.5905512 0 -0.1181102 0.5905512 1.122047 -0.1181102 1.219937 1.181102 -0.1181102 1.968504 1.122047 -0.1181102 1.909449 0.05905512 -0.1181102 1.909449 0.05905512 -0.1181102 1.219937 0 -0.1181102 1.968504 0 0 1.968504 0 -0.1181102 0.5905512 0 -0.1181102 1.968504 0 0 0.5905512 0 0 0.5905512 0.02012254 -0.1181102 0.4377053 0 -0.1181102 0.5905512 0.02012254 0 0.4377053 0.07911886 -0.1181102 0.2952756 0.07911886 0 0.2952756 0.1729684 -0.1181102 0.1729684 0.1729684 0 0.1729684 0.2952756 0 0.07911886 0.2952756 -0.1181102 0.07911886 0.4377053 0 0.02012254 0.4377053 -0.1181102 0.02012254 0.5905512 0 -6.661338e-16 0.5905512 -0.1181102 -6.661338e-16 0.7433971 0 0.02012254 0.5905512 -0.1181102 -6.661338e-16 0.5905512 0 -6.661338e-16 0.7433971 -0.1181102 0.02012254 0.8858268 0 0.07911886 0.8858268 -0.1181102 0.07911886 1.008134 0 0.1729684 1.008134 -0.1181102 0.1729684 1.101984 -0.1181102 0.2952756 1.101984 0 0.2952756 1.16098 -0.1181102 0.4377053 1.16098 0 0.4377053 1.181102 -0.1181102 0.5905512 1.181102 0 0.5905512 1.181102 0 0.5905512 1.181102 -0.1181102 1.968504 1.181102 -0.1181102 0.5905512 1.181102 0 1.968504 1.181102 -0.1181102 1.968504 0 0 1.968504 0 -0.1181102 1.968504 1.181102 0 1.968504 0.4377053 0 0.02012254 0.7433971 0 0.02012254 0.5905512 0 -6.661338e-16 0.2952756 0 0.07911886 0.8858268 0 0.07911886 1.008134 0 0.1729684 0.1729684 0 0.1729684 0.07911886 0 0.2952756 1.101984 0 0.2952756 1.16098 0 0.4377053 0.02012254 0 0.4377053 1.181102 0 0.5905512 0 0 0.5905512 1.181102 0 1.968504 0 0 1.968504</float_array>
                    <technique_common>
                        <accessor count="74" source="#ID54" stride="3">
                            <param name="X" type="float" />
                            <param name="Y" type="float" />
                            <param name="Z" type="float" />
                        </accessor>
                    </technique_common>
                </source>
                <source id="ID51">
                    <float_array id="ID55" count="222">0 -1 0 0 -1 0 0 -1 0 0 -1 0 0 -1 0 0 -1 0 0 -1 0 0 -1 0 0 -1 0 0 -1 0 0 -1 0 0 -1 0 0 -1 0 0 -1 0 0 -1 0 0 -1 0 0 -1 0 0 -1 0 0 -1 0 -1 0 0 -1 0 0 -1 0 0 -1 0 0 -0.9914449 0 -0.1305262 -0.9659258 0 -0.258819 -0.9914449 0 -0.1305262 -0.9659258 0 -0.258819 -0.8660254 0 -0.5 -0.8660254 0 -0.5 -0.7071068 0 -0.7071068 -0.7071068 0 -0.7071068 -0.5 0 -0.8660254 -0.5 0 -0.8660254 -0.258819 0 -0.9659258 -0.258819 0 -0.9659258 -0.1305262 0 -0.9914449 -0.1305262 0 -0.9914449 0.258819 0 -0.9659258 0.1305262 0 -0.9914449 0.1305262 0 -0.9914449 0.258819 0 -0.9659258 0.5 0 -0.8660254 0.5 0 -0.8660254 0.7071068 0 -0.7071068 0.7071068 0 -0.7071068 0.8660254 0 -0.5 0.8660254 0 -0.5 0.9659258 0 -0.258819 0.9659258 0 -0.258819 0.9914449 0 -0.1305262 0.9914449 0 -0.1305262 1 0 0 1 0 0 1 0 0 1 0 0 0 0 1 0 0 1 0 0 1 0 0 1 0 1 0 0 1 0 0 1 0 0 1 0 0 1 0 0 1 0 0 1 0 0 1 0 0 1 0 0 1 0 0 1 0 0 1 0 0 1 0 0 1 0 0 1 0</float_array>
                    <technique_common>
                        <accessor count="74" source="#ID55" stride="3">
                            <param name="X" type="float" />
                            <param name="Y" type="float" />
                            <param name="Z" type="float" />
                        </accessor>
                    </technique_common>
                </source>
                <source id="ID53">
                    <float_array id="ID56" count="178">0.3776457 0.01022225 0.2223543 0.01022225 0.3 -3.38396e-16 0.45 0.04019238 0.15 0.04019238 0.512132 0.08786797 0.08786797 0.08786797 0.5598076 0.15 0.04019238 0.15 0.5897777 0.2223543 0.01022225 0.2223543 0.6 0.3 0 0.3 0.57 0.619728 0.6 1 0.57 0.97 0.03 0.97 0.03 0.619728 0 1 0.06 0.3 0.06 1 0 0.2974335 0.06 0.2191177 0.06 0.2974335 0 0.2191177 0 0.2015167 0.06 0.123201 0.06 0.2015167 0 0.123201 0 0.09453543 0.06 0.01621972 0.06 0.09453543 0 0.01621972 0 -0.09453543 0.06 -0.01621972 0 -0.01621972 0.06 -0.09453543 0 -0.2015167 0.06 -0.123201 0 -0.123201 0.06 -0.2015167 0 -0.2974335 0.06 -0.2191177 0 -0.2191177 0.06 -0.2974335 0 0.3757492 -0.06 0.2974335 0 0.2974335 -0.06 0.3757492 0 0.4311267 -0.06 0.352811 0 0.352811 -0.06 0.4311267 0 0.4597923 -0.06 0.3814766 0 0.3814766 -0.06 0.4597923 0 0.3814766 -0.06 0.4597923 -0.06 0.3814766 0 0.4597923 0 0.352811 -0.06 0.4311267 -0.06 0.352811 0 0.4311267 0 0.2974335 -0.06 0.3757492 -0.06 0.2974335 0 0.3757492 0 0.3 -0.06 1 -0.06 0.3 0.6 -0.06 0 0 0 -0.06 0.6 0 -0.2223543 0.01022225 -0.3776457 0.01022225 -0.3 -3.38396e-16 -0.15 0.04019238 -0.45 0.04019238 -0.512132 0.08786797 -0.08786797 0.08786797 -0.04019238 0.15 -0.5598076 0.15 -0.5897777 0.2223543 -0.01022225 0.2223543 -0.6 0.3 -0.6 1</float_array>
                    <technique_common>
                        <accessor count="89" source="#ID56" stride="2">
                            <param name="S" type="float" />
                            <param name="T" type="float" />
                        </accessor>
                    </technique_common>
                </source>
                <vertices id="ID52">
                    <input semantic="POSITION" source="#ID50" />
                    <input semantic="NORMAL" source="#ID51" />
                </vertices>
                <triangles count="62" material="Material2">
                    <input offset="0" semantic="VERTEX" source="#ID52" />
                    <input offset="1" semantic="TEXCOORD" source="#ID53" />
                    <p>0 0 1 1 2 2 1 1 0 0 3 3 1 1 3 3 4 4 4 4 3 3 5 5 4 4 5 5 6 6 6 6 5 5 7 7 6 6 7 7 8 8 8 8 7 7 9 9 8 8 9 9 10 10 10 10 9 9 11 11 10 10 11 11 12 12 12 12 11 11 13 13 13 13 11 11 14 14 13 13 14 14 15 15 15 15 14 14 16 16 12 12 17 17 18 18 17 17 12 12 13 13 18 18 17 17 16 16 18 18 16 16 14 14 19 18 20 19 21 20 20 19 19 18 22 12 23 21 24 22 25 23 24 22 23 21 26 24 26 25 27 26 24 27 27 26 26 25 28 28 28 29 29 30 27 31 29 30 28 29 30 32 31 33 29 34 30 35 29 34 31 33 32 36 33 37 32 38 31 39 32 38 33 37 34 40 35 41 34 42 33 43 34 42 35 41 36 44 37 45 38 46 39 47 38 46 37 45 40 48 41 49 40 50 37 51 40 50 41 49 42 52 43 53 42 54 41 55 42 54 43 53 44 56 43 57 45 58 44 59 45 58 43 57 46 60 46 61 47 62 45 63 47 62 46 61 48 64 48 65 49 66 47 67 49 66 48 65 50 68 51 69 52 70 53 71 52 70 51 69 54 18 55 72 56 73 57 74 56 73 55 72 58 75 59 76 60 77 61 78 60 77 59 76 62 79 60 77 62 79 63 80 63 80 62 79 64 81 64 81 62 79 65 82 64 81 65 82 66 83 64 81 66 83 67 84 67 84 66 83 68 85 68 85 66 83 69 86 68 85 69 86 70 87 70 87 69 86 71 12 70 87 71 12 72 88 72 88 71 12 73 18</p>
                </triangles>
            </mesh>
        </geometry>
        <geometry id="ID57">
            <mesh>
                <source id="ID63">
                    <float_array id="ID67" count="12">1.122047 -0.05905512 1.909449 0.05905512 -0.05905512 1.219937 1.122047 -0.05905512 1.219937 0.05905512 -0.05905512 1.909449</float_array>
                    <technique_common>
                        <accessor count="4" source="#ID67" stride="3">
                            <param name="X" type="float" />
                            <param name="Y" type="float" />
                            <param name="Z" type="float" />
                        </accessor>
                    </technique_common>
                </source>
                <source id="ID64">
                    <float_array id="ID68" count="12">0 -1 0 0 -1 0 0 -1 0 0 -1 0</float_array>
                    <technique_common>
                        <accessor count="4" source="#ID68" stride="3">
                            <param name="X" type="float" />
                            <param name="Y" type="float" />
                            <param name="Z" type="float" />
                        </accessor>
                    </technique_common>
                </source>
                <source id="ID66">
                    <float_array id="ID69" count="8">0.9999999 0.9999999 -3.866455e-08 0.4208466 0.9999999 0.4208465 -1.387779e-17 1</float_array>
                    <technique_common>
                        <accessor count="4" source="#ID69" stride="2">
                            <param name="S" type="float" />
                            <param name="T" type="float" />
                        </accessor>
                    </technique_common>
                </source>
                <vertices id="ID65">
                    <input semantic="POSITION" source="#ID63" />
                    <input semantic="NORMAL" source="#ID64" />
                </vertices>
                <triangles count="2" material="Material2">
                    <input offset="0" semantic="VERTEX" source="#ID65" />
                    <input offset="1" semantic="TEXCOORD" source="#ID66" />
                    <p>0 0 1 1 2 2 1 1 0 0 3 3</p>
                </triangles>
            </mesh>
        </geometry>
        <geometry id="ID70">
            <mesh>
                <source id="ID71">
                    <float_array id="ID75" count="48">0.05905512 -0.05905512 1.219937 0.05905512 -0.1181102 1.909449 0.05905512 -0.1181102 1.219937 0.05905512 -0.05905512 1.909449 1.122047 -0.1181102 1.219937 0.05905512 -0.05905512 1.219937 0.05905512 -0.1181102 1.219937 1.122047 -0.05905512 1.219937 1.122047 -0.05905512 1.909449 0.05905512 -0.1181102 1.909449 0.05905512 -0.05905512 1.909449 1.122047 -0.1181102 1.909449 1.122047 -0.05905512 1.909449 1.122047 -0.1181102 1.219937 1.122047 -0.1181102 1.909449 1.122047 -0.05905512 1.219937</float_array>
                    <technique_common>
                        <accessor count="16" source="#ID75" stride="3">
                            <param name="X" type="float" />
                            <param name="Y" type="float" />
                            <param name="Z" type="float" />
                        </accessor>
                    </technique_common>
                </source>
                <source id="ID72">
                    <float_array id="ID76" count="48">1 0 0 1 0 0 1 0 0 1 0 0 0 0 1 0 0 1 0 0 1 0 0 1 -0 -0 -1 -0 -0 -1 -0 -0 -1 -0 -0 -1 -1 0 0 -1 0 0 -1 0 0 -1 0 0</float_array>
                    <technique_common>
                        <accessor count="16" source="#ID76" stride="3">
                            <param name="X" type="float" />
                            <param name="Y" type="float" />
                            <param name="Z" type="float" />
                        </accessor>
                    </technique_common>
                </source>
                <source id="ID74">
                    <float_array id="ID77" count="32">-0.03 0.619728 -0.06 0.97 -0.06 0.619728 -0.03 0.97 0.57 -0.06 0.03 -0.03 0.03 -0.06 0.57 -0.03 -0.57 -0.03 -0.03 -0.06 -0.03 -0.03 -0.57 -0.06 0.03 0.97 0.06 0.619728 0.06 0.97 0.03 0.619728</float_array>
                    <technique_common>
                        <accessor count="16" source="#ID77" stride="2">
                            <param name="S" type="float" />
                            <param name="T" type="float" />
                        </accessor>
                    </technique_common>
                </source>
                <vertices id="ID73">
                    <input semantic="POSITION" source="#ID71" />
                    <input semantic="NORMAL" source="#ID72" />
                </vertices>
                <triangles count="8" material="Material2">
                    <input offset="0" semantic="VERTEX" source="#ID73" />
                    <input offset="1" semantic="TEXCOORD" source="#ID74" />
                    <p>0 0 1 1 2 2 1 1 0 0 3 3 4 4 5 5 6 6 5 5 4 4 7 7 8 8 9 9 10 10 9 9 8 8 11 11 12 12 13 13 14 14 13 13 12 12 15 15</p>
                </triangles>
            </mesh>
        </geometry>
        <geometry id="ID78">
            <mesh>
                <source id="ID84">
                    <float_array id="ID88" count="24">1.122047 -0.1181102 1.909449 0.05905512 -0.1181102 1.219937 1.122047 -0.1181102 1.219937 0.05905512 -0.1181102 1.909449 0.05905512 -0.1181102 1.909449 1.122047 -0.1181102 1.909449 0.05905512 -0.1181102 1.219937 1.122047 -0.1181102 1.219937</float_array>
                    <technique_common>
                        <accessor count="8" source="#ID88" stride="3">
                            <param name="X" type="float" />
                            <param name="Y" type="float" />
                            <param name="Z" type="float" />
                        </accessor>
                    </technique_common>
                </source>
                <source id="ID85">
                    <float_array id="ID89" count="24">0 -1 0 0 -1 0 0 -1 0 0 -1 0 -0 1 -0 -0 1 -0 -0 1 -0 -0 1 -0</float_array>
                    <technique_common>
                        <accessor count="8" source="#ID89" stride="3">
                            <param name="X" type="float" />
                            <param name="Y" type="float" />
                            <param name="Z" type="float" />
                        </accessor>
                    </technique_common>
                </source>
                <source id="ID87">
                    <float_array id="ID90" count="8">0.01558399 0.02652012 0.00082021 0.01694357 0.01558399 0.01694357 0.00082021 0.02652012</float_array>
                    <technique_common>
                        <accessor count="4" source="#ID90" stride="2">
                            <param name="S" type="float" />
                            <param name="T" type="float" />
                        </accessor>
                    </technique_common>
                </source>
                <vertices id="ID86">
                    <input semantic="POSITION" source="#ID84" />
                    <input semantic="NORMAL" source="#ID85" />
                </vertices>
                <triangles count="4" material="Material2">
                    <input offset="0" semantic="VERTEX" source="#ID86" />
                    <input offset="1" semantic="TEXCOORD" source="#ID87" />
                    <p>0 0 1 1 2 2 1 1 0 0 3 3 4 3 5 0 6 1 7 2 6 1 5 0</p>
                </triangles>
            </mesh>
        </geometry>
        <geometry id="ID95">
            <mesh>
                <source id="ID98">
                    <float_array id="ID101" count="354">-0.04133858 -0.3812924 0.05530674 -0.05511811 -0.3596993 0.0258223 -0.04773368 -0.3871606 0.02814571 -0.04773368 -0.3575103 0.05329461 -0.04773368 -0.3575103 0.05329461 -0.04133858 -0.3812924 0.05530674 -0.05511811 -0.3596993 0.0258223 -0.04773368 -0.3871606 0.02814571 -0.02386684 -0.3987022 0.05677973 -0.02755906 -0.4072636 0.02984657 -0.02386684 -0.3987022 0.05677973 -0.02755906 -0.4072636 0.02984657 -0.02755906 -0.3559078 0.07340574 -0.02386684 -0.3696384 0.07456744 -0.02386684 -0.3696384 0.07456744 -0.02755906 -0.3559078 0.07340574 -0.05511811 0 0 -0.04773368 -0.003087483 0.02791874 -0.04773368 -0.003087483 0.02791874 -0.05511811 0 0 0 -0.4152413 0.02984657 0 -0.4152413 0.02984657 -0.01377953 -0.37969 0.07541787 -0.01377953 -0.37969 0.07541787 0 -0.3553212 0.08076692 0 -0.3553212 0.08076692 -0.02755906 -0.005347678 0.04835667 -0.02755906 -0.005347678 0.04835667 -0.04133858 0.02115165 0.02586794 -0.04773368 0.02798894 -0.002368054 -0.04773368 0.02798894 -0.002368054 -0.04133858 0.02115165 0.02586794 0 -0.4050746 0.05731888 0 -0.4050746 0.05731888 0 -0.3833691 0.07572915 0 -0.3833691 0.07572915 0 -0.006174967 0.05583748 0 -0.006174967 0.05583748 -0.02386684 0.008646793 0.04717265 -0.02386684 0.008646793 0.04717265 -0.02386684 0.03889593 0.02436666 -0.02755906 0.04847827 -0.004101589 -0.02386684 0.03889593 0.02436666 -0.02755906 0.04847827 -0.004101589 -0.05511811 0.04753285 -0.5648009 -0.05511811 0.04753285 -0.5648009 0.02386684 -0.3987022 0.05677973 0.02386684 -0.3987022 0.05677973 0.01377953 -0.37969 0.07541787 0.01377953 -0.37969 0.07541787 0.02755906 -0.3559078 0.07340574 0.02755906 -0.005347678 0.04835667 0.02755906 -0.005347678 0.04835667 0.02755906 -0.3559078 0.07340574 -0.01377953 0.01889146 0.04630588 -0.01377953 0.01889146 0.04630588 0 0.04539079 0.02381715 0 0.05597788 -0.004736107 0 0.04539079 0.02381715 0 0.05597788 -0.004736107 -0.04773368 0.06684928 -0.5451444 -0.04773368 0.06684928 -0.5451444 0.02755906 -0.4072636 0.02984657 0.02755906 -0.4072636 0.02984657 0.02386684 -0.3696384 0.07456744 0.04133858 -0.3812924 0.05530674 0.04133858 -0.3812924 0.05530674 0.02386684 -0.3696384 0.07456744 0.04773368 -0.003087483 0.02791874 0.04773368 -0.3575103 0.05329461 0.04773368 -0.003087483 0.02791874 0.04773368 -0.3575103 0.05329461 0.02386684 0.008646793 0.04717265 0.02386684 0.008646793 0.04717265 0 0.02264126 0.04598862 0 0.02264126 0.04598862 0.02755906 0.04847827 -0.004101589 0.02386684 0.03889593 0.02436666 0.02386684 0.03889593 0.02436666 0.02755906 0.04847827 -0.004101589 0 0.08616571 -0.5254878 0 0.08616571 -0.5254878 -0.02755906 0.08098989 -0.5307548 -0.02755906 0.08098989 -0.5307548 -0.04773368 0.06684928 -0.5451444 0.05511811 0.04753285 -0.5648009 -0.05511811 0.04753285 -0.5648009 0.04773368 0.06684928 -0.5451444 -0.02755906 0.08098989 -0.5307548 0.02755906 0.08098989 -0.5307548 0 0.08616571 -0.5254878 0 0.08616571 -0.5254878 -0.02755906 0.08098989 -0.5307548 0.02755906 0.08098989 -0.5307548 0.04773368 0.06684928 -0.5451444 -0.04773368 0.06684928 -0.5451444 0.05511811 0.04753285 -0.5648009 -0.05511811 0.04753285 -0.5648009 0.04773368 -0.3871606 0.02814571 0.04773368 -0.3871606 0.02814571 0.05511811 0 0 0.05511811 -0.3596993 0.0258223 0.05511811 0 0 0.05511811 -0.3596993 0.0258223 0.04133858 0.02115165 0.02586794 0.04133858 0.02115165 0.02586794 0.01377953 0.01889146 0.04630588 0.01377953 0.01889146 0.04630588 0.04773368 0.02798894 -0.002368054 0.04773368 0.02798894 -0.002368054 0 0.08616571 -0.5254878 0 0.08616571 -0.5254878 0.02755906 0.08098989 -0.5307548 0.02755906 0.08098989 -0.5307548 0.04773368 0.06684928 -0.5451444 0.04773368 0.06684928 -0.5451444 0.05511811 0.04753285 -0.5648009 0.05511811 0.04753285 -0.5648009</float_array>
                    <technique_common>
                        <accessor count="118" source="#ID101" stride="3">
                            <param name="X" type="float" />
                            <param name="Y" type="float" />
                            <param name="Z" type="float" />
                        </accessor>
                    </technique_common>
                </source>
                <source id="ID99">
                    <float_array id="ID102" count="354">-0.7592247 -0.396518 0.5160924 -0.9584989 -0.1033367 0.2657093 -0.8373342 -0.4593688 0.2963981 -0.8657886 -0.07481985 0.4947849 0.8657886 0.07481985 -0.4947849 0.7592247 0.396518 -0.5160924 0.9584989 0.1033367 -0.2657093 0.8373342 0.4593688 -0.2963981 -0.4398075 -0.7150613 0.5433752 -0.4872756 -0.8107142 0.3245073 0.4398075 0.7150613 -0.5433752 0.4872756 0.8107142 -0.3245073 -0.5146462 -0.003309693 0.8573963 -0.4602064 -0.193607 0.8664447 0.4602064 0.193607 -0.8664447 0.5146462 0.003309693 -0.8573963 -0.9629469 0.1890469 0.1923399 -0.8576667 0.1443676 0.4935238 0.8576667 -0.1443676 -0.4935238 0.9629469 -0.1890469 -0.1923399 -4.578513e-16 -0.939907 0.3414305 4.578513e-16 0.939907 -0.3414305 -0.265884 -0.3877602 0.8825801 0.265884 0.3877602 -0.8825801 -6.488668e-16 -0.009699796 0.999953 6.488668e-16 0.009699796 -0.999953 -0.5079079 0.1298568 0.8515673 0.5079079 -0.1298568 -0.8515673 -0.7368592 0.4512592 0.5033922 -0.8502329 0.4988845 0.1679829 0.8502329 -0.4988845 -0.1679829 0.7368592 -0.4512592 -0.5033922 -9.528276e-16 -0.8304349 0.5571157 9.528276e-16 0.8304349 -0.5571157 -3.781288e-16 -0.4588925 0.8884918 3.781288e-16 0.4588925 -0.8884918 -5.289892e-16 0.1560481 0.9877494 5.289892e-16 -0.1560481 -0.9877494 -0.44427 0.3138912 0.8391046 0.44427 -0.3138912 -0.8391046 -0.4168261 0.745155 0.5205766 -0.48704 0.8520618 0.1917883 0.4168261 -0.745155 -0.5205766 0.48704 -0.8520618 -0.1917883 -0.9432909 0.3311065 0.02389045 0.9432909 -0.3311065 -0.02389045 0.4398075 -0.7150613 0.5433752 -0.4398075 0.7150613 -0.5433752 0.265884 -0.3877602 0.8825801 -0.265884 0.3877602 -0.8825801 0.5146462 -0.003309693 0.8573963 0.5079079 0.1298568 0.8515673 -0.5079079 -0.1298568 -0.8515673 -0.5146462 0.003309693 -0.8573963 -0.2504762 0.4887053 0.8357205 0.2504762 -0.4887053 -0.8357205 2.386502e-17 0.8499631 0.5268423 0 0.9801459 0.1982775 -2.386502e-17 -0.8499631 -0.5268423 -0 -0.9801459 -0.1982775 -0.8634735 0.5032802 0.03350529 0.8634735 -0.5032802 -0.03350529 0.4872756 -0.8107142 0.3245073 -0.4872756 0.8107142 -0.3245073 0.4602064 -0.193607 0.8664447 0.7592247 -0.396518 0.5160924 -0.7592247 0.396518 -0.5160924 -0.4602064 0.193607 -0.8664447 0.8576667 0.1443676 0.4935238 0.8657886 -0.07481985 0.4947849 -0.8576667 -0.1443676 -0.4935238 -0.8657886 0.07481985 -0.4947849 0.44427 0.3138912 0.8391046 -0.44427 -0.3138912 -0.8391046 0 0.5508122 0.8346292 -0 -0.5508122 -0.8346292 0.48704 0.8520618 0.1917883 0.4168261 0.745155 0.5205766 -0.4168261 -0.745155 -0.5205766 -0.48704 -0.8520618 -0.1917883 -0.1974509 0.9784571 0.06028925 0.1974509 -0.9784571 -0.06028925 -0.4451268 0.8937662 0.05517442 0.4451268 -0.8937662 -0.05517442 -7.044809e-20 0.7132504 -0.7009093 -7.044809e-20 0.7132504 -0.7009093 -7.044809e-20 0.7132504 -0.7009093 -7.044809e-20 0.7132504 -0.7009093 -7.044809e-20 0.7132504 -0.7009093 -7.044809e-20 0.7132504 -0.7009093 -7.044809e-20 0.7132504 -0.7009093 7.044809e-20 -0.7132504 0.7009093 7.044809e-20 -0.7132504 0.7009093 7.044809e-20 -0.7132504 0.7009093 7.044809e-20 -0.7132504 0.7009093 7.044809e-20 -0.7132504 0.7009093 7.044809e-20 -0.7132504 0.7009093 7.044809e-20 -0.7132504 0.7009093 0.8373342 -0.4593688 0.2963981 -0.8373342 0.4593688 -0.2963981 0.9629469 0.1890469 0.1923399 0.9584989 -0.1033367 0.2657093 -0.9629469 -0.1890469 -0.1923399 -0.9584989 0.1033367 -0.2657093 0.7368592 0.4512592 0.5033922 -0.7368592 -0.4512592 -0.5033922 0.2504762 0.4887053 0.8357205 -0.2504762 -0.4887053 -0.8357205 0.8502329 0.4988845 0.1679829 -0.8502329 -0.4988845 -0.1679829 0.1974509 0.9784571 0.06028925 -0.1974509 -0.9784571 -0.06028925 0.4451268 0.8937662 0.05517442 -0.4451268 -0.8937662 -0.05517442 0.8634735 0.5032802 0.03350529 -0.8634735 -0.5032802 -0.03350529 0.9432909 0.3311065 0.02389045 -0.9432909 -0.3311065 -0.02389045</float_array>
                    <technique_common>
                        <accessor count="118" source="#ID102" stride="3">
                            <param name="X" type="float" />
                            <param name="Y" type="float" />
                            <param name="Z" type="float" />
                        </accessor>
                    </technique_common>
                </source>
                <vertices id="ID100">
                    <input semantic="POSITION" source="#ID98" />
                    <input semantic="NORMAL" source="#ID99" />
                </vertices>
                <triangles count="89" material="Material3">
                    <input offset="0" semantic="VERTEX" source="#ID100" />
                    <p>0 1 2 1 0 3 8 2 9 2 8 0 0 12 3 12 0 13 3 16 1 16 3 17 8 9 20 8 13 0 13 8 22 24 12 13 12 17 3 17 12 26 28 16 17 16 28 29 32 8 20 32 22 8 22 32 34 24 13 22 24 26 12 26 24 36 26 28 17 28 26 38 29 40 41 40 29 28 44 16 29 32 20 46 46 34 32 34 46 48 24 22 34 50 36 24 36 50 51 36 38 26 38 40 28 40 38 54 41 56 57 56 41 40 60 29 41 60 44 29 46 20 62 46 64 48 64 46 65 48 24 34 50 24 64 68 50 69 50 68 51 51 72 36 36 54 38 54 56 40 56 54 74 56 76 57 76 56 77 41 57 80 41 82 60 84 85 86 85 84 87 87 84 88 87 88 89 89 88 90 98 46 62 46 98 65 65 50 64 50 65 69 64 24 48 100 69 101 69 100 68 51 104 72 104 51 68 72 106 36 74 54 36 106 56 74 56 106 77 77 108 76 108 77 104 76 110 57 41 80 82 76 112 110 76 114 112 114 108 116 101 65 98 65 101 69 100 104 68 104 100 108 72 77 106 77 72 104 106 74 36 114 76 108 116 108 100</p>
                </triangles>
                <triangles count="89" material="Material2">
                    <input offset="0" semantic="VERTEX" source="#ID100" />
                    <p>4 5 6 7 6 5 5 10 7 11 7 10 14 5 15 4 15 5 18 4 19 6 19 4 21 11 10 23 10 14 5 14 10 14 15 25 27 15 18 4 18 15 30 31 19 18 19 31 21 10 33 35 33 23 10 23 33 23 14 25 37 25 27 15 27 25 39 27 31 18 31 27 31 30 42 43 42 30 30 19 45 47 21 33 49 47 35 33 35 47 35 23 25 52 53 37 25 37 53 27 39 37 55 39 42 31 42 39 42 43 58 59 58 43 43 30 61 30 45 61 63 21 47 66 47 67 49 67 47 35 25 49 67 25 53 52 70 53 71 53 70 37 73 52 39 55 37 75 55 58 42 58 55 78 58 79 59 79 58 81 59 43 61 83 43 91 92 93 93 92 94 92 95 94 94 95 96 97 96 95 66 99 47 63 47 99 71 66 53 67 53 66 49 25 67 70 102 71 103 71 102 70 52 105 73 105 52 37 107 73 37 55 75 78 107 58 75 58 107 105 78 109 79 109 78 59 111 79 83 81 43 111 113 79 113 115 79 117 109 115 71 103 66 99 66 103 109 102 105 70 105 102 105 73 78 107 78 73 37 75 107 109 79 115 102 109 117</p>
                </triangles>
            </mesh>
        </geometry>
        <geometry id="ID103">
            <mesh>
                <source id="ID104">
                    <float_array id="ID107" count="1017">-0.2311575 -1.332268e-15 -0.4003765 -0.326906 -0.04677165 -0.326906 -0.326906 -1.776357e-15 -0.326906 -0.2726083 -0.04677165 -0.3685702 -0.2311575 -0.05732083 -0.4003765 -0.2311575 -0.05732083 0.4003765 -0.2726083 -0.04677165 -0.3685702 -0.2311575 -0.05732083 -0.4003765 -0.2726083 -0.04677165 0.3685702 -0.2726083 -0.04677165 0.3685702 -0.326906 -0.04677165 -0.326906 -0.2726083 -0.04677165 -0.3685702 -0.4003765 -0.04677165 -0.2311575 -0.446562 -0.04677165 -0.1196559 -0.462315 -0.04677165 -4.440892e-15 -0.446562 -0.04677165 0.1196559 -0.4003765 -0.04677165 0.2311575 -0.326906 -0.04677165 0.326906 -0.4003765 -0.04677165 -0.2311575 -0.4003765 -1.332268e-15 -0.2311575 -0.1196559 -1.776357e-15 -0.446562 0.1196559 -1.776357e-15 -0.446562 0 -1.332268e-15 -0.462315 -0.2311575 -1.332268e-15 -0.4003765 0.2311575 -1.332268e-15 -0.4003765 -0.326906 -1.776357e-15 -0.326906 0.326906 -1.776357e-15 -0.326906 -0.4003765 -1.332268e-15 -0.2311575 0.4003765 -1.332268e-15 -0.2311575 -0.446562 -1.776357e-15 -0.1196559 0.446562 -1.776357e-15 -0.1196559 -0.462315 0 0 0.462315 0 0 -0.446562 -1.332268e-15 0.1196559 0.446562 -1.332268e-15 0.1196559 -0.4003765 -1.332268e-15 0.2311575 0.4003765 -1.332268e-15 0.2311575 -0.326906 -8.881784e-16 0.326906 0.326906 -8.881784e-16 0.326906 -0.2311575 -8.881784e-16 0.4003765 0.2311575 -8.881784e-16 0.4003765 -0.1196559 -1.332268e-15 0.446562 0.1196559 -1.332268e-15 0.446562 0 -1.332268e-15 0.462315 -0.1196559 -1.776357e-15 -0.446562 -0.1848073 -0.04677165 -0.4195754 -0.1386811 -0.04677165 -0.4386815 -0.1196559 -0.04677165 -0.446562 -0.2138155 -0.08614173 0.4075598 -0.2726083 -0.04677165 0.3685702 -0.326906 -8.881784e-16 0.326906 -0.326906 -0.04677165 0.326906 -0.2311575 -8.881784e-16 0.4003765 -0.2311575 -0.05732083 0.4003765 -0.4003765 -1.332268e-15 0.2311575 -0.4003765 -0.04677165 0.2311575 -0.446562 -1.332268e-15 0.1196559 -0.446562 -0.04677165 0.1196559 -0.462315 -0.04677165 -4.440892e-15 -0.462315 0 0 -0.446562 -0.04677165 -0.1196559 -0.446562 -1.776357e-15 -0.1196559 0.1196559 -1.776357e-15 -0.446562 0 -0.04677165 -0.462315 0 -1.332268e-15 -0.462315 0.01902362 -0.04677165 -0.4598105 0.06933977 -0.04677165 -0.4531862 0.1196559 -0.04677165 -0.446562 0 -1.332268e-15 -0.462315 -0.06933977 -0.04677165 -0.4531862 -0.01902362 -0.04677165 -0.4598105 0 -0.04677165 -0.462315 -0.2138155 -0.08614173 0.4075598 -0.1196559 -1.332268e-15 0.446562 -0.1966004 -0.1255118 0.4146905 -0.1196559 -0.1255118 0.446562 0 -0.1255118 0.462315 0 -1.332268e-15 0.462315 0.1196559 -0.1255118 0.446562 0 -1.332268e-15 0.462315 0 -0.1255118 0.462315 0.1196559 -1.332268e-15 0.446562 0.1966004 -0.1255118 0.4146905 0.2311575 -8.881784e-16 0.4003765 0.2138155 -0.08614173 0.4075598 0.2311575 -0.05732083 0.4003765 0.2726083 -0.04677165 0.3685702 0.326906 -8.881784e-16 0.326906 0.326906 -0.04677165 0.326906 0.4003765 -1.332268e-15 0.2311575 0.4003765 -0.04677165 0.2311575 0.446562 -1.332268e-15 0.1196559 0.446562 -0.04677165 0.1196559 0.462315 -0.04677165 -4.440892e-15 0.462315 0 0 0.446562 -1.776357e-15 -0.1196559 0.446562 -0.04677165 -0.1196559 0.4003765 -1.332268e-15 -0.2311575 0.4003765 -0.04677165 -0.2311575 0.326906 -1.776357e-15 -0.326906 0.326906 -0.04677165 -0.326906 0.2311575 -0.05732083 -0.4003765 0.2311575 -1.332268e-15 -0.4003765 0.2726083 -0.04677165 -0.3685702 0.1386811 -0.04677165 -0.4386815 0.1848073 -0.04677165 -0.4195754 -0.1830112 -0.08614173 -0.4290289 -0.2311575 -0.05732083 -0.4003765 -0.1839092 -0.06645669 -0.4243021 -0.1379919 -0.06714537 -0.440599 -0.1196559 -0.06625225 -0.4482073 -0.1830112 -0.08614173 -0.4290289 0.1196559 -0.06625225 -0.4482073 0.06933977 -0.06563954 -0.4543686 0.01902362 -0.06490334 -0.460328 -0.01902362 -0.06490334 -0.460328 -0.06933977 -0.06563954 -0.4543686 -0.1966004 -0.1255118 0.4146905 -0.1196559 -0.3046958 0.4354957 -0.1966004 -0.1255118 0.4146905 -0.1966004 -0.3024215 0.4037647 -0.1196559 -0.1255118 0.446562 0 -0.3058199 0.4511793 0 -0.1255118 0.462315 0.1196559 -0.3046958 0.4354957 0 -0.1255118 0.462315 0 -0.3058199 0.4511793 0.1196559 -0.1255118 0.446562 0.1830112 -0.08614173 -0.4290289 0.2138155 -0.08614173 0.4075598 0.1966004 -0.1255118 0.4146905 0.2311575 -0.05732083 0.4003765 0.2311575 -0.05732083 -0.4003765 0.1966004 -0.3024215 0.4037647 0.1966004 -0.1255118 0.4146905 0.326906 -0.04677165 -0.326906 0.2726083 -0.04677165 0.3685702 0.2726083 -0.04677165 -0.3685702 0.4003765 -0.04677165 -0.2311575 0.446562 -0.04677165 -0.1196559 0.462315 -0.04677165 -4.440892e-15 0.446562 -0.04677165 0.1196559 0.4003765 -0.04677165 0.2311575 0.326906 -0.04677165 0.326906 0.2726083 -0.04677165 -0.3685702 0.2726083 -0.04677165 0.3685702 0.1839092 -0.06645669 -0.4243021 0.2311575 -0.05732083 -0.4003765 0.1830112 -0.08614173 -0.4290289 0.1379919 -0.06714537 -0.440599 -0.1372494 -0.08679789 -0.446297 -0.1196559 -0.08368522 -0.4498921 0.1196559 -0.08368522 -0.4498921 0.01902362 -0.06490334 -0.460328 -0.01902362 -0.06490334 -0.460328 0 -0.04677165 -0.462315 -0.1593608 -0.1058774 -0.4485657 -0.1357105 -0.1255118 -0.4681025 -0.1196559 -0.4819813 0.421028 -0.1966004 -0.4790809 0.3893481 -0.1966004 -0.4790809 0.3893481 -0.1137369 -0.1779961 -0.7812669 -0.1966485 -0.5686758 0.3803717 -0.1966004 -0.3024215 0.4037647 -0.1966004 -0.1255118 0.4146905 0 -0.4834149 0.4366863 0.1196559 -0.4819813 0.421028 0 -0.4834149 0.4366863 0.1593608 -0.1058774 -0.4485657 0.1966004 -0.4790809 0.3893481 0.1121963 -0.1779961 -0.7812669 0.1966004 -0.4790809 0.3893481 0.1966485 -0.5686758 0.3803717 0.1966004 -0.3024215 0.4037647 0.1966004 -0.1255118 0.4146905 0.1372494 -0.08679789 -0.446297 -0.1593608 -0.1058774 -0.4485657 0.06933977 -0.08368522 -0.4573894 0.06933977 -0.06563954 -0.4543686 0.01902362 -0.08270242 -0.463139 0.01902362 -0.06490334 -0.460328 -0.01902362 -0.06490334 -0.460328 0.01902362 -0.08270242 -0.463139 -0.01902362 -0.08270242 -0.463139 0.01902362 -0.06490334 -0.460328 -0.01902362 -0.06490334 -0.460328 -0.01902362 -0.08270242 -0.463139 -0.06933977 -0.06563954 -0.4543686 -0.06933977 -0.08368522 -0.4573894 -0.1357105 -0.1255118 -0.4681025 -0.1364799 -0.1050348 -0.4555741 -0.1357105 -0.1255118 -0.4681025 -0.1346445 -0.1347566 -0.4833297 -0.1966004 -0.1255118 0.4146905 -0.1196677 -0.5686684 0.4119457 -0.1966485 -0.5686758 0.3803717 -0.1383708 -0.616145 -0.4328894 -0.1108883 -0.6080697 -0.820643 -0.1371819 -0.658253 -0.4498882 -0.1392979 -0.591493 -0.419522 -0.1093696 -0.6023154 -0.8416365 -0.1084597 -0.5845066 -0.8542129 -0.140882 -0.5746524 -0.3971355 -0.1085726 -0.5627419 -0.8526532 -0.1428359 -0.5686775 -0.3697904 -0.1966485 -0.5686758 0.3803717 -0.1137369 -0.1779961 -0.7812669 -0.1966004 -0.1255118 0.4146905 -0.1140592 -0.1615965 -0.7766643 -0.1137369 -0.1779961 -0.7812669 -0.1149029 -0.1495911 -0.7646114 0 -0.5686781 0.4274697 0.1196677 -0.5686684 0.4119457 0 -0.5686781 0.4274697 0.1966004 -0.1255118 0.4146905 0.1357105 -0.1255118 -0.4681025 0.1593608 -0.1058774 -0.4485657 0.1593608 -0.1058774 -0.4485657 0.1966485 -0.5686758 0.3803717 0.1093477 -0.6080697 -0.820643 0.1383708 -0.616145 -0.4328894 0.1371819 -0.658253 -0.4498882 0.1392979 -0.591493 -0.419522 0.1078289 -0.6023154 -0.8416365 0.1069191 -0.5845066 -0.8542129 0.140882 -0.5746524 -0.3971355 0.1070319 -0.5627419 -0.8526532 0.1428359 -0.5686775 -0.3697904 0.1966485 -0.5686758 0.3803717 0.1121963 -0.1779961 -0.7812669 0.1125185 -0.1615965 -0.7766643 0.1966004 -0.1255118 0.4146905 0.1121963 -0.1779961 -0.7812669 0.1133623 -0.1495911 -0.7646114 0.1144924 -0.1430276 -0.7484677 -0.1196559 -0.1030213 -0.4570172 0.06933977 -0.1016885 -0.4653854 0.06933977 -0.08368522 -0.4573894 0.01902362 -0.08270242 -0.463139 -0.01902362 -0.09989173 -0.4711018 -0.01902362 -0.08270242 -0.463139 0.01902362 -0.09989173 -0.4711018 -0.06933977 -0.08368522 -0.4573894 -0.06933977 -0.1016885 -0.4653854 -0.1196559 -0.1192679 -0.4719661 -0.1357105 -0.1255118 -0.4681025 -0.1196559 -0.1347272 -0.4835797 -0.1346445 -0.1347566 -0.4833297 -0.1966004 -0.1255118 0.4146905 -0.1346445 -0.1347566 -0.4833297 -0.1160331 -0.1430276 -0.7484677 0.1007441 -0.1779961 -0.7812669 -0.1085726 -0.5627419 -0.8526532 -0.1137369 -0.1779961 -0.7812669 0.1070319 -0.5627419 -0.8526532 0.1121963 -0.1779961 -0.7812669 -0.1084597 -0.5845066 -0.8542129 0.1069191 -0.5845066 -0.8542129 -0.1084597 -0.5845066 -0.8542129 0.1078289 -0.6023154 -0.8416365 -0.1093696 -0.6023154 -0.8416365 0.1069191 -0.5845066 -0.8542129 0.1093477 -0.6080697 -0.820643 -0.1093696 -0.6023154 -0.8416365 0.1078289 -0.6023154 -0.8416365 -0.1108883 -0.6080697 -0.820643 -0.1371819 -0.658253 -0.4498882 0.1371819 -0.658253 -0.4498882 -0.1966004 -0.1255118 0.4146905 -0.1160331 -0.1430276 -0.7484677 -0.1149029 -0.1495911 -0.7646114 -0.1149029 -0.1495911 -0.7646114 -0.1022848 -0.1615965 -0.7768726 -0.1140592 -0.1615965 -0.7766643 0.1357105 -0.1255118 -0.4681025 0.1966004 -0.1255118 0.4146905 0.1356337 -0.1347566 -0.4869362 0.1357105 -0.1255118 -0.4681025 0.1364799 -0.1050348 -0.4555741 0.1125185 -0.1615965 -0.7766643 0.1133623 -0.1495911 -0.7646114 0.1007441 -0.1615965 -0.7768726 0.1144924 -0.1430276 -0.7484677 0.1007441 -0.1495911 -0.7648673 0.1966004 -0.1255118 0.4146905 0.1144924 -0.1430276 -0.7484677 0.1356337 -0.1347566 -0.4869362 0.1196559 -0.1030213 -0.4570172 -0.01902362 -0.1162036 -0.4791667 0.01902362 -0.1162036 -0.4791667 -0.1196559 -0.1347272 -0.4835797 -0.1160331 -0.1430276 -0.7484677 -0.1160331 -0.1430276 -0.7484677 -0.1022848 -0.1495911 -0.7648673 0.1357105 -0.1255118 -0.4681025 0.1356337 -0.1347566 -0.4869362 0.119654 -0.1348789 -0.4865775 0.1196559 -0.1192679 -0.4719661 0.1144924 -0.1430276 -0.7484677 0.1007441 -0.1419921 -0.7484677 0.119654 -0.1348789 -0.4865775 0.1356337 -0.1347566 -0.4869362 0.1144924 -0.1430276 -0.7484677 0.06933977 -0.1179941 -0.4749522 0.01902362 -0.1162036 -0.4791667 -0.01902362 -0.1346601 -0.485037 -0.01902362 -0.1162036 -0.4791667 0.0190211 -0.1347502 -0.4852954 -0.06933977 -0.1179941 -0.4749522 -0.06933977 -0.1179941 -0.4749522 -0.1196559 -0.1347272 -0.4835797 -0.1196559 -0.1192679 -0.4719661 -0.1196559 -0.1347272 -0.4835797 -0.1022848 -0.1419921 -0.7484677 -0.1160331 -0.1430276 -0.7484677 0.119654 -0.1348789 -0.4865775 0.119654 -0.1348789 -0.4865775 -0.06933977 -0.1179941 -0.4749522 0.06933977 -0.1347529 -0.4860034 0.06933977 -0.1347529 -0.4860034 0.0190211 -0.1347502 -0.4852954 0.01902362 -0.1162036 -0.4791667 -0.1196559 -0.1347272 -0.4835797 -0.06933686 -0.1346287 -0.4844191 -0.01902362 -0.1346601 -0.485037 0.119654 -0.1348789 -0.4865775 0.06933977 -0.1347529 -0.4860034 0.0190211 -0.1347502 -0.4852954 -0.01902362 -0.1346601 -0.485037 -0.06933686 -0.1346287 -0.4844191 -0.01902362 -0.1162036 -0.4791667 -0.06933686 -0.1346287 -0.4844191 -0.06933686 -0.1346287 -0.4844191 -0.1196559 -0.1347272 -0.4835797 -0.06933977 -0.1179941 -0.4749522 0.119654 -0.1348789 -0.4865775 0.119654 -0.1348789 -0.4865775 0.06933977 -0.1347529 -0.4860034 0.06933977 -0.1179941 -0.4749522</float_array>
                    <technique_common>
                        <accessor count="339" source="#ID107" stride="3">
                            <param name="X" type="float" />
                            <param name="Y" type="float" />
                            <param name="Z" type="float" />
                        </accessor>
                    </technique_common>
                </source>
                <source id="ID105">
                    <float_array id="ID108" count="1017">-0.5 -2.920488e-14 -0.8660254 -0.7071068 -1.078132e-14 -0.7071068 -0.7071068 -1.078132e-14 -0.7071068 -0.6087614 -2.143368e-14 -0.7933533 -0.5003344 -2.918262e-14 -0.8658322 -0.694135 -0.7198448 -1.249627e-16 -0.2466369 -0.969108 -4.986384e-16 -0.4458089 -0.8950324 -0.01309608 -0.2466369 -0.969108 -4.986384e-16 -2.488273e-16 -1 -4.996004e-16 -2.488273e-16 -1 -4.996004e-16 -2.488273e-16 -1 -4.996004e-16 -2.488273e-16 -1 -4.996004e-16 -2.488273e-16 -1 -4.996004e-16 -2.488273e-16 -1 -4.996004e-16 -2.488273e-16 -1 -4.996004e-16 -2.488273e-16 -1 -4.996004e-16 -2.488273e-16 -1 -4.996004e-16 -0.8660254 8.398523e-17 -0.5 -0.8660254 8.398523e-17 -0.5 0 1 4.996004e-16 0 1 4.996004e-16 0 1 4.996004e-16 0 1 4.996004e-16 0 1 4.996004e-16 0 1 4.996004e-16 0 1 4.996004e-16 0 1 4.996004e-16 0 1 4.996004e-16 0 1 4.996004e-16 0 1 4.996004e-16 0 1 4.996004e-16 0 1 4.996004e-16 0 1 4.996004e-16 0 1 4.996004e-16 0 1 4.996004e-16 0 1 4.996004e-16 0 1 4.996004e-16 0 1 4.996004e-16 0 1 4.996004e-16 0 1 4.996004e-16 0 1 4.996004e-16 0 1 4.996004e-16 0 1 4.996004e-16 -0.258819 -3.362489e-14 -0.9659258 -0.390079 0.09276063 -0.9160971 -0.3730946 0.04618898 -0.9266429 -0.2590008 0.03767351 -0.9651421 -0.8853933 -0.4644484 -0.01914247 -0.6087614 -7.771561e-16 0.7933533 -0.7071068 -4.199262e-16 0.7071068 -0.7071068 -4.199262e-16 0.7071068 -0.5 1.241018e-29 0.8660254 -0.4650787 2.373557e-16 0.8852694 -0.8660254 -8.398523e-17 0.5 -0.8660254 -8.398523e-17 0.5 -0.9659258 -6.648831e-17 0.258819 -0.9659258 -6.648831e-17 0.258819 -1 6.998769e-18 -7.351666e-15 -1 6.998769e-18 8.26951e-15 -0.9659258 7.348708e-17 -0.258819 -0.9659258 7.348708e-17 -0.258819 0.258819 -3.229314e-14 -0.9659258 0.1305206 0.009217384 -0.9914027 0.1305262 -2.78666e-14 -0.9914449 0.1305131 0.01414598 -0.9913457 0.1271167 0.03199553 -0.9913716 0.2590008 0.03767351 -0.9651421 -0.1305262 -3.019807e-14 -0.9914449 -0.1271167 0.03199553 -0.9913716 -0.1305131 0.01414598 -0.9913457 -0.1305206 0.009217384 -0.9914027 -0.3826834 7.771561e-16 0.9238795 -0.258819 3.63936e-16 0.9659258 -0.3826834 7.771561e-16 0.9238795 -0.258819 3.63936e-16 0.9659258 -0.1305262 -5.551115e-17 0.9914449 -0.1305262 -5.551115e-17 0.9914449 0.258819 8.958425e-16 0.9659258 0.1305262 -5.551115e-17 0.9914449 0.1305262 -5.551115e-17 0.9914449 0.258819 8.958425e-16 0.9659258 0.3826834 1.831868e-15 0.9238795 0.5 1.903665e-15 0.8660254 0.3826834 1.831868e-15 0.9238795 0.4650787 1.885198e-15 0.8852694 0.6087614 1.94289e-15 0.7933533 0.7071068 9.238376e-16 0.7071068 0.7071068 9.238376e-16 0.7071068 0.8660254 -1.119803e-16 0.5 0.8660254 -1.119803e-16 0.5 0.9659258 -7.348708e-17 0.258819 0.9659258 -7.348708e-17 0.258819 1 -6.998769e-18 -7.823954e-15 1 -6.998769e-18 7.806132e-15 0.9659258 6.648831e-17 -0.258819 0.9659258 6.648831e-17 -0.258819 0.8660254 1.119803e-16 -0.5 0.8660254 1.119803e-16 -0.5 0.7071068 -9.211889e-15 -0.7071068 0.7071068 -9.211889e-15 -0.7071068 0.5003344 -2.748117e-14 -0.8658322 0.5 -2.750749e-14 -0.8660254 0.6087614 -1.837718e-14 -0.7933533 0.3730946 0.04618898 -0.9266429 0.390079 0.09276063 -0.9160971 -0.352595 0.2647043 -0.8975569 -0.4128683 0.1948021 -0.8897145 -0.3817449 0.1962875 -0.9031844 -0.3412257 0.142381 -0.9291355 -0.2567407 0.08399381 -0.9628236 -0.6223743 -0.7818499 -0.03688984 0.2567407 0.08399381 -0.9628236 0.1284672 0.09498432 -0.9871546 0.128665 0.03334031 -0.9911275 -0.128665 0.03334031 -0.9911275 -0.1284672 0.09498432 -0.9871546 -0.9049646 -0.4240969 -0.03436433 -0.2581825 -0.06906865 0.9636241 -0.382062 -0.05696553 0.9223793 -0.3820779 -0.06606839 0.9217654 -0.2570901 -0.05956995 0.9645497 -0.1302884 -0.07088313 0.9889391 -0.1302822 -0.06111651 0.9895915 0.2581825 -0.06906865 0.9636241 0.1302822 -0.06111651 0.9895915 0.1302884 -0.07088313 0.9889391 0.2570901 -0.05956995 0.9645497 0.6230048 -0.7813478 -0.03688603 0.8853933 -0.4644484 -0.01914247 0.9090748 -0.4152419 -0.03401807 0.694135 -0.7198448 -3.923254e-16 0.4458089 -0.8950324 -0.01309608 0.3820779 -0.06606839 0.9217654 0.382062 -0.05696553 0.9223793 2.488273e-16 -1 -4.996004e-16 2.488273e-16 -1 -4.996004e-16 2.488273e-16 -1 -4.996004e-16 2.488273e-16 -1 -4.996004e-16 2.488273e-16 -1 -4.996004e-16 2.488273e-16 -1 -4.996004e-16 2.488273e-16 -1 -4.996004e-16 2.488273e-16 -1 -4.996004e-16 2.488273e-16 -1 -4.996004e-16 0.2466369 -0.969108 -5.347564e-16 0.2466369 -0.969108 -5.347564e-16 0.3817449 0.1962875 -0.9031844 0.4128683 0.1948021 -0.8897145 0.352595 0.2647043 -0.8975569 0.3412257 0.142381 -0.9291355 -0.2651903 0.3380229 -0.9030031 -0.2143382 0.2428298 -0.9460934 0.2143382 0.2428298 -0.9460934 5.966068e-19 -0.108932 -0.9940492 5.966068e-19 -0.108932 -0.9940492 5.966068e-19 -0.108932 -0.9940492 -0.6610417 -0.7489635 -0.04558048 -0.6610417 -0.7489635 -0.04558048 -0.257304 -0.08947886 0.9621789 -0.3810095 -0.08463892 0.9206889 -0.9975822 0.005424981 -0.06928464 -0.9975822 0.005424981 -0.06928464 -0.9975822 0.005424981 -0.06928464 -0.9975822 0.005424981 -0.06928464 -0.9975822 0.005424981 -0.06928464 -0.1297061 -0.09278233 0.987202 0.257304 -0.08947886 0.9621789 0.1297061 -0.09278233 0.987202 0.6619612 -0.7481514 -0.04557238 0.3810095 -0.08463892 0.9206889 0.9974918 0.005523809 -0.0705665 0.9974918 0.005523809 -0.0705665 0.9974918 0.005523809 -0.0705665 0.9974918 0.005523809 -0.0705665 0.9974918 0.005523809 -0.0705665 0.2651903 0.3380229 -0.9030031 -0.2930055 0.4580284 -0.8392603 0.131671 0.3265858 -0.9359511 0.1158695 0.1620202 -0.9799611 0.1177107 0.1569057 -0.9805737 0.1184326 0.1548964 -0.9808062 1.345689e-28 0.1559943 -0.987758 1.345689e-28 0.1559943 -0.987758 1.345689e-28 0.1559943 -0.987758 1.345689e-28 0.1559943 -0.987758 -0.1184326 0.1548964 -0.9808062 -0.1177107 0.1569057 -0.9805737 -0.1158695 0.1620202 -0.9799611 -0.131671 0.3265858 -0.9359511 -0.3570801 0.5034046 -0.7868148 -0.232649 0.4946274 -0.8373877 -0.9976283 -0.001695666 -0.06881058 -0.9976283 -0.001695666 -0.06881058 -0.9976283 -0.001695666 -0.06881058 -0.2588113 -0.1002662 0.9607098 -0.3799223 -0.09410441 0.9202192 -0.9974647 -0.0003483852 -0.07116204 -0.9974647 -0.0003483852 -0.07116204 -0.9974647 -0.0003483852 -0.07116204 -0.9974647 -0.0003483852 -0.07116204 -0.9974647 -0.0003483852 -0.07116204 -0.9974647 -0.0003483852 -0.07116204 -0.9974647 -0.0003483852 -0.07116204 -0.9974647 -0.0003483852 -0.07116204 -0.9974647 -0.0003483852 -0.07116204 -0.9974647 -0.0003483852 -0.07116204 -0.9974647 -0.0003483852 -0.07116204 -0.9976094 -0.0004170307 -0.06910321 -0.9976094 -0.0004170307 -0.06910321 -0.9976094 -0.0004170307 -0.06910321 -0.9976094 -0.0004170307 -0.06910321 -0.1291104 -0.1049144 0.9860646 0.2588113 -0.1002662 0.9607098 0.1291104 -0.1049144 0.9860646 0.6600927 -0.7498031 -0.04552934 0.6600927 -0.7498031 -0.04552934 0.6600927 -0.7498031 -0.04552934 0.2930055 0.4580284 -0.8392603 0.3799223 -0.09410441 0.9202192 0.9973489 0.001063782 -0.07275987 0.9973489 0.001063782 -0.07275987 0.9973489 0.001063782 -0.07275987 0.9973489 0.001063782 -0.07275987 0.9973489 0.001063782 -0.07275987 0.9973489 0.001063782 -0.07275987 0.9973489 0.001063782 -0.07275987 0.9973489 0.001063782 -0.07275987 0.9973489 0.001063782 -0.07275987 0.9973489 0.001063782 -0.07275987 0.9973489 0.001063782 -0.07275987 0.9975173 0.000510133 -0.07041977 0.9975173 0.000510133 -0.07041977 0.9975173 0.000510133 -0.07041977 0.9975173 0.000510133 -0.07041977 0.9975173 0.000510133 -0.07041977 -0.1602664 0.5223513 -0.8375343 0.1132887 0.4641891 -0.8784612 0.1151541 0.1640035 -0.9797155 0.05863406 0.4179171 -0.9065911 -0.05341416 0.4349204 -0.8988833 -0.05863406 0.4179171 -0.9065911 0.05341416 0.4349204 -0.8988833 -0.1151541 0.1640035 -0.9797155 -0.1132887 0.4641891 -0.8784612 -0.2651984 0.5864142 -0.765368 -0.01033764 0.8544293 -0.5194648 -0.005318853 0.9789614 -0.2039761 -0.006833848 0.9546498 -0.2976526 -0.9960269 -0.05735148 -0.06812714 -0.9960269 -0.05735148 -0.06812714 -0.9960269 -0.05735148 -0.06812714 0.001646734 0.2225635 -0.9749168 9.051323e-19 0.1274778 -0.9918414 -0.003317824 0.2233616 -0.97473 9.051323e-19 0.1274778 -0.9918414 -3.34111e-17 0.226999 -0.973895 1.084992e-19 0.07148167 -0.9974419 1.084992e-19 0.07148167 -0.9974419 -1.974688e-19 -0.576853 -0.8168479 -1.974688e-19 -0.576853 -0.8168479 -1.974688e-19 -0.576853 -0.8168479 -1.974688e-19 -0.576853 -0.8168479 2.545433e-14 -0.9804645 -0.196696 2.521184e-14 -0.9644269 -0.2643497 2.521184e-14 -0.9644269 -0.2643497 2.545411e-14 -0.9804482 -0.1967772 2.556823e-14 -0.9909636 -0.1341312 2.556823e-14 -0.9909636 -0.1341312 -0.9976099 -0.00188584 -0.06907204 -0.9976099 -0.00188584 -0.06907204 -0.9976099 -0.00188584 -0.06907204 -0.01070834 0.8384127 -0.5449307 -0.006162797 0.5010873 -0.8653748 -0.01520147 0.5116002 -0.8590891 0.9890634 0.1307657 -0.06821983 0.9890634 0.1307657 -0.06821983 0.9890634 0.1307657 -0.06821983 0.3623583 0.5281368 -0.7679636 0.232649 0.4946274 -0.8373877 0.01198472 0.5086804 -0.860872 0.01070834 0.8384127 -0.5449307 0.007847462 0.4995292 -0.8662615 0.007648532 0.9261487 -0.377081 0.01210786 0.8230665 -0.5678159 0.8493305 -0.5252895 -0.05204449 0.8493305 -0.5252895 -0.05204449 0.8493305 -0.5252895 -0.05204449 0.1602664 0.5223513 -0.8375343 -0.04988421 0.4480477 -0.8926168 0.05001255 0.4545601 -0.8893109 -0.3919257 0.5525801 -0.7355607 -0.00247961 0.9995053 -0.0313537 -0.007648532 0.9261487 -0.377081 -0.01210786 0.8230665 -0.5678159 -0.0167605 0.8975853 -0.4405222 -0.0167605 0.8975853 -0.4405222 -0.0167605 0.8975853 -0.4405222 0.2194919 0.6304002 -0.7445931 0.07387924 0.9809548 -0.1796375 0.03560826 0.9728554 -0.2286578 -0.008345162 0.9994866 -0.03093442 -0.008345162 0.9994866 -0.03093442 -0.008345162 0.9994866 -0.03093442 0.08576786 0.5285704 -0.8445456 -0.002865789 0.3084702 -0.9512297 -0.002865789 0.3084702 -0.9512297 -0.002865789 0.3084702 -0.9512297 -0.002865789 0.3084702 -0.9512297 -0.1000493 0.4910676 -0.865357 -0.06253077 0.5994572 -0.7979605 -0.06253077 0.5994572 -0.7979605 -0.06253077 0.5994572 -0.7979605 -0.07506184 0.996657 -0.03225714 -0.03555122 0.9728689 -0.2286092 -0.07387638 0.9809167 -0.1798462 0.4038593 0.625112 -0.6679317 0.07506127 0.9966495 -0.03249001 -0.06386582 0.5050155 -0.8607442 0.08915947 0.5483182 -0.8315033 -0.01334147 0.3137372 -0.9494161 -0.01334147 0.3137372 -0.9494161 -0.01334147 0.3137372 -0.9494161 0.0002587231 0.9996202 -0.02755877 0.0002587231 0.9996202 -0.02755877 0.0002587231 0.9996202 -0.02755877 0.0002587231 0.9996202 -0.02755877 0.0002587231 0.9996202 -0.02755877 0.0002587231 0.9996202 -0.02755877 -0.01151286 0.303078 -0.9528962 -0.01151286 0.303078 -0.9528962 -0.01151286 0.303078 -0.9528962 -0.0900316 0.4925994 -0.8655866 -0.01546376 0.4945588 -0.8690066 -0.01546376 0.4945588 -0.8690066 -0.01546376 0.4945588 -0.8690066 0.06051601 0.6820881 -0.7287617 -0.008146283 0.5504924 -0.8348004 -0.008146283 0.5504924 -0.8348004 -0.008146283 0.5504924 -0.8348004</float_array>
                    <technique_common>
                        <accessor count="339" source="#ID108" stride="3">
                            <param name="X" type="float" />
                            <param name="Y" type="float" />
                            <param name="Z" type="float" />
                        </accessor>
                    </technique_common>
                </source>
                <vertices id="ID106">
                    <input semantic="POSITION" source="#ID104" />
                    <input semantic="NORMAL" source="#ID105" />
                </vertices>
                <triangles count="299" material="Material2">
                    <input offset="0" semantic="VERTEX" source="#ID106" />
                    <p>0 1 2 1 0 3 3 0 4 5 6 7 6 5 8 9 10 11 10 9 12 12 9 13 13 9 14 14 9 15 15 9 16 16 9 17 18 2 1 2 18 19 20 21 22 21 20 23 21 23 24 24 23 25 24 25 26 26 25 27 26 27 28 28 27 29 28 29 30 30 29 31 30 31 32 32 31 33 32 33 34 34 33 35 34 35 36 36 35 37 36 37 38 38 37 39 38 39 40 40 39 41 40 41 42 42 41 43 44 4 0 4 44 45 45 44 46 46 44 47 7 48 5 49 50 51 50 49 52 52 49 53 51 54 55 54 51 50 55 56 57 56 55 54 56 58 57 58 56 59 59 60 58 60 59 61 61 18 60 18 61 19 62 63 64 63 62 65 65 62 66 66 62 67 68 47 44 47 68 69 69 68 70 70 68 71 72 52 53 52 72 73 73 72 74 73 74 75 76 73 75 73 76 77 78 79 80 79 78 81 82 81 78 81 82 83 83 82 84 83 84 85 86 83 85 83 86 87 87 86 88 89 88 90 88 89 87 91 90 92 90 91 89 93 91 92 91 93 94 95 93 96 93 95 94 97 96 98 96 97 95 99 98 100 98 99 97 99 101 102 101 99 103 103 99 100 102 67 62 67 102 104 104 102 105 105 102 101 45 106 107 106 45 108 47 109 46 109 47 110 46 108 45 48 7 111 66 112 113 112 66 67 65 114 63 114 65 66 70 115 69 115 70 71 69 110 47 110 69 116 111 117 48 118 119 120 119 118 121 122 121 118 121 122 123 124 125 126 125 124 127 128 129 130 131 129 132 133 127 124 127 133 134 135 136 137 136 135 138 136 138 139 136 139 140 136 140 141 136 141 142 136 142 143 144 131 132 131 144 145 146 147 148 147 146 105 105 146 104 104 112 67 112 104 149 109 106 108 106 109 150 109 108 46 151 109 110 152 113 112 66 113 114 153 154 155 115 116 69 116 151 110 117 156 157 156 117 111 158 120 159 120 158 118 160 161 162 161 160 163 161 163 164 165 118 158 118 165 122 166 126 167 126 166 124 129 128 132 130 168 128 169 124 166 124 169 133 170 171 172 171 170 173 173 170 174 149 148 175 148 149 146 146 149 104 149 152 112 150 176 106 151 150 109 152 177 113 178 179 180 181 182 183 182 181 184 185 186 187 188 151 116 189 176 190 191 192 193 194 159 195 159 194 158 196 197 198 197 196 199 197 199 200 200 199 201 201 199 202 201 202 203 203 202 204 203 204 205 203 205 206 207 208 209 208 207 210 211 158 194 158 211 165 212 167 213 167 212 166 214 215 216 148 217 175 212 169 166 169 212 218 219 220 221 220 219 222 222 219 223 222 223 224 222 224 225 225 224 226 225 226 227 227 226 228 228 226 229 230 231 232 231 230 233 231 233 234 149 175 152 190 176 150 151 235 150 152 236 177 237 179 178 238 239 240 239 238 241 186 242 187 243 151 188 244 189 190 245 246 247 248 249 250 251 252 253 252 251 254 254 251 255 254 256 252 256 254 257 258 259 260 259 258 261 262 263 264 263 262 265 262 266 265 266 262 267 268 269 270 271 272 273 272 253 273 274 275 276 217 277 278 217 278 175 279 255 251 280 279 281 282 280 283 284 285 286 175 287 152 235 190 150 243 235 151 287 236 152 236 238 177 236 241 238 241 288 239 288 241 289 239 243 240 240 243 188 244 190 235 290 189 244 247 246 291 272 251 253 251 272 281 292 293 271 271 293 272 294 295 296 278 277 297 175 278 287 279 251 281 280 281 283 298 283 299 300 301 302 243 244 235 297 236 287 303 241 236 303 289 241 304 305 306 305 304 307 288 308 239 239 308 243 309 310 311 312 313 314 293 281 272 281 293 283 314 313 293 277 315 297 278 297 287 313 283 293 283 313 299 316 298 299 243 317 244 297 303 236 318 289 303 319 320 321 322 299 313 299 322 323 299 323 324 299 324 325 325 324 326 326 324 327 328 329 330 288 331 308 332 333 334 297 335 303 336 337 338</p>
                </triangles>
            </mesh>
        </geometry>
        <geometry id="ID109">
            <mesh>
                <source id="ID112">
                    <float_array id="ID115" count="165">0.1821062 -0.6741343 0.1710947 -0.1731163 -0.6796695 0.04682841 0.1731163 -0.6796695 0.04682841 -0.1821062 -0.6741343 0.1710947 0.1551221 -0.6776677 -0.2019033 0.1731163 -0.6796695 0.04682841 0.1641179 -0.6808478 -0.0775549 0.1821062 -0.6741343 0.1710947 0.1461397 -0.670133 -0.326065 0.1910766 -0.6642488 0.2950922 0.1371819 -0.658253 -0.4498882 0.1966004 -0.6554213 0.3714464 0.1383708 -0.616145 -0.4328894 0.1966485 -0.5686758 0.3803717 0.1392979 -0.591493 -0.419522 0.140882 -0.5746524 -0.3971355 0.1428359 -0.5686775 -0.3697904 0.1910766 -0.6642488 0.2950922 -0.1910766 -0.6642488 0.2950922 -0.1731163 -0.6796695 0.04682841 -0.1551221 -0.6776677 -0.2019033 -0.1641179 -0.6808478 -0.0775549 -0.1821062 -0.6741343 0.1710947 -0.1461397 -0.670133 -0.326065 -0.1910766 -0.6642488 0.2950922 -0.1371819 -0.658253 -0.4498882 -0.1966004 -0.6554213 0.3714464 -0.1383708 -0.616145 -0.4328894 -0.1966485 -0.5686758 0.3803717 -0.1392979 -0.591493 -0.419522 -0.140882 -0.5746524 -0.3971355 -0.1428359 -0.5686775 -0.3697904 -0.1641179 -0.6808478 -0.0775549 0.1641179 -0.6808478 -0.0775549 0.1966004 -0.6554213 0.3714464 0.1196677 -0.5686684 0.4119457 0.1196559 -0.6518202 0.4030528 0.1966485 -0.5686758 0.3803717 0.1966004 -0.6554213 0.3714464 -0.1966004 -0.6554213 0.3714464 -0.1551221 -0.6776677 -0.2019033 0.1551221 -0.6776677 -0.2019033 -0.1461397 -0.670133 -0.326065 0.1461397 -0.670133 -0.326065 -0.1371819 -0.658253 -0.4498882 0.1371819 -0.658253 -0.4498882 -0.1966004 -0.6554213 0.3714464 -0.1196677 -0.5686684 0.4119457 -0.1966485 -0.5686758 0.3803717 -0.1196559 -0.6518202 0.4030528 0 -0.5686781 0.4274697 0 -0.6500403 0.4186747 0.1196559 -0.6518202 0.4030528 -0.1196559 -0.6518202 0.4030528 0 -0.6500403 0.4186747</float_array>
                    <technique_common>
                        <accessor count="55" source="#ID115" stride="3">
                            <param name="X" type="float" />
                            <param name="Y" type="float" />
                            <param name="Z" type="float" />
                        </accessor>
                    </technique_common>
                </source>
                <source id="ID113">
                    <float_array id="ID116" count="165">-3.78064e-19 -0.9980263 0.06279722 -1.629359e-20 -0.9996136 0.02779506 -1.629359e-20 -0.9996136 0.02779506 -3.78064e-19 -0.9980263 0.06279722 0.9974068 0.002885733 -0.07191216 0.9974068 0.002885733 -0.07191216 0.9974068 0.002885733 -0.07191216 0.9974068 0.002885733 -0.07191216 0.9974068 0.002885733 -0.07191216 0.9974068 0.002885733 -0.07191216 0.9974068 0.002885733 -0.07191216 0.9974068 0.002885733 -0.07191216 0.9974068 0.002885733 -0.07191216 0.9974068 0.002885733 -0.07191216 0.9974068 0.002885733 -0.07191216 0.9974068 0.002885733 -0.07191216 0.9974068 0.002885733 -0.07191216 -1.372162e-18 -0.995188 0.09798407 -1.372162e-18 -0.995188 0.09798407 -0.9974068 0.002885733 -0.07191216 -0.9974068 0.002885733 -0.07191216 -0.9974068 0.002885733 -0.07191216 -0.9974068 0.002885733 -0.07191216 -0.9974068 0.002885733 -0.07191216 -0.9974068 0.002885733 -0.07191216 -0.9974068 0.002885733 -0.07191216 -0.9974068 0.002885733 -0.07191216 -0.9974068 0.002885733 -0.07191216 -0.9974068 0.002885733 -0.07191216 -0.9974068 0.002885733 -0.07191216 -0.9974068 0.002885733 -0.07191216 -0.9974068 0.002885733 -0.07191216 6.586248e-20 -0.9999738 -0.007242557 6.586248e-20 -0.9999738 -0.007242557 0.3759961 -0.0967441 0.9215571 0.2517145 -0.1023142 0.9623781 0.2582498 -0.1020691 0.9606711 0.3759961 -0.0967441 0.9215571 -1.516414e-18 -0.9934225 0.1145066 -1.516414e-18 -0.9934225 0.1145066 -4.052654e-19 -0.9991061 -0.04227218 -4.052654e-19 -0.9991061 -0.04227218 3.184859e-15 -0.9970117 -0.07725034 3.184859e-15 -0.9970117 -0.07725034 6.675615e-15 -0.995429 -0.09550479 6.675615e-15 -0.995429 -0.09550479 -0.3759961 -0.0967441 0.9215571 -0.2517145 -0.1023142 0.9623781 -0.3759961 -0.0967441 0.9215571 -0.2582498 -0.1020691 0.9606711 -8.087649e-16 -0.106903 0.9942695 -8.223561e-16 -0.106903 0.9942695 5.035862e-19 -0.9935719 0.1132032 5.035862e-19 -0.9935719 0.1132032 5.035862e-19 -0.9935719 0.1132032</float_array>
                    <technique_common>
                        <accessor count="55" source="#ID116" stride="3">
                            <param name="X" type="float" />
                            <param name="Y" type="float" />
                            <param name="Z" type="float" />
                        </accessor>
                    </technique_common>
                </source>
                <vertices id="ID114">
                    <input semantic="POSITION" source="#ID112" />
                    <input semantic="NORMAL" source="#ID113" />
                </vertices>
                <triangles count="47" material="Material2">
                    <input offset="0" semantic="VERTEX" source="#ID114" />
                    <p>0 1 2 1 0 3 4 5 6 5 4 7 7 4 8 7 8 9 9 8 10 9 10 11 11 10 12 11 12 13 13 12 14 13 14 15 13 15 16 17 3 0 3 17 18 19 20 21 20 19 22 20 22 23 23 22 24 23 24 25 25 24 26 25 26 27 27 26 28 27 28 29 29 28 30 30 28 31 2 32 33 32 2 1 34 35 36 35 34 37 38 18 17 18 38 39 33 40 41 40 33 32 41 42 43 42 41 40 43 44 45 44 43 42 46 47 48 47 46 49 36 50 51 50 36 35 52 39 38 39 52 53 53 52 54 49 50 47 50 49 51</p>
                </triangles>
            </mesh>
        </geometry>
        <geometry id="ID119">
            <mesh>
                <source id="ID125">
                    <float_array id="ID129" count="24">0.6889764 0 0.6889764 -0.6889764 0 -0.6889764 0.6889764 0 -0.6889764 -0.6889764 0 0.6889764 -0.6889764 0 0.6889764 0.6889764 0 0.6889764 -0.6889764 0 -0.6889764 0.6889764 0 -0.6889764</float_array>
                    <technique_common>
                        <accessor count="8" source="#ID129" stride="3">
                            <param name="X" type="float" />
                            <param name="Y" type="float" />
                            <param name="Z" type="float" />
                        </accessor>
                    </technique_common>
                </source>
                <source id="ID126">
                    <float_array id="ID130" count="24">0 -1 0 0 -1 0 0 -1 0 0 -1 0 -0 1 -0 -0 1 -0 -0 1 -0 -0 1 -0</float_array>
                    <technique_common>
                        <accessor count="8" source="#ID130" stride="3">
                            <param name="X" type="float" />
                            <param name="Y" type="float" />
                            <param name="Z" type="float" />
                        </accessor>
                    </technique_common>
                </source>
                <source id="ID128">
                    <float_array id="ID131" count="8">0 1 -1 0 0 0 -1 1</float_array>
                    <technique_common>
                        <accessor count="4" source="#ID131" stride="2">
                            <param name="S" type="float" />
                            <param name="T" type="float" />
                        </accessor>
                    </technique_common>
                </source>
                <vertices id="ID127">
                    <input semantic="POSITION" source="#ID125" />
                    <input semantic="NORMAL" source="#ID126" />
                </vertices>
                <triangles count="4" material="Material2">
                    <input offset="0" semantic="VERTEX" source="#ID127" />
                    <input offset="1" semantic="TEXCOORD" source="#ID128" />
                    <p>0 0 1 1 2 2 1 1 0 0 3 3 4 3 5 0 6 1 7 2 6 1 5 0</p>
                </triangles>
            </mesh>
        </geometry>
    </library_geometries>
    <library_materials>
        <material id="ID6" name="plastic_black">
            <instance_effect url="#ID7" />
        </material>
        <material id="ID14" name="housing">
            <instance_effect url="#ID15" />
        </material>
        <material id="ID45" name="plastic_black_textured">
            <instance_effect url="#ID46" />
        </material>
        <material id="ID58" name="placard">
            <instance_effect url="#ID59" />
        </material>
        <material id="ID79" name="plastic_glass">
            <instance_effect url="#ID80" />
        </material>
        <material id="ID96" name="plastic_lightgrey">
            <instance_effect url="#ID97" />
        </material>
        <material id="ID110" name="plastic_colored">
            <instance_effect url="#ID111" />
        </material>
        <material id="ID120" name="keybind_hint">
            <instance_effect url="#ID121" />
        </material>
    </library_materials>
    <library_effects>
        <effect id="ID7">
            <profile_COMMON>
                <technique sid="COMMON">
                    <lambert>
                        <diffuse>
                            <color>0.1372549 0.1372549 0.1372549 1</color>
                        </diffuse>
                    </lambert>
                </technique>
            </profile_COMMON>
        </effect>
        <effect id="ID15">
            <profile_COMMON>
                <newparam sid="ID17">
                    <surface type="2D">
                        <init_from>ID16</init_from>
                    </surface>
                </newparam>
                <newparam sid="ID18">
                    <sampler2D>
                        <source>ID17</source>
                    </sampler2D>
                </newparam>
                <technique sid="COMMON">
                    <lambert>
                        <diffuse>
                            <texture texture="ID18" texcoord="UVSET0" />
                        </diffuse>
                    </lambert>
                </technique>
            </profile_COMMON>
        </effect>
        <effect id="ID46">
            <profile_COMMON>
                <newparam sid="ID48">
                    <surface type="2D">
                        <init_from>ID47</init_from>
                    </surface>
                </newparam>
                <newparam sid="ID49">
                    <sampler2D>
                        <source>ID48</source>
                    </sampler2D>
                </newparam>
                <technique sid="COMMON">
                    <lambert>
                        <diffuse>
                            <texture texture="ID49" texcoord="UVSET0" />
                        </diffuse>
                    </lambert>
                </technique>
            </profile_COMMON>
        </effect>
        <effect id="ID59">
            <profile_COMMON>
                <newparam sid="ID61">
                    <surface type="2D">
                        <init_from>ID60</init_from>
                    </surface>
                </newparam>
                <newparam sid="ID62">
                    <sampler2D>
                        <source>ID61</source>
                    </sampler2D>
                </newparam>
                <technique sid="COMMON">
                    <lambert>
                        <diffuse>
                            <texture texture="ID62" texcoord="UVSET0" />
                        </diffuse>
                    </lambert>
                </technique>
            </profile_COMMON>
        </effect>
        <effect id="ID80">
            <profile_COMMON>
                <newparam sid="ID82">
                    <surface type="2D">
                        <init_from>ID81</init_from>
                    </surface>
                </newparam>
                <newparam sid="ID83">
                    <sampler2D>
                        <source>ID82</source>
                    </sampler2D>
                </newparam>
                <technique sid="COMMON">
                    <lambert>
                        <diffuse>
                            <texture texture="ID83" texcoord="UVSET0" />
                        </diffuse>
                        <transparent opaque="RGB_ZERO">
                            <color>0.48 0.48 0.48 1</color>
                        </transparent>
                        <transparency>
                            <float>1</float>
                        </transparency>
                    </lambert>
                </technique>
            </profile_COMMON>
        </effect>
        <effect id="ID97">
            <profile_COMMON>
                <technique sid="COMMON">
                    <lambert>
                        <diffuse>
                            <color>0.6627451 0.6627451 0.6627451 1</color>
                        </diffuse>
                    </lambert>
                </technique>
            </profile_COMMON>
        </effect>
        <effect id="ID111">
            <profile_COMMON>
                <technique sid="COMMON">
                    <lambert>
                        <diffuse>
                            <color>0.545098 0 0 1</color>
                        </diffuse>
                    </lambert>
                </technique>
            </profile_COMMON>
        </effect>
        <effect id="ID121">
            <profile_COMMON>
                <newparam sid="ID123">
                    <surface type="2D">
                        <init_from>ID122</init_from>
                    </surface>
                </newparam>
                <newparam sid="ID124">
                    <sampler2D>
                        <source>ID123</source>
                    </sampler2D>
                </newparam>
                <technique sid="COMMON">
                    <lambert>
                        <diffuse>
                            <texture texture="ID124" texcoord="UVSET0" />
                        </diffuse>
                        <transparent opaque="A_ONE">
                            <texture texture="ID124" texcoord="UVSET0" />
                        </transparent>
                    </lambert>
                </technique>
            </profile_COMMON>
        </effect>
    </library_effects>
    <library_images>
        <image id="ID16">
            <init_from>switch_long/housing.jpg</init_from>
        </image>
        <image id="ID47">
            <init_from>switch_long/plastic_black_textured.jpg</init_from>
        </image>
        <image id="ID60">
            <init_from>switch_long/placard.png</init_from>
        </image>
        <image id="ID81">
            <init_from>switch_long/plastic_glass.jpg</init_from>
        </image>
        <image id="ID122">
            <init_from>switch_long/keybind_hint.png</init_from>
        </image>
    </library_images>
    <scene>
        <instance_visual_scene url="#ID2" />
    </scene>
</COLLADA>
